{
    "Linear-SVR": {
        "MSE": 0.7719308550508395,
        "MAE": 0.6775657315203866,
        "R2": 0.5274203984244796,
        "emission": 1.0309790896479068e-09
    },
    "RBF-SVR": {
        "MSE": 0.8852072864407111,
        "MAE": 0.7552112720143238,
        "R2": 0.45807204881019103,
        "emission": 1.1440573200298856e-09
    },
    "DecisionTree": {
        "MSE": 0.9199223329290903,
        "MAE": 0.6994550317859948,
        "R2": 0.43681933850484445,
        "emission": 6.480522177986397e-10
    },
    "ExtraTrees": {
        "MSE": 1.0085633523730422,
        "MAE": 0.7644250413114383,
        "R2": 0.3825529008077636,
        "emission": 9.601725146148085e-08
    },
    "RandomForest": {
        "MSE": 0.8527495032832887,
        "MAE": 0.7491939731303467,
        "R2": 0.477942852175797,
        "emission": 8.279567027493578e-08
    },
    "KNeighbors": {
        "MSE": 1.2965704192840428,
        "MAE": 0.9094211896579482,
        "R2": 0.20623365661487414,
        "emission": 6.783668326314204e-10
    },
    "PLS": {
        "MSE": 0.7943842697459556,
        "MAE": 0.6865178999930819,
        "R2": 0.5136743152083487,
        "emission": 2.940185414653238e-08
    },
    "PLS-SKLEARN": {
        "MSE": 0.8000832193702728,
        "MAE": 0.6959048745955309,
        "R2": 0.5101853921717363,
        "emission": 4.54530013050116e-09
    },
    "XGBoost": {
        "MSE": 0.933301697842525,
        "MAE": 0.7295436105091775,
        "R2": 0.4286284300850637,
        "emission": 5.158594221601952e-07
    },
    "CatBoost": {
        "MSE": 0.8234389337797419,
        "MAE": 0.6833443370638556,
        "R2": 0.49588691694183806,
        "emission": 6.35156832369281e-07
    },
    "DNN": {
        "MSE": 1.3609966222773289,
        "MAE": 0.8536682594173165,
        "R2": 0.16679164034829352,
        "emission": 2.6375625717229263e-06
    }
}