{
    "Linear-SVR": {
        "MSE": 0.7719308550508395,
        "MAE": 0.6775657315203866,
        "R2": 0.5274203984244796,
        "emission": 5.344947996103306e-09
    },
    "RBF-SVR": {
        "MSE": 0.8852072864407111,
        "MAE": 0.7552112720143238,
        "R2": 0.45807204881019103,
        "emission": 5.9177468611800516e-09
    },
    "DecisionTree": {
        "MSE": 0.9199223329290903,
        "MAE": 0.6994550317859948,
        "R2": 0.43681933850484445,
        "emission": 5.0323588580896885e-09
    },
    "ExtraTrees": {
        "MSE": 1.0085633523730422,
        "MAE": 0.7644250413114383,
        "R2": 0.3825529008077636,
        "emission": 4.456889339296638e-07
    },
    "RandomForest": {
        "MSE": 0.8527495032832887,
        "MAE": 0.7491939731303467,
        "R2": 0.477942852175797,
        "emission": 4.5353807252216735e-07
    },
    "KNeighbors": {
        "MSE": 1.2965704192840428,
        "MAE": 0.9094211896579482,
        "R2": 0.20623365661487414,
        "emission": 6.532165216423546e-09
    },
    "PLS": {
        "MSE": 0.7943842697459556,
        "MAE": 0.6865178999930819,
        "R2": 0.5136743152083487,
        "emission": 5.690163623829907e-07
    },
    "PLS-SKLEARN": {
        "MSE": 0.8000832193702728,
        "MAE": 0.6959048745955309,
        "R2": 0.5101853921717363,
        "emission": 8.373971318434189e-07
    },
    "XGBoost": {
        "MSE": 0.933301697842525,
        "MAE": 0.7295436105091775,
        "R2": 0.4286284300850637,
        "emission": 1.4374619994771348e-06
    },
    "CatBoost": {
        "MSE": 0.8234389337797419,
        "MAE": 0.6833443370638556,
        "R2": 0.49588691694183806,
        "emission": 2.2438700653320187e-06
    },
    "DNN": {
        "MSE": 0.9247074974774474,
        "MAE": 0.7516032402571475,
        "R2": 0.43388983887292865,
        "emission": 1.0243508930118182e-05
    }
}