{
    "Linear-SVR": {
        "MSE": 0.8418487562183009,
        "MAE": 0.6970372244021711,
        "R2": 0.23654015362124947,
        "emission": 4.939911196911067e-10
    },
    "RBF-SVR": {
        "MSE": 0.8482657808715807,
        "MAE": 0.7190631759822634,
        "R2": 0.23072065146030396,
        "emission": 6.133662003812422e-10
    },
    "DecisionTree": {
        "MSE": 1.036473657616054,
        "MAE": 0.8182825366915739,
        "R2": 0.06003778757858047,
        "emission": 5.61497554354263e-10
    },
    "ExtraTrees": {
        "MSE": 0.8855234349017462,
        "MAE": 0.7287121742761486,
        "R2": 0.19693225109480328,
        "emission": 6.437613054773601e-08
    },
    "RandomForest": {
        "MSE": 0.9779299905640144,
        "MAE": 0.778589309300881,
        "R2": 0.11313014974441449,
        "emission": 6.329109322156692e-08
    },
    "KNeighbors": {
        "MSE": 2.475856807716423,
        "MAE": 1.2864333103766667,
        "R2": -1.2453169219683558,
        "emission": 4.634725832189674e-10
    },
    "PLS": {
        "MSE": 0.8429757885272499,
        "MAE": 0.6964200702142416,
        "R2": 0.23551806514383777,
        "emission": 1.2787808813466018e-08
    },
    "PLS-SKLEARN": {
        "MSE": 0.8512300378083753,
        "MAE": 0.7021781703872474,
        "R2": 0.2280324118817859,
        "emission": 3.1172760229721847e-09
    },
    "XGBoost": {
        "MSE": 1.2144773238653699,
        "MAE": 0.834874342392482,
        "R2": -0.10139103284283602,
        "emission": 2.95492414594965e-07
    },
    "CatBoost": {
        "MSE": 0.8628385796040263,
        "MAE": 0.6914692598551687,
        "R2": 0.21750480170178,
        "emission": 4.848022366914153e-07
    },
    "DNN": {
        "MSE": 1.1185332443655263,
        "MAE": 0.8432527254325389,
        "R2": -0.014380804871546138,
        "emission": 2.0724923158597438e-06
    }
}