{
    "Linear-SVR": {
        "MSE": 0.7622037477015566,
        "MAE": 0.6696777225758351,
        "R2": 0.3501290381730525,
        "emission": 7.382466240162563e-10
    },
    "RBF-SVR": {
        "MSE": 0.8919710262231211,
        "MAE": 0.7456207987371614,
        "R2": 0.2394867245387,
        "emission": 7.695910944831095e-10
    },
    "DecisionTree": {
        "MSE": 1.0804408283640807,
        "MAE": 0.8144614885597179,
        "R2": 0.07879340341291907,
        "emission": 5.691153193041922e-10
    },
    "ExtraTrees": {
        "MSE": 0.9508112827289098,
        "MAE": 0.7491341813871545,
        "R2": 0.18931828308866705,
        "emission": 9.077200037984226e-08
    },
    "RandomForest": {
        "MSE": 0.9044938041762374,
        "MAE": 0.7354313776116339,
        "R2": 0.228809540416111,
        "emission": 6.907055660693167e-08
    },
    "KNeighbors": {
        "MSE": 1.0300385782619819,
        "MAE": 0.7981803761900922,
        "R2": 0.12176742295935494,
        "emission": 5.799142135191911e-10
    },
    "PLS": {
        "MSE": 0.7731754445296763,
        "MAE": 0.6862127097876413,
        "R2": 0.3407743384722637,
        "emission": 1.7548496597638213e-08
    },
    "PLS-SKLEARN": {
        "MSE": 0.7993052996296238,
        "MAE": 0.6974420871513519,
        "R2": 0.31849547390697086,
        "emission": 3.6432670174303005e-09
    },
    "XGBoost": {
        "MSE": 0.9739500312260712,
        "MAE": 0.7639229431487105,
        "R2": 0.169589698984132,
        "emission": 3.8702109914473485e-07
    },
    "CatBoost": {
        "MSE": 0.7709968051063205,
        "MAE": 0.693092454119581,
        "R2": 0.3426318923111157,
        "emission": 4.99309481644228e-07
    },
    "DNN": {
        "MSE": 1.150319166628145,
        "MAE": 0.8174611541018447,
        "R2": 0.019213661073056887,
        "emission": 2.3048966573066753e-06
    }
}