{
    "Linear-SVR": {
        "MSE": 0.3571710360459623,
        "MAE": 0.48371535456222126,
        "R2": 0.2469694629062218,
        "emission": 4.063504983765566e-09
    },
    "RBF-SVR": {
        "MSE": 0.3624118531297098,
        "MAE": 0.4420090692421439,
        "R2": 0.23592014785796356,
        "emission": 5.2368187126497275e-09
    },
    "DecisionTree": {
        "MSE": 0.38629854875486536,
        "MAE": 0.42351959307247067,
        "R2": 0.18555936990929534,
        "emission": 5.119296542664844e-09
    },
    "ExtraTrees": {
        "MSE": 0.37959460685547514,
        "MAE": 0.4932423092047636,
        "R2": 0.1996934190332944,
        "emission": 3.389877768244506e-07
    },
    "RandomForest": {
        "MSE": 0.3928410701354516,
        "MAE": 0.4870009350673749,
        "R2": 0.1717656467571851,
        "emission": 3.720802443470817e-07
    },
    "KNeighbors": {
        "MSE": 0.381822901326862,
        "MAE": 0.4350706739052722,
        "R2": 0.19499546311512306,
        "emission": 5.978094887628996e-09
    },
    "PLS": {
        "MSE": 0.30035317067359085,
        "MAE": 0.4041853612988648,
        "R2": 0.3667596568467322,
        "emission": 3.2443287134824864e-07
    },
    "PLS-SKLEARN": {
        "MSE": 0.3003531706735909,
        "MAE": 0.4041853612988647,
        "R2": 0.36675965684673206,
        "emission": 7.890956490947911e-07
    },
    "XGBoost": {
        "MSE": 0.5030613466460798,
        "MAE": 0.5386308777900296,
        "R2": -0.060613873537238794,
        "emission": 1.0152627452757479e-06
    },
    "CatBoost": {
        "MSE": 0.32963224976002764,
        "MAE": 0.46288550877860607,
        "R2": 0.3050300135527181,
        "emission": 2.1242593750211134e-06
    },
    "DNN": {
        "MSE": 0.5369808898153507,
        "MAE": 0.6440185755401143,
        "R2": -0.13212709614760976,
        "emission": 1.007608574495779e-05
    }
}