{
    "Linear-SVR": {
        "MSE": 0.3571710360459623,
        "MAE": 0.48371535456222126,
        "R2": 0.2469694629062218,
        "emission": 6.904592574522663e-10
    },
    "RBF-SVR": {
        "MSE": 0.3624118531297098,
        "MAE": 0.4420090692421439,
        "R2": 0.23592014785796356,
        "emission": 6.671870103676506e-10
    },
    "DecisionTree": {
        "MSE": 0.38629854875486536,
        "MAE": 0.42351959307247067,
        "R2": 0.18555936990929534,
        "emission": 5.579115434693154e-10
    },
    "ExtraTrees": {
        "MSE": 0.37959460685547514,
        "MAE": 0.4932423092047636,
        "R2": 0.1996934190332944,
        "emission": 6.981026943894048e-08
    },
    "RandomForest": {
        "MSE": 0.3928410701354516,
        "MAE": 0.4870009350673749,
        "R2": 0.1717656467571851,
        "emission": 6.897213156145009e-08
    },
    "KNeighbors": {
        "MSE": 0.381822901326862,
        "MAE": 0.4350706739052722,
        "R2": 0.19499546311512306,
        "emission": 4.862444035179247e-10
    },
    "PLS": {
        "MSE": 0.30035317067359085,
        "MAE": 0.4041853612988648,
        "R2": 0.3667596568467322,
        "emission": 1.6328351208982866e-08
    },
    "PLS-SKLEARN": {
        "MSE": 0.3003531706735909,
        "MAE": 0.4041853612988647,
        "R2": 0.36675965684673206,
        "emission": 3.486541156585066e-09
    },
    "XGBoost": {
        "MSE": 0.5030613466460798,
        "MAE": 0.5386308777900296,
        "R2": -0.060613873537238794,
        "emission": 3.559809608268347e-07
    },
    "CatBoost": {
        "MSE": 0.32963224976002764,
        "MAE": 0.46288550877860607,
        "R2": 0.3050300135527181,
        "emission": 5.92561588469785e-07
    },
    "DNN": {
        "MSE": 0.7593966403035741,
        "MAE": 0.716142322215544,
        "R2": -0.6010504833920047,
        "emission": 2.134984124856061e-06
    }
}