{
    "Linear-SVR": {
        "MSE": 0.383076461649649,
        "MAE": 0.47012516584712294,
        "R2": 0.272618767997983,
        "emission": 4.81392103986733e-10
    },
    "RBF-SVR": {
        "MSE": 0.30211474483746276,
        "MAE": 0.4128751733721695,
        "R2": 0.4263479558114217,
        "emission": 7.063775017770655e-10
    },
    "DecisionTree": {
        "MSE": 0.3857713008974882,
        "MAE": 0.43200288638625056,
        "R2": 0.2675018378590246,
        "emission": 5.805676187750013e-10
    },
    "ExtraTrees": {
        "MSE": 0.35436821994543855,
        "MAE": 0.4277368763143848,
        "R2": 0.32712965109817793,
        "emission": 6.627793144089053e-08
    },
    "RandomForest": {
        "MSE": 0.3588285537362627,
        "MAE": 0.44926551505132356,
        "R2": 0.31866041998452854,
        "emission": 6.636739809823645e-08
    },
    "KNeighbors": {
        "MSE": 0.31132913064068696,
        "MAE": 0.40805878128044176,
        "R2": 0.4088517847628834,
        "emission": 5.199871252961059e-10
    },
    "PLS": {
        "MSE": 0.24228493916816993,
        "MAE": 0.3983266332138928,
        "R2": 0.539952110895147,
        "emission": 1.4386820427215877e-08
    },
    "PLS-SKLEARN": {
        "MSE": 0.24228493916816993,
        "MAE": 0.39832663321389267,
        "R2": 0.539952110895147,
        "emission": 3.3114205937470497e-09
    },
    "XGBoost": {
        "MSE": 0.4438637027830658,
        "MAE": 0.5185953601807336,
        "R2": 0.15719664533551925,
        "emission": 3.3946368708878306e-07
    },
    "CatBoost": {
        "MSE": 0.5067419684879148,
        "MAE": 0.5450386013879758,
        "R2": 0.03780410897975517,
        "emission": 6.155901369469626e-07
    },
    "DNN": {
        "MSE": 0.5670842601848463,
        "MAE": 0.5976494924902649,
        "R2": -0.07677314874922891,
        "emission": 2.1151364211715464e-06
    }
}