{
    "Linear-SVR": {
        "MSE": 0.5046877849155067,
        "MAE": 0.5094248523465391,
        "R2": 0.3392512364566682,
        "emission": 3.3508146954794656e-09
    },
    "RBF-SVR": {
        "MSE": 0.5514710453165276,
        "MAE": 0.5530554201422111,
        "R2": 0.2780015244794397,
        "emission": 4.71405172924693e-09
    },
    "DecisionTree": {
        "MSE": 0.8122838449719121,
        "MAE": 0.6549599183851089,
        "R2": -0.06346054383160782,
        "emission": 3.2212118471155758e-09
    },
    "ExtraTrees": {
        "MSE": 0.6590902932060452,
        "MAE": 0.6363883144445247,
        "R2": 0.13710394957901484,
        "emission": 2.986292418932091e-07
    },
    "RandomForest": {
        "MSE": 0.6111369987502397,
        "MAE": 0.5987302491676657,
        "R2": 0.19988549683759838,
        "emission": 3.492776350836383e-07
    },
    "KNeighbors": {
        "MSE": 0.6027812277330171,
        "MAE": 0.6129641431790541,
        "R2": 0.21082506290814518,
        "emission": 5.337237774469624e-09
    },
    "PLS": {
        "MSE": 0.5289849575751909,
        "MAE": 0.49753204882095814,
        "R2": 0.30744082361861436,
        "emission": 2.7023390274266417e-07
    },
    "PLS-SKLEARN": {
        "MSE": 0.5329317349362159,
        "MAE": 0.4945185808464087,
        "R2": 0.30227361264338803,
        "emission": 6.772039390314507e-07
    },
    "XGBoost": {
        "MSE": 0.43956568992732853,
        "MAE": 0.4914269604107309,
        "R2": 0.42451056911516316,
        "emission": 9.296992511320204e-07
    },
    "CatBoost": {
        "MSE": 0.493489273300934,
        "MAE": 0.5004637825765976,
        "R2": 0.3539125833804765,
        "emission": 2.0336431458976394e-06
    },
    "DNN": {
        "MSE": 1.3903275481113944,
        "MAE": 1.0373371915694989,
        "R2": -0.8202485492860396,
        "emission": 9.511549442378753e-06
    }
}