{
    "Linear-SVR": {
        "MSE": 0.6445474748663935,
        "MAE": 0.6402882876384212,
        "R2": 0.1976237239914047,
        "emission": 1.3119624645640785e-09
    },
    "RBF-SVR": {
        "MSE": 0.5734434310936278,
        "MAE": 0.6042477795646093,
        "R2": 0.2861388451830129,
        "emission": 1.538988509487966e-09
    },
    "DecisionTree": {
        "MSE": 0.7241949666094276,
        "MAE": 0.6776103176855917,
        "R2": 0.0984731411248001,
        "emission": 9.084793610453052e-10
    },
    "ExtraTrees": {
        "MSE": 0.6550344495424726,
        "MAE": 0.647125789917808,
        "R2": 0.18456882886683224,
        "emission": 1.1954291437919842e-07
    },
    "RandomForest": {
        "MSE": 0.6280348126258103,
        "MAE": 0.6359309807050156,
        "R2": 0.2181798024064715,
        "emission": 9.540016126571737e-08
    },
    "KNeighbors": {
        "MSE": 0.6983490899802948,
        "MAE": 0.6356659409547758,
        "R2": 0.1306478358502119,
        "emission": 7.281117552409298e-10
    },
    "PLS": {
        "MSE": 0.555678666645614,
        "MAE": 0.5984588085764473,
        "R2": 0.3082536250833172,
        "emission": 3.727725385219063e-08
    },
    "PLS-SKLEARN": {
        "MSE": 0.5648184525892408,
        "MAE": 0.5974769925221457,
        "R2": 0.2968758015793417,
        "emission": 5.066114072888029e-09
    },
    "XGBoost": {
        "MSE": 0.7753188104565186,
        "MAE": 0.7374484514369285,
        "R2": 0.034830723706631206,
        "emission": 6.195348804801164e-07
    },
    "CatBoost": {
        "MSE": 0.5827029110545985,
        "MAE": 0.6222517817794283,
        "R2": 0.2746120184734677,
        "emission": 5.991975292903516e-07
    },
    "DNN": {
        "MSE": 0.9184897544142507,
        "MAE": 0.7493290500895325,
        "R2": -0.14339814743936619,
        "emission": 2.930029767752378e-06
    }
}