{
    "Linear-SVR": {
        "MSE": 0.6210107892798254,
        "MAE": 0.6332964084688151,
        "R2": 0.2042136666137193,
        "emission": 6.975325513628685e-10
    },
    "RBF-SVR": {
        "MSE": 0.45474191353671223,
        "MAE": 0.5446441929526055,
        "R2": 0.41727679090712144,
        "emission": 6.976468572357734e-10
    },
    "DecisionTree": {
        "MSE": 0.6095091713293717,
        "MAE": 0.5721749047587683,
        "R2": 0.2189522678341841,
        "emission": 6.172065755998707e-10
    },
    "ExtraTrees": {
        "MSE": 0.6606905387921912,
        "MAE": 0.6640896156512457,
        "R2": 0.15336655909284946,
        "emission": 6.728205681357718e-08
    },
    "RandomForest": {
        "MSE": 0.49533207624717407,
        "MAE": 0.5751244323138127,
        "R2": 0.3652630460374551,
        "emission": 6.798892304202056e-08
    },
    "KNeighbors": {
        "MSE": 0.6699363699188186,
        "MAE": 0.6859487367116232,
        "R2": 0.14151860704695962,
        "emission": 7.466250211253487e-10
    },
    "PLS": {
        "MSE": 0.5412052974192487,
        "MAE": 0.5981443521880366,
        "R2": 0.3064793934708424,
        "emission": 1.724622764622108e-08
    },
    "PLS-SKLEARN": {
        "MSE": 0.48683559053561837,
        "MAE": 0.5559423807846638,
        "R2": 0.37615075898509787,
        "emission": 3.337138441771265e-09
    },
    "XGBoost": {
        "MSE": 0.6331323655923198,
        "MAE": 0.6350245923811099,
        "R2": 0.18868062767929383,
        "emission": 3.7031947734072647e-07
    },
    "CatBoost": {
        "MSE": 0.5276018543266571,
        "MAE": 0.5684004776974739,
        "R2": 0.3239113516380049,
        "emission": 5.436329844134336e-07
    },
    "DNN": {
        "MSE": 0.6646497279853498,
        "MAE": 0.6787647248187052,
        "R2": 0.14829310673808416,
        "emission": 2.1141580332120815e-06
    }
}