{
    "Linear-SVR": {
        "MSE": 0.21788405201810632,
        "MAE": 0.36211408499990433,
        "R2": -0.38908410242634006,
        "emission": 8.485629457961051e-10
    },
    "RBF-SVR": {
        "MSE": 0.15160864249040865,
        "MAE": 0.32203341941336067,
        "R2": 0.03344392063920121,
        "emission": 1.0286066616127816e-09
    },
    "DecisionTree": {
        "MSE": 0.28648262556486437,
        "MAE": 0.3641794119517515,
        "R2": -0.8264230773551113,
        "emission": 7.063977002216589e-10
    },
    "ExtraTrees": {
        "MSE": 0.21324362192544202,
        "MAE": 0.36218373964270195,
        "R2": -0.3594998000855467,
        "emission": 8.577737662478102e-08
    },
    "RandomForest": {
        "MSE": 0.20927804340435968,
        "MAE": 0.3690633069927961,
        "R2": -0.334217903455035,
        "emission": 8.01824634126214e-08
    },
    "KNeighbors": {
        "MSE": 0.16691031736501602,
        "MAE": 0.3497200868213416,
        "R2": -0.06410940238715468,
        "emission": 6.388107613220601e-10
    },
    "PLS": {
        "MSE": 0.18967366906964425,
        "MAE": 0.34778903973894565,
        "R2": -0.20923342444367,
        "emission": 2.6675009770463278e-08
    },
    "PLS-SKLEARN": {
        "MSE": 0.1896736690696441,
        "MAE": 0.3477890397389456,
        "R2": -0.2092334244436691,
        "emission": 4.3091587930944846e-09
    },
    "XGBoost": {
        "MSE": 0.2767450729938828,
        "MAE": 0.4140319526883926,
        "R2": -0.7643429051368749,
        "emission": 5.127429341799103e-07
    },
    "CatBoost": {
        "MSE": 0.14416154343759022,
        "MAE": 0.31011348955006757,
        "R2": 0.0809216814374294,
        "emission": 6.499341347396238e-07
    },
    "DNN": {
        "MSE": 0.4649813801035578,
        "MAE": 0.5105249163317894,
        "R2": -1.9644126637246346,
        "emission": 2.5129315990284617e-06
    }
}