{
    "Linear-SVR": {
        "MSE": 0.629656009994181,
        "MAE": 0.6389229278286955,
        "R2": 0.11968398748422926,
        "emission": 5.04996956653398e-10
    },
    "RBF-SVR": {
        "MSE": 0.5874525835223718,
        "MAE": 0.6136704025847671,
        "R2": 0.17868819218722076,
        "emission": 4.5390865498198855e-10
    },
    "DecisionTree": {
        "MSE": 0.6430677161071994,
        "MAE": 0.5973279341182557,
        "R2": 0.10093321014065271,
        "emission": 4.975814794774388e-10
    },
    "ExtraTrees": {
        "MSE": 0.5890126979809077,
        "MAE": 0.5909669357099074,
        "R2": 0.1765070111655085,
        "emission": 5.567596039583809e-08
    },
    "RandomForest": {
        "MSE": 0.6299214517911064,
        "MAE": 0.6494634075241229,
        "R2": 0.11931287586055639,
        "emission": 5.9270974006006456e-08
    },
    "KNeighbors": {
        "MSE": 0.8381805686625566,
        "MAE": 0.7744173718163699,
        "R2": -0.17185219272351904,
        "emission": 3.5900720227561437e-10
    },
    "PLS": {
        "MSE": 0.591140878513304,
        "MAE": 0.6196048998179439,
        "R2": 0.17353162242871212,
        "emission": 1.0126810827279156e-08
    },
    "PLS-SKLEARN": {
        "MSE": 0.5911408785133038,
        "MAE": 0.6196048998179435,
        "R2": 0.17353162242871245,
        "emission": 2.7693651879622197e-09
    },
    "XGBoost": {
        "MSE": 1.0597868900479892,
        "MAE": 0.8861156399919107,
        "R2": -0.4816778595858353,
        "emission": 2.395451124576947e-07
    },
    "CatBoost": {
        "MSE": 0.5312693955235315,
        "MAE": 0.5579845664945162,
        "R2": 0.25723736704544253,
        "emission": 5.141447912454473e-07
    },
    "DNN": {
        "MSE": 1.3665052398452135,
        "MAE": 0.93764638175114,
        "R2": -0.9104978348949013,
        "emission": 2.0135507987485642e-06
    }
}