{
    "Linear-SVR": {
        "MSE": 0.2811308424302887,
        "MAE": 0.4164226811587308,
        "R2": 0.15697443641258768,
        "emission": 3.939577567537436e-10
    },
    "RBF-SVR": {
        "MSE": 0.23652118994206106,
        "MAE": 0.36559717026935845,
        "R2": 0.2907451643242789,
        "emission": 5.014246222940357e-10
    },
    "DecisionTree": {
        "MSE": 1.0937789593463207,
        "MAE": 0.7729962250851021,
        "R2": -2.2799091542993266,
        "emission": 5.083908866916916e-10
    },
    "ExtraTrees": {
        "MSE": 0.3237841214860644,
        "MAE": 0.4553106376955617,
        "R2": 0.029070275118855404,
        "emission": 5.123013415350521e-08
    },
    "RandomForest": {
        "MSE": 0.3342159506053764,
        "MAE": 0.43366697325986164,
        "R2": -0.002211595438396996,
        "emission": 5.753803869259687e-08
    },
    "KNeighbors": {
        "MSE": 0.3258066954090785,
        "MAE": 0.44369156208828303,
        "R2": 0.023005193441561378,
        "emission": 3.659582642723785e-10
    },
    "PLS": {
        "MSE": 0.2713449617247244,
        "MAE": 0.4084561809069102,
        "R2": 0.1863193048933669,
        "emission": 6.360646468540031e-09
    },
    "PLS-SKLEARN": {
        "MSE": 0.27653064386860005,
        "MAE": 0.40915219894789634,
        "R2": 0.17076902739932076,
        "emission": 2.72370916512677e-09
    },
    "XGBoost": {
        "MSE": 0.5365310760143932,
        "MAE": 0.5044218716929088,
        "R2": -0.6088928871308479,
        "emission": 1.72933247604112e-07
    },
    "CatBoost": {
        "MSE": 0.2701625402795902,
        "MAE": 0.3860080082451867,
        "R2": 0.18986502579885356,
        "emission": 4.890424625509924e-07
    },
    "DNN": {
        "MSE": 0.4574093288196263,
        "MAE": 0.5746281947960111,
        "R2": -0.3716309241805218,
        "emission": 1.9327071530928472e-06
    }
}