{
    "Linear-SVR": {
        "MSE": 0.36440717997563377,
        "MAE": 0.45553654102677327,
        "R2": 0.2478470708868037,
        "emission": 7.877173767883942e-10
    },
    "RBF-SVR": {
        "MSE": 0.34981354987611457,
        "MAE": 0.45259950184579123,
        "R2": 0.27796898458367947,
        "emission": 1.2075086214429777e-09
    },
    "DecisionTree": {
        "MSE": 0.394581802049422,
        "MAE": 0.4002654596576178,
        "R2": 0.18556528385066173,
        "emission": 7.798250142897997e-10
    },
    "ExtraTrees": {
        "MSE": 0.3805515595304171,
        "MAE": 0.43338916679463746,
        "R2": 0.2145243400568091,
        "emission": 9.58009552395832e-08
    },
    "RandomForest": {
        "MSE": 0.3713175602666201,
        "MAE": 0.44279163622776246,
        "R2": 0.23358373288808754,
        "emission": 8.497373899382118e-08
    },
    "KNeighbors": {
        "MSE": 0.3561067424078662,
        "MAE": 0.4849873996193174,
        "R2": 0.26497955008201346,
        "emission": 6.227707892372166e-10
    },
    "PLS": {
        "MSE": 0.30884960624441715,
        "MAE": 0.438093839775236,
        "R2": 0.3625204201307761,
        "emission": 2.8020697689377103e-08
    },
    "PLS-SKLEARN": {
        "MSE": 0.34957624689037453,
        "MAE": 0.45282696536078837,
        "R2": 0.2784587886973734,
        "emission": 4.21300524905798e-09
    },
    "XGBoost": {
        "MSE": 0.3556982713438484,
        "MAE": 0.44156828958435135,
        "R2": 0.2658226528641252,
        "emission": 4.954323916327794e-07
    },
    "CatBoost": {
        "MSE": 0.2981188514726773,
        "MAE": 0.40271004135768834,
        "R2": 0.3846691841416806,
        "emission": 6.294288107736897e-07
    },
    "DNN": {
        "MSE": 0.555697298175106,
        "MAE": 0.5940553997237671,
        "R2": -0.1469843995682052,
        "emission": 2.4844077992677885e-06
    }
}