{
    "Linear-SVR": {
        "MSE": 0.6252015517252871,
        "MAE": 0.6280228248665395,
        "R2": -0.11342044612093871,
        "emission": 1.3836996518722162e-09
    },
    "RBF-SVR": {
        "MSE": 0.45900511955260315,
        "MAE": 0.5243296666110068,
        "R2": 0.18255851481217067,
        "emission": 1.489698619803517e-09
    },
    "DecisionTree": {
        "MSE": 0.6931420746240023,
        "MAE": 0.64331476310678,
        "R2": -0.23441561496980978,
        "emission": 7.223924956958541e-10
    },
    "ExtraTrees": {
        "MSE": 0.7060016391085334,
        "MAE": 0.7067677934079232,
        "R2": -0.25731719284621746,
        "emission": 1.1279483277549032e-07
    },
    "RandomForest": {
        "MSE": 0.5356953504138189,
        "MAE": 0.5759321876914739,
        "R2": 0.04598100501076796,
        "emission": 9.394068275704057e-08
    },
    "KNeighbors": {
        "MSE": 0.5700738323016016,
        "MAE": 0.6225606070374389,
        "R2": -0.015243578541249247,
        "emission": 7.516394624059042e-10
    },
    "PLS": {
        "MSE": 0.5504547469386253,
        "MAE": 0.5938617727898753,
        "R2": 0.019696019284522248,
        "emission": 3.67524469559503e-08
    },
    "PLS-SKLEARN": {
        "MSE": 0.5504547469386254,
        "MAE": 0.5938617727898754,
        "R2": 0.019696019284522137,
        "emission": 5.200451917071127e-09
    },
    "XGBoost": {
        "MSE": 0.7226767046543586,
        "MAE": 0.6744209060127128,
        "R2": -0.28701379047604325,
        "emission": 6.2113009663821e-07
    },
    "CatBoost": {
        "MSE": 0.5075738510335506,
        "MAE": 0.5623721099583466,
        "R2": 0.09606253839654255,
        "emission": 6.660671740904144e-07
    },
    "DNN": {
        "MSE": 0.6873598513226048,
        "MAE": 0.6839414326918563,
        "R2": -0.22411806271638568,
        "emission": 2.8975916721259613e-06
    }
}