{
    "Linear-SVR": {
        "MSE": 0.424381422630485,
        "MAE": 0.5191154585644142,
        "R2": 0.2022527425004632,
        "emission": 1.0937439565152836e-09
    },
    "RBF-SVR": {
        "MSE": 0.394578807701742,
        "MAE": 0.5115520171543282,
        "R2": 0.2582753510735549,
        "emission": 1.1439710276576666e-09
    },
    "DecisionTree": {
        "MSE": 0.2729650817843975,
        "MAE": 0.4090558411941022,
        "R2": 0.48688341719367834,
        "emission": 6.559718424584553e-10
    },
    "ExtraTrees": {
        "MSE": 0.6761871958151485,
        "MAE": 0.6979431017397162,
        "R2": -0.27108881834236986,
        "emission": 9.329321947217003e-08
    },
    "RandomForest": {
        "MSE": 0.5269556592867555,
        "MAE": 0.592005722819978,
        "R2": 0.009434886630515504,
        "emission": 8.360794389234346e-08
    },
    "KNeighbors": {
        "MSE": 0.5181741277801636,
        "MAE": 0.5926135716787797,
        "R2": 0.0259423073196845,
        "emission": 5.2849544462699e-10
    },
    "PLS": {
        "MSE": 0.3960918054785527,
        "MAE": 0.5099168110434339,
        "R2": 0.2554312354674281,
        "emission": 2.8951121403728875e-08
    },
    "PLS-SKLEARN": {
        "MSE": 0.44111560529503774,
        "MAE": 0.5600575209606541,
        "R2": 0.17079602075143663,
        "emission": 4.3702539642706484e-09
    },
    "XGBoost": {
        "MSE": 0.564829146873957,
        "MAE": 0.6138034869950507,
        "R2": -0.06175925440270347,
        "emission": 5.163747069888494e-07
    },
    "CatBoost": {
        "MSE": 0.31749015054515717,
        "MAE": 0.46779640945368756,
        "R2": 0.4031857113098798,
        "emission": 6.296962941256245e-07
    },
    "DNN": {
        "MSE": 0.7200413178234054,
        "MAE": 0.690721930485279,
        "R2": -0.35352528633215385,
        "emission": 2.5962571444846998e-06
    }
}