{
    "Linear-SVR": {
        "MSE": 0.4724726926684494,
        "MAE": 0.522039582881181,
        "R2": 0.15967583396368323,
        "emission": 1.0173915402565972e-08
    },
    "RBF-SVR": {
        "MSE": 0.3894246272353094,
        "MAE": 0.47614032417255675,
        "R2": 0.30738235205234876,
        "emission": 1.2951658710625469e-08
    },
    "DecisionTree": {
        "MSE": 0.5050708501719287,
        "MAE": 0.5679119956249624,
        "R2": 0.10169783874088967,
        "emission": 5.472824888455117e-09
    },
    "ExtraTrees": {
        "MSE": 0.44011786506863826,
        "MAE": 0.5217376856294859,
        "R2": 0.21722105073907738,
        "emission": 7.322200473278865e-07
    },
    "RandomForest": {
        "MSE": 0.4285906847635159,
        "MAE": 0.4990293207804305,
        "R2": 0.23772290899874526,
        "emission": 5.144948514956368e-07
    },
    "KNeighbors": {
        "MSE": 0.41473429820687446,
        "MAE": 0.5199152538825145,
        "R2": 0.26236741577801315,
        "emission": 6.047839586939719e-09
    },
    "PLS": {
        "MSE": 0.484761169467931,
        "MAE": 0.5296168559906398,
        "R2": 0.13781995916156564,
        "emission": 7.92843274776356e-07
    },
    "PLS-SKLEARN": {
        "MSE": 0.481067040114634,
        "MAE": 0.5309177023160848,
        "R2": 0.14439021436617272,
        "emission": 1.5034765523371966e-06
    },
    "XGBoost": {
        "MSE": 0.5294850654806305,
        "MAE": 0.574799340761656,
        "R2": 0.058275530029574196,
        "emission": 1.9928189293828845e-06
    },
    "CatBoost": {
        "MSE": 0.3993182145751111,
        "MAE": 0.48096458979364254,
        "R2": 0.2897859477321939,
        "emission": 2.3901883092400392e-06
    },
    "DNN": {
        "MSE": 0.41606432610122285,
        "MAE": 0.5104667954882685,
        "R2": 0.26000187254458096,
        "emission": 1.2286070946920097e-05
    }
}