{
    "Linear-SVR": {
        "MSE": 0.4724726926684494,
        "MAE": 0.522039582881181,
        "R2": 0.15967583396368323,
        "emission": 2.529871135078472e-09
    },
    "RBF-SVR": {
        "MSE": 0.3894246272353094,
        "MAE": 0.47614032417255675,
        "R2": 0.30738235205234876,
        "emission": 3.1463475182053793e-09
    },
    "DecisionTree": {
        "MSE": 0.5050708501719287,
        "MAE": 0.5679119956249624,
        "R2": 0.10169783874088967,
        "emission": 1.051321641355099e-09
    },
    "ExtraTrees": {
        "MSE": 0.44011786506863826,
        "MAE": 0.5217376856294859,
        "R2": 0.21722105073907738,
        "emission": 1.6886372184674857e-07
    },
    "RandomForest": {
        "MSE": 0.4285906847635159,
        "MAE": 0.4990293207804305,
        "R2": 0.23772290899874526,
        "emission": 1.2982191586772865e-07
    },
    "KNeighbors": {
        "MSE": 0.41473429820687446,
        "MAE": 0.5199152538825145,
        "R2": 0.26236741577801315,
        "emission": 2.5809588688021766e-09
    },
    "PLS": {
        "MSE": 0.4085263948675458,
        "MAE": 0.4794270434006251,
        "R2": 0.2734085855162951,
        "emission": 6.053166857662239e-08
    },
    "PLS-SKLEARN": {
        "MSE": 0.41376397160470707,
        "MAE": 0.49345481509969663,
        "R2": 0.26409320629543764,
        "emission": 7.847621607232813e-09
    },
    "XGBoost": {
        "MSE": 0.5294850654806305,
        "MAE": 0.574799340761656,
        "R2": 0.058275530029574196,
        "emission": 9.135754838270714e-07
    },
    "CatBoost": {
        "MSE": 0.3993182145751111,
        "MAE": 0.48096458979364254,
        "R2": 0.2897859477321939,
        "emission": 7.33091168553934e-07
    },
    "DNN": {
        "MSE": 0.5046791586585783,
        "MAE": 0.5852710734948913,
        "R2": 0.10239448819684194,
        "emission": 3.5016387444721552e-06
    }
}