{
    "Linear-SVR": {
        "MSE": 0.8304446450788052,
        "MAE": 0.7057260041766735,
        "R2": 0.1952284189373521,
        "emission": 3.1396317908287235e-09
    },
    "RBF-SVR": {
        "MSE": 0.7369445602295791,
        "MAE": 0.6844062530215637,
        "R2": 0.28583796354638846,
        "emission": 3.960598417872787e-09
    },
    "DecisionTree": {
        "MSE": 0.8747318156471913,
        "MAE": 0.7154294661460858,
        "R2": 0.15231037919765456,
        "emission": 1.2898579766830471e-09
    },
    "ExtraTrees": {
        "MSE": 0.8915789449849585,
        "MAE": 0.7646404477122382,
        "R2": 0.13598407618171393,
        "emission": 2.1117134970291474e-07
    },
    "RandomForest": {
        "MSE": 0.7914014446525621,
        "MAE": 0.732710867994461,
        "R2": 0.23306460503713944,
        "emission": 1.5109952428808654e-07
    },
    "KNeighbors": {
        "MSE": 0.9475819302867988,
        "MAE": 0.7741631340516131,
        "R2": 0.08171241425617592,
        "emission": 2.1497682288971365e-09
    },
    "PLS": {
        "MSE": 0.7310034886165878,
        "MAE": 0.6637176167695222,
        "R2": 0.2915953678761374,
        "emission": 7.644602063473988e-08
    },
    "PLS-SKLEARN": {
        "MSE": 0.7247939797313466,
        "MAE": 0.6885408834255409,
        "R2": 0.2976129107825931,
        "emission": 8.91508565362795e-09
    },
    "XGBoost": {
        "MSE": 0.6994318864541763,
        "MAE": 0.6628088197419856,
        "R2": 0.3221909389831239,
        "emission": 1.0964390577186496e-06
    },
    "CatBoost": {
        "MSE": 0.6183796838563251,
        "MAE": 0.601566217776541,
        "R2": 0.40073742563918857,
        "emission": 6.914181957878312e-07
    },
    "DNN": {
        "MSE": 0.9921026788673694,
        "MAE": 0.7653764672208767,
        "R2": 0.03856801753136063,
        "emission": 4.222775750746559e-06
    }
}