{
    "Linear-SVR": {
        "MSE": 0.8304446450788052,
        "MAE": 0.7057260041766735,
        "R2": 0.1952284189373521,
        "emission": 1.2661048546725918e-08
    },
    "RBF-SVR": {
        "MSE": 0.7369445602295791,
        "MAE": 0.6844062530215637,
        "R2": 0.28583796354638846,
        "emission": 1.769935910923578e-08
    },
    "DecisionTree": {
        "MSE": 0.8747318156471913,
        "MAE": 0.7154294661460858,
        "R2": 0.15231037919765456,
        "emission": 6.79468051891248e-09
    },
    "ExtraTrees": {
        "MSE": 0.8915789449849585,
        "MAE": 0.7646404477122382,
        "R2": 0.13598407618171393,
        "emission": 6.786856561815118e-07
    },
    "RandomForest": {
        "MSE": 0.7914014446525621,
        "MAE": 0.732710867994461,
        "R2": 0.23306460503713944,
        "emission": 5.711346689139934e-07
    },
    "KNeighbors": {
        "MSE": 0.9393954423915795,
        "MAE": 0.7685678968550761,
        "R2": 0.0896458181812031,
        "emission": 2.419713744448947e-08
    },
    "PLS": {
        "MSE": 0.7310034886165878,
        "MAE": 0.6637176167695222,
        "R2": 0.2915953678761374,
        "emission": 1.1942264584523723e-06
    },
    "PLS-SKLEARN": {
        "MSE": 0.7247939797313465,
        "MAE": 0.688540883425541,
        "R2": 0.2976129107825932,
        "emission": 1.603549035808957e-06
    },
    "XGBoost": {
        "MSE": 0.6994318864541763,
        "MAE": 0.6628088197419856,
        "R2": 0.3221909389831239,
        "emission": 2.4263750264987267e-06
    },
    "CatBoost": {
        "MSE": 0.6183796838563251,
        "MAE": 0.601566217776541,
        "R2": 0.40073742563918857,
        "emission": 2.231288349925467e-06
    },
    "DNN": {
        "MSE": 0.8852908373846649,
        "MAE": 0.6686412938791162,
        "R2": 0.1420777879364572,
        "emission": 1.5334132056020577e-05
    }
}