{
    "Linear-SVR": {
        "MSE": 0.7226082278539852,
        "MAE": 0.6617374883013378,
        "R2": 0.35928310599492497,
        "emission": 9.265378073394434e-10
    },
    "RBF-SVR": {
        "MSE": 0.7072969843625528,
        "MAE": 0.6465701126188803,
        "R2": 0.37285916560099996,
        "emission": 1.1451735062574265e-09
    },
    "DecisionTree": {
        "MSE": 1.7568631859164827,
        "MAE": 0.9452543027407557,
        "R2": -0.5577623950051755,
        "emission": 6.849142896226824e-10
    },
    "ExtraTrees": {
        "MSE": 1.363481881318132,
        "MAE": 0.8572213663640873,
        "R2": -0.20896198293340795,
        "emission": 8.439341977407444e-08
    },
    "RandomForest": {
        "MSE": 0.8119222057600533,
        "MAE": 0.7030285191914395,
        "R2": 0.28009085172851345,
        "emission": 8.114626182616234e-08
    },
    "KNeighbors": {
        "MSE": 0.6598004110824474,
        "MAE": 0.6660215919808271,
        "R2": 0.41497307426529884,
        "emission": 6.135290439028568e-10
    },
    "PLS": {
        "MSE": 0.6488294778878606,
        "MAE": 0.6414721057692235,
        "R2": 0.42470069978881164,
        "emission": 2.6115003434715566e-08
    },
    "PLS-SKLEARN": {
        "MSE": 0.68895301623836,
        "MAE": 0.6732666738539682,
        "R2": 0.3891242589492532,
        "emission": 4.197604897941329e-09
    },
    "XGBoost": {
        "MSE": 0.7295453015730139,
        "MAE": 0.6867722654089745,
        "R2": 0.35313219301689214,
        "emission": 4.7434268834726536e-07
    },
    "CatBoost": {
        "MSE": 0.8188655663728805,
        "MAE": 0.7024304975342387,
        "R2": 0.27393436433420315,
        "emission": 6.073879784780631e-07
    },
    "DNN": {
        "MSE": 0.8459309630544652,
        "MAE": 0.7282733473135795,
        "R2": 0.24993621951880218,
        "emission": 2.4721316882859615e-06
    }
}