{
    "Linear-SVR": {
        "MSE": 0.7226082278539852,
        "MAE": 0.6617374883013378,
        "R2": 0.35928310599492497,
        "emission": 6.510026202822526e-09
    },
    "RBF-SVR": {
        "MSE": 0.7072969843625528,
        "MAE": 0.6465701126188803,
        "R2": 0.37285916560099996,
        "emission": 6.0448389640819414e-09
    },
    "DecisionTree": {
        "MSE": 1.7568631859164827,
        "MAE": 0.9452543027407557,
        "R2": -0.5577623950051755,
        "emission": 6.108023444783379e-09
    },
    "ExtraTrees": {
        "MSE": 1.363481881318132,
        "MAE": 0.8572213663640873,
        "R2": -0.20896198293340795,
        "emission": 4.0169884143672535e-07
    },
    "RandomForest": {
        "MSE": 0.8119222057600533,
        "MAE": 0.7030285191914395,
        "R2": 0.28009085172851345,
        "emission": 4.2333825346250513e-07
    },
    "KNeighbors": {
        "MSE": 0.6598004110824474,
        "MAE": 0.6660215919808271,
        "R2": 0.41497307426529884,
        "emission": 1.255015933702343e-08
    },
    "PLS": {
        "MSE": 0.6488294778878606,
        "MAE": 0.6414721057692235,
        "R2": 0.42470069978881164,
        "emission": 4.986800348113213e-07
    },
    "PLS-SKLEARN": {
        "MSE": 0.6889530162383599,
        "MAE": 0.6732666738539682,
        "R2": 0.3891242589492533,
        "emission": 7.502073185644182e-07
    },
    "XGBoost": {
        "MSE": 0.7295453015730139,
        "MAE": 0.6867722654089745,
        "R2": 0.35313219301689214,
        "emission": 1.3855789088791775e-06
    },
    "CatBoost": {
        "MSE": 0.8188655663728805,
        "MAE": 0.7024304975342387,
        "R2": 0.27393436433420315,
        "emission": 2.1228175629589423e-06
    },
    "DNN": {
        "MSE": 0.7956843219819152,
        "MAE": 0.735095526390219,
        "R2": 0.29448853785843976,
        "emission": 1.0378956457796374e-05
    }
}