{
    "Linear-SVR": {
        "MSE": 0.644454362803255,
        "MAE": 0.6067839218507319,
        "R2": 0.5255574776891033,
        "emission": 1.2705072205059293e-09
    },
    "RBF-SVR": {
        "MSE": 0.8038558699279051,
        "MAE": 0.7157537970109542,
        "R2": 0.40820727034251203,
        "emission": 1.7786978503649525e-09
    },
    "DecisionTree": {
        "MSE": 1.30864453020888,
        "MAE": 0.8461118457345237,
        "R2": 0.036585602400202144,
        "emission": 8.23018760129348e-10
    },
    "ExtraTrees": {
        "MSE": 0.7706335771156707,
        "MAE": 0.6958756992117802,
        "R2": 0.4326652759183074,
        "emission": 1.207379970992063e-07
    },
    "RandomForest": {
        "MSE": 0.7900443552387926,
        "MAE": 0.7010659349174706,
        "R2": 0.418375205023772,
        "emission": 9.923778717723423e-08
    },
    "KNeighbors": {
        "MSE": 0.942028649533851,
        "MAE": 0.7874337874511159,
        "R2": 0.30648549475269293,
        "emission": 7.256085781215475e-10
    },
    "PLS": {
        "MSE": 0.6371050384014898,
        "MAE": 0.5912279268460373,
        "R2": 0.5309679958075431,
        "emission": 3.9060839892053886e-08
    },
    "PLS-SKLEARN": {
        "MSE": 0.650762301929132,
        "MAE": 0.6082176671158276,
        "R2": 0.5209136196873563,
        "emission": 5.536315468644403e-09
    },
    "XGBoost": {
        "MSE": 0.5725091677485769,
        "MAE": 0.5539899401687914,
        "R2": 0.5785229967080376,
        "emission": 6.502397296770361e-07
    },
    "CatBoost": {
        "MSE": 0.5823014471815448,
        "MAE": 0.585100396150548,
        "R2": 0.5713139932137611,
        "emission": 6.741690610873663e-07
    },
    "DNN": {
        "MSE": 0.8872494331963044,
        "MAE": 0.7288098391417482,
        "R2": 0.34681354755126514,
        "emission": 2.977279257315872e-06
    }
}