{
    "Linear-SVR": {
        "MSE": 0.644454362803255,
        "MAE": 0.6067839218507319,
        "R2": 0.5255574776891033,
        "emission": 6.417862968768701e-09
    },
    "RBF-SVR": {
        "MSE": 0.8038558699279051,
        "MAE": 0.7157537970109542,
        "R2": 0.40820727034251203,
        "emission": 8.293179809225844e-09
    },
    "DecisionTree": {
        "MSE": 1.30864453020888,
        "MAE": 0.8461118457345237,
        "R2": 0.036585602400202144,
        "emission": 6.769034533865516e-09
    },
    "ExtraTrees": {
        "MSE": 0.7706335771156707,
        "MAE": 0.6958756992117802,
        "R2": 0.4326652759183074,
        "emission": 5.672467015743396e-07
    },
    "RandomForest": {
        "MSE": 0.7900443552387926,
        "MAE": 0.7010659349174706,
        "R2": 0.418375205023772,
        "emission": 5.500325708270727e-07
    },
    "KNeighbors": {
        "MSE": 0.942028649533851,
        "MAE": 0.7874337874511159,
        "R2": 0.30648549475269293,
        "emission": 6.540561385455968e-09
    },
    "PLS": {
        "MSE": 0.6738083408322,
        "MAE": 0.6202897443290613,
        "R2": 0.5039472967674746,
        "emission": 5.398329347546862e-07
    },
    "PLS-SKLEARN": {
        "MSE": 0.6699634541190731,
        "MAE": 0.6179055221539717,
        "R2": 0.5067778738501414,
        "emission": 1.0566741247648321e-06
    },
    "XGBoost": {
        "MSE": 0.5725091677485769,
        "MAE": 0.5539899401687914,
        "R2": 0.5785229967080376,
        "emission": 1.616528869908378e-06
    },
    "CatBoost": {
        "MSE": 0.5823014471815448,
        "MAE": 0.585100396150548,
        "R2": 0.5713139932137611,
        "emission": 2.2716100862941093e-06
    },
    "DNN": {
        "MSE": 0.8993878182594828,
        "MAE": 0.7543835686969808,
        "R2": 0.3378773584918803,
        "emission": 1.4910500637712511e-05
    }
}