{
    "Linear-SVR": {
        "MSE": 0.8377304704801606,
        "MAE": 0.7568065962370246,
        "R2": 0.22761217147552715,
        "emission": 1.023472487937618e-09
    },
    "RBF-SVR": {
        "MSE": 0.819915503904166,
        "MAE": 0.7023658822280544,
        "R2": 0.24403757777712887,
        "emission": 1.1047742678392095e-09
    },
    "DecisionTree": {
        "MSE": 0.883829941561767,
        "MAE": 0.7502316023967829,
        "R2": 0.1851084407177811,
        "emission": 7.17445317073945e-10
    },
    "ExtraTrees": {
        "MSE": 0.63579646739009,
        "MAE": 0.6685684580851073,
        "R2": 0.41379540301370443,
        "emission": 8.842460099625231e-08
    },
    "RandomForest": {
        "MSE": 0.6880227480495409,
        "MAE": 0.6369835022357443,
        "R2": 0.3656427513770246,
        "emission": 8.121971274583679e-08
    },
    "KNeighbors": {
        "MSE": 1.8197662220013393,
        "MAE": 1.0888089764504574,
        "R2": -0.6778251838305136,
        "emission": 6.063833666557925e-10
    },
    "PLS": {
        "MSE": 0.7447644778744793,
        "MAE": 0.6864156426027359,
        "R2": 0.31332685380547465,
        "emission": 2.6170044678268425e-08
    },
    "PLS-SKLEARN": {
        "MSE": 0.6478559435518971,
        "MAE": 0.6329770143318603,
        "R2": 0.40267656117377215,
        "emission": 4.438008526641374e-09
    },
    "XGBoost": {
        "MSE": 0.8615219430144245,
        "MAE": 0.7300454767798471,
        "R2": 0.20567642429229882,
        "emission": 5.03565515278232e-07
    },
    "CatBoost": {
        "MSE": 0.6317663562204947,
        "MAE": 0.6171069723971295,
        "R2": 0.41751116712242986,
        "emission": 5.703034062429761e-07
    },
    "DNN": {
        "MSE": 0.8982319170119899,
        "MAE": 0.7575401204666983,
        "R2": 0.17182981359790983,
        "emission": 2.6939062192010348e-06
    }
}