{
    "Linear-SVR": {
        "MSE": 0.3620462779619173,
        "MAE": 0.47817918402727394,
        "R2": 0.29077348503140377,
        "emission": 5.5946099654417e-09
    },
    "RBF-SVR": {
        "MSE": 0.36587347781372376,
        "MAE": 0.4721832602785535,
        "R2": 0.28327623460180396,
        "emission": 6.972420655549749e-09
    },
    "DecisionTree": {
        "MSE": 0.4887027088650648,
        "MAE": 0.5406750697202176,
        "R2": 0.04266128348227238,
        "emission": 4.60586365339627e-09
    },
    "ExtraTrees": {
        "MSE": 0.5959731096421422,
        "MAE": 0.6121043227663904,
        "R2": -0.1674748707427789,
        "emission": 4.2463860350272844e-07
    },
    "RandomForest": {
        "MSE": 0.4551724279767213,
        "MAE": 0.547479270031257,
        "R2": 0.10834505295568586,
        "emission": 4.1084718239894293e-07
    },
    "KNeighbors": {
        "MSE": 0.4608972725735428,
        "MAE": 0.543588202997056,
        "R2": 0.09713043253479159,
        "emission": 6.730416253740843e-09
    },
    "PLS": {
        "MSE": 0.382881007085511,
        "MAE": 0.4809629557620606,
        "R2": 0.24995952497684037,
        "emission": 4.646029656908078e-07
    },
    "PLS-SKLEARN": {
        "MSE": 0.3828809854426396,
        "MAE": 0.4809622170476345,
        "R2": 0.24995956737390168,
        "emission": 9.671508528574231e-07
    },
    "XGBoost": {
        "MSE": 0.5592906994844868,
        "MAE": 0.5800799883974312,
        "R2": -0.09561627282204799,
        "emission": 1.3581356247857753e-06
    },
    "CatBoost": {
        "MSE": 0.42024147656101946,
        "MAE": 0.5198876996162228,
        "R2": 0.1767726503240573,
        "emission": 2.1802318219372877e-06
    },
    "DNN": {
        "MSE": 0.5037254309026002,
        "MAE": 0.5807688182393153,
        "R2": 0.013232689833965527,
        "emission": 1.0506592108776076e-05
    }
}