{
    "Linear-SVR": {
        "MSE": 0.3620462779619173,
        "MAE": 0.47817918402727394,
        "R2": 0.29077348503140377,
        "emission": 8.528374391541769e-10
    },
    "RBF-SVR": {
        "MSE": 0.36587347781372376,
        "MAE": 0.4721832602785535,
        "R2": 0.28327623460180396,
        "emission": 1.0137931553216462e-09
    },
    "DecisionTree": {
        "MSE": 0.4887027088650648,
        "MAE": 0.5406750697202176,
        "R2": 0.04266128348227238,
        "emission": 5.602927223325804e-10
    },
    "ExtraTrees": {
        "MSE": 0.5959731096421422,
        "MAE": 0.6121043227663904,
        "R2": -0.1674748707427789,
        "emission": 9.280890686305981e-08
    },
    "RandomForest": {
        "MSE": 0.4551724279767213,
        "MAE": 0.547479270031257,
        "R2": 0.10834505295568586,
        "emission": 7.840379681227512e-08
    },
    "KNeighbors": {
        "MSE": 0.4608972725735428,
        "MAE": 0.543588202997056,
        "R2": 0.09713043253479159,
        "emission": 6.340140082909244e-10
    },
    "PLS": {
        "MSE": 0.36822475737327753,
        "MAE": 0.4812546050400978,
        "R2": 0.27867022175414624,
        "emission": 2.424142977117931e-08
    },
    "PLS-SKLEARN": {
        "MSE": 0.3831912984796875,
        "MAE": 0.4871968644868083,
        "R2": 0.2493516831137631,
        "emission": 4.14531128098751e-09
    },
    "XGBoost": {
        "MSE": 0.5592906994844868,
        "MAE": 0.5800799883974312,
        "R2": -0.09561627282204799,
        "emission": 4.849086083041718e-07
    },
    "CatBoost": {
        "MSE": 0.42024147656101946,
        "MAE": 0.5198876996162228,
        "R2": 0.1767726503240573,
        "emission": 6.226856417272846e-07
    },
    "DNN": {
        "MSE": 0.7893261516850442,
        "MAE": 0.6041549815368725,
        "R2": -0.5462416542010204,
        "emission": 2.4618686428551463e-06
    }
}