{
    "Linear-SVR": {
        "MSE": 0.7138504079351856,
        "MAE": 0.6650983393903676,
        "R2": -0.028139294912204793,
        "emission": 1.4132153028298214e-08
    },
    "RBF-SVR": {
        "MSE": 0.5993443642221655,
        "MAE": 0.6069931585893983,
        "R2": 0.13678064032579507,
        "emission": 2.103817141946785e-08
    },
    "DecisionTree": {
        "MSE": 0.8165140900325737,
        "MAE": 0.7269183443674042,
        "R2": -0.17600299934015395,
        "emission": 8.872612114520216e-09
    },
    "ExtraTrees": {
        "MSE": 0.7156775298630056,
        "MAE": 0.648235122439572,
        "R2": -0.03077084884802317,
        "emission": 9.464935765063971e-07
    },
    "RandomForest": {
        "MSE": 0.5819741618881512,
        "MAE": 0.6106992684283513,
        "R2": 0.16179846952593946,
        "emission": 6.08703946294951e-07
    },
    "KNeighbors": {
        "MSE": 0.9505040083244741,
        "MAE": 0.7935120413376137,
        "R2": -0.36898502832918334,
        "emission": 9.348269324332595e-09
    },
    "PLS": {
        "MSE": 0.6442730581176672,
        "MAE": 0.6221388729722752,
        "R2": 0.07207106651374018,
        "emission": 1.1148419515840393e-06
    },
    "PLS-SKLEARN": {
        "MSE": 0.6224725779431867,
        "MAE": 0.622189388184122,
        "R2": 0.10346970419214441,
        "emission": 1.6758961092654738e-06
    },
    "XGBoost": {
        "MSE": 0.6981223071579582,
        "MAE": 0.6414411211805745,
        "R2": -0.0054865398480443694,
        "emission": 2.437216528619092e-06
    },
    "CatBoost": {
        "MSE": 0.6001950254480151,
        "MAE": 0.6099134800062149,
        "R2": 0.13555545613701814,
        "emission": 2.543897190148951e-06
    },
    "DNN": {
        "MSE": 0.7826005317043427,
        "MAE": 0.6892399024901021,
        "R2": -0.12715822519705777,
        "emission": 1.6004078673178982e-05
    }
}