{
    "Linear-SVR": {
        "MSE": 0.9643738393846825,
        "MAE": 0.7488492339031569,
        "R2": -0.022212546885116202,
        "emission": 3.55470262873562e-08
    },
    "RBF-SVR": {
        "MSE": 0.6868178652933187,
        "MAE": 0.655458604102492,
        "R2": 0.2719899579859619,
        "emission": 3.764074494813859e-08
    },
    "DecisionTree": {
        "MSE": 0.7981067070317667,
        "MAE": 0.7120727841095509,
        "R2": 0.1540265233640331,
        "emission": 8.53745332020189e-09
    },
    "ExtraTrees": {
        "MSE": 0.8176820351581175,
        "MAE": 0.720793938386378,
        "R2": 0.13327715708827803,
        "emission": 1.099690215583527e-06
    },
    "RandomForest": {
        "MSE": 0.6913493739379128,
        "MAE": 0.6696659943968984,
        "R2": 0.2671866702943567,
        "emission": 9.382700382238219e-07
    },
    "KNeighbors": {
        "MSE": 0.7277534680275888,
        "MAE": 0.6778951807701388,
        "R2": 0.22859922607231453,
        "emission": 9.072135167947107e-09
    },
    "PLS": {
        "MSE": 0.7426488801160741,
        "MAE": 0.6659622851087547,
        "R2": 0.21281045567432344,
        "emission": 1.962885904666392e-06
    },
    "PLS-SKLEARN": {
        "MSE": 0.7237820627673676,
        "MAE": 0.658770760957308,
        "R2": 0.23280881795460162,
        "emission": 2.6185657781210867e-06
    },
    "XGBoost": {
        "MSE": 0.712554549027147,
        "MAE": 0.6214708789731093,
        "R2": 0.24470970633094047,
        "emission": 3.556914466340073e-06
    },
    "CatBoost": {
        "MSE": 0.6050358291100564,
        "MAE": 0.6122566823547858,
        "R2": 0.3586769045643585,
        "emission": 2.880265760836123e-06
    },
    "DNN": {
        "MSE": 0.7119008893509097,
        "MAE": 0.6280978925096408,
        "R2": 0.24540256950822137,
        "emission": 2.2126127926686593e-05
    }
}