{
    "Linear-SVR": {
        "MSE": 0.7188436449675332,
        "MAE": 0.6656508557123872,
        "R2": 0.491919176288123,
        "emission": 1.6907742905403857e-09
    },
    "RBF-SVR": {
        "MSE": 0.9278439452129142,
        "MAE": 0.7683793701653291,
        "R2": 0.3441971432033083,
        "emission": 1.932447761601796e-09
    },
    "DecisionTree": {
        "MSE": 1.0413577548868038,
        "MAE": 0.797819526350647,
        "R2": 0.26396524531348564,
        "emission": 8.634759161470998e-10
    },
    "ExtraTrees": {
        "MSE": 1.0224973757133347,
        "MAE": 0.8270990750575224,
        "R2": 0.2772958173412975,
        "emission": 1.1991510270539948e-07
    },
    "RandomForest": {
        "MSE": 0.8712438371380746,
        "MAE": 0.7465477634052754,
        "R2": 0.3842022677309719,
        "emission": 1.0340734596370934e-07
    },
    "KNeighbors": {
        "MSE": 1.0382300458897797,
        "MAE": 0.8160768242846261,
        "R2": 0.2661759193239803,
        "emission": 8.588809847293401e-10
    },
    "PLS": {
        "MSE": 0.7834523517179647,
        "MAE": 0.7083840140200061,
        "R2": 0.44625355042562975,
        "emission": 4.565441200323233e-08
    },
    "PLS-SKLEARN": {
        "MSE": 0.8017527490569547,
        "MAE": 0.7357403697207606,
        "R2": 0.43331877522195017,
        "emission": 5.770041572839561e-09
    },
    "XGBoost": {
        "MSE": 0.8663774613010913,
        "MAE": 0.7033663655073691,
        "R2": 0.387641836628959,
        "emission": 7.071381504545298e-07
    },
    "CatBoost": {
        "MSE": 0.7118802026667735,
        "MAE": 0.6708650208210257,
        "R2": 0.49684095799240435,
        "emission": 6.574882506293358e-07
    },
    "DNN": {
        "MSE": 1.0703554640052102,
        "MAE": 0.8640805344276522,
        "R2": 0.243469578365908,
        "emission": 3.342592881576275e-06
    }
}