{
    "Linear-SVR": {
        "MSE": 0.3933030687533503,
        "MAE": 0.4975288516675454,
        "R2": 0.3153460806897207,
        "emission": 1.0154223470457918e-09
    },
    "RBF-SVR": {
        "MSE": 0.43488533904485743,
        "MAE": 0.5005112232990282,
        "R2": 0.2429605170094291,
        "emission": 1.2054406224058012e-09
    },
    "DecisionTree": {
        "MSE": 0.7180846600930628,
        "MAE": 0.5983610848145382,
        "R2": -0.25002705544009873,
        "emission": 7.052828453524525e-10
    },
    "ExtraTrees": {
        "MSE": 0.6563302212737174,
        "MAE": 0.6332247544785903,
        "R2": -0.14252619431921398,
        "emission": 9.133661614747674e-08
    },
    "RandomForest": {
        "MSE": 0.5550669411075287,
        "MAE": 0.5852287512317303,
        "R2": 0.03375084788071503,
        "emission": 8.075985196954976e-08
    },
    "KNeighbors": {
        "MSE": 0.5530641435352432,
        "MAE": 0.5547040016179171,
        "R2": 0.037237276836880495,
        "emission": 1.1971331165020288e-09
    },
    "PLS": {
        "MSE": 0.40310166481806375,
        "MAE": 0.5030292924790307,
        "R2": 0.29828888553304755,
        "emission": 2.745522640321794e-08
    },
    "PLS-SKLEARN": {
        "MSE": 0.41184085365354617,
        "MAE": 0.5013375920369504,
        "R2": 0.2830758847630028,
        "emission": 4.250528523865742e-09
    },
    "XGBoost": {
        "MSE": 0.5483803317429334,
        "MAE": 0.5530141813488034,
        "R2": 0.045390760386045614,
        "emission": 5.23754517777935e-07
    },
    "CatBoost": {
        "MSE": 0.45192597466434165,
        "MAE": 0.5230797716605866,
        "R2": 0.2132965278587753,
        "emission": 7.070561954955163e-07
    },
    "DNN": {
        "MSE": 0.743784393520952,
        "MAE": 0.7141904057907763,
        "R2": -0.29476462454273955,
        "emission": 2.5020575661571947e-06
    }
}