{
    "Linear-SVR": {
        "MSE": 0.28677989127736103,
        "MAE": 0.37790298004457673,
        "R2": 0.18894179035589787,
        "emission": 4.022485093749555e-09
    },
    "RBF-SVR": {
        "MSE": 0.27802865785694003,
        "MAE": 0.36113613947426987,
        "R2": 0.21369164181350808,
        "emission": 5.369299102958083e-09
    },
    "DecisionTree": {
        "MSE": 0.6589587612165153,
        "MAE": 0.5870972743439161,
        "R2": -0.8636380351531057,
        "emission": 4.817331037915334e-09
    },
    "ExtraTrees": {
        "MSE": 0.40262055920929396,
        "MAE": 0.4674998822859886,
        "R2": -0.1386736652409617,
        "emission": 3.232212910747329e-07
    },
    "RandomForest": {
        "MSE": 0.3269953995651552,
        "MAE": 0.4363849371525046,
        "R2": 0.07520606778991068,
        "emission": 3.777769467982947e-07
    },
    "KNeighbors": {
        "MSE": 0.3742183543389298,
        "MAE": 0.44720359901314766,
        "R2": -0.05834780512051396,
        "emission": 5.917267490701407e-09
    },
    "PLS": {
        "MSE": 0.28798410081644643,
        "MAE": 0.3748707862013276,
        "R2": 0.18553609817693562,
        "emission": 3.3251402132931755e-07
    },
    "PLS-SKLEARN": {
        "MSE": 0.2873378085147751,
        "MAE": 0.3747147178732222,
        "R2": 0.18736391349120174,
        "emission": 7.58032226297682e-07
    },
    "XGBoost": {
        "MSE": 0.38526064075912014,
        "MAE": 0.4582897339812649,
        "R2": -0.08957711138200208,
        "emission": 1.0361391508780674e-06
    },
    "CatBoost": {
        "MSE": 0.29692405790507587,
        "MAE": 0.38817900686196827,
        "R2": 0.16025250678458725,
        "emission": 1.7634275060267442e-06
    },
    "DNN": {
        "MSE": 0.44211498324457377,
        "MAE": 0.5584263396721691,
        "R2": -0.250370049203946,
        "emission": 1.1277863865725373e-05
    }
}