{
    "Linear-SVR": {
        "MSE": 0.28677989127736103,
        "MAE": 0.37790298004457673,
        "R2": 0.18894179035589787,
        "emission": 7.068955759669371e-10
    },
    "RBF-SVR": {
        "MSE": 0.27802865785694003,
        "MAE": 0.36113613947426987,
        "R2": 0.21369164181350808,
        "emission": 7.324707784580306e-10
    },
    "DecisionTree": {
        "MSE": 0.6589587612165153,
        "MAE": 0.5870972743439161,
        "R2": -0.8636380351531057,
        "emission": 4.969450918117076e-10
    },
    "ExtraTrees": {
        "MSE": 0.40262055920929396,
        "MAE": 0.4674998822859886,
        "R2": -0.1386736652409617,
        "emission": 6.883733972467964e-08
    },
    "RandomForest": {
        "MSE": 0.3269953995651552,
        "MAE": 0.4363849371525046,
        "R2": 0.07520606778991068,
        "emission": 6.95549483658714e-08
    },
    "KNeighbors": {
        "MSE": 0.3767277211403944,
        "MAE": 0.4472035990131476,
        "R2": -0.06544468536644366,
        "emission": 5.449709736222702e-10
    },
    "PLS": {
        "MSE": 0.29349159259686164,
        "MAE": 0.3798218636339228,
        "R2": 0.16996005341606713,
        "emission": 1.708680050619374e-08
    },
    "PLS-SKLEARN": {
        "MSE": 0.2713237891007585,
        "MAE": 0.3655639626610011,
        "R2": 0.23265405519983517,
        "emission": 3.630142758360705e-09
    },
    "XGBoost": {
        "MSE": 0.38526064075912014,
        "MAE": 0.4582897339812649,
        "R2": -0.08957711138200208,
        "emission": 3.7615418946317047e-07
    },
    "CatBoost": {
        "MSE": 0.29692405790507587,
        "MAE": 0.38817900686196827,
        "R2": 0.16025250678458725,
        "emission": 4.868333759072904e-07
    },
    "DNN": {
        "MSE": 0.38402466593651147,
        "MAE": 0.5197431593105,
        "R2": -0.08608158203255867,
        "emission": 2.167737925352844e-06
    }
}