{
    "Linear-SVR": {
        "MSE": 0.8069928159435067,
        "MAE": 0.670093786797759,
        "R2": 0.06790269008220817,
        "emission": 9.105593860297496e-09
    },
    "RBF-SVR": {
        "MSE": 0.6873653488055643,
        "MAE": 0.6488766974626405,
        "R2": 0.20607546945346966,
        "emission": 1.1950953733131024e-08
    },
    "DecisionTree": {
        "MSE": 0.9676633281541158,
        "MAE": 0.7665852615613359,
        "R2": -0.11767585443002249,
        "emission": 5.56135777714766e-09
    },
    "ExtraTrees": {
        "MSE": 0.9422810190531193,
        "MAE": 0.7630040406210306,
        "R2": -0.08835863925149612,
        "emission": 6.871172764831097e-07
    },
    "RandomForest": {
        "MSE": 0.8470600747069933,
        "MAE": 0.7334060127565756,
        "R2": 0.021623983046183848,
        "emission": 5.932923713252155e-07
    },
    "KNeighbors": {
        "MSE": 0.7604380768004879,
        "MAE": 0.6655575081985676,
        "R2": 0.1216746026219725,
        "emission": 7.706063360927381e-09
    },
    "PLS": {
        "MSE": 0.7465920094351334,
        "MAE": 0.6779212984730839,
        "R2": 0.1376671640044408,
        "emission": 7.419512856501562e-07
    },
    "PLS-SKLEARN": {
        "MSE": 0.8101949711590128,
        "MAE": 0.7153820994014625,
        "R2": 0.06420411903752943,
        "emission": 1.2600311030075628e-06
    },
    "XGBoost": {
        "MSE": 0.7541808833305904,
        "MAE": 0.6711952292018717,
        "R2": 0.12890182086443935,
        "emission": 1.928636533410493e-06
    },
    "CatBoost": {
        "MSE": 0.7476618337511863,
        "MAE": 0.6928981746106316,
        "R2": 0.13643148960018758,
        "emission": 2.365445503335362e-06
    },
    "DNN": {
        "MSE": 0.8712962622575838,
        "MAE": 0.7081527240837592,
        "R2": -0.006369432474072845,
        "emission": 1.2291772246534213e-05
    }
}