{
    "Linear-SVR": {
        "MSE": 0.4776122578466445,
        "MAE": 0.5093968526410111,
        "R2": -0.5785723527081341,
        "emission": 3.9813183949713804e-09
    },
    "RBF-SVR": {
        "MSE": 0.37371457115151363,
        "MAE": 0.4493159861180882,
        "R2": -0.23517661059146722,
        "emission": 3.431525101961843e-09
    },
    "DecisionTree": {
        "MSE": 0.47878981718819924,
        "MAE": 0.4891582207063598,
        "R2": -0.5824643437316315,
        "emission": 3.6582725583421822e-09
    },
    "ExtraTrees": {
        "MSE": 0.4149215801734448,
        "MAE": 0.4635408974327504,
        "R2": -0.3713712833854419,
        "emission": 2.2660062534924547e-07
    },
    "RandomForest": {
        "MSE": 0.33171457565978146,
        "MAE": 0.41234373770995125,
        "R2": -0.09636101151946264,
        "emission": 2.8818911596866927e-07
    },
    "KNeighbors": {
        "MSE": 0.41958664872905566,
        "MAE": 0.4977771086548911,
        "R2": -0.3867899585228374,
        "emission": 2.872740254840986e-09
    },
    "PLS": {
        "MSE": 0.43680758607378706,
        "MAE": 0.48336180971608866,
        "R2": -0.4437074583011631,
        "emission": 1.1032424193013603e-07
    },
    "PLS-SKLEARN": {
        "MSE": 0.4368075860737868,
        "MAE": 0.4833618097160886,
        "R2": -0.443707458301162,
        "emission": 5.073252352918524e-07
    },
    "XGBoost": {
        "MSE": 0.7442944637329807,
        "MAE": 0.6271382672240592,
        "R2": -1.4599926895089523,
        "emission": 8.791111202030512e-07
    },
    "CatBoost": {
        "MSE": 0.3797153563460346,
        "MAE": 0.4328159223915583,
        "R2": -0.2550100077603745,
        "emission": 1.636190162048246e-06
    },
    "DNN": {
        "MSE": 1.7994175740572274,
        "MAE": 1.1152119782477148,
        "R2": -4.947315603227114,
        "emission": 9.276006089683646e-06
    }
}