{
    "Linear-SVR": {
        "MSE": 0.33108595647252587,
        "MAE": 0.483312225475085,
        "R2": -0.5742921675111456,
        "emission": 4.0522636803552666e-10
    },
    "RBF-SVR": {
        "MSE": 0.27191574592461293,
        "MAE": 0.4502182814046315,
        "R2": -0.2929416686617796,
        "emission": 4.1238352779075846e-10
    },
    "DecisionTree": {
        "MSE": 0.7443967020047217,
        "MAE": 0.6148797570076054,
        "R2": -2.5395578537152725,
        "emission": 4.722578747555822e-10
    },
    "ExtraTrees": {
        "MSE": 0.7124070370871726,
        "MAE": 0.6723894106794008,
        "R2": -2.3874490797353567,
        "emission": 5.2784686830926e-08
    },
    "RandomForest": {
        "MSE": 0.2960125652782974,
        "MAE": 0.4760990453452472,
        "R2": -0.4075204758531512,
        "emission": 5.892449242321831e-08
    },
    "KNeighbors": {
        "MSE": 0.7792759525438204,
        "MAE": 0.7197069912470765,
        "R2": -2.7054064191977485,
        "emission": 3.478667712461269e-10
    },
    "PLS": {
        "MSE": 0.3181694626522986,
        "MAE": 0.47030740451535413,
        "R2": -0.5128750803307136,
        "emission": 8.070888104099379e-09
    },
    "PLS-SKLEARN": {
        "MSE": 0.39589237272475125,
        "MAE": 0.5433913921408394,
        "R2": -0.8824424575365446,
        "emission": 2.5628208710224523e-09
    },
    "XGBoost": {
        "MSE": 0.4723918653414103,
        "MAE": 0.5499872571833081,
        "R2": -1.2461925643912788,
        "emission": 2.1031791966788396e-07
    },
    "CatBoost": {
        "MSE": 0.2985980323695147,
        "MAE": 0.4574410355944891,
        "R2": -0.41981420354376975,
        "emission": 4.794642711974062e-07
    },
    "DNN": {
        "MSE": 0.5643742518796457,
        "MAE": 0.5940791933886652,
        "R2": -1.6835628238216058,
        "emission": 1.920506550559199e-06
    }
}