{
    "Linear-SVR": {
        "MSE": 0.5599993968955835,
        "MAE": 0.580627432022939,
        "R2": 0.46712157031284507,
        "emission": 1.0978531064904355e-09
    },
    "RBF-SVR": {
        "MSE": 0.64962156289154,
        "MAE": 0.6552291864027985,
        "R2": 0.38183983725056525,
        "emission": 1.3015747574444025e-09
    },
    "DecisionTree": {
        "MSE": 1.2158095224985275,
        "MAE": 0.8386058926352751,
        "R2": -0.15692744088527522,
        "emission": 7.927063563000925e-10
    },
    "ExtraTrees": {
        "MSE": 1.013023217076903,
        "MAE": 0.7923352054315509,
        "R2": 0.0360378526385744,
        "emission": 9.829026208160429e-08
    },
    "RandomForest": {
        "MSE": 0.7713544116075609,
        "MAE": 0.7212443953792232,
        "R2": 0.266002553095003,
        "emission": 8.618607807651045e-08
    },
    "KNeighbors": {
        "MSE": 1.4520224726320559,
        "MAE": 0.9562996603122919,
        "R2": -0.3817005149934156,
        "emission": 6.55484246632134e-10
    },
    "PLS": {
        "MSE": 0.5728479575389204,
        "MAE": 0.620331342027508,
        "R2": 0.45489526996802854,
        "emission": 3.29799330611869e-08
    },
    "PLS-SKLEARN": {
        "MSE": 0.5304709088032551,
        "MAE": 0.5801438829151006,
        "R2": 0.4952199833699037,
        "emission": 4.8375823961753345e-09
    },
    "XGBoost": {
        "MSE": 0.7799841400235333,
        "MAE": 0.7161743638426803,
        "R2": 0.257790765453047,
        "emission": 5.568528745318859e-07
    },
    "CatBoost": {
        "MSE": 0.5831511515367266,
        "MAE": 0.6002687205259969,
        "R2": 0.4450910632693259,
        "emission": 6.675048540829171e-07
    },
    "DNN": {
        "MSE": 1.2317745302226106,
        "MAE": 0.894660525045154,
        "R2": -0.17211925768564051,
        "emission": 2.5808281773019397e-06
    }
}