{
    "Linear-SVR": {
        "MSE": 0.6576325050974775,
        "MAE": 0.6312415051776359,
        "R2": 0.34985292423494063,
        "emission": 4.307729913497937e-09
    },
    "RBF-SVR": {
        "MSE": 0.6456441185159595,
        "MAE": 0.6254640377256605,
        "R2": 0.361704854330701,
        "emission": 5.574916571729094e-09
    },
    "DecisionTree": {
        "MSE": 0.6955622473219409,
        "MAE": 0.6658405712246934,
        "R2": 0.3123549131107761,
        "emission": 1.5047186399831016e-09
    },
    "ExtraTrees": {
        "MSE": 0.809787428267877,
        "MAE": 0.7177995789379045,
        "R2": 0.1994298876670788,
        "emission": 2.5847750617808537e-07
    },
    "RandomForest": {
        "MSE": 0.6653268251035855,
        "MAE": 0.6534275959225608,
        "R2": 0.34224618397621476,
        "emission": 1.7661652210620794e-07
    },
    "KNeighbors": {
        "MSE": 0.6372514856439617,
        "MAE": 0.6395680466811643,
        "R2": 0.37000195898627186,
        "emission": 3.255730151079294e-09
    },
    "PLS": {
        "MSE": 0.6299353832028318,
        "MAE": 0.6304572864735141,
        "R2": 0.3772347866996666,
        "emission": 9.603032266261591e-08
    },
    "PLS-SKLEARN": {
        "MSE": 0.6129922696279965,
        "MAE": 0.6214937411955378,
        "R2": 0.3939850471561531,
        "emission": 1.0673642080633118e-08
    },
    "XGBoost": {
        "MSE": 0.566645912892457,
        "MAE": 0.5947105295758299,
        "R2": 0.4398038716066096,
        "emission": 1.3144968451584214e-06
    },
    "CatBoost": {
        "MSE": 0.5909885262197382,
        "MAE": 0.6083331357379974,
        "R2": 0.4157383353860945,
        "emission": 7.198263938739491e-07
    },
    "DNN": {
        "MSE": 0.8507486341679149,
        "MAE": 0.727402599921065,
        "R2": 0.15893491816770344,
        "emission": 4.820460080286827e-06
    }
}