{
    "Linear-SVR": {
        "MSE": 0.30458616823614787,
        "MAE": 0.4227483397242813,
        "R2": 0.2827785625406355,
        "emission": 5.498938936346587e-10
    },
    "RBF-SVR": {
        "MSE": 0.32795348587772194,
        "MAE": 0.4077347896832588,
        "R2": 0.2277545893723414,
        "emission": 4.371615284248595e-10
    },
    "DecisionTree": {
        "MSE": 0.48790747907716436,
        "MAE": 0.507827795425007,
        "R2": -0.14889558353020615,
        "emission": 5.2740598129441e-10
    },
    "ExtraTrees": {
        "MSE": 0.41801306435473273,
        "MAE": 0.5210716508852595,
        "R2": 0.01568763732944034,
        "emission": 5.810370789366053e-08
    },
    "RandomForest": {
        "MSE": 0.3777937765825416,
        "MAE": 0.4455986377407386,
        "R2": 0.11039362991147439,
        "emission": 6.139118785365624e-08
    },
    "KNeighbors": {
        "MSE": 0.42559776190399445,
        "MAE": 0.49467157243374005,
        "R2": -0.002172358449351375,
        "emission": 3.821202355328387e-10
    },
    "PLS": {
        "MSE": 0.2947626994849932,
        "MAE": 0.41054089296406016,
        "R2": 0.3059102839163672,
        "emission": 1.033658053291965e-08
    },
    "PLS-SKLEARN": {
        "MSE": 0.30291166023302574,
        "MAE": 0.4130562525444282,
        "R2": 0.2867215946355969,
        "emission": 2.8682654033155465e-09
    },
    "XGBoost": {
        "MSE": 0.3038699060777183,
        "MAE": 0.43781366982080117,
        "R2": 0.28446517417451744,
        "emission": 2.5518215074503144e-07
    },
    "CatBoost": {
        "MSE": 0.42076072811653886,
        "MAE": 0.4546378887605942,
        "R2": 0.009217601725690638,
        "emission": 6.422051967098577e-07
    },
    "DNN": {
        "MSE": 0.454856497854232,
        "MAE": 0.49435901211426836,
        "R2": -0.0710690939051899,
        "emission": 2.034770095857735e-06
    }
}