{
    "Linear-SVR": {
        "MSE": 0.5276871751426241,
        "MAE": 0.5239856261771957,
        "R2": 0.13572482305888256,
        "emission": 3.4411987545806753e-09
    },
    "RBF-SVR": {
        "MSE": 0.5267399559050635,
        "MAE": 0.5319781877460414,
        "R2": 0.13727623100038389,
        "emission": 3.437170011466721e-09
    },
    "DecisionTree": {
        "MSE": 0.4993957119871734,
        "MAE": 0.4944773299403076,
        "R2": 0.1820621427369501,
        "emission": 4.1855975856700465e-09
    },
    "ExtraTrees": {
        "MSE": 0.590994087003272,
        "MAE": 0.5757104952494573,
        "R2": 0.0320372690925218,
        "emission": 2.4950162465067273e-07
    },
    "RandomForest": {
        "MSE": 0.5991755336715455,
        "MAE": 0.6037031520093946,
        "R2": 0.018637244229410044,
        "emission": 3.0258784079249494e-07
    },
    "KNeighbors": {
        "MSE": 0.5463811375107276,
        "MAE": 0.5316287927730952,
        "R2": 0.10510681982797898,
        "emission": 6.425004255422716e-09
    },
    "PLS": {
        "MSE": 0.5375788830461553,
        "MAE": 0.5351681264665201,
        "R2": 0.11952363796041265,
        "emission": 1.2538181871712015e-07
    },
    "PLS-SKLEARN": {
        "MSE": 0.5375788830461553,
        "MAE": 0.5351681264665201,
        "R2": 0.11952363796041265,
        "emission": 4.802776227194688e-07
    },
    "XGBoost": {
        "MSE": 0.5096057067899878,
        "MAE": 0.5142280363013652,
        "R2": 0.16533964978952287,
        "emission": 7.850699707125638e-07
    },
    "CatBoost": {
        "MSE": 0.6066385532815814,
        "MAE": 0.5983444027575044,
        "R2": 0.006413898850141653,
        "emission": 2.1320117760203627e-06
    },
    "DNN": {
        "MSE": 0.6372714442812869,
        "MAE": 0.6005609594972838,
        "R2": -0.043758340567715326,
        "emission": 1.1107736970929578e-05
    }
}