{
    "Linear-SVR": {
        "MSE": 0.45859510870469844,
        "MAE": 0.5413229079725566,
        "R2": -0.0025062256683172635,
        "emission": 5.582062142583341e-10
    },
    "RBF-SVR": {
        "MSE": 0.3830711351673625,
        "MAE": 0.5005467147920384,
        "R2": 0.16259203251468113,
        "emission": 6.397388371181766e-10
    },
    "DecisionTree": {
        "MSE": 0.4614459394767909,
        "MAE": 0.4918871428780356,
        "R2": -0.00873824939273482,
        "emission": 4.866181596319351e-10
    },
    "ExtraTrees": {
        "MSE": 0.4376403748528557,
        "MAE": 0.5452313228314151,
        "R2": 0.043301613850577625,
        "emission": 6.245300239340618e-08
    },
    "RandomForest": {
        "MSE": 0.4320453614168798,
        "MAE": 0.5582369480748022,
        "R2": 0.0555325245074888,
        "emission": 6.398655290911564e-08
    },
    "KNeighbors": {
        "MSE": 0.37213918028636495,
        "MAE": 0.4740240449353473,
        "R2": 0.1864896987106418,
        "emission": 4.867258355957498e-10
    },
    "PLS": {
        "MSE": 0.41905213176436906,
        "MAE": 0.5125735220733614,
        "R2": 0.08393621519440353,
        "emission": 1.3663272370930281e-08
    },
    "PLS-SKLEARN": {
        "MSE": 0.43481979235948687,
        "MAE": 0.5322661643373175,
        "R2": 0.04946751369543201,
        "emission": 3.2327407539645604e-09
    },
    "XGBoost": {
        "MSE": 0.40460487449231186,
        "MAE": 0.4825769233407293,
        "R2": 0.11551846516644904,
        "emission": 3.2232197503633486e-07
    },
    "CatBoost": {
        "MSE": 0.40797399017657127,
        "MAE": 0.5205490212494582,
        "R2": 0.1081534510519141,
        "emission": 5.335296492141791e-07
    },
    "DNN": {
        "MSE": 0.9128000286903638,
        "MAE": 0.6886564681701433,
        "R2": -0.9954153330090523,
        "emission": 2.0518156745330064e-06
    }
}