{
    "Linear-SVR": {
        "MSE": 0.45859510870469844,
        "MAE": 0.5413229079725566,
        "R2": -0.0025062256683172635,
        "emission": 3.935262482982126e-09
    },
    "RBF-SVR": {
        "MSE": 0.3830711351673625,
        "MAE": 0.5005467147920384,
        "R2": 0.16259203251468113,
        "emission": 3.393560418322063e-09
    },
    "DecisionTree": {
        "MSE": 0.4614459394767909,
        "MAE": 0.4918871428780356,
        "R2": -0.00873824939273482,
        "emission": 3.1940315001128126e-09
    },
    "ExtraTrees": {
        "MSE": 0.4376403748528557,
        "MAE": 0.5452313228314151,
        "R2": 0.043301613850577625,
        "emission": 2.875067175092572e-07
    },
    "RandomForest": {
        "MSE": 0.4320453614168798,
        "MAE": 0.5582369480748022,
        "R2": 0.0555325245074888,
        "emission": 3.324024220322904e-07
    },
    "KNeighbors": {
        "MSE": 0.37213918028636495,
        "MAE": 0.4740240449353473,
        "R2": 0.1864896987106418,
        "emission": 5.648486658651193e-09
    },
    "PLS": {
        "MSE": 0.41905213176436906,
        "MAE": 0.5125735220733614,
        "R2": 0.08393621519440353,
        "emission": 2.570115501406337e-07
    },
    "PLS-SKLEARN": {
        "MSE": 0.43481979235948687,
        "MAE": 0.5322661643373175,
        "R2": 0.04946751369543201,
        "emission": 7.264668614197368e-07
    },
    "XGBoost": {
        "MSE": 0.40460487449231186,
        "MAE": 0.4825769233407293,
        "R2": 0.11551846516644904,
        "emission": 1.0735383417798681e-06
    },
    "CatBoost": {
        "MSE": 0.40797399017657127,
        "MAE": 0.5205490212494582,
        "R2": 0.1081534510519141,
        "emission": 1.9180149841085174e-06
    },
    "DNN": {
        "MSE": 0.5592512735012037,
        "MAE": 0.60863898650271,
        "R2": -0.22254440301697787,
        "emission": 9.259149590393902e-06
    }
}