{
    "Linear-SVR": {
        "MSE": 0.2930665080983505,
        "MAE": 0.4391091871420118,
        "R2": -0.11466901045246924,
        "emission": 4.24945776406896e-10
    },
    "RBF-SVR": {
        "MSE": 0.2603464637576482,
        "MAE": 0.3958419377984081,
        "R2": 0.009780622785634852,
        "emission": 3.927400060982849e-10
    },
    "DecisionTree": {
        "MSE": 0.5620183452926963,
        "MAE": 0.6334590356780476,
        "R2": -1.1376186479599641,
        "emission": 4.494082447124847e-10
    },
    "ExtraTrees": {
        "MSE": 0.4533892645978132,
        "MAE": 0.579720337770589,
        "R2": -0.7244514434567066,
        "emission": 5.1241981046197124e-08
    },
    "RandomForest": {
        "MSE": 0.2995890715347978,
        "MAE": 0.4100300513929672,
        "R2": -0.13947737009238503,
        "emission": 5.620017496840458e-08
    },
    "KNeighbors": {
        "MSE": 0.28243496386546396,
        "MAE": 0.4032298791263496,
        "R2": -0.07423227489182871,
        "emission": 5.343097119105843e-10
    },
    "PLS": {
        "MSE": 0.2856304438441669,
        "MAE": 0.4179277546415817,
        "R2": -0.08638617991800857,
        "emission": 5.307837651871223e-09
    },
    "PLS-SKLEARN": {
        "MSE": 0.28044929421227666,
        "MAE": 0.41576904042766405,
        "R2": -0.06667984441532737,
        "emission": 2.5839530592475754e-09
    },
    "XGBoost": {
        "MSE": 0.6127465671872298,
        "MAE": 0.6105013011202218,
        "R2": -1.3305618036555882,
        "emission": 1.747075712663696e-07
    },
    "CatBoost": {
        "MSE": 0.3312341989921251,
        "MAE": 0.46917627334995554,
        "R2": -0.25983859163689416,
        "emission": 4.566463988667e-07
    },
    "DNN": {
        "MSE": 0.4341687415943031,
        "MAE": 0.5868007756998271,
        "R2": -0.6513468041865256,
        "emission": 1.908274513375126e-06
    }
}