{
    "Linear-SVR": {
        "MSE": 0.754339844620934,
        "MAE": 0.6878885833091577,
        "R2": 0.20120450656796174,
        "emission": 1.9980678549388994e-09
    },
    "RBF-SVR": {
        "MSE": 0.6278585101984991,
        "MAE": 0.6185513105296162,
        "R2": 0.3351397887360167,
        "emission": 2.245132328294595e-09
    },
    "DecisionTree": {
        "MSE": 0.8364873403095704,
        "MAE": 0.7007774505958413,
        "R2": 0.11421579740626431,
        "emission": 1.0782670714633948e-09
    },
    "ExtraTrees": {
        "MSE": 0.6273234102786076,
        "MAE": 0.623728798875315,
        "R2": 0.3357064237979098,
        "emission": 1.5071891647999954e-07
    },
    "RandomForest": {
        "MSE": 0.5720943208861007,
        "MAE": 0.581849877971131,
        "R2": 0.39419033927404235,
        "emission": 1.2128061991507185e-07
    },
    "KNeighbors": {
        "MSE": 0.8303563715805028,
        "MAE": 0.7322904741162294,
        "R2": 0.1207080836431299,
        "emission": 9.981968438330618e-10
    },
    "PLS": {
        "MSE": 0.6254869650742244,
        "MAE": 0.6121600622019832,
        "R2": 0.3376510965653059,
        "emission": 5.5117900314769095e-08
    },
    "PLS-SKLEARN": {
        "MSE": 0.6334129944829376,
        "MAE": 0.6334526937972573,
        "R2": 0.32925796100758997,
        "emission": 7.15189391977903e-09
    },
    "XGBoost": {
        "MSE": 0.7135440672750918,
        "MAE": 0.6554850662341298,
        "R2": 0.24440450896381993,
        "emission": 8.517329047070917e-07
    },
    "CatBoost": {
        "MSE": 0.5789951818258482,
        "MAE": 0.608887760114079,
        "R2": 0.38688278862723613,
        "emission": 7.004464902359792e-07
    },
    "DNN": {
        "MSE": 0.8798921944682149,
        "MAE": 0.7319015333597979,
        "R2": 0.06825295699389944,
        "emission": 3.2693357326194324e-06
    }
}