{
    "Linear-SVR": {
        "MSE": 0.3736704353046077,
        "MAE": 0.4377766404883773,
        "R2": 0.42206877203360593,
        "emission": 6.249394558429622e-10
    },
    "RBF-SVR": {
        "MSE": 0.4776730420738859,
        "MAE": 0.5385939719465783,
        "R2": 0.2612148522074961,
        "emission": 5.572633673375038e-10
    },
    "DecisionTree": {
        "MSE": 0.7081798232015918,
        "MAE": 0.6235966966062003,
        "R2": -0.09529466656971297,
        "emission": 4.911899830448363e-10
    },
    "ExtraTrees": {
        "MSE": 0.4835705844250125,
        "MAE": 0.5353534336414266,
        "R2": 0.25209351540654745,
        "emission": 6.1689890080996e-08
    },
    "RandomForest": {
        "MSE": 0.5468327123188996,
        "MAE": 0.5849777307497146,
        "R2": 0.1542501866249235,
        "emission": 6.468717527930528e-08
    },
    "KNeighbors": {
        "MSE": 0.563808077899051,
        "MAE": 0.6153742611264735,
        "R2": 0.127995516873173,
        "emission": 4.716421157770979e-10
    },
    "PLS": {
        "MSE": 0.42311983150229115,
        "MAE": 0.4784164666816813,
        "R2": 0.34558867736561993,
        "emission": 1.256068684293717e-08
    },
    "PLS-SKLEARN": {
        "MSE": 0.41404363784492676,
        "MAE": 0.47427418558894463,
        "R2": 0.3596262228872116,
        "emission": 3.2068310582880128e-09
    },
    "XGBoost": {
        "MSE": 0.572480867881898,
        "MAE": 0.5451141690391093,
        "R2": 0.11458188900455257,
        "emission": 3.1220790738999567e-07
    },
    "CatBoost": {
        "MSE": 0.42175802646796196,
        "MAE": 0.5117790397576394,
        "R2": 0.3476948907059906,
        "emission": 6.078676185150623e-07
    },
    "DNN": {
        "MSE": 0.7467334501987792,
        "MAE": 0.7335152152109727,
        "R2": -0.1549229991534231,
        "emission": 2.050653828692386e-06
    }
}