{
    "Linear-SVR": {
        "MSE": 0.8533205682031747,
        "MAE": 0.7161157867940354,
        "R2": 0.20593125070061058,
        "emission": 2.7772061838111053e-09
    },
    "RBF-SVR": {
        "MSE": 0.7359717348150113,
        "MAE": 0.6667515943162184,
        "R2": 0.31513176084007144,
        "emission": 3.2044921837577258e-09
    },
    "DecisionTree": {
        "MSE": 0.881546297570708,
        "MAE": 0.7167577850422691,
        "R2": 0.17966542464167068,
        "emission": 1.2498469073330426e-09
    },
    "ExtraTrees": {
        "MSE": 0.8804194866141555,
        "MAE": 0.7604938327942682,
        "R2": 0.18071399349176964,
        "emission": 1.7216347663549188e-07
    },
    "RandomForest": {
        "MSE": 0.710321012664772,
        "MAE": 0.6911302203073747,
        "R2": 0.339001379850142,
        "emission": 1.339297788026597e-07
    },
    "KNeighbors": {
        "MSE": 1.5524566268545668,
        "MAE": 1.0158315519586185,
        "R2": -0.44465906244795517,
        "emission": 3.5074226970396963e-09
    },
    "PLS": {
        "MSE": 0.7139599302413395,
        "MAE": 0.6701536933062201,
        "R2": 0.3356151369345246,
        "emission": 6.746633809081245e-08
    },
    "PLS-SKLEARN": {
        "MSE": 0.7139599302413402,
        "MAE": 0.6701536933062202,
        "R2": 0.33561513693452405,
        "emission": 7.987730391820387e-09
    },
    "XGBoost": {
        "MSE": 0.6281695566703629,
        "MAE": 0.6266450666960767,
        "R2": 0.4154485045830737,
        "emission": 9.502540249210348e-07
    },
    "CatBoost": {
        "MSE": 0.6109031913516938,
        "MAE": 0.64615213231152,
        "R2": 0.4315159493681119,
        "emission": 7.959864467613092e-07
    },
    "DNN": {
        "MSE": 0.8951584130215877,
        "MAE": 0.7458539031488226,
        "R2": 0.16699849043878467,
        "emission": 3.843000585436872e-06
    }
}