{
    "Linear-SVR": {
        "MSE": 0.7388928203051142,
        "MAE": 0.6785290764317174,
        "R2": 0.23952956149146454,
        "emission": 1.5718462497249552e-09
    },
    "RBF-SVR": {
        "MSE": 0.6409752839186112,
        "MAE": 0.643912351855415,
        "R2": 0.3403065480681793,
        "emission": 1.8352172069339438e-09
    },
    "DecisionTree": {
        "MSE": 0.9404531794153766,
        "MAE": 0.7132447560989581,
        "R2": 0.032083108546876016,
        "emission": 8.77986359333664e-10
    },
    "ExtraTrees": {
        "MSE": 0.8462811170949225,
        "MAE": 0.7265592776506463,
        "R2": 0.12900524334108965,
        "emission": 1.1598327136068737e-07
    },
    "RandomForest": {
        "MSE": 0.691324035391227,
        "MAE": 0.6714819048376806,
        "R2": 0.2884874803244616,
        "emission": 2.227456961556096e-07
    },
    "KNeighbors": {
        "MSE": 1.0674498114761075,
        "MAE": 0.8976037046930051,
        "R2": -0.09862215995532853,
        "emission": 8.724299989736609e-10
    },
    "PLS": {
        "MSE": 0.5554684998365612,
        "MAE": 0.5887974610942426,
        "R2": 0.42831035565624054,
        "emission": 4.1796901800401353e-08
    },
    "PLS-SKLEARN": {
        "MSE": 0.5916746948434489,
        "MAE": 0.6293555667863434,
        "R2": 0.3910468443092988,
        "emission": 5.714396326756022e-09
    },
    "XGBoost": {
        "MSE": 0.9238675658902324,
        "MAE": 0.7508271753663421,
        "R2": 0.049153065709528265,
        "emission": 6.626925325423898e-07
    },
    "CatBoost": {
        "MSE": 0.6230346203968186,
        "MAE": 0.6199039532725354,
        "R2": 0.35877112625953045,
        "emission": 6.426922583754932e-07
    },
    "DNN": {
        "MSE": 1.0497504764588583,
        "MAE": 0.8013785736174257,
        "R2": -0.08040595769703751,
        "emission": 3.069335222591634e-06
    }
}