{
    "Linear-SVR": {
        "MSE": 0.719387929549889,
        "MAE": 0.7041101734588409,
        "R2": 0.1095744843490074,
        "emission": 4.930338197188717e-09
    },
    "RBF-SVR": {
        "MSE": 0.5885354117258463,
        "MAE": 0.661766794874164,
        "R2": 0.2715377532220413,
        "emission": 4.571259600499074e-09
    },
    "DecisionTree": {
        "MSE": 1.0883615403201505,
        "MAE": 0.7849288096368842,
        "R2": -0.34712419537068695,
        "emission": 6.622273407383456e-09
    },
    "ExtraTrees": {
        "MSE": 0.5994175937222362,
        "MAE": 0.6508289694540964,
        "R2": 0.2580682854738041,
        "emission": 3.4972726910343526e-07
    },
    "RandomForest": {
        "MSE": 0.5490478961467422,
        "MAE": 0.6466446935056722,
        "R2": 0.3204135961115654,
        "emission": 3.942178366808216e-07
    },
    "KNeighbors": {
        "MSE": 0.666036044833855,
        "MAE": 0.71940810987199,
        "R2": 0.17561100999512247,
        "emission": 5.184847915366966e-09
    },
    "PLS": {
        "MSE": 0.5328699627897872,
        "MAE": 0.6215466220339307,
        "R2": 0.3404379029699628,
        "emission": 4.0250206761161384e-07
    },
    "PLS-SKLEARN": {
        "MSE": 0.5328699627897875,
        "MAE": 0.621546622033931,
        "R2": 0.34043790296996235,
        "emission": 8.179647934036812e-07
    },
    "XGBoost": {
        "MSE": 0.750514554609994,
        "MAE": 0.718432251001551,
        "R2": 0.07104736979627846,
        "emission": 1.1244313357081262e-06
    },
    "CatBoost": {
        "MSE": 0.6007728463979891,
        "MAE": 0.6533586403383873,
        "R2": 0.2563908156232887,
        "emission": 1.860096520987619e-06
    },
    "DNN": {
        "MSE": 0.6155463689263071,
        "MAE": 0.660003915522678,
        "R2": 0.23810482433137214,
        "emission": 9.540198513854211e-06
    }
}