{
    "Linear-SVR": {
        "MSE": 1.0026786800008916,
        "MAE": 0.7796520122134926,
        "R2": 0.012106793025028595,
        "emission": 5.179016773025506e-09
    },
    "RBF-SVR": {
        "MSE": 0.8264190915827813,
        "MAE": 0.7360268596074709,
        "R2": 0.18576726226159446,
        "emission": 6.485681914179673e-09
    },
    "DecisionTree": {
        "MSE": 0.9396291291613742,
        "MAE": 0.7799784151581067,
        "R2": 0.07422661687241183,
        "emission": 6.39941727360758e-09
    },
    "ExtraTrees": {
        "MSE": 0.7380881200307505,
        "MAE": 0.7269035852850582,
        "R2": 0.2727957076671287,
        "emission": 4.061698278479298e-07
    },
    "RandomForest": {
        "MSE": 0.7343660538354765,
        "MAE": 0.6909748005240592,
        "R2": 0.2764628883737327,
        "emission": 4.4013190241118667e-07
    },
    "KNeighbors": {
        "MSE": 0.8701036413047807,
        "MAE": 0.7692202240373911,
        "R2": 0.14272688374264042,
        "emission": 8.433758469019726e-09
    },
    "PLS": {
        "MSE": 1.1522633558241038,
        "MAE": 0.8244685152749712,
        "R2": -0.13527211116506876,
        "emission": 5.271908523550755e-07
    },
    "PLS-SKLEARN": {
        "MSE": 1.1516326435617528,
        "MAE": 0.8242861921799024,
        "R2": -0.13465069936888718,
        "emission": 9.372044922271396e-07
    },
    "XGBoost": {
        "MSE": 0.7780049021077047,
        "MAE": 0.7189920457473932,
        "R2": 0.2334675373921925,
        "emission": 1.4622682583573209e-06
    },
    "CatBoost": {
        "MSE": 0.7116076834071645,
        "MAE": 0.666261873272047,
        "R2": 0.2988856644797625,
        "emission": 2.2855000645808988e-06
    },
    "DNN": {
        "MSE": 1.3591788892648804,
        "MAE": 0.9221613811232753,
        "R2": -0.33913647367805666,
        "emission": 1.0243695243713166e-05
    }
}