{
    "Linear-SVR": {
        "MSE": 0.3711712196183648,
        "MAE": 0.5082774797177232,
        "R2": 0.26870859546166337,
        "emission": 4.0166595313605035e-09
    },
    "RBF-SVR": {
        "MSE": 0.3434160747745431,
        "MAE": 0.505809329791987,
        "R2": 0.3233925197079254,
        "emission": 5.3788240681537895e-09
    },
    "DecisionTree": {
        "MSE": 0.7559674272477727,
        "MAE": 0.6724113645242452,
        "R2": -0.4894271226785156,
        "emission": 3.488586161437309e-09
    },
    "ExtraTrees": {
        "MSE": 0.8850690085307128,
        "MAE": 0.7494588108995458,
        "R2": -0.7437864903083495,
        "emission": 2.985138707338924e-07
    },
    "RandomForest": {
        "MSE": 0.5096687159968079,
        "MAE": 0.6091456543657371,
        "R2": -0.0041628538812359395,
        "emission": 3.4849083152701735e-07
    },
    "KNeighbors": {
        "MSE": 0.5615920644605358,
        "MAE": 0.6397419919327814,
        "R2": -0.10646361541499583,
        "emission": 5.772158798679464e-09
    },
    "PLS": {
        "MSE": 0.36333870570655213,
        "MAE": 0.4978143603058733,
        "R2": 0.2841404225993517,
        "emission": 2.7803386391645857e-07
    },
    "PLS-SKLEARN": {
        "MSE": 0.3525738767490035,
        "MAE": 0.4923206287619404,
        "R2": 0.3053495747962135,
        "emission": 8.05256549967748e-07
    },
    "XGBoost": {
        "MSE": 0.6059698420217199,
        "MAE": 0.653852485824398,
        "R2": -0.19389789255635415,
        "emission": 1.081227857925042e-06
    },
    "CatBoost": {
        "MSE": 0.3903908341610439,
        "MAE": 0.509315115698869,
        "R2": 0.23084159993315068,
        "emission": 1.778040851418344e-06
    },
    "DNN": {
        "MSE": 0.9610738884853398,
        "MAE": 0.7460560692211514,
        "R2": -0.8935333253968447,
        "emission": 1.3427889342454804e-05
    }
}