{
    "Linear-SVR": {
        "MSE": 0.6393813889557555,
        "MAE": 0.6156000305473943,
        "R2": 0.183269163000794,
        "emission": 3.04975768401797e-08
    },
    "RBF-SVR": {
        "MSE": 0.5054402149028036,
        "MAE": 0.5623494724560412,
        "R2": 0.35436248708329043,
        "emission": 3.823353228072705e-08
    },
    "DecisionTree": {
        "MSE": 0.7105532629311263,
        "MAE": 0.6648204891628655,
        "R2": 0.09235587524050692,
        "emission": 1.0393657522476393e-08
    },
    "ExtraTrees": {
        "MSE": 0.6954077761047213,
        "MAE": 0.650008808568991,
        "R2": 0.11170236599885175,
        "emission": 1.007260992680027e-06
    },
    "RandomForest": {
        "MSE": 0.6063425397953547,
        "MAE": 0.6280864585805829,
        "R2": 0.22547221644333315,
        "emission": 8.154505326737937e-07
    },
    "KNeighbors": {
        "MSE": 0.570510209803758,
        "MAE": 0.5811750950105372,
        "R2": 0.27124359698580547,
        "emission": 1.090660574432477e-08
    },
    "PLS": {
        "MSE": 0.5459979860751356,
        "MAE": 0.6014687004374905,
        "R2": 0.30255493846117487,
        "emission": 1.6226285602527836e-06
    },
    "PLS-SKLEARN": {
        "MSE": 0.5291939664496702,
        "MAE": 0.5777126753151758,
        "R2": 0.3240200002392041,
        "emission": 2.1400364730920724e-06
    },
    "XGBoost": {
        "MSE": 0.6135103350594758,
        "MAE": 0.6176282025735574,
        "R2": 0.2163162423617826,
        "emission": 3.075509462466279e-06
    },
    "CatBoost": {
        "MSE": 0.5181693514464835,
        "MAE": 0.5767957171948854,
        "R2": 0.33810258567987883,
        "emission": 2.8127048106684175e-06
    },
    "DNN": {
        "MSE": 0.7112136315243353,
        "MAE": 0.6387860523313024,
        "R2": 0.09151233583949236,
        "emission": 1.9054544176802643e-05
    }
}