{
    "Linear-SVR": {
        "MSE": 0.761205078276672,
        "MAE": 0.7215249372879364,
        "R2": 0.26888020703576854,
        "emission": 5.503054772357686e-10
    },
    "RBF-SVR": {
        "MSE": 0.7124599132254636,
        "MAE": 0.6676840506192661,
        "R2": 0.3156988055939003,
        "emission": 5.544147002025613e-10
    },
    "DecisionTree": {
        "MSE": 0.566415538870215,
        "MAE": 0.5665036811009758,
        "R2": 0.45597103418167484,
        "emission": 4.702958791394813e-10
    },
    "ExtraTrees": {
        "MSE": 0.9879405873612932,
        "MAE": 0.8293692435864841,
        "R2": 0.05110601819971372,
        "emission": 5.781101273656536e-08
    },
    "RandomForest": {
        "MSE": 0.8350018873411086,
        "MAE": 0.7355834519861204,
        "R2": 0.19800008641602507,
        "emission": 6.26153089725907e-08
    },
    "KNeighbors": {
        "MSE": 1.0899229791905076,
        "MAE": 0.8913432360751785,
        "R2": -0.04684569984317588,
        "emission": 3.8117429749989407e-10
    },
    "PLS": {
        "MSE": 0.7892534133678296,
        "MAE": 0.7055923647660997,
        "R2": 0.2419404328145237,
        "emission": 1.1368278455098505e-08
    },
    "PLS-SKLEARN": {
        "MSE": 0.7892534133678296,
        "MAE": 0.7055923647660997,
        "R2": 0.2419404328145237,
        "emission": 3.0193317924904622e-09
    },
    "XGBoost": {
        "MSE": 0.7488132622007382,
        "MAE": 0.7003482626460222,
        "R2": 0.28078225848345295,
        "emission": 2.839849174315112e-07
    },
    "CatBoost": {
        "MSE": 1.005423880894498,
        "MAE": 0.7287257735919082,
        "R2": 0.034313720942227954,
        "emission": 5.383364093766187e-07
    },
    "DNN": {
        "MSE": 1.2679273992192688,
        "MAE": 0.9180110902787029,
        "R2": -0.21781480978761025,
        "emission": 1.9971263906864267e-06
    }
}