{
    "Linear-SVR": {
        "MSE": 0.8627287831671447,
        "MAE": 0.6657114572516959,
        "R2": 0.15191843406588035,
        "emission": 4.894898292422671e-09
    },
    "RBF-SVR": {
        "MSE": 0.7874958878669507,
        "MAE": 0.6397554784868122,
        "R2": 0.225874042016873,
        "emission": 5.665079883049704e-09
    },
    "DecisionTree": {
        "MSE": 1.0968814985424422,
        "MAE": 0.6947984898912674,
        "R2": -0.0782588886312987,
        "emission": 3.6875466097328332e-09
    },
    "ExtraTrees": {
        "MSE": 1.2718904459147167,
        "MAE": 0.8073347629425945,
        "R2": -0.2502965730529221,
        "emission": 2.8977162180586083e-07
    },
    "RandomForest": {
        "MSE": 0.8169971244138918,
        "MAE": 0.6402715595880937,
        "R2": 0.19687367089690821,
        "emission": 3.3089749391918924e-07
    },
    "KNeighbors": {
        "MSE": 1.4182958542300923,
        "MAE": 0.8951795087204644,
        "R2": -0.3942163429364691,
        "emission": 2.1024250369694806e-08
    },
    "PLS": {
        "MSE": 1.0324513290222652,
        "MAE": 0.7094201806581646,
        "R2": -0.014922600186769053,
        "emission": 2.2207887789802525e-07
    },
    "PLS-SKLEARN": {
        "MSE": 0.8107244779141698,
        "MAE": 0.6294031395694365,
        "R2": 0.20303982180067937,
        "emission": 5.377662209063516e-07
    },
    "XGBoost": {
        "MSE": 1.11276183215072,
        "MAE": 0.7654501947183698,
        "R2": -0.09386960947061396,
        "emission": 1.0562123599173288e-06
    },
    "CatBoost": {
        "MSE": 0.8953731828910105,
        "MAE": 0.65833974150177,
        "R2": 0.11982826369372557,
        "emission": 1.917552862884285e-06
    },
    "DNN": {
        "MSE": 1.4681263765877028,
        "MAE": 0.9452322612243447,
        "R2": -0.4432008537780068,
        "emission": 9.713944436400916e-06
    }
}