{
    "Linear-SVR": {
        "MSE": 0.490821893953264,
        "MAE": 0.5132221401309254,
        "R2": 0.051052871433912794,
        "emission": 5.679373531659942e-10
    },
    "RBF-SVR": {
        "MSE": 0.4058983011844132,
        "MAE": 0.4796230075191818,
        "R2": 0.2152427751410002,
        "emission": 5.53383979256723e-10
    },
    "DecisionTree": {
        "MSE": 0.6164925555528445,
        "MAE": 0.6497655979985745,
        "R2": -0.19191675754779247,
        "emission": 5.251771685293706e-10
    },
    "ExtraTrees": {
        "MSE": 0.5924035609156704,
        "MAE": 0.6038850149368751,
        "R2": -0.1453434840801524,
        "emission": 6.440892110701389e-08
    },
    "RandomForest": {
        "MSE": 0.5148997498091105,
        "MAE": 0.5680020674402458,
        "R2": 0.004501133506327082,
        "emission": 6.455641353607535e-08
    },
    "KNeighbors": {
        "MSE": 0.47497407855777063,
        "MAE": 0.5496778403917107,
        "R2": 0.08169278195720109,
        "emission": 5.789411596503826e-10
    },
    "PLS": {
        "MSE": 0.503459206254961,
        "MAE": 0.5541821070301128,
        "R2": 0.026620095778982167,
        "emission": 1.3172680284627102e-08
    },
    "PLS-SKLEARN": {
        "MSE": 0.5034592062549609,
        "MAE": 0.5541821070301128,
        "R2": 0.0266200957789825,
        "emission": 3.22307763227782e-09
    },
    "XGBoost": {
        "MSE": 0.9698593319980465,
        "MAE": 0.7326898448192448,
        "R2": -0.8751103802639351,
        "emission": 3.27459835391075e-07
    },
    "CatBoost": {
        "MSE": 0.41401984539967557,
        "MAE": 0.503037891551177,
        "R2": 0.19954071262597806,
        "emission": 6.200046928624471e-07
    },
    "DNN": {
        "MSE": 0.9893347436220415,
        "MAE": 0.7258195732846521,
        "R2": -0.9127638267908995,
        "emission": 2.090218141250167e-06
    }
}