{
    "Linear-SVR": {
        "MSE": 0.4176510587251439,
        "MAE": 0.48537613170774974,
        "R2": 0.28672462488305417,
        "emission": 9.009034813300683e-10
    },
    "RBF-SVR": {
        "MSE": 0.5058776367681876,
        "MAE": 0.5216876771869078,
        "R2": 0.13604897296198326,
        "emission": 1.165612376168405e-09
    },
    "DecisionTree": {
        "MSE": 0.5103496602396718,
        "MAE": 0.5179304664474863,
        "R2": 0.1284115345968293,
        "emission": 8.239577791673716e-10
    },
    "ExtraTrees": {
        "MSE": 0.7112544603795691,
        "MAE": 0.6410093553791766,
        "R2": -0.21469892493366194,
        "emission": 8.906356161567354e-08
    },
    "RandomForest": {
        "MSE": 0.6109066607348737,
        "MAE": 0.5971097860723138,
        "R2": -0.04332233450381673,
        "emission": 8.450324762276638e-08
    },
    "KNeighbors": {
        "MSE": 0.7002102690751535,
        "MAE": 0.5848682931064729,
        "R2": -0.19583736686754305,
        "emission": 6.655622227522467e-10
    },
    "PLS": {
        "MSE": 0.41331218098551065,
        "MAE": 0.4799621517103342,
        "R2": 0.2941346734934186,
        "emission": 2.9569749535381702e-08
    },
    "PLS-SKLEARN": {
        "MSE": 0.41331218098551104,
        "MAE": 0.47996215171033424,
        "R2": 0.29413467349341793,
        "emission": 4.640440206793562e-09
    },
    "XGBoost": {
        "MSE": 0.5254535179664451,
        "MAE": 0.5617820260079841,
        "R2": 0.10261677229295318,
        "emission": 5.163492939375526e-07
    },
    "CatBoost": {
        "MSE": 0.49455413487037464,
        "MAE": 0.506290470925926,
        "R2": 0.15538754494706086,
        "emission": 6.196010058537733e-07
    },
    "DNN": {
        "MSE": 0.58929912688413,
        "MAE": 0.6274109399449882,
        "R2": -0.00642042442657198,
        "emission": 2.4838015532771838e-06
    }
}