{
    "Linear-SVR": {
        "MSE": 0.5206951693315092,
        "MAE": 0.5836769197074746,
        "R2": -0.025639296691020608,
        "emission": 5.077716241864543e-09
    },
    "RBF-SVR": {
        "MSE": 0.3991287745510628,
        "MAE": 0.513536784503631,
        "R2": 0.21381610636937987,
        "emission": 7.76861017821224e-09
    },
    "DecisionTree": {
        "MSE": 0.3541718428135311,
        "MAE": 0.4818843738042109,
        "R2": 0.30237002152835035,
        "emission": 6.776639764164469e-09
    },
    "ExtraTrees": {
        "MSE": 0.3813321168976783,
        "MAE": 0.49233322141974384,
        "R2": 0.2488710723344033,
        "emission": 4.6102311294480876e-07
    },
    "RandomForest": {
        "MSE": 0.35738213916618716,
        "MAE": 0.48202654144251816,
        "R2": 0.2960465403684711,
        "emission": 4.632389511460976e-07
    },
    "KNeighbors": {
        "MSE": 0.4442278585160764,
        "MAE": 0.5432894817562565,
        "R2": 0.12498218686390328,
        "emission": 6.478951635110115e-09
    },
    "PLS": {
        "MSE": 0.4051282282535718,
        "MAE": 0.521477325324695,
        "R2": 0.2019986825897978,
        "emission": 5.040889913378655e-07
    },
    "PLS-SKLEARN": {
        "MSE": 0.3877782493871905,
        "MAE": 0.5093425149009942,
        "R2": 0.23617380302535929,
        "emission": 8.265180148161757e-07
    },
    "XGBoost": {
        "MSE": 0.4154361258413107,
        "MAE": 0.5478108995916262,
        "R2": 0.1816947015756767,
        "emission": 1.4495919398843155e-06
    },
    "CatBoost": {
        "MSE": 0.365599584302272,
        "MAE": 0.48410543894498037,
        "R2": 0.2798602280184036,
        "emission": 2.1620277717702323e-06
    },
    "DNN": {
        "MSE": 0.486898994669203,
        "MAE": 0.5815808124429558,
        "R2": 0.04093071749980837,
        "emission": 1.1064544347665807e-05
    }
}