{
    "Linear-SVR": {
        "MSE": 0.321267079076938,
        "MAE": 0.4036752018292315,
        "R2": 0.30328563595081737,
        "emission": 5.04990469504781e-10
    },
    "RBF-SVR": {
        "MSE": 0.3794098248415713,
        "MAE": 0.4592572498074408,
        "R2": 0.17719463946319225,
        "emission": 5.482011075021178e-10
    },
    "DecisionTree": {
        "MSE": 0.33867327375083656,
        "MAE": 0.4551293014956452,
        "R2": 0.26553777243618304,
        "emission": 4.94774718006857e-10
    },
    "ExtraTrees": {
        "MSE": 0.4731081893627239,
        "MAE": 0.5225326536244156,
        "R2": -0.026003885070875032,
        "emission": 5.755439315499953e-08
    },
    "RandomForest": {
        "MSE": 0.4436735517470198,
        "MAE": 0.48797398500596995,
        "R2": 0.03782940555562042,
        "emission": 6.130023758043215e-08
    },
    "KNeighbors": {
        "MSE": 0.37969516609040826,
        "MAE": 0.4887906601042643,
        "R2": 0.17657583548460953,
        "emission": 4.704100248097049e-10
    },
    "PLS": {
        "MSE": 0.3554357884338009,
        "MAE": 0.4169123900531408,
        "R2": 0.22918582255460263,
        "emission": 9.830362985249235e-09
    },
    "PLS-SKLEARN": {
        "MSE": 0.3642119988192184,
        "MAE": 0.4210377000553714,
        "R2": 0.21015333452313012,
        "emission": 2.859347116920758e-09
    },
    "XGBoost": {
        "MSE": 0.3607780601638058,
        "MAE": 0.40783029065419013,
        "R2": 0.21760032969413778,
        "emission": 2.481605012227922e-07
    },
    "CatBoost": {
        "MSE": 0.3749950388076299,
        "MAE": 0.44112795493841744,
        "R2": 0.18676874476177496,
        "emission": 4.947702733091456e-07
    },
    "DNN": {
        "MSE": 0.6103302879044468,
        "MAE": 0.5779311805427745,
        "R2": -0.3235899539381897,
        "emission": 2.1266866777659674e-06
    }
}