{
    "Linear-SVR": {
        "MSE": 0.5220106521127256,
        "MAE": 0.5461635984480683,
        "R2": -0.16505079207054418,
        "emission": 1.127538825541507e-09
    },
    "RBF-SVR": {
        "MSE": 0.4053020553533156,
        "MAE": 0.46325474097909963,
        "R2": 0.09542558431311221,
        "emission": 1.3562529669682473e-09
    },
    "DecisionTree": {
        "MSE": 0.6760553907871579,
        "MAE": 0.618454827792341,
        "R2": -0.508855931066428,
        "emission": 7.840947274703092e-10
    },
    "ExtraTrees": {
        "MSE": 0.8837216701338669,
        "MAE": 0.7700053094414252,
        "R2": -0.972336441013915,
        "emission": 1.1362749703125137e-07
    },
    "RandomForest": {
        "MSE": 0.43266952905618195,
        "MAE": 0.5043090851434231,
        "R2": 0.03434541902252175,
        "emission": 9.085625730513002e-08
    },
    "KNeighbors": {
        "MSE": 0.6151523824016619,
        "MAE": 0.5958792529066921,
        "R2": -0.37292939801231184,
        "emission": 7.988882331633588e-10
    },
    "PLS": {
        "MSE": 0.4507139535225756,
        "MAE": 0.49638781813526844,
        "R2": -0.005927075287593064,
        "emission": 3.287120094674151e-08
    },
    "PLS-SKLEARN": {
        "MSE": 0.41384869923075296,
        "MAE": 0.4759274595903738,
        "R2": 0.07635073559373595,
        "emission": 4.898001196737278e-09
    },
    "XGBoost": {
        "MSE": 0.6030639999953866,
        "MAE": 0.5701182796605033,
        "R2": -0.3459499112139439,
        "emission": 5.758981897877958e-07
    },
    "CatBoost": {
        "MSE": 0.47846084289454077,
        "MAE": 0.5294773518169905,
        "R2": -0.06785404039734155,
        "emission": 6.358597712803722e-07
    },
    "DNN": {
        "MSE": 0.6665361071808706,
        "MAE": 0.6544617513674206,
        "R2": -0.48761029391216115,
        "emission": 2.7791825234815812e-06
    }
}