{
    "Linear-SVR": {
        "MSE": 0.8428329129909998,
        "MAE": 0.6790218099769502,
        "R2": 0.3008262873021482,
        "emission": 1.5210510809475423e-08
    },
    "RBF-SVR": {
        "MSE": 0.7145446818053065,
        "MAE": 0.6614381357232593,
        "R2": 0.4072480436325152,
        "emission": 2.195825197291963e-08
    },
    "DecisionTree": {
        "MSE": 0.7803883614987334,
        "MAE": 0.6797154107503883,
        "R2": 0.35262728870070936,
        "emission": 7.132628975303703e-09
    },
    "ExtraTrees": {
        "MSE": 0.7961567515976484,
        "MAE": 0.7036534377428914,
        "R2": 0.339546589455586,
        "emission": 6.661862788962621e-07
    },
    "RandomForest": {
        "MSE": 0.7285727408129716,
        "MAE": 0.6588885071101124,
        "R2": 0.39561103949188714,
        "emission": 5.99129778603893e-07
    },
    "KNeighbors": {
        "MSE": 1.0614366875359338,
        "MAE": 0.8011700782768413,
        "R2": 0.11948309305508431,
        "emission": 7.964886589908209e-09
    },
    "PLS": {
        "MSE": 0.6971179939331071,
        "MAE": 0.6497129259598321,
        "R2": 0.42170438708070035,
        "emission": 1.1233283757470952e-06
    },
    "PLS-SKLEARN": {
        "MSE": 0.7942412978917743,
        "MAE": 0.7017864532887976,
        "R2": 0.34113555787197614,
        "emission": 1.5681725169634192e-06
    },
    "XGBoost": {
        "MSE": 0.6631632328011433,
        "MAE": 0.6232857924086203,
        "R2": 0.4498716264450906,
        "emission": 2.5268339765444966e-06
    },
    "CatBoost": {
        "MSE": 0.6700083281131919,
        "MAE": 0.6364789402860345,
        "R2": 0.44419326406824455,
        "emission": 2.536935686645201e-06
    },
    "DNN": {
        "MSE": 0.7218650631437407,
        "MAE": 0.6611779819382442,
        "R2": 0.40117540679089747,
        "emission": 1.5733853769964313e-05
    }
}