{
    "Linear-SVR": {
        "MSE": 0.5669901577037232,
        "MAE": 0.6154183829637752,
        "R2": 0.3654815037544714,
        "emission": 5.905790524771532e-10
    },
    "RBF-SVR": {
        "MSE": 0.6059033335170046,
        "MAE": 0.6426233484142113,
        "R2": 0.32193378168963194,
        "emission": 5.6596649942312e-10
    },
    "DecisionTree": {
        "MSE": 0.9151625093564552,
        "MAE": 0.7100901771945353,
        "R2": -0.024158058772823843,
        "emission": 4.751589418503565e-10
    },
    "ExtraTrees": {
        "MSE": 0.431271951282147,
        "MAE": 0.5124310731080957,
        "R2": 0.5173637032630525,
        "emission": 5.735538722837082e-08
    },
    "RandomForest": {
        "MSE": 0.5772462802335542,
        "MAE": 0.6430890977001199,
        "R2": 0.3540038804544585,
        "emission": 6.146671531996385e-08
    },
    "KNeighbors": {
        "MSE": 1.6298903064299777,
        "MAE": 1.0607973776227317,
        "R2": -0.8240096979276401,
        "emission": 5.090858564274581e-10
    },
    "PLS": {
        "MSE": 0.5453523099725514,
        "MAE": 0.5936593556215708,
        "R2": 0.3896964119284987,
        "emission": 1.0070076890323616e-08
    },
    "PLS-SKLEARN": {
        "MSE": 0.5731759719153804,
        "MAE": 0.5996141927159886,
        "R2": 0.3585589611348059,
        "emission": 3.0192724736497348e-09
    },
    "XGBoost": {
        "MSE": 0.6278155381545978,
        "MAE": 0.6288179533220911,
        "R2": 0.29741184079319904,
        "emission": 2.6577249993894554e-07
    },
    "CatBoost": {
        "MSE": 0.5639172219264732,
        "MAE": 0.5949364129670531,
        "R2": 0.3689204251571576,
        "emission": 5.048400906659815e-07
    },
    "DNN": {
        "MSE": 0.6048000716772227,
        "MAE": 0.6082969532333545,
        "R2": 0.3231684416463033,
        "emission": 2.1003180089728077e-06
    }
}