{
    "Linear-SVR": {
        "MSE": 0.7359244425172421,
        "MAE": 0.6603580544377438,
        "R2": 0.37861272645797894,
        "emission": 1.4276942634559478e-09
    },
    "RBF-SVR": {
        "MSE": 0.7248912593838116,
        "MAE": 0.6599904469333261,
        "R2": 0.3879287366210896,
        "emission": 1.7500692666654077e-09
    },
    "DecisionTree": {
        "MSE": 0.9193951480633167,
        "MAE": 0.7204904343698312,
        "R2": 0.22369687517283132,
        "emission": 9.241200769120061e-10
    },
    "ExtraTrees": {
        "MSE": 0.879582038380229,
        "MAE": 0.7349793883306531,
        "R2": 0.2573135866827547,
        "emission": 1.1834066442345907e-07
    },
    "RandomForest": {
        "MSE": 0.725263137528996,
        "MAE": 0.6673341702242496,
        "R2": 0.3876147365235585,
        "emission": 9.844832584252261e-08
    },
    "KNeighbors": {
        "MSE": 0.6357503597707016,
        "MAE": 0.6376200915082455,
        "R2": 0.46319600235044556,
        "emission": 7.937122242841156e-10
    },
    "PLS": {
        "MSE": 0.7813345141518537,
        "MAE": 0.6772741406611931,
        "R2": 0.3402701480978124,
        "emission": 3.909719048161124e-08
    },
    "PLS-SKLEARN": {
        "MSE": 0.7441263813684468,
        "MAE": 0.6599814615893864,
        "R2": 0.37168731383942877,
        "emission": 5.4435246746244154e-09
    },
    "XGBoost": {
        "MSE": 0.7443892466259914,
        "MAE": 0.6790390381296235,
        "R2": 0.37146536017644693,
        "emission": 6.282485363898384e-07
    },
    "CatBoost": {
        "MSE": 0.6041852740660406,
        "MAE": 0.6051802426491425,
        "R2": 0.4898483886715861,
        "emission": 6.456200265824648e-07
    },
    "DNN": {
        "MSE": 1.0047585049579728,
        "MAE": 0.7578459981453487,
        "R2": 0.15161922625043933,
        "emission": 2.9626412265665465e-06
    }
}