{
    "Linear-SVR": {
        "MSE": 0.7359244425172421,
        "MAE": 0.6603580544377438,
        "R2": 0.37861272645797894,
        "emission": 6.826004414546457e-09
    },
    "RBF-SVR": {
        "MSE": 0.7248912593838116,
        "MAE": 0.6599904469333261,
        "R2": 0.3879287366210896,
        "emission": 1.0274938350852448e-08
    },
    "DecisionTree": {
        "MSE": 0.9193951480633167,
        "MAE": 0.7204904343698312,
        "R2": 0.22369687517283132,
        "emission": 7.657017804012846e-09
    },
    "ExtraTrees": {
        "MSE": 0.879582038380229,
        "MAE": 0.7349793883306531,
        "R2": 0.2573135866827547,
        "emission": 5.760487885539695e-07
    },
    "RandomForest": {
        "MSE": 0.725263137528996,
        "MAE": 0.6673341702242496,
        "R2": 0.3876147365235585,
        "emission": 5.428331374969134e-07
    },
    "KNeighbors": {
        "MSE": 0.6357503597707016,
        "MAE": 0.6376200915082455,
        "R2": 0.46319600235044556,
        "emission": 7.131386096300245e-09
    },
    "PLS": {
        "MSE": 0.7813345141518537,
        "MAE": 0.6772741406611931,
        "R2": 0.3402701480978124,
        "emission": 5.519936958736047e-07
    },
    "PLS-SKLEARN": {
        "MSE": 0.7441263813684466,
        "MAE": 0.6599814615893864,
        "R2": 0.3716873138394289,
        "emission": 1.0878051499788473e-06
    },
    "XGBoost": {
        "MSE": 0.7443892466259914,
        "MAE": 0.6790390381296235,
        "R2": 0.37146536017644693,
        "emission": 1.6322543138769897e-06
    },
    "CatBoost": {
        "MSE": 0.6041852740660406,
        "MAE": 0.6051802426491425,
        "R2": 0.4898483886715861,
        "emission": 2.259169155822666e-06
    },
    "DNN": {
        "MSE": 0.8730780115180475,
        "MAE": 0.7290797546346219,
        "R2": 0.26280534546319534,
        "emission": 1.4013436658351358e-05
    }
}