{
    "Linear-SVR": {
        "MSE": 0.5518499590360165,
        "MAE": 0.5656598017574863,
        "R2": -0.022897969956159114,
        "emission": 2.1280296583148183e-09
    },
    "RBF-SVR": {
        "MSE": 0.4530926591096197,
        "MAE": 0.4958220786681667,
        "R2": 0.16015657224136925,
        "emission": 2.340835491733977e-09
    },
    "DecisionTree": {
        "MSE": 0.5795368092014922,
        "MAE": 0.5715697172422323,
        "R2": -0.07421775781700624,
        "emission": 1.0969534959008516e-09
    },
    "ExtraTrees": {
        "MSE": 0.5841284802251485,
        "MAE": 0.5787235894325582,
        "R2": -0.08272878675140904,
        "emission": 1.492960135781728e-07
    },
    "RandomForest": {
        "MSE": 0.49378005902817695,
        "MAE": 0.5182864415691717,
        "R2": 0.08473922718586235,
        "emission": 1.20171902247694e-07
    },
    "KNeighbors": {
        "MSE": 0.5304561713335676,
        "MAE": 0.5456120179221086,
        "R2": 0.016757124063843887,
        "emission": 2.724067590762214e-09
    },
    "PLS": {
        "MSE": 0.42265468539633766,
        "MAE": 0.48906889704137885,
        "R2": 0.21657578730352556,
        "emission": 5.653722387395527e-08
    },
    "PLS-SKLEARN": {
        "MSE": 0.42265468539633805,
        "MAE": 0.4890688970413789,
        "R2": 0.21657578730352478,
        "emission": 7.421249879056473e-09
    },
    "XGBoost": {
        "MSE": 0.5500523177051582,
        "MAE": 0.5407822655044202,
        "R2": -0.019565898189303654,
        "emission": 8.756216852357953e-07
    },
    "CatBoost": {
        "MSE": 0.5066065838049066,
        "MAE": 0.5340391028478103,
        "R2": 0.060964239182551117,
        "emission": 7.221398382568117e-07
    },
    "DNN": {
        "MSE": 0.7109790179728607,
        "MAE": 0.6623694467187287,
        "R2": -0.3178563887841084,
        "emission": 3.3925548242567488e-06
    }
}