{
    "Linear-SVR": {
        "MSE": 0.8150137604725194,
        "MAE": 0.7199850431234143,
        "R2": 0.39910128052788585,
        "emission": 9.410197854335002e-10
    },
    "RBF-SVR": {
        "MSE": 0.9423584627625387,
        "MAE": 0.7596376840245396,
        "R2": 0.30521173872031504,
        "emission": 1.1344886847210103e-09
    },
    "DecisionTree": {
        "MSE": 1.3735971121386874,
        "MAE": 0.9450775713508189,
        "R2": -0.012734736253035006,
        "emission": 6.992370189976341e-10
    },
    "ExtraTrees": {
        "MSE": 1.156414966377254,
        "MAE": 0.8712597919367037,
        "R2": 0.14739074825975274,
        "emission": 9.194017605665124e-08
    },
    "RandomForest": {
        "MSE": 0.9377901835405623,
        "MAE": 0.7839314625579719,
        "R2": 0.30857986974804785,
        "emission": 8.182492085886632e-08
    },
    "KNeighbors": {
        "MSE": 1.4073820896931106,
        "MAE": 0.9501877536170482,
        "R2": -0.03764394728043774,
        "emission": 6.378170781885812e-10
    },
    "PLS": {
        "MSE": 0.8134043404215765,
        "MAE": 0.7169193548304712,
        "R2": 0.4002878843554626,
        "emission": 2.6886675450434516e-08
    },
    "PLS-SKLEARN": {
        "MSE": 0.866138052388813,
        "MAE": 0.7338013985519666,
        "R2": 0.3614080254733839,
        "emission": 4.38735698516106e-09
    },
    "XGBoost": {
        "MSE": 0.7064997913988448,
        "MAE": 0.6623910779011685,
        "R2": 0.479107175181006,
        "emission": 5.155364128669669e-07
    },
    "CatBoost": {
        "MSE": 0.7926962883944488,
        "MAE": 0.7411875340673396,
        "R2": 0.4155556535016529,
        "emission": 6.338855243121948e-07
    },
    "DNN": {
        "MSE": 1.2893043131182307,
        "MAE": 0.8590401456562764,
        "R2": 0.04941321443033331,
        "emission": 2.4998458750072797e-06
    }
}