{
    "Linear-SVR": {
        "MSE": 0.8602943503270412,
        "MAE": 0.715078534611557,
        "R2": 0.21896827837160204,
        "emission": 7.901882092899894e-10
    },
    "RBF-SVR": {
        "MSE": 0.855819619192845,
        "MAE": 0.6998432413204095,
        "R2": 0.22303073322817168,
        "emission": 1.107965082898992e-09
    },
    "DecisionTree": {
        "MSE": 0.897836393174452,
        "MAE": 0.7192641800294048,
        "R2": 0.1848851458397962,
        "emission": 6.519028904924584e-10
    },
    "ExtraTrees": {
        "MSE": 0.8602956974635009,
        "MAE": 0.7393832595834527,
        "R2": 0.21896705535263417,
        "emission": 8.475945312742214e-08
    },
    "RandomForest": {
        "MSE": 0.9283072517570331,
        "MAE": 0.7286444176013995,
        "R2": 0.15722169887050996,
        "emission": 7.744207064902063e-08
    },
    "KNeighbors": {
        "MSE": 1.8844047427839177,
        "MAE": 1.109990741505382,
        "R2": -0.7107864069335617,
        "emission": 6.450617329052423e-10
    },
    "PLS": {
        "MSE": 0.8592515359722256,
        "MAE": 0.7309894289691768,
        "R2": 0.21991501374254907,
        "emission": 2.486047519250098e-08
    },
    "PLS-SKLEARN": {
        "MSE": 0.8592515359722254,
        "MAE": 0.7309894289691768,
        "R2": 0.2199150137425493,
        "emission": 4.128240785696608e-09
    },
    "XGBoost": {
        "MSE": 0.9861810080201843,
        "MAE": 0.7648580064294487,
        "R2": 0.10468010136480965,
        "emission": 4.937658196660797e-07
    },
    "CatBoost": {
        "MSE": 0.8622786854208975,
        "MAE": 0.7154967331520984,
        "R2": 0.21716676862781148,
        "emission": 6.342979787962921e-07
    },
    "DNN": {
        "MSE": 1.2449829317402634,
        "MAE": 0.9519039712031149,
        "R2": -0.13027728498440205,
        "emission": 2.40685725320906e-06
    }
}