{
    "Linear-SVR": {
        "MSE": 0.8602943503270412,
        "MAE": 0.715078534611557,
        "R2": 0.21896827837160204,
        "emission": 4.401661609990589e-09
    },
    "RBF-SVR": {
        "MSE": 0.855819619192845,
        "MAE": 0.6998432413204095,
        "R2": 0.22303073322817168,
        "emission": 5.287861792923466e-09
    },
    "DecisionTree": {
        "MSE": 0.897836393174452,
        "MAE": 0.7192641800294048,
        "R2": 0.1848851458397962,
        "emission": 4.125463178073056e-09
    },
    "ExtraTrees": {
        "MSE": 0.8602956974635009,
        "MAE": 0.7393832595834527,
        "R2": 0.21896705535263417,
        "emission": 3.9950994078705365e-07
    },
    "RandomForest": {
        "MSE": 0.9283072517570331,
        "MAE": 0.7286444176013995,
        "R2": 0.15722169887050996,
        "emission": 5.622926043664265e-07
    },
    "KNeighbors": {
        "MSE": 1.8844047427839177,
        "MAE": 1.109990741505382,
        "R2": -0.7107864069335617,
        "emission": 2.1739962612690346e-08
    },
    "PLS": {
        "MSE": 0.8592515359722256,
        "MAE": 0.7309894289691768,
        "R2": 0.21991501374254907,
        "emission": 4.83091006516918e-07
    },
    "PLS-SKLEARN": {
        "MSE": 0.8592515359722254,
        "MAE": 0.7309894289691768,
        "R2": 0.2199150137425493,
        "emission": 8.052187166128361e-07
    },
    "XGBoost": {
        "MSE": 0.9861810080201843,
        "MAE": 0.7648580064294487,
        "R2": 0.10468010136480965,
        "emission": 1.414803926324097e-06
    },
    "CatBoost": {
        "MSE": 0.8622786854208975,
        "MAE": 0.7154967331520984,
        "R2": 0.21716676862781148,
        "emission": 2.270687243288575e-06
    },
    "DNN": {
        "MSE": 1.1671885445561048,
        "MAE": 0.8856902337579503,
        "R2": -0.05965043019641958,
        "emission": 1.0619400107306007e-05
    }
}