{
    "Linear-SVR": {
        "MSE": 0.30689181736211313,
        "MAE": 0.4315329794570095,
        "R2": 0.37841437898963615,
        "emission": 4.039475380757806e-09
    },
    "RBF-SVR": {
        "MSE": 0.27933623445810957,
        "MAE": 0.421487044438608,
        "R2": 0.4342260792132283,
        "emission": 6.547949352169269e-09
    },
    "DecisionTree": {
        "MSE": 0.5738731679377317,
        "MAE": 0.6024271753409371,
        "R2": -0.1623356808267804,
        "emission": 3.780403399686108e-09
    },
    "ExtraTrees": {
        "MSE": 0.49915532811867874,
        "MAE": 0.5292885218818714,
        "R2": -0.01100047983092467,
        "emission": 3.847183252303462e-07
    },
    "RandomForest": {
        "MSE": 0.2697802529513689,
        "MAE": 0.41274996941874953,
        "R2": 0.45358098007141,
        "emission": 4.159649689641012e-07
    },
    "KNeighbors": {
        "MSE": 0.5892441572613528,
        "MAE": 0.5916065300343303,
        "R2": -0.19346842990556468,
        "emission": 5.718122655892149e-09
    },
    "PLS": {
        "MSE": 0.2840081186486672,
        "MAE": 0.426681915043325,
        "R2": 0.4247635394139029,
        "emission": 3.9553066677853385e-07
    },
    "PLS-SKLEARN": {
        "MSE": 0.2865246939458921,
        "MAE": 0.43622142325493357,
        "R2": 0.4196664109456677,
        "emission": 7.58469592781479e-07
    },
    "XGBoost": {
        "MSE": 0.30275647645415843,
        "MAE": 0.430354311478177,
        "R2": 0.386790191901349,
        "emission": 1.126634358515676e-06
    },
    "CatBoost": {
        "MSE": 0.2460526236155716,
        "MAE": 0.41285993516188757,
        "R2": 0.5016394566465372,
        "emission": 2.136028366823535e-06
    },
    "DNN": {
        "MSE": 0.4417656262437511,
        "MAE": 0.4990649256829012,
        "R2": 0.10523791904901392,
        "emission": 1.029838521099751e-05
    }
}