{
    "Linear-SVR": {
        "MSE": 0.35725898645651305,
        "MAE": 0.48298062283265003,
        "R2": 0.3666873152464579,
        "emission": 6.223644343040047e-10
    },
    "RBF-SVR": {
        "MSE": 0.3668611211385602,
        "MAE": 0.49368594897413387,
        "R2": 0.3496656197107668,
        "emission": 7.132048234341912e-10
    },
    "DecisionTree": {
        "MSE": 0.5499054067574427,
        "MAE": 0.5330001692839396,
        "R2": 0.025183178824148555,
        "emission": 5.124250847264702e-10
    },
    "ExtraTrees": {
        "MSE": 0.5732012863733102,
        "MAE": 0.5799560667540884,
        "R2": -0.016113406069500513,
        "emission": 6.624110732141575e-08
    },
    "RandomForest": {
        "MSE": 0.48014443059564277,
        "MAE": 0.5593755248162626,
        "R2": 0.14884839867561672,
        "emission": 6.626521899595184e-08
    },
    "KNeighbors": {
        "MSE": 0.850820099237122,
        "MAE": 0.7739308306666861,
        "R2": -0.5082480265495739,
        "emission": 4.786144362752432e-10
    },
    "PLS": {
        "MSE": 0.3648533626233531,
        "MAE": 0.48050328850215684,
        "R2": 0.35322477142928455,
        "emission": 1.5322889887601268e-08
    },
    "PLS-SKLEARN": {
        "MSE": 0.36479277092439505,
        "MAE": 0.486627933188956,
        "R2": 0.3533321822796637,
        "emission": 3.3444349585570975e-09
    },
    "XGBoost": {
        "MSE": 0.6614327997848111,
        "MAE": 0.6714779086547429,
        "R2": -0.17252133073148057,
        "emission": 3.4947752106386944e-07
    },
    "CatBoost": {
        "MSE": 0.3739038699460045,
        "MAE": 0.4824796133915813,
        "R2": 0.33718094521866615,
        "emission": 6.59906279702949e-07
    },
    "DNN": {
        "MSE": 1.1762288773729004,
        "MAE": 0.7863471517353208,
        "R2": -1.0850998755894161,
        "emission": 2.0615863038868522e-06
    }
}