{
    "Linear-SVR": {
        "MSE": 0.3887970287014062,
        "MAE": 0.499412209025133,
        "R2": 0.43195494944095036,
        "emission": 3.988619128569002e-09
    },
    "RBF-SVR": {
        "MSE": 0.35337494187468277,
        "MAE": 0.47007303864973193,
        "R2": 0.483707765478663,
        "emission": 4.302212984406897e-09
    },
    "DecisionTree": {
        "MSE": 0.5460370724747253,
        "MAE": 0.6251582917529875,
        "R2": 0.2022221530935815,
        "emission": 5.123912126127327e-09
    },
    "ExtraTrees": {
        "MSE": 0.812076241329531,
        "MAE": 0.727955394181292,
        "R2": -0.18646968857909907,
        "emission": 3.5630086315992886e-07
    },
    "RandomForest": {
        "MSE": 0.479519104853047,
        "MAE": 0.5659969529396095,
        "R2": 0.2994070580475756,
        "emission": 3.866732173485514e-07
    },
    "KNeighbors": {
        "MSE": 0.5642155185737846,
        "MAE": 0.5732551824979308,
        "R2": 0.17566285461356268,
        "emission": 5.070290302446052e-09
    },
    "PLS": {
        "MSE": 0.3445548599172238,
        "MAE": 0.46578200822921006,
        "R2": 0.4965941908667221,
        "emission": 3.863467354143597e-07
    },
    "PLS-SKLEARN": {
        "MSE": 0.34455485991722373,
        "MAE": 0.46578200822920984,
        "R2": 0.4965941908667222,
        "emission": 6.01472907282503e-07
    },
    "XGBoost": {
        "MSE": 0.6778173823047403,
        "MAE": 0.6752350572610953,
        "R2": 0.009686852579317673,
        "emission": 3.236373184792092e-06
    },
    "CatBoost": {
        "MSE": 0.3755030460939189,
        "MAE": 0.4703863947468272,
        "R2": 0.4513778885709734,
        "emission": 1.8296061482464384e-06
    },
    "DNN": {
        "MSE": 0.7560125810473025,
        "MAE": 0.6815048736202282,
        "R2": -0.10455886522246804,
        "emission": 1.1020554746632651e-05
    }
}