{
    "Linear-SVR": {
        "MSE": 0.3887970287014062,
        "MAE": 0.499412209025133,
        "R2": 0.43195494944095036,
        "emission": 7.551995598161484e-10
    },
    "RBF-SVR": {
        "MSE": 0.35337494187468277,
        "MAE": 0.47007303864973193,
        "R2": 0.483707765478663,
        "emission": 8.900139310373453e-10
    },
    "DecisionTree": {
        "MSE": 0.5460370724747253,
        "MAE": 0.6251582917529875,
        "R2": 0.2022221530935815,
        "emission": 5.918513419098019e-10
    },
    "ExtraTrees": {
        "MSE": 0.812076241329531,
        "MAE": 0.727955394181292,
        "R2": -0.18646968857909907,
        "emission": 7.64674776733396e-08
    },
    "RandomForest": {
        "MSE": 0.479519104853047,
        "MAE": 0.5659969529396095,
        "R2": 0.2994070580475756,
        "emission": 7.116630006598907e-08
    },
    "KNeighbors": {
        "MSE": 0.5642155185737846,
        "MAE": 0.5732551824979308,
        "R2": 0.17566285461356268,
        "emission": 5.159983368382477e-10
    },
    "PLS": {
        "MSE": 0.3445548599172238,
        "MAE": 0.46578200822921006,
        "R2": 0.4965941908667221,
        "emission": 1.944469983164062e-08
    },
    "PLS-SKLEARN": {
        "MSE": 0.34455485991722373,
        "MAE": 0.46578200822920984,
        "R2": 0.4965941908667222,
        "emission": 3.681181857684854e-09
    },
    "XGBoost": {
        "MSE": 0.6778173823047403,
        "MAE": 0.6752350572610953,
        "R2": 0.009686852579317673,
        "emission": 3.9807201818414605e-07
    },
    "CatBoost": {
        "MSE": 0.3755030460939189,
        "MAE": 0.4703863947468272,
        "R2": 0.4513778885709734,
        "emission": 5.228901555392911e-07
    },
    "DNN": {
        "MSE": 1.3511142047137459,
        "MAE": 0.808460742297678,
        "R2": -0.9740216104303119,
        "emission": 2.211462565708655e-06
    }
}