{
    "Linear-SVR": {
        "MSE": 0.369530299854759,
        "MAE": 0.4963910194546793,
        "R2": 0.43397813370847527,
        "emission": 1.9168484493209215e-09
    },
    "RBF-SVR": {
        "MSE": 0.3828247388343189,
        "MAE": 0.5013837167374827,
        "R2": 0.41361459879546025,
        "emission": 2.3335535313542687e-09
    },
    "DecisionTree": {
        "MSE": 0.46451961596748165,
        "MAE": 0.5511025314625981,
        "R2": 0.2884798349085902,
        "emission": 9.912484761005497e-10
    },
    "ExtraTrees": {
        "MSE": 0.5235061855416719,
        "MAE": 0.562975744491665,
        "R2": 0.19812814193607664,
        "emission": 1.5580976158615333e-07
    },
    "RandomForest": {
        "MSE": 0.4357801711800509,
        "MAE": 0.5200799432959637,
        "R2": 0.33250099956317314,
        "emission": 1.2247920811222219e-07
    },
    "KNeighbors": {
        "MSE": 0.9145070587328803,
        "MAE": 0.7980807548423198,
        "R2": -0.40078091654245607,
        "emission": 2.7307241802798653e-09
    },
    "PLS": {
        "MSE": 0.3688116558479766,
        "MAE": 0.491554070421374,
        "R2": 0.4350789046657637,
        "emission": 5.4487847798118434e-08
    },
    "PLS-SKLEARN": {
        "MSE": 0.3624858230660088,
        "MAE": 0.4911073438184586,
        "R2": 0.44476839339917695,
        "emission": 7.154407644554032e-09
    },
    "XGBoost": {
        "MSE": 0.39312148683985676,
        "MAE": 0.5102031072349485,
        "R2": 0.39784272697569667,
        "emission": 8.002858548565386e-07
    },
    "CatBoost": {
        "MSE": 0.38891243420632227,
        "MAE": 0.5076084765255455,
        "R2": 0.4042898730632809,
        "emission": 7.121128843327084e-07
    },
    "DNN": {
        "MSE": 0.682324910784176,
        "MAE": 0.6698600045855475,
        "R2": -0.045139788458631314,
        "emission": 3.365969017653587e-06
    }
}