{
    "Linear-SVR": {
        "MSE": 0.7947917062284683,
        "MAE": 0.684098447688415,
        "R2": -0.012878291595559865,
        "emission": 1.9637190645352943e-08
    },
    "RBF-SVR": {
        "MSE": 0.62683996075441,
        "MAE": 0.6022675827348002,
        "R2": 0.2011585128818083,
        "emission": 2.2364597391120596e-08
    },
    "DecisionTree": {
        "MSE": 0.7371064269206473,
        "MAE": 0.6446538484031072,
        "R2": 0.06063551925279187,
        "emission": 8.543870891983216e-09
    },
    "ExtraTrees": {
        "MSE": 0.6071515005632823,
        "MAE": 0.6145933246271272,
        "R2": 0.22624938105048564,
        "emission": 7.050242267245328e-07
    },
    "RandomForest": {
        "MSE": 0.6289932098581226,
        "MAE": 0.6257264572017742,
        "R2": 0.19841442376203433,
        "emission": 5.883687970308078e-07
    },
    "KNeighbors": {
        "MSE": 0.6835667883911681,
        "MAE": 0.6264416126329849,
        "R2": 0.12886614770727933,
        "emission": 7.284764051990594e-09
    },
    "PLS": {
        "MSE": 0.6893210277238936,
        "MAE": 0.6217504538599669,
        "R2": 0.12153297593524337,
        "emission": 1.0668384960748743e-06
    },
    "PLS-SKLEARN": {
        "MSE": 0.6749918800866341,
        "MAE": 0.6170916061759226,
        "R2": 0.1397939649026796,
        "emission": 1.597341978092392e-06
    },
    "XGBoost": {
        "MSE": 0.7219539999427097,
        "MAE": 0.6839231524171087,
        "R2": 0.07994569100051796,
        "emission": 2.522214741626886e-06
    },
    "CatBoost": {
        "MSE": 0.6330903321416744,
        "MAE": 0.6035856455079481,
        "R2": 0.1931930730779482,
        "emission": 2.604398150677907e-06
    },
    "DNN": {
        "MSE": 0.8689785541501646,
        "MAE": 0.7360944448481482,
        "R2": -0.10742161306321907,
        "emission": 1.5323378654807222e-05
    }
}