{
    "Linear-SVR": {
        "MSE": 0.6418292324638606,
        "MAE": 0.6533572936766915,
        "R2": -0.3743764527868725,
        "emission": 4.135935181754253e-09
    },
    "RBF-SVR": {
        "MSE": 0.4719571043284518,
        "MAE": 0.5738743197585991,
        "R2": -0.010621981838486727,
        "emission": 4.573573027450297e-09
    },
    "DecisionTree": {
        "MSE": 0.4776436831682293,
        "MAE": 0.5722823273121007,
        "R2": -0.022798896910279254,
        "emission": 3.654066071844044e-09
    },
    "ExtraTrees": {
        "MSE": 0.47026978728269736,
        "MAE": 0.577119209270911,
        "R2": -0.007008857507629029,
        "emission": 3.171632918313874e-07
    },
    "RandomForest": {
        "MSE": 0.4474540088059987,
        "MAE": 0.5688542610869777,
        "R2": 0.04184754713134431,
        "emission": 3.532209414381626e-07
    },
    "KNeighbors": {
        "MSE": 0.6370415373020628,
        "MAE": 0.677557012423009,
        "R2": -0.3641243558728122,
        "emission": 5.0580957891715586e-09
    },
    "PLS": {
        "MSE": 0.5028910584680628,
        "MAE": 0.5990534446471311,
        "R2": -0.07686218407711598,
        "emission": 2.970047990014184e-07
    },
    "PLS-SKLEARN": {
        "MSE": 0.5059451677181701,
        "MAE": 0.6020930256891125,
        "R2": -0.08340207915399289,
        "emission": 6.372880186888119e-07
    },
    "XGBoost": {
        "MSE": 0.5794451864305512,
        "MAE": 0.6420213677534343,
        "R2": -0.24079082040827826,
        "emission": 1.0929480185241434e-06
    },
    "CatBoost": {
        "MSE": 0.41205357068630916,
        "MAE": 0.5407266629323892,
        "R2": 0.11765202300924793,
        "emission": 2.109606743966936e-06
    },
    "DNN": {
        "MSE": 1.3477660739194515,
        "MAE": 0.8564112889536362,
        "R2": -1.8860292772099703,
        "emission": 1.3076965138330187e-05
    }
}