{
    "Linear-SVR": {
        "MSE": 0.6418292324638606,
        "MAE": 0.6533572936766915,
        "R2": -0.3743764527868725,
        "emission": 7.251039992474878e-10
    },
    "RBF-SVR": {
        "MSE": 0.4719571043284518,
        "MAE": 0.5738743197585991,
        "R2": -0.010621981838486727,
        "emission": 6.042905496552423e-10
    },
    "DecisionTree": {
        "MSE": 0.4776436831682293,
        "MAE": 0.5722823273121007,
        "R2": -0.022798896910279254,
        "emission": 5.942706361984473e-10
    },
    "ExtraTrees": {
        "MSE": 0.47026978728269736,
        "MAE": 0.577119209270911,
        "R2": -0.007008857507629029,
        "emission": 6.81363267554698e-08
    },
    "RandomForest": {
        "MSE": 0.4474540088059987,
        "MAE": 0.5688542610869777,
        "R2": 0.04184754713134431,
        "emission": 6.74642413429105e-08
    },
    "KNeighbors": {
        "MSE": 0.6370415373020628,
        "MAE": 0.677557012423009,
        "R2": -0.3641243558728122,
        "emission": 4.972443092418909e-10
    },
    "PLS": {
        "MSE": 0.5028910584680628,
        "MAE": 0.5990534446471311,
        "R2": -0.07686218407711598,
        "emission": 1.601147114405119e-08
    },
    "PLS-SKLEARN": {
        "MSE": 0.5059451677181701,
        "MAE": 0.6020930256891125,
        "R2": -0.08340207915399289,
        "emission": 3.3567238126698815e-09
    },
    "XGBoost": {
        "MSE": 0.5794451864305512,
        "MAE": 0.6420213677534343,
        "R2": -0.24079082040827826,
        "emission": 3.525108038735273e-07
    },
    "CatBoost": {
        "MSE": 0.41205357068630916,
        "MAE": 0.5407266629323892,
        "R2": 0.11765202300924793,
        "emission": 5.961454310580357e-07
    },
    "DNN": {
        "MSE": 1.1196276383427453,
        "MAE": 0.8015075013076274,
        "R2": -1.3975066640709453,
        "emission": 2.160478798463533e-06
    }
}