{
    "Linear-SVR": {
        "MSE": 0.2500514457434983,
        "MAE": 0.30532600899484935,
        "R2": -0.10041941914288643,
        "emission": 4.4500133041886533e-10
    },
    "RBF-SVR": {
        "MSE": 0.19946108288268202,
        "MAE": 0.2805414376991981,
        "R2": 0.12221723687802677,
        "emission": 5.636485921455531e-10
    },
    "DecisionTree": {
        "MSE": 0.4412941692037616,
        "MAE": 0.44576790479994555,
        "R2": -0.9420350556360362,
        "emission": 5.017270555844726e-10
    },
    "ExtraTrees": {
        "MSE": 0.2766345080237731,
        "MAE": 0.38571685554810003,
        "R2": -0.21740541723028128,
        "emission": 1.233935382746922e-07
    },
    "RandomForest": {
        "MSE": 0.2309248893199346,
        "MAE": 0.33816488458104477,
        "R2": -0.016247803788933535,
        "emission": 6.336369628231353e-08
    },
    "KNeighbors": {
        "MSE": 0.27152292816126794,
        "MAE": 0.37146819782493357,
        "R2": -0.19491051932447045,
        "emission": 6.394310669417091e-10
    },
    "PLS": {
        "MSE": 0.22174282436986775,
        "MAE": 0.3090439999235592,
        "R2": 0.02416037121218051,
        "emission": 1.2375837749270934e-08
    },
    "PLS-SKLEARN": {
        "MSE": 0.2217428243698676,
        "MAE": 0.30904399992355935,
        "R2": 0.024160371212181064,
        "emission": 3.0567469599442074e-09
    },
    "XGBoost": {
        "MSE": 0.30218099429999457,
        "MAE": 0.3469686695123108,
        "R2": -0.32982968058790396,
        "emission": 2.9752071650935223e-07
    },
    "CatBoost": {
        "MSE": 0.2290105603678051,
        "MAE": 0.34745930246970863,
        "R2": -0.007823278398619626,
        "emission": 5.546491151985436e-07
    },
    "DNN": {
        "MSE": 0.5523616991888041,
        "MAE": 0.6337239277678154,
        "R2": -1.4308179397676049,
        "emission": 2.1510745819180787e-06
    }
}