{
    "Linear-SVR": {
        "MSE": 0.6115237972244358,
        "MAE": 0.5886856431600069,
        "R2": 0.18520755154948054,
        "emission": 1.3902773886890722e-09
    },
    "RBF-SVR": {
        "MSE": 0.589292127874198,
        "MAE": 0.5608610761846998,
        "R2": 0.21482896020968112,
        "emission": 1.5899189805535445e-09
    },
    "DecisionTree": {
        "MSE": 0.7326862080300767,
        "MAE": 0.5854533616193768,
        "R2": 0.023771123713682618,
        "emission": 8.028212250547567e-10
    },
    "ExtraTrees": {
        "MSE": 0.7947694887327315,
        "MAE": 0.6542419264130053,
        "R2": -0.058948450767556615,
        "emission": 1.1749362204938033e-07
    },
    "RandomForest": {
        "MSE": 0.6726431534070694,
        "MAE": 0.5865242906497147,
        "R2": 0.10377230716848318,
        "emission": 9.965562602092297e-08
    },
    "KNeighbors": {
        "MSE": 0.7061518208310005,
        "MAE": 0.6466929468222714,
        "R2": 0.05912546055584256,
        "emission": 7.555291999464241e-10
    },
    "PLS": {
        "MSE": 0.5918050852011005,
        "MAE": 0.5634659827767597,
        "R2": 0.21148070350645576,
        "emission": 4.074899673104284e-08
    },
    "PLS-SKLEARN": {
        "MSE": 0.5918050852011003,
        "MAE": 0.5634659827767595,
        "R2": 0.21148070350645598,
        "emission": 5.525210223164387e-09
    },
    "XGBoost": {
        "MSE": 0.5831104295114589,
        "MAE": 0.5617583210546299,
        "R2": 0.2230654363164486,
        "emission": 6.571844097728662e-07
    },
    "CatBoost": {
        "MSE": 0.5053569972808353,
        "MAE": 0.5124446093480265,
        "R2": 0.3266638730578566,
        "emission": 6.571623903838865e-07
    },
    "DNN": {
        "MSE": 0.9018338082584811,
        "MAE": 0.6789137433988984,
        "R2": -0.20160062463881823,
        "emission": 3.1813604075226517e-06
    }
}