{
    "Linear-SVR": {
        "MSE": 0.36475222939365065,
        "MAE": 0.49494692023361725,
        "R2": -1.5076623738637416,
        "emission": 6.016619621848421e-10
    },
    "RBF-SVR": {
        "MSE": 0.2619439394312965,
        "MAE": 0.4522930415539018,
        "R2": -0.800857974371957,
        "emission": 5.3944866553526e-10
    },
    "DecisionTree": {
        "MSE": 0.35349609006361155,
        "MAE": 0.4649490559270479,
        "R2": -1.4302766999781298,
        "emission": 5.467168974048341e-10
    },
    "ExtraTrees": {
        "MSE": 0.3992368723733993,
        "MAE": 0.5424339150469233,
        "R2": -1.7447434242529165,
        "emission": 5.722108617147758e-08
    },
    "RandomForest": {
        "MSE": 0.26796505045901126,
        "MAE": 0.46572291206321204,
        "R2": -0.8422529607662996,
        "emission": 6.237897581060675e-08
    },
    "KNeighbors": {
        "MSE": 0.4052034180629284,
        "MAE": 0.5544099141901613,
        "R2": -1.7857632753239945,
        "emission": 4.863807774264935e-10
    },
    "PLS": {
        "MSE": 0.30664646615914587,
        "MAE": 0.4786193283634956,
        "R2": -1.108186717717583,
        "emission": 1.0834587688767789e-08
    },
    "PLS-SKLEARN": {
        "MSE": 0.29865185277921075,
        "MAE": 0.48239807864824585,
        "R2": -1.0532239524459972,
        "emission": 3.0806408240332385e-09
    },
    "XGBoost": {
        "MSE": 0.5704339585918484,
        "MAE": 0.5758700426322014,
        "R2": -2.9217190724587416,
        "emission": 2.5758570529550126e-07
    },
    "CatBoost": {
        "MSE": 0.3666358500986506,
        "MAE": 0.49464796968399966,
        "R2": -1.5206122186841862,
        "emission": 5.484956824758105e-07
    },
    "DNN": {
        "MSE": 0.940431194803151,
        "MAE": 0.8373499300666627,
        "R2": -5.465440735854857,
        "emission": 2.196255737211991e-06
    }
}