{
    "Linear-SVR": {
        "MSE": 0.2500514457434983,
        "MAE": 0.30532600899484935,
        "R2": -0.10041941914288643,
        "emission": 4.388450410464533e-09
    },
    "RBF-SVR": {
        "MSE": 0.19946108288268202,
        "MAE": 0.2805414376991981,
        "R2": 0.12221723687802677,
        "emission": 3.6106452829221315e-09
    },
    "DecisionTree": {
        "MSE": 0.4412941692037616,
        "MAE": 0.44576790479994555,
        "R2": -0.9420350556360362,
        "emission": 3.379798160777109e-09
    },
    "ExtraTrees": {
        "MSE": 0.2766345080237731,
        "MAE": 0.38571685554810003,
        "R2": -0.21740541723028128,
        "emission": 2.869139346188065e-07
    },
    "RandomForest": {
        "MSE": 0.2309248893199346,
        "MAE": 0.33816488458104477,
        "R2": -0.016247803788933535,
        "emission": 3.354544398613072e-07
    },
    "KNeighbors": {
        "MSE": 0.27152292816126794,
        "MAE": 0.37146819782493357,
        "R2": -0.19491051932447045,
        "emission": 5.744167273960087e-09
    },
    "PLS": {
        "MSE": 0.22174282436986775,
        "MAE": 0.3090439999235592,
        "R2": 0.02416037121218051,
        "emission": 2.3335927517463986e-07
    },
    "PLS-SKLEARN": {
        "MSE": 0.22174282436986764,
        "MAE": 0.30904399992355935,
        "R2": 0.024160371212180953,
        "emission": 6.874159126872285e-07
    },
    "XGBoost": {
        "MSE": 0.30218099429999457,
        "MAE": 0.3469686695123108,
        "R2": -0.32982968058790396,
        "emission": 1.0727256335856337e-06
    },
    "CatBoost": {
        "MSE": 0.2290105603678051,
        "MAE": 0.34745930246970863,
        "R2": -0.007823278398619626,
        "emission": 2.0553585205489757e-06
    },
    "DNN": {
        "MSE": 0.7048154070083794,
        "MAE": 0.6993774406757889,
        "R2": -2.101731959505315,
        "emission": 9.92395033669369e-06
    }
}