{
    "Linear-SVR": {
        "MSE": 0.4090752539972749,
        "MAE": 0.4941984989336623,
        "R2": -0.11919988601225784,
        "emission": 9.609931258655841e-09
    },
    "RBF-SVR": {
        "MSE": 0.34038518619420155,
        "MAE": 0.4653230356716518,
        "R2": 0.06873110053401243,
        "emission": 7.592491826515457e-09
    },
    "DecisionTree": {
        "MSE": 0.5282556419768666,
        "MAE": 0.5660566390734039,
        "R2": -0.4452686846948204,
        "emission": 5.67249032960513e-09
    },
    "ExtraTrees": {
        "MSE": 0.3676583025353137,
        "MAE": 0.45070642907704694,
        "R2": -0.00588614507521501,
        "emission": 5.136261845261772e-07
    },
    "RandomForest": {
        "MSE": 0.35206902679389096,
        "MAE": 0.4689584996344501,
        "R2": 0.03676496975592125,
        "emission": 5.128660586023826e-07
    },
    "KNeighbors": {
        "MSE": 0.3707373633548586,
        "MAE": 0.509360510971541,
        "R2": -0.014310229603883062,
        "emission": 7.29639065689841e-09
    },
    "PLS": {
        "MSE": 0.5113859569341723,
        "MAE": 0.5456191092145859,
        "R2": -0.39911446394361394,
        "emission": 4.892326296985216e-07
    },
    "PLS-SKLEARN": {
        "MSE": 0.5079052927942623,
        "MAE": 0.5427825160262394,
        "R2": -0.38959162219122545,
        "emission": 9.470762005514238e-07
    },
    "XGBoost": {
        "MSE": 0.42047151389689696,
        "MAE": 0.49177068345337627,
        "R2": -0.15037921709129698,
        "emission": 1.62630991827631e-06
    },
    "CatBoost": {
        "MSE": 0.35593741863382417,
        "MAE": 0.4517481219995437,
        "R2": 0.0261813334591805,
        "emission": 2.261882987822095e-06
    },
    "DNN": {
        "MSE": 0.6095694433259656,
        "MAE": 0.5753860199581575,
        "R2": -0.6677372801717332,
        "emission": 1.1975250399953681e-05
    }
}