{
    "Linear-SVR": {
        "MSE": 0.4090752539972749,
        "MAE": 0.4941984989336623,
        "R2": -0.11919988601225784,
        "emission": 1.248912306744483e-09
    },
    "RBF-SVR": {
        "MSE": 0.34038518619420155,
        "MAE": 0.4653230356716518,
        "R2": 0.06873110053401243,
        "emission": 1.498713011637438e-09
    },
    "DecisionTree": {
        "MSE": 0.5282556419768666,
        "MAE": 0.5660566390734039,
        "R2": -0.4452686846948204,
        "emission": 7.809212528233029e-10
    },
    "ExtraTrees": {
        "MSE": 0.3676583025353137,
        "MAE": 0.45070642907704694,
        "R2": -0.00588614507521501,
        "emission": 1.1523277641246659e-07
    },
    "RandomForest": {
        "MSE": 0.35206902679389096,
        "MAE": 0.4689584996344501,
        "R2": 0.03676496975592125,
        "emission": 9.609563818927281e-08
    },
    "KNeighbors": {
        "MSE": 0.3707373633548586,
        "MAE": 0.509360510971541,
        "R2": -0.014310229603883062,
        "emission": 7.117900136726603e-10
    },
    "PLS": {
        "MSE": 0.40926185493058104,
        "MAE": 0.49508548105063027,
        "R2": -0.11971041247712044,
        "emission": 3.5951879504498456e-08
    },
    "PLS-SKLEARN": {
        "MSE": 0.35192997722066577,
        "MAE": 0.46652174250336675,
        "R2": 0.037145399187873074,
        "emission": 5.267349170452291e-09
    },
    "XGBoost": {
        "MSE": 0.42047151389689696,
        "MAE": 0.49177068345337627,
        "R2": -0.15037921709129698,
        "emission": 6.039914600976896e-07
    },
    "CatBoost": {
        "MSE": 0.35593741863382417,
        "MAE": 0.4517481219995437,
        "R2": 0.0261813334591805,
        "emission": 6.404691455433473e-07
    },
    "DNN": {
        "MSE": 0.747306999159159,
        "MAE": 0.6868400187133822,
        "R2": -1.044577128785856,
        "emission": 2.747230333051299e-06
    }
}