{
    "Linear-SVR": {
        "MSE": 0.37498302700899894,
        "MAE": 0.47787476537043416,
        "R2": -0.21196788551091927,
        "emission": 1.372695198594884e-09
    },
    "RBF-SVR": {
        "MSE": 0.27888085424466114,
        "MAE": 0.42924021494274806,
        "R2": 0.09864016533135089,
        "emission": 1.643628808282036e-09
    },
    "DecisionTree": {
        "MSE": 0.41305104421702377,
        "MAE": 0.49151786248384216,
        "R2": -0.3350060259014602,
        "emission": 7.971981411810444e-10
    },
    "ExtraTrees": {
        "MSE": 0.3073290079373339,
        "MAE": 0.4322937134550182,
        "R2": 0.006694007254252399,
        "emission": 1.241015835988978e-07
    },
    "RandomForest": {
        "MSE": 0.24735538597443466,
        "MAE": 0.3952832859299028,
        "R2": 0.20053239075810614,
        "emission": 1.0159140886287038e-07
    },
    "KNeighbors": {
        "MSE": 0.3214457254582805,
        "MAE": 0.4343353077777081,
        "R2": -0.03893207993343761,
        "emission": 7.19712099516431e-10
    },
    "PLS": {
        "MSE": 0.372097453772904,
        "MAE": 0.4795293304028337,
        "R2": -0.20264153780571248,
        "emission": 4.072928542876733e-08
    },
    "PLS-SKLEARN": {
        "MSE": 0.33887005295984296,
        "MAE": 0.46132102095451666,
        "R2": -0.09524856318058927,
        "emission": 5.7068941994934325e-09
    },
    "XGBoost": {
        "MSE": 0.3526361962510542,
        "MAE": 0.4550645956885333,
        "R2": -0.13974157319591773,
        "emission": 6.451541391477587e-07
    },
    "CatBoost": {
        "MSE": 0.29454007552946726,
        "MAE": 0.42514499110613346,
        "R2": 0.04802861242808143,
        "emission": 6.782495139672135e-07
    },
    "DNN": {
        "MSE": 0.5420036571791695,
        "MAE": 0.5593656037969419,
        "R2": -0.7517886917982002,
        "emission": 3.149978970621069e-06
    }
}