{
    "Linear-SVR": {
        "MSE": 0.45863643447636426,
        "MAE": 0.5401653009426842,
        "R2": 0.5345593686370635,
        "emission": 4.8023115590598386e-09
    },
    "RBF-SVR": {
        "MSE": 0.6245115080067197,
        "MAE": 0.5998619617240162,
        "R2": 0.3662234207102729,
        "emission": 5.5735880314399036e-09
    },
    "DecisionTree": {
        "MSE": 0.5157617803067189,
        "MAE": 0.530080703066976,
        "R2": 0.4765865277735526,
        "emission": 4.301593395248177e-09
    },
    "ExtraTrees": {
        "MSE": 0.748330590119423,
        "MAE": 0.7493411632197239,
        "R2": 0.24056739467057575,
        "emission": 4.2481041308954056e-07
    },
    "RandomForest": {
        "MSE": 0.6140318061169017,
        "MAE": 0.631544405189825,
        "R2": 0.3768585964124852,
        "emission": 4.424396247058204e-07
    },
    "KNeighbors": {
        "MSE": 0.9576606528253513,
        "MAE": 0.7842590428714057,
        "R2": 0.02813177197450889,
        "emission": 5.882559434762113e-09
    },
    "PLS": {
        "MSE": 0.4938766854584219,
        "MAE": 0.5536867388251528,
        "R2": 0.4987963035303761,
        "emission": 5.173175671530919e-07
    },
    "PLS-SKLEARN": {
        "MSE": 0.5504123909129486,
        "MAE": 0.5826727604602208,
        "R2": 0.4414218507759907,
        "emission": 1.1217376506680572e-06
    },
    "XGBoost": {
        "MSE": 0.5912477699727093,
        "MAE": 0.5962817673887348,
        "R2": 0.39998064989708537,
        "emission": 1.4526161189318918e-06
    },
    "CatBoost": {
        "MSE": 0.524093866276309,
        "MAE": 0.538039638667394,
        "R2": 0.46813082939737793,
        "emission": 2.220348833478356e-06
    },
    "DNN": {
        "MSE": 0.6838499958366551,
        "MAE": 0.6472357032282752,
        "R2": 0.3060046043154967,
        "emission": 1.0748236411507432e-05
    }
}