{
    "Linear-SVR": {
        "MSE": 0.4167705208190778,
        "MAE": 0.5222955821894941,
        "R2": 0.42561942548688736,
        "emission": 1.7595030927323962e-09
    },
    "RBF-SVR": {
        "MSE": 0.39112321426131386,
        "MAE": 0.5190125051828989,
        "R2": 0.4609657706324388,
        "emission": 2.210603818082908e-09
    },
    "DecisionTree": {
        "MSE": 0.5138633464982448,
        "MAE": 0.5437324076299938,
        "R2": 0.2918090185389576,
        "emission": 9.442502423640954e-10
    },
    "ExtraTrees": {
        "MSE": 0.5143240023646672,
        "MAE": 0.5883043978480187,
        "R2": 0.29117415650339773,
        "emission": 1.4268952650409397e-07
    },
    "RandomForest": {
        "MSE": 0.4439371077934204,
        "MAE": 0.5601915270326997,
        "R2": 0.38817925384706764,
        "emission": 1.1612663819587818e-07
    },
    "KNeighbors": {
        "MSE": 0.3967430091879112,
        "MAE": 0.5160677342324186,
        "R2": 0.45322073858880707,
        "emission": 8.978806161289935e-10
    },
    "PLS": {
        "MSE": 0.39733279736223054,
        "MAE": 0.535543986805625,
        "R2": 0.45240791029725513,
        "emission": 4.885309638368515e-08
    },
    "PLS-SKLEARN": {
        "MSE": 0.3973327973622301,
        "MAE": 0.5355439868056244,
        "R2": 0.4524079102972558,
        "emission": 6.39739527447952e-09
    },
    "XGBoost": {
        "MSE": 0.39371399519952777,
        "MAE": 0.48627854799686093,
        "R2": 0.45739523440352237,
        "emission": 7.710905500125942e-07
    },
    "CatBoost": {
        "MSE": 0.34095292802239974,
        "MAE": 0.4725889085646602,
        "R2": 0.5301089474981182,
        "emission": 7.318778283139166e-07
    },
    "DNN": {
        "MSE": 0.5198812894272169,
        "MAE": 0.5832463756817736,
        "R2": 0.2835152709146369,
        "emission": 3.5477547623077548e-06
    }
}