{
    "Linear-SVR": {
        "MSE": 0.4790798301253775,
        "MAE": 0.5328473233323459,
        "R2": -0.2570092588953845,
        "emission": 8.878914345145472e-09
    },
    "RBF-SVR": {
        "MSE": 0.4063687926732543,
        "MAE": 0.511260927453923,
        "R2": -0.0662300994444669,
        "emission": 1.0000374159076404e-08
    },
    "DecisionTree": {
        "MSE": 0.4488273213474647,
        "MAE": 0.5471764074374774,
        "R2": -0.1776327515840701,
        "emission": 7.0655232245934325e-09
    },
    "ExtraTrees": {
        "MSE": 0.3970214358893798,
        "MAE": 0.5072860886787225,
        "R2": -0.04170451250741314,
        "emission": 6.228296515970859e-07
    },
    "RandomForest": {
        "MSE": 0.36506857119004593,
        "MAE": 0.4928024291544202,
        "R2": 0.04213338725301463,
        "emission": 5.596302153503559e-07
    },
    "KNeighbors": {
        "MSE": 0.5855099434383774,
        "MAE": 0.6462391994616089,
        "R2": -0.536260501479974,
        "emission": 7.110374091975415e-09
    },
    "PLS": {
        "MSE": 0.4062477548766021,
        "MAE": 0.4992235343112145,
        "R2": -0.06591252057451458,
        "emission": 5.770302891015354e-07
    },
    "PLS-SKLEARN": {
        "MSE": 0.38116453586544036,
        "MAE": 0.4999223895024936,
        "R2": -9.919144379422207e-05,
        "emission": 1.022115953962083e-06
    },
    "XGBoost": {
        "MSE": 0.47165195117829756,
        "MAE": 0.5455458894059482,
        "R2": -0.2375199963063288,
        "emission": 1.711551048614696e-06
    },
    "CatBoost": {
        "MSE": 0.33125361357597394,
        "MAE": 0.47243728174507094,
        "R2": 0.13085704485078808,
        "emission": 2.3029464281762136e-06
    },
    "DNN": {
        "MSE": 0.6172397174755663,
        "MAE": 0.602590440276149,
        "R2": -0.6195130561470463,
        "emission": 1.1466333097308098e-05
    }
}