{
    "Linear-SVR": {
        "MSE": 1.1091974379707985,
        "MAE": 0.7751749887277419,
        "R2": 0.18127362690332027,
        "emission": 7.331199421110898e-10
    },
    "RBF-SVR": {
        "MSE": 0.9755715483331262,
        "MAE": 0.7649456733686312,
        "R2": 0.2799062384021478,
        "emission": 8.306021842905796e-10
    },
    "DecisionTree": {
        "MSE": 0.9282271753270397,
        "MAE": 0.7022774806455162,
        "R2": 0.31485230433313494,
        "emission": 5.979032243651097e-10
    },
    "ExtraTrees": {
        "MSE": 1.2131579545651998,
        "MAE": 0.7885557703249549,
        "R2": 0.10453776926168712,
        "emission": 7.466388661649951e-08
    },
    "RandomForest": {
        "MSE": 1.2101291622079882,
        "MAE": 0.8380574079650013,
        "R2": 0.10677339665911367,
        "emission": 7.099306375879186e-08
    },
    "KNeighbors": {
        "MSE": 1.9922009352512207,
        "MAE": 1.0454764805610663,
        "R2": -0.4704933408266545,
        "emission": 5.327993901427163e-10
    },
    "PLS": {
        "MSE": 1.0356502339088698,
        "MAE": 0.7728290932534141,
        "R2": 0.2355606578427205,
        "emission": 1.9026555911443086e-08
    },
    "PLS-SKLEARN": {
        "MSE": 1.0285054761124532,
        "MAE": 0.7918403768294522,
        "R2": 0.24083438228263243,
        "emission": 3.680152575745357e-09
    },
    "XGBoost": {
        "MSE": 1.1061925743887502,
        "MAE": 0.8477592175117052,
        "R2": 0.18349159187327313,
        "emission": 4.0104638767700594e-07
    },
    "CatBoost": {
        "MSE": 1.0403692998411103,
        "MAE": 0.7556770570649392,
        "R2": 0.23207739724109533,
        "emission": 6.120733541310286e-07
    },
    "DNN": {
        "MSE": 1.4433421330569365,
        "MAE": 0.988324915078807,
        "R2": -0.06536693043321051,
        "emission": 2.2284696551046866e-06
    }
}