{
    "Linear-SVR": {
        "MSE": 0.42264852457992663,
        "MAE": 0.5339167472734683,
        "R2": 0.36237835511172023,
        "emission": 1.016782187103328e-09
    },
    "RBF-SVR": {
        "MSE": 0.4544683308668933,
        "MAE": 0.5190670431790423,
        "R2": 0.3143739352574513,
        "emission": 1.1252618011732637e-09
    },
    "DecisionTree": {
        "MSE": 0.7865743079044801,
        "MAE": 0.6324604286834822,
        "R2": -0.18665220594676346,
        "emission": 6.446744256979367e-10
    },
    "ExtraTrees": {
        "MSE": 0.5781789404497976,
        "MAE": 0.5561805409454794,
        "R2": 0.12773998817155252,
        "emission": 9.084947987637233e-08
    },
    "RandomForest": {
        "MSE": 0.4521160362281607,
        "MAE": 0.5329498885553146,
        "R2": 0.3179226853170932,
        "emission": 8.329266816081493e-08
    },
    "KNeighbors": {
        "MSE": 0.8694783440736215,
        "MAE": 0.7814351373012504,
        "R2": -0.3117239968931169,
        "emission": 5.637390701149892e-10
    },
    "PLS": {
        "MSE": 0.39041115133020643,
        "MAE": 0.4980937567707712,
        "R2": 0.41101273039741193,
        "emission": 2.8082425100500955e-08
    },
    "PLS-SKLEARN": {
        "MSE": 0.4504426459708967,
        "MAE": 0.5427786061599872,
        "R2": 0.32044721760887673,
        "emission": 4.4047786672572484e-09
    },
    "XGBoost": {
        "MSE": 0.3793437046671909,
        "MAE": 0.5104345870116418,
        "R2": 0.4277094491497111,
        "emission": 5.357286343586752e-07
    },
    "CatBoost": {
        "MSE": 0.5527568422018004,
        "MAE": 0.5784344456723881,
        "R2": 0.16609261253599417,
        "emission": 6.693610302033954e-07
    },
    "DNN": {
        "MSE": 0.8099079065827116,
        "MAE": 0.7334539895850064,
        "R2": -0.22185405028104643,
        "emission": 2.500065662793928e-06
    }
}