{
    "Linear-SVR": {
        "MSE": 0.7975483695691641,
        "MAE": 0.6894919643678651,
        "R2": 0.06275443620063292,
        "emission": 1.1759877735753724e-09
    },
    "RBF-SVR": {
        "MSE": 0.7073379656043874,
        "MAE": 0.6428020009936808,
        "R2": 0.16876593863804534,
        "emission": 1.4513121809677207e-09
    },
    "DecisionTree": {
        "MSE": 1.3161889718331383,
        "MAE": 0.8830652367597144,
        "R2": -0.5467303577319658,
        "emission": 7.965579985028247e-10
    },
    "ExtraTrees": {
        "MSE": 0.8297437150206752,
        "MAE": 0.7232591121213127,
        "R2": 0.02491980967419738,
        "emission": 1.0798317145917531e-07
    },
    "RandomForest": {
        "MSE": 0.6963561733418503,
        "MAE": 0.6434477976069086,
        "R2": 0.1816712826564768,
        "emission": 9.106966257943299e-08
    },
    "KNeighbors": {
        "MSE": 1.159235790426352,
        "MAE": 0.8566699021339498,
        "R2": -0.36228552828898986,
        "emission": 6.420219902364746e-10
    },
    "PLS": {
        "MSE": 0.8182680098686451,
        "MAE": 0.7073449794125924,
        "R2": 0.038405579510351506,
        "emission": 3.362154763942084e-08
    },
    "PLS-SKLEARN": {
        "MSE": 0.8182680098686465,
        "MAE": 0.7073449794125928,
        "R2": 0.03840557951034995,
        "emission": 4.825937261637674e-09
    },
    "XGBoost": {
        "MSE": 0.8147305568994232,
        "MAE": 0.6881133473185592,
        "R2": 0.042562646628855116,
        "emission": 5.753555962214067e-07
    },
    "CatBoost": {
        "MSE": 0.8029063318699281,
        "MAE": 0.6530060672023851,
        "R2": 0.05645798248195988,
        "emission": 6.973136221832015e-07
    },
    "DNN": {
        "MSE": 1.0535698612067523,
        "MAE": 0.7830346292738972,
        "R2": -0.23811133750065405,
        "emission": 2.839591838784206e-06
    }
}