{
    "Linear-SVR": {
        "MSE": 0.6938646060728176,
        "MAE": 0.6765841644437282,
        "R2": 0.23078162256693535,
        "emission": 1.171858334721778e-09
    },
    "RBF-SVR": {
        "MSE": 0.5640290517404691,
        "MAE": 0.5736544668299625,
        "R2": 0.37471733216006975,
        "emission": 1.2851976500084273e-09
    },
    "DecisionTree": {
        "MSE": 0.8183129854882287,
        "MAE": 0.6774257778433186,
        "R2": 0.09281813567011166,
        "emission": 7.992499680803652e-10
    },
    "ExtraTrees": {
        "MSE": 0.7870007564272965,
        "MAE": 0.6789699415504339,
        "R2": 0.127530876197959,
        "emission": 1.0030797173096813e-07
    },
    "RandomForest": {
        "MSE": 0.5872822472061796,
        "MAE": 0.6051722711106616,
        "R2": 0.34893883714862284,
        "emission": 8.957742767402558e-08
    },
    "KNeighbors": {
        "MSE": 0.6571099752713165,
        "MAE": 0.6124220167836795,
        "R2": 0.27152781025375183,
        "emission": 6.408364594506639e-10
    },
    "PLS": {
        "MSE": 0.6666857941207687,
        "MAE": 0.6415266524190426,
        "R2": 0.2609120564402543,
        "emission": 3.3246895691984323e-08
    },
    "PLS-SKLEARN": {
        "MSE": 0.7663037566739931,
        "MAE": 0.6902709300580884,
        "R2": 0.15047557236581321,
        "emission": 4.861945490163464e-09
    },
    "XGBoost": {
        "MSE": 0.6609117460769297,
        "MAE": 0.6439451772654367,
        "R2": 0.2673131667269437,
        "emission": 5.717459518198909e-07
    },
    "CatBoost": {
        "MSE": 0.7773881987058058,
        "MAE": 0.6913446708635517,
        "R2": 0.13818735872897714,
        "emission": 6.838184861220846e-07
    },
    "DNN": {
        "MSE": 1.0468309518647456,
        "MAE": 0.8109733420683194,
        "R2": -0.16051690660181062,
        "emission": 2.6823805988796798e-06
    }
}