{
    "Linear-SVR": {
        "MSE": 0.8400539034152866,
        "MAE": 0.6866708443707342,
        "R2": 0.11111097073893117,
        "emission": 1.0192874471485603e-09
    },
    "RBF-SVR": {
        "MSE": 0.8041437787968614,
        "MAE": 0.6668436056526778,
        "R2": 0.1491086702710005,
        "emission": 1.2768130715946054e-09
    },
    "DecisionTree": {
        "MSE": 0.6289938199541698,
        "MAE": 0.596297071960701,
        "R2": 0.3344406784407552,
        "emission": 7.744438254045043e-10
    },
    "ExtraTrees": {
        "MSE": 0.6538454089472961,
        "MAE": 0.6342046351349777,
        "R2": 0.3081443839697864,
        "emission": 1.0093148449767438e-07
    },
    "RandomForest": {
        "MSE": 0.7141354431000783,
        "MAE": 0.6291844862482097,
        "R2": 0.2443494897203753,
        "emission": 8.6711279970038e-08
    },
    "KNeighbors": {
        "MSE": 1.0236986310446954,
        "MAE": 0.7747317069263278,
        "R2": -0.08320963536474624,
        "emission": 6.573098850904255e-10
    },
    "PLS": {
        "MSE": 0.7735364421190161,
        "MAE": 0.6731539515328682,
        "R2": 0.18149531317239875,
        "emission": 3.100312344818082e-08
    },
    "PLS-SKLEARN": {
        "MSE": 0.7593495396167729,
        "MAE": 0.6558064671965809,
        "R2": 0.19650694747606823,
        "emission": 4.721015534316532e-09
    },
    "XGBoost": {
        "MSE": 0.9441732820590198,
        "MAE": 0.7508227819524269,
        "R2": 0.0009387865092953529,
        "emission": 5.327122550976378e-07
    },
    "CatBoost": {
        "MSE": 0.6336835884906665,
        "MAE": 0.5820845405108964,
        "R2": 0.32947827806987706,
        "emission": 7.491323894674833e-07
    },
    "DNN": {
        "MSE": 1.0649723751396527,
        "MAE": 0.7574390181676579,
        "R2": -0.126882759402835,
        "emission": 2.8051006804108546e-06
    }
}