{
    "Linear-SVR": {
        "MSE": 0.6360668601310014,
        "MAE": 0.6363878903985908,
        "R2": 0.6281772006548876,
        "emission": 4.038422467955162e-09
    },
    "RBF-SVR": {
        "MSE": 1.0091912018820643,
        "MAE": 0.8133098229106411,
        "R2": 0.4100615496915452,
        "emission": 3.821003500653122e-09
    },
    "DecisionTree": {
        "MSE": 0.9094084487200186,
        "MAE": 0.6942198794541907,
        "R2": 0.46839111366133446,
        "emission": 4.518873573523315e-09
    },
    "ExtraTrees": {
        "MSE": 0.8517551188915174,
        "MAE": 0.7771576490279681,
        "R2": 0.5020932664255664,
        "emission": 3.011176888989623e-07
    },
    "RandomForest": {
        "MSE": 1.130915029772372,
        "MAE": 0.8707620521406562,
        "R2": 0.3389059884289204,
        "emission": 3.380711213672499e-07
    },
    "KNeighbors": {
        "MSE": 1.1167515179216225,
        "MAE": 0.8448647173462032,
        "R2": 0.3471854900898287,
        "emission": 4.591993950238632e-09
    },
    "PLS": {
        "MSE": 0.7985186578845008,
        "MAE": 0.7225149341282435,
        "R2": 0.5332134696614008,
        "emission": 3.0010084744003165e-07
    },
    "PLS-SKLEARN": {
        "MSE": 0.7985186578845009,
        "MAE": 0.7225149341282435,
        "R2": 0.5332134696614008,
        "emission": 8.488718249458967e-07
    },
    "XGBoost": {
        "MSE": 0.4885061070674816,
        "MAE": 0.6079793072934823,
        "R2": 0.7144361393240878,
        "emission": 1.0395663507631122e-06
    },
    "CatBoost": {
        "MSE": 0.6980236344091774,
        "MAE": 0.6745893398162859,
        "R2": 0.5919594023470807,
        "emission": 2.130309334868482e-06
    },
    "DNN": {
        "MSE": 1.3612634310066865,
        "MAE": 0.9376821772859296,
        "R2": 0.20425223936553716,
        "emission": 9.419790808532164e-06
    }
}