{
    "Linear-SVR": {
        "MSE": 0.6360668601310014,
        "MAE": 0.6363878903985908,
        "R2": 0.6281772006548876,
        "emission": 6.00321493139308e-10
    },
    "RBF-SVR": {
        "MSE": 1.0091912018820643,
        "MAE": 0.8133098229106411,
        "R2": 0.4100615496915452,
        "emission": 6.08815885764177e-10
    },
    "DecisionTree": {
        "MSE": 0.9094084487200186,
        "MAE": 0.6942198794541907,
        "R2": 0.46839111366133446,
        "emission": 5.11307893877549e-10
    },
    "ExtraTrees": {
        "MSE": 0.8517551188915174,
        "MAE": 0.7771576490279681,
        "R2": 0.5020932664255664,
        "emission": 6.4710883092156e-08
    },
    "RandomForest": {
        "MSE": 1.130915029772372,
        "MAE": 0.8707620521406562,
        "R2": 0.3389059884289204,
        "emission": 6.606859379625249e-08
    },
    "KNeighbors": {
        "MSE": 1.1167515179216225,
        "MAE": 0.8448647173462032,
        "R2": 0.3471854900898287,
        "emission": 6.413135806130062e-10
    },
    "PLS": {
        "MSE": 0.7985186578845008,
        "MAE": 0.7225149341282435,
        "R2": 0.5332134696614008,
        "emission": 1.5965670570173607e-08
    },
    "PLS-SKLEARN": {
        "MSE": 0.7985186578845008,
        "MAE": 0.7225149341282435,
        "R2": 0.5332134696614008,
        "emission": 3.321599974890575e-09
    },
    "XGBoost": {
        "MSE": 0.4885061070674816,
        "MAE": 0.6079793072934823,
        "R2": 0.7144361393240878,
        "emission": 3.55290928859208e-07
    },
    "CatBoost": {
        "MSE": 0.6980236344091774,
        "MAE": 0.6745893398162859,
        "R2": 0.5919594023470807,
        "emission": 6.193452504988465e-07
    },
    "DNN": {
        "MSE": 1.5904270103527025,
        "MAE": 1.0327228889916735,
        "R2": 0.07029109640828202,
        "emission": 2.1137096182134795e-06
    }
}