{
    "Linear-SVR": {
        "MSE": 0.5254015274710335,
        "MAE": 0.6077233117073512,
        "R2": -0.24134853979778526,
        "emission": 3.583714547718168e-09
    },
    "RBF-SVR": {
        "MSE": 0.4638410578961735,
        "MAE": 0.546253668332249,
        "R2": -0.09590168625731565,
        "emission": 4.827663301476592e-09
    },
    "DecisionTree": {
        "MSE": 0.47874059627504706,
        "MAE": 0.5000070091211504,
        "R2": -0.1311043250834758,
        "emission": 4.898482803448899e-09
    },
    "ExtraTrees": {
        "MSE": 0.6613227415728798,
        "MAE": 0.6503471072583324,
        "R2": -0.5624850265244465,
        "emission": 3.1467233093171955e-07
    },
    "RandomForest": {
        "MSE": 0.5065410918293691,
        "MAE": 0.6003145454161574,
        "R2": -0.19678762206230904,
        "emission": 3.5123819194450163e-07
    },
    "KNeighbors": {
        "MSE": 0.6121686196433302,
        "MAE": 0.6960102191782961,
        "R2": -0.44635023381459327,
        "emission": 5.613998100609074e-09
    },
    "PLS": {
        "MSE": 0.5040740227203696,
        "MAE": 0.5982788807943424,
        "R2": -0.19095876075165075,
        "emission": 2.9034787828824863e-07
    },
    "PLS-SKLEARN": {
        "MSE": 0.5040740227203698,
        "MAE": 0.5982788807943427,
        "R2": -0.1909587607516512,
        "emission": 9.325303306484571e-07
    },
    "XGBoost": {
        "MSE": 0.6354664101953004,
        "MAE": 0.6102181546763605,
        "R2": -0.501395140938121,
        "emission": 1.0675989642312603e-06
    },
    "CatBoost": {
        "MSE": 0.40106976817090534,
        "MAE": 0.4888157975302775,
        "R2": 0.052405931378952775,
        "emission": 2.051423128681356e-06
    },
    "DNN": {
        "MSE": 2.0121470900977583,
        "MAE": 1.0566222800008584,
        "R2": -3.7540323382271135,
        "emission": 9.619289420478882e-06
    }
}