{
    "Linear-SVR": {
        "MSE": 0.15228115121429248,
        "MAE": 0.3234018816863619,
        "R2": 0.2211269364844728,
        "emission": 7.22098687223843e-10
    },
    "RBF-SVR": {
        "MSE": 0.15247985649920248,
        "MAE": 0.33482714289943144,
        "R2": 0.2201106177033204,
        "emission": 6.485554128737151e-10
    },
    "DecisionTree": {
        "MSE": 0.1601548045209271,
        "MAE": 0.27651258632922643,
        "R2": 0.18085552782295178,
        "emission": 5.019994979070957e-10
    },
    "ExtraTrees": {
        "MSE": 0.21866275143881597,
        "MAE": 0.3794237570173533,
        "R2": -0.11839532162599142,
        "emission": 8.943463916308461e-08
    },
    "RandomForest": {
        "MSE": 0.21613042670914942,
        "MAE": 0.3984854877772083,
        "R2": -0.10544322936582717,
        "emission": 6.677694588372901e-08
    },
    "KNeighbors": {
        "MSE": 0.19613432987966414,
        "MAE": 0.36447357788218854,
        "R2": -0.0031691063260181895,
        "emission": 5.188005164411733e-10
    },
    "PLS": {
        "MSE": 0.1663344322855472,
        "MAE": 0.3561295006586736,
        "R2": 0.14924855893655187,
        "emission": 1.4875425973886515e-08
    },
    "PLS-SKLEARN": {
        "MSE": 0.1663344322855476,
        "MAE": 0.356129500658674,
        "R2": 0.14924855893654998,
        "emission": 3.2365451171133267e-09
    },
    "XGBoost": {
        "MSE": 0.17886679677431547,
        "MAE": 0.33712778907620855,
        "R2": 0.08514922001886716,
        "emission": 3.498106755215657e-07
    },
    "CatBoost": {
        "MSE": 0.14928119222076336,
        "MAE": 0.30353654861992874,
        "R2": 0.2364708397389399,
        "emission": 5.727751539706423e-07
    },
    "DNN": {
        "MSE": 0.3278252309774186,
        "MAE": 0.4532747007428239,
        "R2": -0.6767291284116765,
        "emission": 2.1288163598480142e-06
    }
}