{
    "Linear-SVR": {
        "MSE": 0.15228115121429248,
        "MAE": 0.3234018816863619,
        "R2": 0.2211269364844728,
        "emission": 4.6700672839118555e-09
    },
    "RBF-SVR": {
        "MSE": 0.15247985649920248,
        "MAE": 0.33482714289943144,
        "R2": 0.2201106177033204,
        "emission": 5.444895154515168e-09
    },
    "DecisionTree": {
        "MSE": 0.1601548045209271,
        "MAE": 0.27651258632922643,
        "R2": 0.18085552782295178,
        "emission": 4.812794542062278e-09
    },
    "ExtraTrees": {
        "MSE": 0.21866275143881597,
        "MAE": 0.3794237570173533,
        "R2": -0.11839532162599142,
        "emission": 3.0187183900715075e-07
    },
    "RandomForest": {
        "MSE": 0.21613042670914942,
        "MAE": 0.3984854877772083,
        "R2": -0.10544322936582717,
        "emission": 3.5003194119753377e-07
    },
    "KNeighbors": {
        "MSE": 0.19613432987966414,
        "MAE": 0.36447357788218854,
        "R2": -0.0031691063260181895,
        "emission": 5.889904389411691e-09
    },
    "PLS": {
        "MSE": 0.1663344322855472,
        "MAE": 0.3561295006586736,
        "R2": 0.14924855893655187,
        "emission": 2.822752808884334e-07
    },
    "PLS-SKLEARN": {
        "MSE": 0.1663344322855476,
        "MAE": 0.35612950065867405,
        "R2": 0.14924855893654998,
        "emission": 7.702340929199731e-07
    },
    "XGBoost": {
        "MSE": 0.17886679677431547,
        "MAE": 0.33712778907620855,
        "R2": 0.08514922001886716,
        "emission": 9.958959772120507e-07
    },
    "CatBoost": {
        "MSE": 0.14928119222076336,
        "MAE": 0.30353654861992874,
        "R2": 0.2364708397389399,
        "emission": 2.068256424806787e-06
    },
    "DNN": {
        "MSE": 0.34938524830690265,
        "MAE": 0.4543933666283206,
        "R2": -0.7870022424048351,
        "emission": 1.0307425099741962e-05
    }
}