{
    "Linear-SVR": {
        "MSE": 0.577658653716285,
        "MAE": 0.6587554784765207,
        "R2": 0.05495113282055242,
        "emission": 4.5700687161668374e-10
    },
    "RBF-SVR": {
        "MSE": 0.42890329742328065,
        "MAE": 0.5086347661576777,
        "R2": 0.2983147179536937,
        "emission": 4.558958621865172e-10
    },
    "DecisionTree": {
        "MSE": 0.7893378159857541,
        "MAE": 0.5894025646786581,
        "R2": -0.2913557236963218,
        "emission": 5.21076967114841e-10
    },
    "ExtraTrees": {
        "MSE": 0.4578250154605747,
        "MAE": 0.5609703524303503,
        "R2": 0.2509988218060487,
        "emission": 5.652916323999944e-08
    },
    "RandomForest": {
        "MSE": 0.4902199423475625,
        "MAE": 0.55889183910197,
        "R2": 0.19800076013077916,
        "emission": 5.99059286154443e-08
    },
    "KNeighbors": {
        "MSE": 0.46802399700142244,
        "MAE": 0.5692081252103275,
        "R2": 0.2343133001929748,
        "emission": 4.171216084320354e-10
    },
    "PLS": {
        "MSE": 0.5627841205345153,
        "MAE": 0.6297282317039068,
        "R2": 0.07928585133090404,
        "emission": 9.523228291083668e-09
    },
    "PLS-SKLEARN": {
        "MSE": 0.49395201928493154,
        "MAE": 0.5740786474060444,
        "R2": 0.19189508672106437,
        "emission": 3.0172206470924894e-09
    },
    "XGBoost": {
        "MSE": 0.601304745800561,
        "MAE": 0.6662722123451378,
        "R2": 0.016266154427687418,
        "emission": 2.4059690565391734e-07
    },
    "CatBoost": {
        "MSE": 0.37811621242325494,
        "MAE": 0.49666994359472916,
        "R2": 0.38140232832331833,
        "emission": 5.381475011820202e-07
    },
    "DNN": {
        "MSE": 0.7829986802489071,
        "MAE": 0.6969822862798607,
        "R2": -0.28098490520608865,
        "emission": 2.051115304138703e-06
    }
}