{
    "Linear-SVR": {
        "MSE": 0.577658653716285,
        "MAE": 0.6587554784765207,
        "R2": 0.05495113282055242,
        "emission": 3.564943639071502e-09
    },
    "RBF-SVR": {
        "MSE": 0.42890329742328065,
        "MAE": 0.5086347661576777,
        "R2": 0.2983147179536937,
        "emission": 4.425487869049119e-09
    },
    "DecisionTree": {
        "MSE": 0.7893378159857541,
        "MAE": 0.5894025646786581,
        "R2": -0.2913557236963218,
        "emission": 4.482186274644188e-09
    },
    "ExtraTrees": {
        "MSE": 0.4578250154605747,
        "MAE": 0.5609703524303503,
        "R2": 0.2509988218060487,
        "emission": 2.7309125100446916e-07
    },
    "RandomForest": {
        "MSE": 0.4902199423475625,
        "MAE": 0.55889183910197,
        "R2": 0.19800076013077916,
        "emission": 3.1504134762728423e-07
    },
    "KNeighbors": {
        "MSE": 0.46802399700142244,
        "MAE": 0.5692081252103275,
        "R2": 0.2343133001929748,
        "emission": 5.767964344826076e-09
    },
    "PLS": {
        "MSE": 0.5627841205345153,
        "MAE": 0.6297282317039068,
        "R2": 0.07928585133090404,
        "emission": 1.8039424857531192e-07
    },
    "PLS-SKLEARN": {
        "MSE": 0.4939520192849315,
        "MAE": 0.5740786474060444,
        "R2": 0.19189508672106448,
        "emission": 4.302732239920937e-07
    },
    "XGBoost": {
        "MSE": 0.601304745800561,
        "MAE": 0.6662722123451378,
        "R2": 0.016266154427687418,
        "emission": 9.494286457936187e-07
    },
    "CatBoost": {
        "MSE": 0.37811621242325494,
        "MAE": 0.49666994359472916,
        "R2": 0.38140232832331833,
        "emission": 1.9467097133708343e-06
    },
    "DNN": {
        "MSE": 0.5708734653725495,
        "MAE": 0.5920687588493241,
        "R2": 0.06605169284262358,
        "emission": 9.774668467164937e-06
    }
}