{
    "Linear-SVR": {
        "MSE": 0.3682700599733622,
        "MAE": 0.472087186569649,
        "R2": 0.3803909189665272,
        "emission": 1.2583122438426458e-09
    },
    "RBF-SVR": {
        "MSE": 0.38172951046715115,
        "MAE": 0.4902020176858566,
        "R2": 0.3577455870264957,
        "emission": 1.3158896155296774e-09
    },
    "DecisionTree": {
        "MSE": 0.40114192710265095,
        "MAE": 0.5020421419902621,
        "R2": 0.3250844751429205,
        "emission": 7.8692869578073e-10
    },
    "ExtraTrees": {
        "MSE": 0.5669867570640736,
        "MAE": 0.6020092325387004,
        "R2": 0.046052933197907486,
        "emission": 1.0135930538226184e-07
    },
    "RandomForest": {
        "MSE": 0.5402704539175731,
        "MAE": 0.5666081847611145,
        "R2": 0.09100272912324614,
        "emission": 1.100574406812701e-07
    },
    "KNeighbors": {
        "MSE": 0.4329681685622182,
        "MAE": 0.47951611706756936,
        "R2": 0.2715372814749414,
        "emission": 6.010116654833544e-10
    },
    "PLS": {
        "MSE": 0.33431312259899754,
        "MAE": 0.4592216774016516,
        "R2": 0.4375229778766735,
        "emission": 3.148773566262587e-08
    },
    "PLS-SKLEARN": {
        "MSE": 0.3427055712823459,
        "MAE": 0.483024537170996,
        "R2": 0.4234028036309415,
        "emission": 4.5647319123966965e-09
    },
    "XGBoost": {
        "MSE": 0.44238039574532956,
        "MAE": 0.5552504242235069,
        "R2": 0.2557013445654145,
        "emission": 5.438221255020841e-07
    },
    "CatBoost": {
        "MSE": 0.46212270518473686,
        "MAE": 0.5185391411586953,
        "R2": 0.22248519278236034,
        "emission": 5.68743698030976e-07
    },
    "DNN": {
        "MSE": 0.6356686002302374,
        "MAE": 0.6551942697434466,
        "R2": -0.06950328044310927,
        "emission": 2.688721619543742e-06
    }
}