{
    "Linear-SVR": {
        "MSE": 0.5062549169231308,
        "MAE": 0.5657437446282899,
        "R2": 0.10041950048689363,
        "emission": 8.118824308597336e-09
    },
    "RBF-SVR": {
        "MSE": 0.44621536226494374,
        "MAE": 0.5507569723736265,
        "R2": 0.20710569900959808,
        "emission": 1.105187781825936e-08
    },
    "DecisionTree": {
        "MSE": 0.6112366931404517,
        "MAE": 0.6258828883000463,
        "R2": -0.0861259641247425,
        "emission": 4.8865271051307424e-09
    },
    "ExtraTrees": {
        "MSE": 0.5250679913594267,
        "MAE": 0.5897538023849334,
        "R2": 0.06698994882616383,
        "emission": 5.62610619852858e-07
    },
    "RandomForest": {
        "MSE": 0.43620186685457024,
        "MAE": 0.5367489747347535,
        "R2": 0.22489899819942838,
        "emission": 5.478421382958608e-07
    },
    "KNeighbors": {
        "MSE": 1.1200828667035094,
        "MAE": 0.9092991939796496,
        "R2": -0.9903109501615144,
        "emission": 6.7501637636681316e-09
    },
    "PLS": {
        "MSE": 0.49057049631432925,
        "MAE": 0.5508881200150866,
        "R2": 0.12828964743103033,
        "emission": 5.893114724657608e-07
    },
    "PLS-SKLEARN": {
        "MSE": 0.4706130792448387,
        "MAE": 0.53421411858779,
        "R2": 0.16375261799431617,
        "emission": 1.0116758016540092e-06
    },
    "XGBoost": {
        "MSE": 0.4507861496210961,
        "MAE": 0.5340833369754677,
        "R2": 0.19898372125577002,
        "emission": 1.7117244990689172e-06
    },
    "CatBoost": {
        "MSE": 0.5077102670827609,
        "MAE": 0.5574028481364406,
        "R2": 0.09783344239678471,
        "emission": 2.266833339275917e-06
    },
    "DNN": {
        "MSE": 0.6446212305986473,
        "MAE": 0.6453655989116823,
        "R2": -0.14544801291625586,
        "emission": 1.1681684477041634e-05
    }
}