{
    "Linear-SVR": {
        "MSE": 0.6356544728222314,
        "MAE": 0.6072299267693456,
        "R2": -0.07537611409924883,
        "emission": 1.5708159768133517e-09
    },
    "RBF-SVR": {
        "MSE": 0.4852639396155037,
        "MAE": 0.5052964076915467,
        "R2": 0.1790488826747355,
        "emission": 2.011221332971827e-09
    },
    "DecisionTree": {
        "MSE": 0.8339089440006249,
        "MAE": 0.6918688011270157,
        "R2": -0.4107755047022088,
        "emission": 9.084410300958611e-10
    },
    "ExtraTrees": {
        "MSE": 0.6915403651441846,
        "MAE": 0.6439233186584942,
        "R2": -0.1699217458657043,
        "emission": 1.3508718435005185e-07
    },
    "RandomForest": {
        "MSE": 0.5247909024401676,
        "MAE": 0.5415809935123649,
        "R2": 0.11217866701211421,
        "emission": 1.0924051042418014e-07
    },
    "KNeighbors": {
        "MSE": 0.5482848814859136,
        "MAE": 0.5470596697714737,
        "R2": 0.07243244485659239,
        "emission": 1.781709384096563e-09
    },
    "PLS": {
        "MSE": 0.44688596146846166,
        "MAE": 0.49273033015591133,
        "R2": 0.24397528966360582,
        "emission": 4.667464424677155e-08
    },
    "PLS-SKLEARN": {
        "MSE": 0.4468859614684617,
        "MAE": 0.49273033015591133,
        "R2": 0.2439752896636056,
        "emission": 6.0852436954056796e-09
    },
    "XGBoost": {
        "MSE": 0.7233619292898742,
        "MAE": 0.6513869556967987,
        "R2": -0.22375626046231867,
        "emission": 7.376474015775056e-07
    },
    "CatBoost": {
        "MSE": 0.47109620957614956,
        "MAE": 0.5001898193022664,
        "R2": 0.20301731069142737,
        "emission": 7.06082035547226e-07
    },
    "DNN": {
        "MSE": 0.7337906166840076,
        "MAE": 0.6667424420748075,
        "R2": -0.24139911802810698,
        "emission": 3.093281330215378e-06
    }
}