{
    "Linear-SVR": {
        "MSE": 0.3952611835825937,
        "MAE": 0.48702344165071065,
        "R2": -0.37242131389416744,
        "emission": 3.544053876668491e-10
    },
    "RBF-SVR": {
        "MSE": 0.33992130613024363,
        "MAE": 0.4438616309930983,
        "R2": -0.1802708309261729,
        "emission": 4.0688680909417983e-10
    },
    "DecisionTree": {
        "MSE": 0.45055705710453037,
        "MAE": 0.4835597651352538,
        "R2": -0.5644190069235013,
        "emission": 3.7414255062703997e-10
    },
    "ExtraTrees": {
        "MSE": 0.44589403505852915,
        "MAE": 0.4880251713306127,
        "R2": -0.5482281156624746,
        "emission": 4.7829842323260696e-08
    },
    "RandomForest": {
        "MSE": 0.32929524741473054,
        "MAE": 0.4482056118288355,
        "R2": -0.143375152651674,
        "emission": 5.5430861911334276e-08
    },
    "KNeighbors": {
        "MSE": 0.4033729049725674,
        "MAE": 0.47779956717302446,
        "R2": -0.40058673916326626,
        "emission": 4.807402453779732e-10
    },
    "PLS": {
        "MSE": 0.40564923472689696,
        "MAE": 0.4932922682695459,
        "R2": -0.40849058503038904,
        "emission": 5.067740896024899e-09
    },
    "PLS-SKLEARN": {
        "MSE": 0.46626702344428755,
        "MAE": 0.5503903164127067,
        "R2": -0.6189669704999383,
        "emission": 2.4042645009934897e-09
    },
    "XGBoost": {
        "MSE": 0.3885680054438872,
        "MAE": 0.4677215402664312,
        "R2": -0.3491813381090627,
        "emission": 1.6419721941043272e-07
    },
    "CatBoost": {
        "MSE": 0.3723628546555715,
        "MAE": 0.46882014416964407,
        "R2": -0.29291400081282126,
        "emission": 4.161351408859478e-07
    },
    "DNN": {
        "MSE": 0.8927829973006012,
        "MAE": 0.7332304462884865,
        "R2": -2.099910805994009,
        "emission": 1.8238464789058876e-06
    }
}