{
    "Linear-SVR": {
        "MSE": 0.10294049712770532,
        "MAE": 0.26669068282571406,
        "R2": -0.26043937768058356,
        "emission": 2.9772070029498143e-09
    },
    "RBF-SVR": {
        "MSE": 0.1123383739402682,
        "MAE": 0.2805857260676493,
        "R2": -0.3755102616539763,
        "emission": 3.5231176202751057e-09
    },
    "DecisionTree": {
        "MSE": 0.16010936721941726,
        "MAE": 0.3059892609965822,
        "R2": -0.9604349775824021,
        "emission": 3.4518200678142524e-09
    },
    "ExtraTrees": {
        "MSE": 0.1840515572853067,
        "MAE": 0.36989385980839645,
        "R2": -1.2535915096469625,
        "emission": 2.3187464415558426e-07
    },
    "RandomForest": {
        "MSE": 0.16613681015239648,
        "MAE": 0.37574311416041606,
        "R2": -1.034237092701631,
        "emission": 2.9414686694286666e-07
    },
    "KNeighbors": {
        "MSE": 0.3571317625502183,
        "MAE": 0.561119814778893,
        "R2": -3.372845955662438,
        "emission": 3.97447923519066e-09
    },
    "PLS": {
        "MSE": 0.1036085707301321,
        "MAE": 0.2573415290888732,
        "R2": -0.26861950405633817,
        "emission": 8.567275448515196e-08
    },
    "PLS-SKLEARN": {
        "MSE": 0.09743066854260354,
        "MAE": 0.2548672411472346,
        "R2": -0.19297511330738137,
        "emission": 3.25434501768748e-07
    },
    "XGBoost": {
        "MSE": 0.2368749915327779,
        "MAE": 0.3983955405385914,
        "R2": -1.900380076319955,
        "emission": 7.027270956257246e-07
    },
    "CatBoost": {
        "MSE": 0.08104634084903733,
        "MAE": 0.24155005247369762,
        "R2": 0.007640313837619539,
        "emission": 2.116107538373994e-06
    },
    "DNN": {
        "MSE": 0.3728416041768806,
        "MAE": 0.47397239442576333,
        "R2": -3.565202739978389,
        "emission": 9.163502856713268e-06
    }
}