{
    "Linear-SVR": {
        "MSE": 0.965873621872488,
        "MAE": 0.779533868184048,
        "R2": 0.3125051198042268,
        "emission": 5.728803460766606e-10
    },
    "RBF-SVR": {
        "MSE": 0.9646590943078044,
        "MAE": 0.7021193626207438,
        "R2": 0.3133696029660693,
        "emission": 5.479128684263085e-10
    },
    "DecisionTree": {
        "MSE": 1.5689451291741008,
        "MAE": 0.896998060498064,
        "R2": -0.11675246035209508,
        "emission": 6.037156040452996e-10
    },
    "ExtraTrees": {
        "MSE": 1.08301049404232,
        "MAE": 0.7583924882207345,
        "R2": 0.22912878766795308,
        "emission": 6.350074015650985e-08
    },
    "RandomForest": {
        "MSE": 1.0840106627930195,
        "MAE": 0.7438328173457753,
        "R2": 0.22841688201087063,
        "emission": 6.451934587673558e-08
    },
    "KNeighbors": {
        "MSE": 1.3438735503781822,
        "MAE": 0.9094136105324422,
        "R2": 0.04345023552419969,
        "emission": 5.452867773663548e-10
    },
    "PLS": {
        "MSE": 0.9664158914901347,
        "MAE": 0.7799046188037239,
        "R2": 0.3121191401301002,
        "emission": 1.3520865627101255e-08
    },
    "PLS-SKLEARN": {
        "MSE": 0.9716559582444684,
        "MAE": 0.7856205093159786,
        "R2": 0.3083893363711939,
        "emission": 3.2470784699882895e-09
    },
    "XGBoost": {
        "MSE": 1.2528459849712343,
        "MAE": 0.8828470436871926,
        "R2": 0.10824234057479631,
        "emission": 3.192854022710907e-07
    },
    "CatBoost": {
        "MSE": 0.9653472448308875,
        "MAE": 0.7172080659631663,
        "R2": 0.31287978737248634,
        "emission": 5.615779080847789e-07
    },
    "DNN": {
        "MSE": 1.518579273942239,
        "MAE": 0.9802310468575303,
        "R2": -0.0809027727485987,
        "emission": 2.0532294087363745e-06
    }
}