{
    "Linear-SVR": {
        "MSE": 0.4788658337397813,
        "MAE": 0.5360953313076358,
        "R2": -0.014074263840228918,
        "emission": 9.191171068092192e-09
    },
    "RBF-SVR": {
        "MSE": 0.41736527885824853,
        "MAE": 0.5019735556922386,
        "R2": 0.116162903907149,
        "emission": 1.1559567159957242e-08
    },
    "DecisionTree": {
        "MSE": 0.4663554949722392,
        "MAE": 0.48756298683514643,
        "R2": 0.01241836036102284,
        "emission": 6.059472584098486e-09
    },
    "ExtraTrees": {
        "MSE": 0.3750284128755058,
        "MAE": 0.49138976611043694,
        "R2": 0.20581792454092895,
        "emission": 6.367045987346546e-07
    },
    "RandomForest": {
        "MSE": 0.3604095271069021,
        "MAE": 0.4612525791099036,
        "R2": 0.23677573104841299,
        "emission": 4.558548889107233e-07
    },
    "KNeighbors": {
        "MSE": 0.44884221977570127,
        "MAE": 0.5109923263959136,
        "R2": 0.04950549500511037,
        "emission": 4.967524919615966e-09
    },
    "PLS": {
        "MSE": 0.4405048740883773,
        "MAE": 0.5161796029072058,
        "R2": 0.0671611452824048,
        "emission": 6.927518324504494e-07
    },
    "PLS-SKLEARN": {
        "MSE": 0.46550829951199485,
        "MAE": 0.5270715556304127,
        "R2": 0.014212430958974287,
        "emission": 1.199998262815243e-06
    },
    "XGBoost": {
        "MSE": 0.38190457648764786,
        "MAE": 0.49234972835740265,
        "R2": 0.19125655878515635,
        "emission": 1.9195345921803504e-06
    },
    "CatBoost": {
        "MSE": 0.3482640356500452,
        "MAE": 0.46589447133884515,
        "R2": 0.262495733270962,
        "emission": 2.3616925372680462e-06
    },
    "DNN": {
        "MSE": 0.5075938035919008,
        "MAE": 0.5371945628267603,
        "R2": -0.07491029102533608,
        "emission": 1.3130161081289838e-05
    }
}