{
    "Linear-SVR": {
        "MSE": 0.4788658337397813,
        "MAE": 0.5360953313076358,
        "R2": -0.014074263840228918,
        "emission": 1.892857853422184e-09
    },
    "RBF-SVR": {
        "MSE": 0.41736527885824853,
        "MAE": 0.5019735556922386,
        "R2": 0.116162903907149,
        "emission": 2.534077431267425e-09
    },
    "DecisionTree": {
        "MSE": 0.4663554949722392,
        "MAE": 0.48756298683514643,
        "R2": 0.01241836036102284,
        "emission": 1.0409457783576637e-09
    },
    "ExtraTrees": {
        "MSE": 0.3750284128755058,
        "MAE": 0.49138976611043694,
        "R2": 0.20581792454092895,
        "emission": 1.436418922120133e-07
    },
    "RandomForest": {
        "MSE": 0.3604095271069021,
        "MAE": 0.4612525791099036,
        "R2": 0.23677573104841299,
        "emission": 1.1879058778871901e-07
    },
    "KNeighbors": {
        "MSE": 0.44884221977570127,
        "MAE": 0.5109923263959136,
        "R2": 0.04950549500511037,
        "emission": 1.0064351299267036e-09
    },
    "PLS": {
        "MSE": 0.4405048740883773,
        "MAE": 0.5161796029072058,
        "R2": 0.0671611452824048,
        "emission": 5.1130099926221194e-08
    },
    "PLS-SKLEARN": {
        "MSE": 0.46550829951199485,
        "MAE": 0.5270715556304126,
        "R2": 0.014212430958974287,
        "emission": 6.9768724080864036e-09
    },
    "XGBoost": {
        "MSE": 0.38190457648764786,
        "MAE": 0.49234972835740265,
        "R2": 0.19125655878515635,
        "emission": 8.08621121060796e-07
    },
    "CatBoost": {
        "MSE": 0.3482640356500452,
        "MAE": 0.46589447133884515,
        "R2": 0.262495733270962,
        "emission": 7.246184411695057e-07
    },
    "DNN": {
        "MSE": 0.6688732580300453,
        "MAE": 0.6497162070895707,
        "R2": -0.41644508534267066,
        "emission": 3.302666099978438e-06
    }
}