{
    "Linear-SVR": {
        "MSE": 0.5925169520467758,
        "MAE": 0.5496677041782451,
        "R2": -0.43250165411536057,
        "emission": 4.801015211551034e-10
    },
    "RBF-SVR": {
        "MSE": 0.5273563185635592,
        "MAE": 0.5605428628689908,
        "R2": -0.27496571370813405,
        "emission": 4.906652791739249e-10
    },
    "DecisionTree": {
        "MSE": 0.5120398303262012,
        "MAE": 0.4834220477123291,
        "R2": -0.23793572720823386,
        "emission": 3.5059987391342043e-10
    },
    "ExtraTrees": {
        "MSE": 0.47647857657441156,
        "MAE": 0.5160324120605894,
        "R2": -0.15196087932264457,
        "emission": 5.4360593529445175e-08
    },
    "RandomForest": {
        "MSE": 0.33656361384442957,
        "MAE": 0.47760974407341006,
        "R2": 0.18630524935744353,
        "emission": 5.801616427456508e-08
    },
    "KNeighbors": {
        "MSE": 1.4599760485652031,
        "MAE": 1.101464512875608,
        "R2": -2.5297185967657447,
        "emission": 4.038066530062188e-10
    },
    "PLS": {
        "MSE": 0.42932122669202255,
        "MAE": 0.5170495438774403,
        "R2": -0.03795067003349972,
        "emission": 7.320811075247545e-09
    },
    "PLS-SKLEARN": {
        "MSE": 0.4293212266920224,
        "MAE": 0.5170495438774402,
        "R2": -0.03795067003349928,
        "emission": 2.7137909239739497e-09
    },
    "XGBoost": {
        "MSE": 0.4972557479270116,
        "MAE": 0.5239829345672409,
        "R2": -0.20219291441906528,
        "emission": 1.9879545987487569e-07
    },
    "CatBoost": {
        "MSE": 0.4495028238349659,
        "MAE": 0.5004851578550169,
        "R2": -0.08674281208123302,
        "emission": 5.101105045881202e-07
    },
    "DNN": {
        "MSE": 1.225374066530138,
        "MAE": 0.8114580454196519,
        "R2": -1.9625319092573639,
        "emission": 2.0029124403304044e-06
    }
}