{
    "Linear-SVR": {
        "MSE": 0.592393860475519,
        "MAE": 0.62331911661771,
        "R2": -0.027982044835635822,
        "emission": 5.178237950062649e-10
    },
    "RBF-SVR": {
        "MSE": 0.4622904657060653,
        "MAE": 0.5614567341864742,
        "R2": 0.19778659106447927,
        "emission": 5.911015454585644e-10
    },
    "DecisionTree": {
        "MSE": 0.5995231913007637,
        "MAE": 0.6237122267008998,
        "R2": -0.040353584395755204,
        "emission": 4.941515022568168e-10
    },
    "ExtraTrees": {
        "MSE": 0.4987373307289317,
        "MAE": 0.5912844381461293,
        "R2": 0.13454028597282985,
        "emission": 6.322647103244151e-08
    },
    "RandomForest": {
        "MSE": 0.44627722886841364,
        "MAE": 0.5690664545391401,
        "R2": 0.22557438740590807,
        "emission": 6.574584626603685e-08
    },
    "KNeighbors": {
        "MSE": 0.8375102967630169,
        "MAE": 0.8024985977925075,
        "R2": -0.4533330017064301,
        "emission": 4.081201936547584e-10
    },
    "PLS": {
        "MSE": 0.5037033091134915,
        "MAE": 0.5821895099356664,
        "R2": 0.12592281547731943,
        "emission": 1.2931932154124194e-08
    },
    "PLS-SKLEARN": {
        "MSE": 0.5037033091134918,
        "MAE": 0.5821895099356666,
        "R2": 0.12592281547731887,
        "emission": 3.1815683537102993e-09
    },
    "XGBoost": {
        "MSE": 0.5610164331381026,
        "MAE": 0.621885882910272,
        "R2": 0.02646725666473304,
        "emission": 3.331262860962986e-07
    },
    "CatBoost": {
        "MSE": 0.5040602766061111,
        "MAE": 0.5779782586571556,
        "R2": 0.12530336919759544,
        "emission": 5.252461214577574e-07
    },
    "DNN": {
        "MSE": 0.5218119850356445,
        "MAE": 0.6404130376993543,
        "R2": 0.09449880023047341,
        "emission": 2.069319970811677e-06
    }
}