{
    "Linear-SVR": {
        "MSE": 0.5925169520467758,
        "MAE": 0.5496677041782451,
        "R2": -0.43250165411536057,
        "emission": 3.263077546919889e-09
    },
    "RBF-SVR": {
        "MSE": 0.5273563185635592,
        "MAE": 0.5605428628689908,
        "R2": -0.27496571370813405,
        "emission": 4.851314938140329e-09
    },
    "DecisionTree": {
        "MSE": 0.5120398303262012,
        "MAE": 0.4834220477123291,
        "R2": -0.23793572720823386,
        "emission": 4.940481372763313e-09
    },
    "ExtraTrees": {
        "MSE": 0.47647857657441156,
        "MAE": 0.5160324120605894,
        "R2": -0.15196087932264457,
        "emission": 2.6366837996227625e-07
    },
    "RandomForest": {
        "MSE": 0.33656361384442957,
        "MAE": 0.47760974407341006,
        "R2": 0.18630524935744353,
        "emission": 3.1336823117145963e-07
    },
    "KNeighbors": {
        "MSE": 1.4599760485652031,
        "MAE": 1.101464512875608,
        "R2": -2.5297185967657447,
        "emission": 5.781189434974484e-09
    },
    "PLS": {
        "MSE": 0.42932122669202255,
        "MAE": 0.5170495438774403,
        "R2": -0.03795067003349972,
        "emission": 1.4283263771065283e-07
    },
    "PLS-SKLEARN": {
        "MSE": 0.4293212266920224,
        "MAE": 0.5170495438774402,
        "R2": -0.03795067003349928,
        "emission": 5.75736993979232e-07
    },
    "XGBoost": {
        "MSE": 0.4972557479270116,
        "MAE": 0.5239829345672409,
        "R2": -0.20219291441906528,
        "emission": 7.950404232856194e-07
    },
    "CatBoost": {
        "MSE": 0.4495028238349659,
        "MAE": 0.5004851578550169,
        "R2": -0.08674281208123302,
        "emission": 1.8345259567072728e-06
    },
    "DNN": {
        "MSE": 0.8416066820262628,
        "MAE": 0.7477722005226616,
        "R2": -1.034714719895451,
        "emission": 1.083858404999209e-05
    }
}