{
    "Linear-SVR": {
        "MSE": 0.6714634781172841,
        "MAE": 0.6176777097726964,
        "R2": 0.15770183674906835,
        "emission": 4.5095995009261103e-10
    },
    "RBF-SVR": {
        "MSE": 0.7445919952034051,
        "MAE": 0.6270114255544457,
        "R2": 0.06596785920554937,
        "emission": 4.09919776447999e-10
    },
    "DecisionTree": {
        "MSE": 0.7714581139358911,
        "MAE": 0.5668591796769278,
        "R2": 0.032266424653212056,
        "emission": 4.820307927477629e-10
    },
    "ExtraTrees": {
        "MSE": 0.6448586358441293,
        "MAE": 0.6198288967205855,
        "R2": 0.19107552051678756,
        "emission": 4.869147971124438e-08
    },
    "RandomForest": {
        "MSE": 0.774834410686253,
        "MAE": 0.6887302737081252,
        "R2": 0.028031125721699413,
        "emission": 5.496918665607738e-08
    },
    "KNeighbors": {
        "MSE": 0.5703066011622326,
        "MAE": 0.533791583238708,
        "R2": 0.2845951890105264,
        "emission": 4.3320576994835536e-10
    },
    "PLS": {
        "MSE": 0.5546793537480996,
        "MAE": 0.5555236040286866,
        "R2": 0.30419834275240865,
        "emission": 5.050299933122508e-09
    },
    "PLS-SKLEARN": {
        "MSE": 0.5546793537480996,
        "MAE": 0.5555236040286867,
        "R2": 0.30419834275240865,
        "emission": 2.4011575689924946e-09
    },
    "XGBoost": {
        "MSE": 0.6162271796325449,
        "MAE": 0.6531447599913495,
        "R2": 0.2269914321994846,
        "emission": 1.5813122506941543e-07
    },
    "CatBoost": {
        "MSE": 0.723666026171831,
        "MAE": 0.6143539953197948,
        "R2": 0.09221784279209089,
        "emission": 4.496940231232981e-07
    },
    "DNN": {
        "MSE": 1.1349878327850582,
        "MAE": 0.7675466280574688,
        "R2": -0.42375303798731156,
        "emission": 1.9516157767451558e-06
    }
}