{
    "Linear-SVR": {
        "MSE": 0.8453004558500431,
        "MAE": 0.7220055532146811,
        "R2": 0.26997006077305297,
        "emission": 1.9238399078647967e-09
    },
    "RBF-SVR": {
        "MSE": 0.7556102179515674,
        "MAE": 0.692546292156465,
        "R2": 0.3474295705475162,
        "emission": 2.3139869220831887e-09
    },
    "DecisionTree": {
        "MSE": 1.157277394601688,
        "MAE": 0.8681339813941592,
        "R2": 0.0005362706208377199,
        "emission": 1.0095800664895617e-09
    },
    "ExtraTrees": {
        "MSE": 0.8742186713320599,
        "MAE": 0.7283427300717966,
        "R2": 0.24499531605975589,
        "emission": 1.3736067702287683e-07
    },
    "RandomForest": {
        "MSE": 0.7538395923830861,
        "MAE": 0.6939344198914815,
        "R2": 0.3489587424144025,
        "emission": 1.1039629892608978e-07
    },
    "KNeighbors": {
        "MSE": 0.8506536566719379,
        "MAE": 0.7315246512852893,
        "R2": 0.26534685627383425,
        "emission": 9.560556168210186e-10
    },
    "PLS": {
        "MSE": 0.7323373436652743,
        "MAE": 0.6769729950255698,
        "R2": 0.3675288084969075,
        "emission": 5.11279971348035e-08
    },
    "PLS-SKLEARN": {
        "MSE": 0.7093805181482398,
        "MAE": 0.6402838714567044,
        "R2": 0.38735509608620156,
        "emission": 6.803121030136983e-09
    },
    "XGBoost": {
        "MSE": 0.9471494965099369,
        "MAE": 0.7362641757547334,
        "R2": 0.1820097994852543,
        "emission": 8.015065441985898e-07
    },
    "CatBoost": {
        "MSE": 0.6870269779446676,
        "MAE": 0.6553576938210852,
        "R2": 0.4066603661631123,
        "emission": 6.910327654103504e-07
    },
    "DNN": {
        "MSE": 1.0808594678442807,
        "MAE": 0.8317827414627799,
        "R2": 0.06653336554782319,
        "emission": 3.4861589985936713e-06
    }
}