{
    "Linear-SVR": {
        "MSE": 0.6002957068545126,
        "MAE": 0.5930510053050038,
        "R2": 0.26851497929735957,
        "emission": 1.5490034895839667e-08
    },
    "RBF-SVR": {
        "MSE": 0.48486863422572896,
        "MAE": 0.5380711348400538,
        "R2": 0.4091676170680544,
        "emission": 2.2829802605901977e-08
    },
    "DecisionTree": {
        "MSE": 0.619101865682858,
        "MAE": 0.6073155858500414,
        "R2": 0.24559890089997838,
        "emission": 7.699406800605998e-09
    },
    "ExtraTrees": {
        "MSE": 0.5572904521892803,
        "MAE": 0.5803516592803324,
        "R2": 0.3209186517539807,
        "emission": 7.077468681545807e-07
    },
    "RandomForest": {
        "MSE": 0.4768092683380745,
        "MAE": 0.5375224465723076,
        "R2": 0.41898828604147065,
        "emission": 6.094672832903734e-07
    },
    "KNeighbors": {
        "MSE": 0.4676887093646345,
        "MAE": 0.5402876212004895,
        "R2": 0.43010206245753835,
        "emission": 9.048245584222443e-09
    },
    "PLS": {
        "MSE": 0.4677954323654755,
        "MAE": 0.5330274071218976,
        "R2": 0.4299720160894098,
        "emission": 1.1013187873527755e-06
    },
    "PLS-SKLEARN": {
        "MSE": 0.4677954323654759,
        "MAE": 0.5330274071218979,
        "R2": 0.4299720160894094,
        "emission": 1.649359895471561e-06
    },
    "XGBoost": {
        "MSE": 0.48084287964907807,
        "MAE": 0.541055872393205,
        "R2": 0.4140731646777076,
        "emission": 4.611404023975879e-06
    },
    "CatBoost": {
        "MSE": 0.3958701169687728,
        "MAE": 0.489974211498974,
        "R2": 0.5176159725949194,
        "emission": 2.4645903679551656e-06
    },
    "DNN": {
        "MSE": 0.49039726317892784,
        "MAE": 0.5658100738524932,
        "R2": 0.40243075518796767,
        "emission": 1.5198164419880249e-05
    }
}