{
    "Linear-SVR": {
        "MSE": 0.5898480016497426,
        "MAE": 0.595622016511368,
        "R2": 0.1812231077919474,
        "emission": 1.0718834157380007e-08
    },
    "RBF-SVR": {
        "MSE": 0.5208174202308492,
        "MAE": 0.5860057304028216,
        "R2": 0.2770454972268428,
        "emission": 1.626585090980391e-08
    },
    "DecisionTree": {
        "MSE": 0.7951378457413495,
        "MAE": 0.6983571941294269,
        "R2": -0.1037428157630722,
        "emission": 7.183044726073106e-09
    },
    "ExtraTrees": {
        "MSE": 0.8051856661884628,
        "MAE": 0.7215661582740326,
        "R2": -0.11769034661193856,
        "emission": 6.309794613298671e-07
    },
    "RandomForest": {
        "MSE": 0.5936194682324442,
        "MAE": 0.6159011679203842,
        "R2": 0.1759878782429548,
        "emission": 4.995273223649742e-07
    },
    "KNeighbors": {
        "MSE": 0.767515744757771,
        "MAE": 0.714115020814166,
        "R2": -0.06540016149224992,
        "emission": 7.828026122142372e-09
    },
    "PLS": {
        "MSE": 0.6326081157946737,
        "MAE": 0.6235900522185951,
        "R2": 0.12186714952451871,
        "emission": 8.437050571705404e-07
    },
    "PLS-SKLEARN": {
        "MSE": 0.6167108942416905,
        "MAE": 0.621908958426058,
        "R2": 0.14393432212066104,
        "emission": 1.1586985595485004e-06
    },
    "XGBoost": {
        "MSE": 0.5889539236034553,
        "MAE": 0.6137129788821615,
        "R2": 0.18246419098979327,
        "emission": 1.977290732740119e-06
    },
    "CatBoost": {
        "MSE": 0.5888694830715131,
        "MAE": 0.5995978175050726,
        "R2": 0.1825814041635715,
        "emission": 2.3428424465211686e-06
    },
    "DNN": {
        "MSE": 0.6437328098851952,
        "MAE": 0.6170463571050054,
        "R2": 0.10642479415715866,
        "emission": 1.3492743693180193e-05
    }
}