{
    "Linear-SVR": {
        "MSE": 0.6002957068545126,
        "MAE": 0.5930510053050038,
        "R2": 0.26851497929735957,
        "emission": 3.7004943230685573e-09
    },
    "RBF-SVR": {
        "MSE": 0.48486863422572896,
        "MAE": 0.5380711348400538,
        "R2": 0.4091676170680544,
        "emission": 4.4223080747512825e-09
    },
    "DecisionTree": {
        "MSE": 0.619101865682858,
        "MAE": 0.6073155858500414,
        "R2": 0.24559890089997838,
        "emission": 1.4385874287527982e-09
    },
    "ExtraTrees": {
        "MSE": 0.5572904521892803,
        "MAE": 0.5803516592803324,
        "R2": 0.3209186517539807,
        "emission": 2.321039314672398e-07
    },
    "RandomForest": {
        "MSE": 0.4768092683380745,
        "MAE": 0.5375224465723076,
        "R2": 0.41898828604147065,
        "emission": 1.6168178806567645e-07
    },
    "KNeighbors": {
        "MSE": 0.4678584933529643,
        "MAE": 0.5405708542557818,
        "R2": 0.4298951736812232,
        "emission": 1.4138973187804393e-09
    },
    "PLS": {
        "MSE": 0.4677954323654755,
        "MAE": 0.5330274071218976,
        "R2": 0.4299720160894098,
        "emission": 8.57882986287799e-08
    },
    "PLS-SKLEARN": {
        "MSE": 0.4677954323654759,
        "MAE": 0.5330274071218979,
        "R2": 0.4299720160894094,
        "emission": 1.0436497750146319e-08
    },
    "XGBoost": {
        "MSE": 0.48084287964907807,
        "MAE": 0.541055872393205,
        "R2": 0.4140731646777076,
        "emission": 1.1807526871534769e-06
    },
    "CatBoost": {
        "MSE": 0.3958701169687728,
        "MAE": 0.489974211498974,
        "R2": 0.5176159725949194,
        "emission": 7.327846206480483e-07
    },
    "DNN": {
        "MSE": 0.606098699851215,
        "MAE": 0.6339641249405136,
        "R2": 0.2614437935403058,
        "emission": 4.447391737871392e-06
    }
}