{
    "Linear-SVR": {
        "MSE": 0.5898480016497426,
        "MAE": 0.595622016511368,
        "R2": 0.1812231077919474,
        "emission": 2.6385840532906137e-09
    },
    "RBF-SVR": {
        "MSE": 0.5208174202308492,
        "MAE": 0.5860057304028216,
        "R2": 0.2770454972268428,
        "emission": 3.176671331893237e-09
    },
    "DecisionTree": {
        "MSE": 0.7951378457413495,
        "MAE": 0.6983571941294269,
        "R2": -0.1037428157630722,
        "emission": 1.0906939167134015e-09
    },
    "ExtraTrees": {
        "MSE": 0.8051856661884628,
        "MAE": 0.7215661582740326,
        "R2": -0.11769034661193856,
        "emission": 1.7071997570420734e-07
    },
    "RandomForest": {
        "MSE": 0.5936194682324442,
        "MAE": 0.6159011679203842,
        "R2": 0.1759878782429548,
        "emission": 1.310252552104794e-07
    },
    "KNeighbors": {
        "MSE": 0.767515744757771,
        "MAE": 0.714115020814166,
        "R2": -0.06540016149224992,
        "emission": 2.792371261710678e-09
    },
    "PLS": {
        "MSE": 0.6326081157946737,
        "MAE": 0.6235900522185951,
        "R2": 0.12186714952451871,
        "emission": 6.308464345566916e-08
    },
    "PLS-SKLEARN": {
        "MSE": 0.6167108942416905,
        "MAE": 0.621908958426058,
        "R2": 0.14393432212066104,
        "emission": 8.139713158531136e-09
    },
    "XGBoost": {
        "MSE": 0.5889539236034553,
        "MAE": 0.6137129788821615,
        "R2": 0.18246419098979327,
        "emission": 8.86954231006719e-07
    },
    "CatBoost": {
        "MSE": 0.5888694830715131,
        "MAE": 0.5995978175050726,
        "R2": 0.1825814041635715,
        "emission": 6.854204763501556e-07
    },
    "DNN": {
        "MSE": 0.7681345124134038,
        "MAE": 0.7105545235203354,
        "R2": -0.06625908219158427,
        "emission": 4.0874343416179164e-06
    }
}