{
    "Linear-SVR": {
        "MSE": 0.737252184635433,
        "MAE": 0.6479202673384756,
        "R2": 0.006382697660777703,
        "emission": 3.457893836205807e-09
    },
    "RBF-SVR": {
        "MSE": 0.7511200261870359,
        "MAE": 0.6554330180201287,
        "R2": -0.01230741624995324,
        "emission": 4.025534486246295e-09
    },
    "DecisionTree": {
        "MSE": 1.1590239491157228,
        "MAE": 0.7759884589264925,
        "R2": -0.5620520002072145,
        "emission": 4.555329069868405e-09
    },
    "ExtraTrees": {
        "MSE": 0.9461712634645784,
        "MAE": 0.7568140879002608,
        "R2": -0.27518393020355436,
        "emission": 3.068517457829313e-07
    },
    "RandomForest": {
        "MSE": 0.7894912560535944,
        "MAE": 0.690461394016409,
        "R2": -0.06402149550534575,
        "emission": 3.471334810075868e-07
    },
    "KNeighbors": {
        "MSE": 0.6779445991461985,
        "MAE": 0.5857983154478983,
        "R2": 0.0863133432799642,
        "emission": 5.494097118752405e-09
    },
    "PLS": {
        "MSE": 0.6741377923945123,
        "MAE": 0.6466829915797192,
        "R2": 0.09144389308906065,
        "emission": 3.0643678572607126e-07
    },
    "PLS-SKLEARN": {
        "MSE": 0.6741377923945124,
        "MAE": 0.6466829915797192,
        "R2": 0.09144389308906054,
        "emission": 7.183019173618521e-07
    },
    "XGBoost": {
        "MSE": 1.0823238071422436,
        "MAE": 0.7767054894157688,
        "R2": -0.4586808746344777,
        "emission": 1.2151451231681103e-06
    },
    "CatBoost": {
        "MSE": 0.7203332054848344,
        "MAE": 0.662645149871289,
        "R2": 0.029184922967528282,
        "emission": 2.1206397708289214e-06
    },
    "DNN": {
        "MSE": 1.344096564765973,
        "MAE": 0.857105729787872,
        "R2": -0.8114800208107731,
        "emission": 1.0106022231366189e-05
    }
}