{
    "Linear-SVR": {
        "MSE": 0.6557395221914387,
        "MAE": 0.633694532596084,
        "R2": 0.11361714497707753,
        "emission": 2.588538188723633e-09
    },
    "RBF-SVR": {
        "MSE": 0.5666625062106532,
        "MAE": 0.5598102033657436,
        "R2": 0.23402522939160886,
        "emission": 3.038111825930151e-09
    },
    "DecisionTree": {
        "MSE": 0.6486836757119212,
        "MAE": 0.5954266612673833,
        "R2": 0.12315474509948132,
        "emission": 1.1925892717053978e-09
    },
    "ExtraTrees": {
        "MSE": 0.6565531207226025,
        "MAE": 0.6018275934518958,
        "R2": 0.11251737934683859,
        "emission": 1.8176076795591004e-07
    },
    "RandomForest": {
        "MSE": 0.6263912701307505,
        "MAE": 0.5813566038209018,
        "R2": 0.15328806089891922,
        "emission": 1.4166375835773652e-07
    },
    "KNeighbors": {
        "MSE": 0.7994676825155933,
        "MAE": 0.678641893615906,
        "R2": -0.08066453667230689,
        "emission": 3.3376525601146805e-09
    },
    "PLS": {
        "MSE": 0.5670892742217769,
        "MAE": 0.5673308595912777,
        "R2": 0.23344835422192545,
        "emission": 7.01165623851823e-08
    },
    "PLS-SKLEARN": {
        "MSE": 0.6284834582969833,
        "MAE": 0.6113096544460058,
        "R2": 0.1504599871634319,
        "emission": 8.400333477565659e-09
    },
    "XGBoost": {
        "MSE": 0.5598327501980935,
        "MAE": 0.584020568755642,
        "R2": 0.24325721622273833,
        "emission": 1.044131824473019e-06
    },
    "CatBoost": {
        "MSE": 0.5750677162950232,
        "MAE": 0.556414451682835,
        "R2": 0.22266365385815123,
        "emission": 6.926163013769853e-07
    },
    "DNN": {
        "MSE": 1.0547819700554306,
        "MAE": 0.8050977155130646,
        "R2": -0.4257805460923336,
        "emission": 4.276541046656716e-06
    }
}