{
    "Linear-SVR": {
        "MSE": 0.45788067390931275,
        "MAE": 0.5300762347713203,
        "R2": -0.25095984698500207,
        "emission": 4.922075496312169e-10
    },
    "RBF-SVR": {
        "MSE": 0.32930831339069755,
        "MAE": 0.4466489968028248,
        "R2": 0.1003082226359554,
        "emission": 6.53313764837201e-10
    },
    "DecisionTree": {
        "MSE": 0.5951518994035068,
        "MAE": 0.5727111790727812,
        "R2": -0.6259937827341038,
        "emission": 4.803427136871184e-10
    },
    "ExtraTrees": {
        "MSE": 0.50465486211537,
        "MAE": 0.5591587567050743,
        "R2": -0.37874997802837074,
        "emission": 6.118717737228808e-08
    },
    "RandomForest": {
        "MSE": 0.33054864903847186,
        "MAE": 0.4596675950308251,
        "R2": 0.09691954479790121,
        "emission": 6.236823744641554e-08
    },
    "KNeighbors": {
        "MSE": 0.6862222722564403,
        "MAE": 0.7029480594862276,
        "R2": -0.8748039775743794,
        "emission": 5.062886548559001e-10
    },
    "PLS": {
        "MSE": 0.4588757213075633,
        "MAE": 0.5274606699336813,
        "R2": -0.2536783813368251,
        "emission": 1.1926036269442354e-08
    },
    "PLS-SKLEARN": {
        "MSE": 0.441214203480451,
        "MAE": 0.5237490709724926,
        "R2": -0.2054259634090414,
        "emission": 3.07377874855892e-09
    },
    "XGBoost": {
        "MSE": 0.5171832343774089,
        "MAE": 0.5867237094679872,
        "R2": -0.4129783076804656,
        "emission": 2.910435513190053e-07
    },
    "CatBoost": {
        "MSE": 0.33535249339141404,
        "MAE": 0.4673343224353653,
        "R2": 0.08379512889847296,
        "emission": 4.881444930664984e-07
    },
    "DNN": {
        "MSE": 0.5063566523099123,
        "MAE": 0.6134402475702282,
        "R2": -0.3833993797670143,
        "emission": 2.011861814606396e-06
    }
}