{
    "Linear-SVR": {
        "MSE": 0.28239566619162837,
        "MAE": 0.4217716996202609,
        "R2": -0.08570449651302026,
        "emission": 1.2361803509258948e-09
    },
    "RBF-SVR": {
        "MSE": 0.21283281065411516,
        "MAE": 0.38245128434085,
        "R2": 0.18173836500778684,
        "emission": 1.3677986579897427e-09
    },
    "DecisionTree": {
        "MSE": 0.48445803011730015,
        "MAE": 0.5290546496451667,
        "R2": -0.862557838664826,
        "emission": 7.565550679511095e-10
    },
    "ExtraTrees": {
        "MSE": 0.3244558100391965,
        "MAE": 0.4707600748023747,
        "R2": -0.24740983680780326,
        "emission": 1.0020420784120429e-07
    },
    "RandomForest": {
        "MSE": 0.26644723162298317,
        "MAE": 0.43542913823245666,
        "R2": -0.02438879943793859,
        "emission": 8.975840231951601e-08
    },
    "KNeighbors": {
        "MSE": 0.22778099346794617,
        "MAE": 0.3775232866925117,
        "R2": 0.12426825750032222,
        "emission": 6.024854702293907e-10
    },
    "PLS": {
        "MSE": 0.2654432239581718,
        "MAE": 0.41512001621680245,
        "R2": -0.020528769817372394,
        "emission": 3.3102892532553166e-08
    },
    "PLS-SKLEARN": {
        "MSE": 0.2682153422633618,
        "MAE": 0.4249855955646872,
        "R2": -0.03118651591312349,
        "emission": 4.838204193356e-09
    },
    "XGBoost": {
        "MSE": 0.3554305410136651,
        "MAE": 0.4673274297778318,
        "R2": -0.3664959585985017,
        "emission": 5.700118301745536e-07
    },
    "CatBoost": {
        "MSE": 0.22064524226967977,
        "MAE": 0.3823770153049188,
        "R2": 0.15170252115753713,
        "emission": 6.513395850216106e-07
    },
    "DNN": {
        "MSE": 0.47125127562319796,
        "MAE": 0.5438467302402434,
        "R2": -0.8117828642044871,
        "emission": 2.779255317773028e-06
    }
}