{
    "Linear-SVR": {
        "MSE": 0.549907312014868,
        "MAE": 0.5616932726350281,
        "R2": 0.17643966497044528,
        "emission": 1.3260420405839195e-09
    },
    "RBF-SVR": {
        "MSE": 0.4820280362624013,
        "MAE": 0.5356545193509683,
        "R2": 0.2780980314966818,
        "emission": 1.7782516379228388e-09
    },
    "DecisionTree": {
        "MSE": 0.650441651624233,
        "MAE": 0.6266384519073924,
        "R2": 0.025875937953800054,
        "emission": 8.420375919529734e-10
    },
    "ExtraTrees": {
        "MSE": 0.574009603243154,
        "MAE": 0.5877010566913,
        "R2": 0.1403432345261626,
        "emission": 1.2674215189337105e-07
    },
    "RandomForest": {
        "MSE": 0.46975642975481413,
        "MAE": 0.524734569888034,
        "R2": 0.29647641662800384,
        "emission": 1.0581125473656631e-07
    },
    "KNeighbors": {
        "MSE": 0.5538689767335885,
        "MAE": 0.5978807178245824,
        "R2": 0.17050653796569648,
        "emission": 7.259271840059408e-10
    },
    "PLS": {
        "MSE": 0.4837146179485683,
        "MAE": 0.5288961374071441,
        "R2": 0.27557214804656893,
        "emission": 4.319836956544084e-08
    },
    "PLS-SKLEARN": {
        "MSE": 0.4837146179485684,
        "MAE": 0.5288961374071439,
        "R2": 0.2755721480465688,
        "emission": 5.687482615700414e-09
    },
    "XGBoost": {
        "MSE": 0.4936021761367078,
        "MAE": 0.5342728723284768,
        "R2": 0.2607641966770694,
        "emission": 6.68777266299671e-07
    },
    "CatBoost": {
        "MSE": 0.45009121555099674,
        "MAE": 0.5076478064908263,
        "R2": 0.32592772604737374,
        "emission": 7.225614311486904e-07
    },
    "DNN": {
        "MSE": 0.7318820011480951,
        "MAE": 0.696012307589298,
        "R2": -0.09609196476974557,
        "emission": 3.347752037500021e-06
    }
}