{
    "Linear-SVR": {
        "MSE": 0.549907312014868,
        "MAE": 0.5616932726350281,
        "R2": 0.17643966497044528,
        "emission": 6.889743539579836e-09
    },
    "RBF-SVR": {
        "MSE": 0.4820280362624013,
        "MAE": 0.5356545193509683,
        "R2": 0.2780980314966818,
        "emission": 9.7580876015142e-09
    },
    "DecisionTree": {
        "MSE": 0.650441651624233,
        "MAE": 0.6266384519073924,
        "R2": 0.025875937953800054,
        "emission": 7.817165848436383e-09
    },
    "ExtraTrees": {
        "MSE": 0.574009603243154,
        "MAE": 0.5877010566913,
        "R2": 0.1403432345261626,
        "emission": 5.636835016933731e-07
    },
    "RandomForest": {
        "MSE": 0.46975642975481413,
        "MAE": 0.524734569888034,
        "R2": 0.29647641662800384,
        "emission": 5.477561743192017e-07
    },
    "KNeighbors": {
        "MSE": 0.5538689767335885,
        "MAE": 0.5978807178245824,
        "R2": 0.17050653796569648,
        "emission": 7.907679216038212e-09
    },
    "PLS": {
        "MSE": 0.4837146179485683,
        "MAE": 0.5288961374071441,
        "R2": 0.27557214804656893,
        "emission": 5.711054161646783e-07
    },
    "PLS-SKLEARN": {
        "MSE": 0.4837146179485684,
        "MAE": 0.5288961374071439,
        "R2": 0.2755721480465688,
        "emission": 1.1023464100624056e-06
    },
    "XGBoost": {
        "MSE": 0.4936021761367078,
        "MAE": 0.5342728723284768,
        "R2": 0.2607641966770694,
        "emission": 1.7908964901830392e-06
    },
    "CatBoost": {
        "MSE": 0.45009121555099674,
        "MAE": 0.5076478064908263,
        "R2": 0.32592772604737374,
        "emission": 2.3437207139923454e-06
    },
    "DNN": {
        "MSE": 0.6800241152712028,
        "MAE": 0.667731354887776,
        "R2": -0.018427789492252433,
        "emission": 1.2799105817151347e-05
    }
}