{
    "Linear-SVR": {
        "MSE": 0.6689772978088432,
        "MAE": 0.6639210941774873,
        "R2": -0.007838390161382991,
        "emission": 5.26097193315662e-10
    },
    "RBF-SVR": {
        "MSE": 0.5277457850910278,
        "MAE": 0.6085631654693632,
        "R2": 0.2049319697354225,
        "emission": 6.340069095758552e-10
    },
    "DecisionTree": {
        "MSE": 0.9182038680254185,
        "MAE": 0.77688777880595,
        "R2": -0.38330719326610296,
        "emission": 5.610386740289292e-10
    },
    "ExtraTrees": {
        "MSE": 0.8564736500893836,
        "MAE": 0.7674512143906126,
        "R2": -0.290308396935137,
        "emission": 6.718689867754353e-08
    },
    "RandomForest": {
        "MSE": 0.6221489036010177,
        "MAE": 0.6826509703165782,
        "R2": 0.06271027208297208,
        "emission": 6.514721751518327e-08
    },
    "KNeighbors": {
        "MSE": 0.6201810795062128,
        "MAE": 0.6683869987456119,
        "R2": 0.0656748699464943,
        "emission": 5.08683311592769e-10
    },
    "PLS": {
        "MSE": 0.6301456794854264,
        "MAE": 0.6431765153585806,
        "R2": 0.050662841235585065,
        "emission": 1.4375760500194782e-08
    },
    "PLS-SKLEARN": {
        "MSE": 0.7127440277965642,
        "MAE": 0.70945180061427,
        "R2": -0.07377454500240566,
        "emission": 3.1531361444447085e-09
    },
    "XGBoost": {
        "MSE": 0.7496894995276262,
        "MAE": 0.6942488584759412,
        "R2": -0.12943422863463883,
        "emission": 3.383225007886274e-07
    },
    "CatBoost": {
        "MSE": 0.6315814223674489,
        "MAE": 0.6830643932419963,
        "R2": 0.04849984288027065,
        "emission": 6.404302465073649e-07
    },
    "DNN": {
        "MSE": 0.957852004760664,
        "MAE": 0.7796304243606839,
        "R2": -0.4430385390547107,
        "emission": 2.0938432638193397e-06
    }
}