{
    "Linear-SVR": {
        "MSE": 0.4123958505442781,
        "MAE": 0.5116244364072443,
        "R2": -0.15506070102744296,
        "emission": 3.1319812963403885e-09
    },
    "RBF-SVR": {
        "MSE": 0.3506710417787327,
        "MAE": 0.49460709297377037,
        "R2": 0.01782149647628961,
        "emission": 3.066177696828993e-09
    },
    "DecisionTree": {
        "MSE": 0.5498569082025971,
        "MAE": 0.6065277591067305,
        "R2": -0.5400690986949759,
        "emission": 4.307042039133386e-09
    },
    "ExtraTrees": {
        "MSE": 0.3585361098477577,
        "MAE": 0.4634989328915314,
        "R2": -0.004207413430167284,
        "emission": 2.2270265095790234e-07
    },
    "RandomForest": {
        "MSE": 0.35743361189400913,
        "MAE": 0.5278390834669124,
        "R2": -0.0011194772696616617,
        "emission": 3.022004445736852e-07
    },
    "KNeighbors": {
        "MSE": 0.3447935747356666,
        "MAE": 0.4678968956471184,
        "R2": 0.03428342545561813,
        "emission": 4.199948697516016e-09
    },
    "PLS": {
        "MSE": 0.35031242985068317,
        "MAE": 0.4840591323441457,
        "R2": 0.01882591624545804,
        "emission": 6.727088720502273e-08
    },
    "PLS-SKLEARN": {
        "MSE": 0.35031242985068317,
        "MAE": 0.4840591323441457,
        "R2": 0.01882591624545804,
        "emission": 2.954720074354959e-07
    },
    "XGBoost": {
        "MSE": 0.5871545579373522,
        "MAE": 0.5959084991291365,
        "R2": -0.644534382214303,
        "emission": 8.486490281482923e-07
    },
    "CatBoost": {
        "MSE": 0.34832887941681767,
        "MAE": 0.5143566714946662,
        "R2": 0.024381552054208555,
        "emission": 2.036416074130804e-06
    },
    "DNN": {
        "MSE": 0.5602104886891616,
        "MAE": 0.6419051906453065,
        "R2": -0.569067969365405,
        "emission": 1.170423835235372e-05
    }
}