{
    "Linear-SVR": {
        "MSE": 0.4123958505442781,
        "MAE": 0.5116244364072443,
        "R2": -0.15506070102744296,
        "emission": 3.2804263445711e-10
    },
    "RBF-SVR": {
        "MSE": 0.3506710417787327,
        "MAE": 0.49460709297377037,
        "R2": 0.01782149647628961,
        "emission": 3.1357832017595013e-10
    },
    "DecisionTree": {
        "MSE": 0.5498569082025971,
        "MAE": 0.6065277591067305,
        "R2": -0.5400690986949759,
        "emission": 3.9828240452578124e-10
    },
    "ExtraTrees": {
        "MSE": 0.3585361098477577,
        "MAE": 0.4634989328915314,
        "R2": -0.004207413430167284,
        "emission": 4.6220432746466755e-08
    },
    "RandomForest": {
        "MSE": 0.35743361189400913,
        "MAE": 0.5278390834669124,
        "R2": -0.0011194772696616617,
        "emission": 1.4298476449730956e-07
    },
    "KNeighbors": {
        "MSE": 0.3447935747356666,
        "MAE": 0.4678968956471184,
        "R2": 0.03428342545561813,
        "emission": 5.051136367272677e-10
    },
    "PLS": {
        "MSE": 0.35031242985068317,
        "MAE": 0.4840591323441457,
        "R2": 0.01882591624545804,
        "emission": 3.686686886742963e-09
    },
    "PLS-SKLEARN": {
        "MSE": 0.35031242985068317,
        "MAE": 0.4840591323441457,
        "R2": 0.01882591624545804,
        "emission": 1.362553607059284e-09
    },
    "XGBoost": {
        "MSE": 0.5871545579373522,
        "MAE": 0.5959084991291365,
        "R2": -0.644534382214303,
        "emission": 1.3884813438305216e-07
    },
    "CatBoost": {
        "MSE": 0.34832887941681767,
        "MAE": 0.5143566714946662,
        "R2": 0.024381552054208555,
        "emission": 5.378175912982166e-07
    },
    "DNN": {
        "MSE": 0.8532282820066399,
        "MAE": 0.8348826547028338,
        "R2": -1.3897681226674128,
        "emission": 2.2406231592439248e-06
    }
}