{
    "Linear-SVR": {
        "MSE": 0.8066264646716835,
        "MAE": 0.6891861130815968,
        "R2": 0.10440361333676285,
        "emission": 5.783475701286977e-09
    },
    "RBF-SVR": {
        "MSE": 0.6185188371664895,
        "MAE": 0.6347234450910451,
        "R2": 0.3132592843021542,
        "emission": 7.529762559907802e-09
    },
    "DecisionTree": {
        "MSE": 0.7365820561460803,
        "MAE": 0.6715282456779229,
        "R2": 0.18217383527837394,
        "emission": 1.8848409959076527e-09
    },
    "ExtraTrees": {
        "MSE": 0.7363386025759808,
        "MAE": 0.6630333274865343,
        "R2": 0.18244414148236165,
        "emission": 2.7894171375418035e-07
    },
    "RandomForest": {
        "MSE": 0.6470711371869124,
        "MAE": 0.6466587266375323,
        "R2": 0.28155770017470605,
        "emission": 2.047271484529623e-07
    },
    "KNeighbors": {
        "MSE": 0.8430322015756714,
        "MAE": 0.7527099048688408,
        "R2": 0.06398236775031307,
        "emission": 7.357424206747407e-09
    },
    "PLS": {
        "MSE": 0.6747971293032512,
        "MAE": 0.6417038476021628,
        "R2": 0.25077356471226075,
        "emission": 1.1791671142880361e-07
    },
    "PLS-SKLEARN": {
        "MSE": 0.6449337539170926,
        "MAE": 0.6376704919227066,
        "R2": 0.2839308342301876,
        "emission": 1.2822296643137586e-08
    },
    "XGBoost": {
        "MSE": 0.6898636285078162,
        "MAE": 0.6343223322212481,
        "R2": 0.23404524889539124,
        "emission": 1.6821254614436023e-06
    },
    "CatBoost": {
        "MSE": 0.5577386969919371,
        "MAE": 0.5994269776179456,
        "R2": 0.38074340031534537,
        "emission": 8.832738302568123e-07
    },
    "DNN": {
        "MSE": 0.8205560972187057,
        "MAE": 0.7270143392515167,
        "R2": 0.08893755919268342,
        "emission": 5.330408098197701e-06
    }
}