{
    "Linear-SVR": {
        "MSE": 0.4151564046022453,
        "MAE": 0.5195525359052885,
        "R2": 0.20475736619234852,
        "emission": 5.987103913161547e-09
    },
    "RBF-SVR": {
        "MSE": 0.36949167361179874,
        "MAE": 0.4967462093350367,
        "R2": 0.29222931782887207,
        "emission": 9.263189485152223e-09
    },
    "DecisionTree": {
        "MSE": 0.5040827206364232,
        "MAE": 0.5755787764335445,
        "R2": 0.03441674999594169,
        "emission": 5.833209276999396e-09
    },
    "ExtraTrees": {
        "MSE": 0.4422826391893914,
        "MAE": 0.5382547239004357,
        "R2": 0.1527963751074728,
        "emission": 5.322647839745308e-07
    },
    "RandomForest": {
        "MSE": 0.4003392420977069,
        "MAE": 0.5040420540803372,
        "R2": 0.23314001717651067,
        "emission": 5.215785121484124e-07
    },
    "KNeighbors": {
        "MSE": 0.45229105724943125,
        "MAE": 0.5377798275963984,
        "R2": 0.13362499620043267,
        "emission": 7.345766355498353e-09
    },
    "PLS": {
        "MSE": 0.3586972538157095,
        "MAE": 0.48607592956097634,
        "R2": 0.31290630301784406,
        "emission": 4.987380899970937e-07
    },
    "PLS-SKLEARN": {
        "MSE": 0.3586972538157092,
        "MAE": 0.48607592956097617,
        "R2": 0.3129063030178446,
        "emission": 9.307960977056349e-07
    },
    "XGBoost": {
        "MSE": 0.4388810973392135,
        "MAE": 0.5348279135138658,
        "R2": 0.15931211488639818,
        "emission": 1.5830574413771133e-06
    },
    "CatBoost": {
        "MSE": 0.38388321256226315,
        "MAE": 0.4937108136772825,
        "R2": 0.264661959569091,
        "emission": 1.9872206980301172e-06
    },
    "DNN": {
        "MSE": 0.6752857682607273,
        "MAE": 0.6838042389688339,
        "R2": -0.2935270345618073,
        "emission": 1.2300336567248703e-05
    }
}