{
    "Linear-SVR": {
        "MSE": 0.4151564046022453,
        "MAE": 0.5195525359052885,
        "R2": 0.20475736619234852,
        "emission": 1.2556226072573597e-09
    },
    "RBF-SVR": {
        "MSE": 0.36949167361179874,
        "MAE": 0.4967462093350367,
        "R2": 0.29222931782887207,
        "emission": 1.4303172809600204e-09
    },
    "DecisionTree": {
        "MSE": 0.5040827206364232,
        "MAE": 0.5755787764335445,
        "R2": 0.03441674999594169,
        "emission": 7.945966324728076e-10
    },
    "ExtraTrees": {
        "MSE": 0.4422826391893914,
        "MAE": 0.5382547239004357,
        "R2": 0.1527963751074728,
        "emission": 1.124698458900043e-07
    },
    "RandomForest": {
        "MSE": 0.4003392420977069,
        "MAE": 0.5040420540803372,
        "R2": 0.23314001717651067,
        "emission": 9.37603690977099e-08
    },
    "KNeighbors": {
        "MSE": 0.45229105724943125,
        "MAE": 0.5377798275963984,
        "R2": 0.13362499620043267,
        "emission": 6.152793691487776e-10
    },
    "PLS": {
        "MSE": 0.3586972538157095,
        "MAE": 0.48607592956097634,
        "R2": 0.31290630301784406,
        "emission": 3.519203101053811e-08
    },
    "PLS-SKLEARN": {
        "MSE": 0.35869725381570916,
        "MAE": 0.48607592956097617,
        "R2": 0.3129063030178446,
        "emission": 4.881604106722848e-09
    },
    "XGBoost": {
        "MSE": 0.4388810973392135,
        "MAE": 0.5348279135138658,
        "R2": 0.15931211488639818,
        "emission": 6.036063005248349e-07
    },
    "CatBoost": {
        "MSE": 0.38388321256226315,
        "MAE": 0.4937108136772825,
        "R2": 0.264661959569091,
        "emission": 5.702446242122636e-07
    },
    "DNN": {
        "MSE": 0.6602079406609668,
        "MAE": 0.6585178354714416,
        "R2": -0.2646450729694785,
        "emission": 2.8862334572901483e-06
    }
}