{
    "Linear-SVR": {
        "MSE": 0.4431456622227226,
        "MAE": 0.5810972012158607,
        "R2": -1.1054643942244002,
        "emission": 2.8308820536783823e-09
    },
    "RBF-SVR": {
        "MSE": 0.2929010243548579,
        "MAE": 0.4277205091530039,
        "R2": -0.39162521577625364,
        "emission": 3.4410409855086206e-09
    },
    "DecisionTree": {
        "MSE": 0.46992502379435475,
        "MAE": 0.5480821224549914,
        "R2": -1.2326979363656632,
        "emission": 3.7114557557935947e-09
    },
    "ExtraTrees": {
        "MSE": 0.19443535736031914,
        "MAE": 0.38614404546757,
        "R2": 0.07620280011970748,
        "emission": 2.229734836855747e-07
    },
    "RandomForest": {
        "MSE": 0.29728623310435764,
        "MAE": 0.46006229969944684,
        "R2": -0.4124601277936766,
        "emission": 7.443293766147727e-07
    },
    "KNeighbors": {
        "MSE": 0.2543459488474664,
        "MAE": 0.39404191271145805,
        "R2": -0.20844314807805486,
        "emission": 3.317703484049266e-09
    },
    "PLS": {
        "MSE": 0.5426005563128024,
        "MAE": 0.6564143471573235,
        "R2": -1.5779924051897405,
        "emission": 9.190024796191898e-08
    },
    "PLS-SKLEARN": {
        "MSE": 0.5621950701057306,
        "MAE": 0.6595477637391903,
        "R2": -1.6710894489613533,
        "emission": 4.2274377061434845e-07
    },
    "XGBoost": {
        "MSE": 0.9799702145121955,
        "MAE": 0.9019638786088167,
        "R2": -3.6560139700044623,
        "emission": 2.5023324145395255e-06
    },
    "CatBoost": {
        "MSE": 0.24362764566982278,
        "MAE": 0.39330025487545256,
        "R2": -0.15751857038087103,
        "emission": 2.1009682967367167e-06
    },
    "DNN": {
        "MSE": 0.5839888200167022,
        "MAE": 0.6174362161792329,
        "R2": -1.7746354573415957,
        "emission": 9.341678482308853e-06
    }
}