{
    "Linear-SVR": {
        "MSE": 0.4431456622227226,
        "MAE": 0.5810972012158607,
        "R2": -1.1054643942244002,
        "emission": 2.974020088389036e-10
    },
    "RBF-SVR": {
        "MSE": 0.2929010243548579,
        "MAE": 0.4277205091530039,
        "R2": -0.39162521577625364,
        "emission": 4.0545562899891256e-10
    },
    "DecisionTree": {
        "MSE": 0.46992502379435475,
        "MAE": 0.5480821224549914,
        "R2": -1.2326979363656632,
        "emission": 3.8570326352380473e-10
    },
    "ExtraTrees": {
        "MSE": 0.19443535736031914,
        "MAE": 0.38614404546757,
        "R2": 0.07620280011970748,
        "emission": 4.7851527363024036e-08
    },
    "RandomForest": {
        "MSE": 0.29728623310435764,
        "MAE": 0.46006229969944684,
        "R2": -0.4124601277936766,
        "emission": 5.559892143203408e-08
    },
    "KNeighbors": {
        "MSE": 0.2543459488474664,
        "MAE": 0.39404191271145805,
        "R2": -0.20844314807805486,
        "emission": 4.6123863233390426e-10
    },
    "PLS": {
        "MSE": 0.4025389889877239,
        "MAE": 0.5458749387658254,
        "R2": -0.9125348183477782,
        "emission": 4.693497604958972e-09
    },
    "PLS-SKLEARN": {
        "MSE": 0.4085313649594706,
        "MAE": 0.5366471110434817,
        "R2": -0.9410056696295797,
        "emission": 2.548785338222756e-09
    },
    "XGBoost": {
        "MSE": 0.9799702145121955,
        "MAE": 0.9019638786088167,
        "R2": -3.6560139700044623,
        "emission": 1.5618527307712503e-07
    },
    "CatBoost": {
        "MSE": 0.24362764566982278,
        "MAE": 0.39330025487545256,
        "R2": -0.15751857038087103,
        "emission": 5.414451878824782e-07
    },
    "DNN": {
        "MSE": 0.566495787028558,
        "MAE": 0.6331418534265865,
        "R2": -1.6915229251805122,
        "emission": 1.8749192348969674e-06
    }
}