{
    "Linear-SVR": {
        "MSE": 0.5701301117492492,
        "MAE": 0.5846549957975948,
        "R2": 0.4470965066358936,
        "emission": 2.4957905961504763e-09
    },
    "RBF-SVR": {
        "MSE": 0.6089996429598712,
        "MAE": 0.6021107185019264,
        "R2": 0.4094014276549921,
        "emission": 3.323400908761214e-09
    },
    "DecisionTree": {
        "MSE": 0.6506460555637776,
        "MAE": 0.6254768084697758,
        "R2": 0.3690133714196636,
        "emission": 1.1772554285783925e-09
    },
    "ExtraTrees": {
        "MSE": 0.7137048708679675,
        "MAE": 0.6599370497374318,
        "R2": 0.3078598933791583,
        "emission": 1.68519813712923e-07
    },
    "RandomForest": {
        "MSE": 0.5923326913212927,
        "MAE": 0.6028681520652807,
        "R2": 0.42556478334309455,
        "emission": 1.338667408325641e-07
    },
    "KNeighbors": {
        "MSE": 0.8090407201077948,
        "MAE": 0.7093239853301674,
        "R2": 0.2154046397427436,
        "emission": 2.6980087277475618e-09
    },
    "PLS": {
        "MSE": 0.5622075336424907,
        "MAE": 0.5868945249812979,
        "R2": 0.4547797021405775,
        "emission": 6.719852745764258e-08
    },
    "PLS-SKLEARN": {
        "MSE": 0.5622075336424911,
        "MAE": 0.5868945249812979,
        "R2": 0.45477970214057706,
        "emission": 8.053696569069242e-09
    },
    "XGBoost": {
        "MSE": 0.4701872879276965,
        "MAE": 0.5640611437839292,
        "R2": 0.5440195340095353,
        "emission": 9.731859660336272e-07
    },
    "CatBoost": {
        "MSE": 0.48709318497626314,
        "MAE": 0.5494793207053278,
        "R2": 0.5276244527044498,
        "emission": 7.381358236249627e-07
    },
    "DNN": {
        "MSE": 0.7804655717945234,
        "MAE": 0.6646331764120433,
        "R2": 0.24311638308029593,
        "emission": 3.906382953239221e-06
    }
}