{
    "Linear-SVR": {
        "MSE": 0.5701301117492492,
        "MAE": 0.5846549957975948,
        "R2": 0.4470965066358936,
        "emission": 1.0029944491104659e-08
    },
    "RBF-SVR": {
        "MSE": 0.6089996429598712,
        "MAE": 0.6021107185019264,
        "R2": 0.4094014276549921,
        "emission": 1.626507953487614e-08
    },
    "DecisionTree": {
        "MSE": 0.6506460555637776,
        "MAE": 0.6254768084697758,
        "R2": 0.3690133714196636,
        "emission": 9.085577359970456e-09
    },
    "ExtraTrees": {
        "MSE": 0.7137048708679675,
        "MAE": 0.6599370497374318,
        "R2": 0.3078598933791583,
        "emission": 7.833692260419171e-07
    },
    "RandomForest": {
        "MSE": 0.5923326913212927,
        "MAE": 0.6028681520652807,
        "R2": 0.42556478334309455,
        "emission": 5.762813097321364e-07
    },
    "KNeighbors": {
        "MSE": 0.8090407201077948,
        "MAE": 0.7093239853301674,
        "R2": 0.2154046397427436,
        "emission": 6.6359010829359635e-09
    },
    "PLS": {
        "MSE": 0.5622075336424907,
        "MAE": 0.5868945249812979,
        "R2": 0.4547797021405775,
        "emission": 8.935828608466664e-07
    },
    "PLS-SKLEARN": {
        "MSE": 0.5622075336424911,
        "MAE": 0.5868945249812979,
        "R2": 0.45477970214057706,
        "emission": 1.3100373283592847e-06
    },
    "XGBoost": {
        "MSE": 0.4701872879276965,
        "MAE": 0.5640611437839292,
        "R2": 0.5440195340095353,
        "emission": 2.1892021544813126e-06
    },
    "CatBoost": {
        "MSE": 0.48709318497626314,
        "MAE": 0.5494793207053278,
        "R2": 0.5276244527044498,
        "emission": 2.4905920174683017e-06
    },
    "DNN": {
        "MSE": 0.7853345274395425,
        "MAE": 0.6731886996554298,
        "R2": 0.23839454410058258,
        "emission": 1.5399828012111773e-05
    }
}