{
    "Linear-SVR": {
        "MSE": 1.148018731566347,
        "MAE": 0.9282684753670282,
        "R2": -0.1425102211134801,
        "emission": 4.060177460668527e-10
    },
    "RBF-SVR": {
        "MSE": 1.0894297918294311,
        "MAE": 0.8721078861370054,
        "R2": -0.08420240726596728,
        "emission": 4.618709947264223e-10
    },
    "DecisionTree": {
        "MSE": 0.9092515930188483,
        "MAE": 0.7390820638524995,
        "R2": 0.09511124686059913,
        "emission": 4.5145306344461045e-10
    },
    "ExtraTrees": {
        "MSE": 0.9398653349893807,
        "MAE": 0.8128558609086083,
        "R2": 0.06464439806611799,
        "emission": 5.264499122914856e-08
    },
    "RandomForest": {
        "MSE": 0.9884410841486972,
        "MAE": 0.8316205788038274,
        "R2": 0.01630172874656577,
        "emission": 5.8447061429398234e-08
    },
    "KNeighbors": {
        "MSE": 2.010166183668205,
        "MAE": 1.2414331145723856,
        "R2": -1.000520851993496,
        "emission": 5.10386287324443e-10
    },
    "PLS": {
        "MSE": 1.155225585852705,
        "MAE": 0.9343623329639602,
        "R2": -0.14968249492560237,
        "emission": 8.617224900888034e-09
    },
    "PLS-SKLEARN": {
        "MSE": 1.1169674549465793,
        "MAE": 0.9120018381682528,
        "R2": -0.11160793708166539,
        "emission": 2.7747458031529396e-09
    },
    "XGBoost": {
        "MSE": 1.409060604314434,
        "MAE": 0.9527459739288487,
        "R2": -0.4022995429709495,
        "emission": 2.1002314537833756e-07
    },
    "CatBoost": {
        "MSE": 0.9846633045196654,
        "MAE": 0.8058527803841435,
        "R2": 0.020061381547173185,
        "emission": 5.877129826554845e-07
    },
    "DNN": {
        "MSE": 1.8269709877229168,
        "MAE": 1.1245872586221513,
        "R2": -0.8182046771164464,
        "emission": 2.0622872299277606e-06
    }
}