{
    "Linear-SVR": {
        "MSE": 0.36499417920098903,
        "MAE": 0.5091641449298363,
        "R2": 0.31857063287054654,
        "emission": 2.8621350307161967e-09
    },
    "RBF-SVR": {
        "MSE": 0.4489316902353115,
        "MAE": 0.5775820877793645,
        "R2": 0.16186269536932052,
        "emission": 4.079196180353224e-09
    },
    "DecisionTree": {
        "MSE": 0.6434015400885338,
        "MAE": 0.6267965676681091,
        "R2": -0.20120464724237763,
        "emission": 3.077545642969657e-09
    },
    "ExtraTrees": {
        "MSE": 0.5152814839446777,
        "MAE": 0.5636207797271785,
        "R2": 0.03799031462199309,
        "emission": 2.393037746061933e-07
    },
    "RandomForest": {
        "MSE": 0.4946947496091408,
        "MAE": 0.5948117356552919,
        "R2": 0.07642491481270508,
        "emission": 2.943405648079315e-07
    },
    "KNeighbors": {
        "MSE": 0.5691639996428703,
        "MAE": 0.6618863380393942,
        "R2": -0.06260616242851746,
        "emission": 4.391220997699682e-09
    },
    "PLS": {
        "MSE": 0.3716748172485503,
        "MAE": 0.5020691685839617,
        "R2": 0.3060981518936272,
        "emission": 1.4192953603437579e-07
    },
    "PLS-SKLEARN": {
        "MSE": 0.37950246346555677,
        "MAE": 0.5080880909549856,
        "R2": 0.2914842530653099,
        "emission": 4.5098564674427464e-07
    },
    "XGBoost": {
        "MSE": 0.5798439175501128,
        "MAE": 0.5623580429213128,
        "R2": -0.08254513711698586,
        "emission": 8.225551822135306e-07
    },
    "CatBoost": {
        "MSE": 0.4746007767892145,
        "MAE": 0.5378351889289145,
        "R2": 0.11393954918789817,
        "emission": 1.8028440689991811e-06
    },
    "DNN": {
        "MSE": 0.7823832055297532,
        "MAE": 0.6954820770949359,
        "R2": -0.46067779427044675,
        "emission": 1.0851261835664426e-05
    }
}