{
    "Linear-SVR": {
        "MSE": 0.7794201336360776,
        "MAE": 0.6886075255229539,
        "R2": 0.1492085771326388,
        "emission": 9.543965938756398e-10
    },
    "RBF-SVR": {
        "MSE": 0.7884179057710409,
        "MAE": 0.7335887936847909,
        "R2": 0.13938688145532907,
        "emission": 1.0832910173288893e-09
    },
    "DecisionTree": {
        "MSE": 0.9876092790145938,
        "MAE": 0.7285819556065938,
        "R2": -0.07804439155296361,
        "emission": 7.636355861230964e-10
    },
    "ExtraTrees": {
        "MSE": 0.9893150260023308,
        "MAE": 0.7320799976626907,
        "R2": -0.07990633332752162,
        "emission": 8.823786639407095e-08
    },
    "RandomForest": {
        "MSE": 0.707963288793819,
        "MAE": 0.6576633967708111,
        "R2": 0.227208705783849,
        "emission": 7.989136043846154e-08
    },
    "KNeighbors": {
        "MSE": 1.260124347142029,
        "MAE": 0.9284864011690516,
        "R2": -0.37551359020365194,
        "emission": 5.60167382669894e-10
    },
    "PLS": {
        "MSE": 0.6970655877381898,
        "MAE": 0.6609323514739386,
        "R2": 0.23910430635532576,
        "emission": 2.75885016823123e-08
    },
    "PLS-SKLEARN": {
        "MSE": 0.5916194612721427,
        "MAE": 0.607247907266716,
        "R2": 0.3542061058859345,
        "emission": 4.4126911028821706e-09
    },
    "XGBoost": {
        "MSE": 0.6903854705402224,
        "MAE": 0.6010038126660395,
        "R2": 0.24639612006466105,
        "emission": 5.289381820195633e-07
    },
    "CatBoost": {
        "MSE": 0.5910703206268573,
        "MAE": 0.5628692531935373,
        "R2": 0.3548055311904581,
        "emission": 6.093802151932412e-07
    },
    "DNN": {
        "MSE": 0.8116475621177617,
        "MAE": 0.7358399512720305,
        "R2": 0.11403009180743118,
        "emission": 2.6124322298665114e-06
    }
}