{
    "Linear-SVR": {
        "MSE": 0.9373246823531577,
        "MAE": 0.7773415149554558,
        "R2": 0.14995448682377432,
        "emission": 6.830746279332218e-09
    },
    "RBF-SVR": {
        "MSE": 0.7297539979940384,
        "MAE": 0.6814305848672926,
        "R2": 0.3381971867422521,
        "emission": 6.838200856183001e-09
    },
    "DecisionTree": {
        "MSE": 1.3586143843542458,
        "MAE": 0.8021775765692478,
        "R2": -0.23210674305264778,
        "emission": 4.616048896670149e-09
    },
    "ExtraTrees": {
        "MSE": 0.6409404964516516,
        "MAE": 0.6165288877949091,
        "R2": 0.418740801902416,
        "emission": 2.938528173548557e-07
    },
    "RandomForest": {
        "MSE": 0.6652610271989153,
        "MAE": 0.610645531539876,
        "R2": 0.3966848820818957,
        "emission": 3.8930080823983255e-07
    },
    "KNeighbors": {
        "MSE": 0.9961501429597946,
        "MAE": 0.7666847406012982,
        "R2": 0.09660657036470854,
        "emission": 3.0821360281174736e-09
    },
    "PLS": {
        "MSE": 0.9930184628643949,
        "MAE": 0.7651349076380899,
        "R2": 0.0994466434620207,
        "emission": 6.217014068422494e-08
    },
    "PLS-SKLEARN": {
        "MSE": 0.9685546559302916,
        "MAE": 0.7668782539897995,
        "R2": 0.12163249827951805,
        "emission": 4.84301922991424e-07
    },
    "XGBoost": {
        "MSE": 0.7289116264645767,
        "MAE": 0.6591822467845281,
        "R2": 0.3389611206837424,
        "emission": 1.6963215251634458e-06
    },
    "CatBoost": {
        "MSE": 0.6519412929235775,
        "MAE": 0.6323936402313972,
        "R2": 0.4087643467227132,
        "emission": 2.065092458421051e-06
    },
    "DNN": {
        "MSE": 1.1669036053892559,
        "MAE": 0.8198641422420286,
        "R2": -0.058247150368510026,
        "emission": 1.050800883831511e-05
    }
}