{
    "Linear-SVR": {
        "MSE": 0.7169940448769612,
        "MAE": 0.6617054131616157,
        "R2": 0.38867578259293734,
        "emission": 3.338681582341707e-09
    },
    "RBF-SVR": {
        "MSE": 0.6868274812908404,
        "MAE": 0.6623438092181866,
        "R2": 0.4143964297976298,
        "emission": 3.7111013306631727e-09
    },
    "DecisionTree": {
        "MSE": 0.7258630449104393,
        "MAE": 0.7145709125022952,
        "R2": 0.38111388644695254,
        "emission": 4.3648323464830415e-09
    },
    "ExtraTrees": {
        "MSE": 0.6699429048205398,
        "MAE": 0.6706081884755951,
        "R2": 0.4287925751641195,
        "emission": 2.5895197831590957e-07
    },
    "RandomForest": {
        "MSE": 0.6444415637004689,
        "MAE": 0.6617782820330945,
        "R2": 0.45053555547817936,
        "emission": 4.0692637462222784e-07
    },
    "KNeighbors": {
        "MSE": 0.7174885635603747,
        "MAE": 0.689075769250261,
        "R2": 0.3882541455524473,
        "emission": 4.3247690904975235e-09
    },
    "PLS": {
        "MSE": 0.7649192541001442,
        "MAE": 0.7155260117942054,
        "R2": 0.3478137402485555,
        "emission": 6.37329560689595e-08
    },
    "PLS-SKLEARN": {
        "MSE": 0.7649192541001439,
        "MAE": 0.7155260117942055,
        "R2": 0.3478137402485556,
        "emission": 2.2972297824505918e-07
    },
    "XGBoost": {
        "MSE": 0.7499756889782738,
        "MAE": 0.670154873574406,
        "R2": 0.36055493847561537,
        "emission": 7.143969924897984e-07
    },
    "CatBoost": {
        "MSE": 0.7388974218133678,
        "MAE": 0.6825753558690295,
        "R2": 0.37000050228915393,
        "emission": 2.2640509618907834e-06
    },
    "DNN": {
        "MSE": 1.1508294827283327,
        "MAE": 0.811204729967504,
        "R2": 0.018778554822444837,
        "emission": 8.573115870005252e-06
    }
}