{
    "Linear-SVR": {
        "MSE": 0.4414578875275392,
        "MAE": 0.5389631543081053,
        "R2": 0.43429943613798294,
        "emission": 4.648033083699089e-09
    },
    "RBF-SVR": {
        "MSE": 0.4043828488849736,
        "MAE": 0.5195143873727445,
        "R2": 0.4818087702281958,
        "emission": 4.490743930758097e-09
    },
    "DecisionTree": {
        "MSE": 0.5372428443377408,
        "MAE": 0.5989680084147003,
        "R2": 0.31155702829358856,
        "emission": 5.908907363373649e-09
    },
    "ExtraTrees": {
        "MSE": 0.35018948693396784,
        "MAE": 0.48681335026481515,
        "R2": 0.5512541607839367,
        "emission": 2.645529637305456e-07
    },
    "RandomForest": {
        "MSE": 0.39496546250150133,
        "MAE": 0.5243609805348641,
        "R2": 0.4938765595638307,
        "emission": 4.305763582506071e-07
    },
    "KNeighbors": {
        "MSE": 0.4415518527216151,
        "MAE": 0.5463103155389885,
        "R2": 0.4341790256418202,
        "emission": 5.900993551717529e-09
    },
    "PLS": {
        "MSE": 0.4704445166384096,
        "MAE": 0.581331323617055,
        "R2": 0.3971548909938992,
        "emission": 7.354602892904338e-08
    },
    "PLS-SKLEARN": {
        "MSE": 0.4704445166384096,
        "MAE": 0.581331323617055,
        "R2": 0.3971548909938992,
        "emission": 2.44208008391505e-07
    },
    "XGBoost": {
        "MSE": 0.4146851591486955,
        "MAE": 0.5346301603479482,
        "R2": 0.46860700650411824,
        "emission": 7.645642328957318e-07
    },
    "CatBoost": {
        "MSE": 0.37312727527743966,
        "MAE": 0.48525778307279516,
        "R2": 0.5218608252784291,
        "emission": 2.3280524375891537e-06
    },
    "DNN": {
        "MSE": 0.565452674407317,
        "MAE": 0.5901824658230305,
        "R2": 0.27540790234595136,
        "emission": 9.04192708110424e-06
    }
}