{
    "Linear-SVR": {
        "MSE": 0.6814987132470958,
        "MAE": 0.7282013120647303,
        "R2": 0.04720320260922095,
        "emission": 3.758626267671615e-09
    },
    "RBF-SVR": {
        "MSE": 0.3446420552905834,
        "MAE": 0.47564695988265593,
        "R2": 0.5181592567321799,
        "emission": 3.479951534356968e-09
    },
    "DecisionTree": {
        "MSE": 0.968301790468833,
        "MAE": 0.7078459908988818,
        "R2": -0.3537734216263291,
        "emission": 3.275326654018899e-09
    },
    "ExtraTrees": {
        "MSE": 0.35191086646065145,
        "MAE": 0.47747975960340944,
        "R2": 0.5079968017354848,
        "emission": 2.32910251083806e-07
    },
    "RandomForest": {
        "MSE": 0.34623014780305894,
        "MAE": 0.47458218414802705,
        "R2": 0.515938959862304,
        "emission": 3.4599669704478913e-07
    },
    "KNeighbors": {
        "MSE": 0.4451268154362751,
        "MAE": 0.5407092575957063,
        "R2": 0.37767247987940844,
        "emission": 2.9015190999928683e-09
    },
    "PLS": {
        "MSE": 0.45165195049330314,
        "MAE": 0.5815196708296114,
        "R2": 0.3685497513048286,
        "emission": 4.5699080958081776e-08
    },
    "PLS-SKLEARN": {
        "MSE": 0.4516519504933032,
        "MAE": 0.5815196708296114,
        "R2": 0.3685497513048286,
        "emission": 2.307419548833646e-07
    },
    "XGBoost": {
        "MSE": 0.43864212703878674,
        "MAE": 0.5452089416654394,
        "R2": 0.3867386603682391,
        "emission": 6.368436943433046e-07
    },
    "CatBoost": {
        "MSE": 0.3614497515998348,
        "MAE": 0.4641973257126741,
        "R2": 0.4946605781526282,
        "emission": 2.0581729073947793e-06
    },
    "DNN": {
        "MSE": 0.6364143453221719,
        "MAE": 0.6366440185450376,
        "R2": 0.1102352238533757,
        "emission": 8.900998865382867e-06
    }
}