{
    "Linear-SVR": {
        "MSE": 0.6085539071650782,
        "MAE": 0.6120650692315832,
        "R2": -0.08235367347566802,
        "emission": 4.837637696487492e-09
    },
    "RBF-SVR": {
        "MSE": 0.507483778258293,
        "MAE": 0.5607558177506158,
        "R2": 0.09740628535940654,
        "emission": 5.259836484354598e-09
    },
    "DecisionTree": {
        "MSE": 0.6630836324218425,
        "MAE": 0.6768896241642827,
        "R2": -0.17933842330698857,
        "emission": 6.812605776070512e-09
    },
    "ExtraTrees": {
        "MSE": 0.46325977426373205,
        "MAE": 0.5248162657766906,
        "R2": 0.1760616232279899,
        "emission": 3.6781352643009934e-07
    },
    "RandomForest": {
        "MSE": 0.4595670819982504,
        "MAE": 0.5309755697645058,
        "R2": 0.18262932247616026,
        "emission": 8.611310711649061e-07
    },
    "KNeighbors": {
        "MSE": 0.5660205771320487,
        "MAE": 0.5910803196432182,
        "R2": -0.006705311901818778,
        "emission": 6.085750968657675e-09
    },
    "PLS": {
        "MSE": 0.577366540993396,
        "MAE": 0.6109862479571325,
        "R2": -0.026884864641294026,
        "emission": 1.4872346301251662e-07
    },
    "PLS-SKLEARN": {
        "MSE": 0.5731763883397526,
        "MAE": 0.6164771392187766,
        "R2": -0.019432398945655294,
        "emission": 5.81136943920389e-07
    },
    "XGBoost": {
        "MSE": 0.4745566576869728,
        "MAE": 0.5191585384746767,
        "R2": 0.15596936331804856,
        "emission": 1.0212025766584337e-06
    },
    "CatBoost": {
        "MSE": 0.4508918439830909,
        "MAE": 0.5189258124310495,
        "R2": 0.1980588113405487,
        "emission": 2.765132455139397e-06
    },
    "DNN": {
        "MSE": 0.6582126952976435,
        "MAE": 0.6587149487365732,
        "R2": -0.17067513706796733,
        "emission": 1.053193063129977e-05
    }
}