{
    "Linear-SVR": {
        "MSE": 0.8352303097224402,
        "MAE": 0.7258579458126547,
        "R2": 0.25942419530214134,
        "emission": 3.817017082029636e-09
    },
    "RBF-SVR": {
        "MSE": 0.5616521644768411,
        "MAE": 0.5677985971601789,
        "R2": 0.5019984322576179,
        "emission": 3.6081973066369146e-09
    },
    "DecisionTree": {
        "MSE": 1.0327497837550157,
        "MAE": 0.7062828301352125,
        "R2": 0.08428909577039312,
        "emission": 5.216355382348741e-09
    },
    "ExtraTrees": {
        "MSE": 0.5783286740518334,
        "MAE": 0.5741454757699661,
        "R2": 0.48721182866542334,
        "emission": 2.8882250328613307e-07
    },
    "RandomForest": {
        "MSE": 0.5718083526362693,
        "MAE": 0.5722915890735533,
        "R2": 0.4929932188077719,
        "emission": 5.032161388269435e-07
    },
    "KNeighbors": {
        "MSE": 0.6435334459473522,
        "MAE": 0.6589826084168393,
        "R2": 0.42939654603671773,
        "emission": 5.887459698881515e-09
    },
    "PLS": {
        "MSE": 0.7220763640252558,
        "MAE": 0.6368666318606441,
        "R2": 0.35975469506247426,
        "emission": 8.200445115127445e-08
    },
    "PLS-SKLEARN": {
        "MSE": 0.7220763640252561,
        "MAE": 0.6368666318606441,
        "R2": 0.35975469506247393,
        "emission": 5.475181078864518e-07
    },
    "XGBoost": {
        "MSE": 0.5993319566328402,
        "MAE": 0.6213053938399125,
        "R2": 0.46858879413510957,
        "emission": 7.634101422685058e-07
    },
    "CatBoost": {
        "MSE": 0.581294104145656,
        "MAE": 0.6221153173747577,
        "R2": 0.48458246314498654,
        "emission": 2.146707070192232e-06
    },
    "DNN": {
        "MSE": 0.7348783578338846,
        "MAE": 0.6799109642646498,
        "R2": 0.34840351831972305,
        "emission": 9.124146709240233e-06
    }
}