{
    "Linear-SVR": {
        "MSE": 0.7842805125625002,
        "MAE": 0.7284464615042213,
        "R2": -0.12957785585884873,
        "emission": 7.724490939787918e-09
    },
    "RBF-SVR": {
        "MSE": 0.5453843912036711,
        "MAE": 0.5971047446221855,
        "R2": 0.2144977194169002,
        "emission": 7.0831065843047505e-09
    },
    "DecisionTree": {
        "MSE": 0.9091863793463192,
        "MAE": 0.7252426396146041,
        "R2": -0.3094763729402783,
        "emission": 6.138890694095465e-09
    },
    "ExtraTrees": {
        "MSE": 0.5647727510273713,
        "MAE": 0.6182282217197302,
        "R2": 0.18657319296561992,
        "emission": 4.0557052444471865e-07
    },
    "RandomForest": {
        "MSE": 0.594137377298239,
        "MAE": 0.6271575652612779,
        "R2": 0.14428012173684857,
        "emission": 1.0171876716006089e-06
    },
    "KNeighbors": {
        "MSE": 0.7217246779596383,
        "MAE": 0.6850420708727343,
        "R2": -0.039480391507367374,
        "emission": 5.305683956280932e-09
    },
    "PLS": {
        "MSE": 0.7834968187451153,
        "MAE": 0.7328156772355928,
        "R2": -0.12844912300407074,
        "emission": 1.7247622118868656e-07
    },
    "PLS-SKLEARN": {
        "MSE": 0.7713718654374012,
        "MAE": 0.7222006627264336,
        "R2": -0.11098588307864299,
        "emission": 5.164942802966376e-07
    },
    "XGBoost": {
        "MSE": 0.5757881919175905,
        "MAE": 0.6007495427970648,
        "R2": 0.1707079535483368,
        "emission": 1.0706854571398962e-06
    },
    "CatBoost": {
        "MSE": 0.5891609616499646,
        "MAE": 0.6121437591836082,
        "R2": 0.15144751762110142,
        "emission": 2.9824180746690397e-06
    },
    "DNN": {
        "MSE": 0.8957650395767947,
        "MAE": 0.7800148337231315,
        "R2": -0.2901459829117432,
        "emission": 1.2876655080304578e-05
    }
}