{
    "Linear-SVR": {
        "MSE": 0.361451772902213,
        "MAE": 0.4347653618254624,
        "R2": -0.022241923926337615,
        "emission": 2.8037430808633588e-09
    },
    "RBF-SVR": {
        "MSE": 0.3203775265992215,
        "MAE": 0.395239589731292,
        "R2": 0.09392244352844215,
        "emission": 3.5780800640682364e-09
    },
    "DecisionTree": {
        "MSE": 0.6785128909170389,
        "MAE": 0.5853123382047567,
        "R2": -0.9189401602617191,
        "emission": 3.6387096645555085e-09
    },
    "ExtraTrees": {
        "MSE": 0.3081842508785151,
        "MAE": 0.4104355508656259,
        "R2": 0.12840692684309818,
        "emission": 2.701921977859115e-07
    },
    "RandomForest": {
        "MSE": 0.2986824775163615,
        "MAE": 0.4004284419450143,
        "R2": 0.15527942218168844,
        "emission": 4.121565917427384e-07
    },
    "KNeighbors": {
        "MSE": 0.3317957772002359,
        "MAE": 0.4058868586640711,
        "R2": 0.06162985199255322,
        "emission": 4.848440295596499e-09
    },
    "PLS": {
        "MSE": 0.350399754584459,
        "MAE": 0.44325458126969297,
        "R2": 0.009014905657581562,
        "emission": 6.754895693515208e-08
    },
    "PLS-SKLEARN": {
        "MSE": 0.35039975458445916,
        "MAE": 0.44325458126969325,
        "R2": 0.009014905657581118,
        "emission": 2.306719738914474e-07
    },
    "XGBoost": {
        "MSE": 0.3321962066070336,
        "MAE": 0.43208187587653135,
        "R2": 0.0604973752476895,
        "emission": 7.428357581469233e-07
    },
    "CatBoost": {
        "MSE": 0.3075014680341121,
        "MAE": 0.40061426905200664,
        "R2": 0.1303379430970294,
        "emission": 2.293730462427117e-06
    },
    "DNN": {
        "MSE": 0.9366700547185283,
        "MAE": 0.8000744292016111,
        "R2": -1.6490488375020336,
        "emission": 7.686986273865365e-06
    }
}