{
    "Linear-SVR": {
        "MSE": 0.3383561726256868,
        "MAE": 0.4457712810190591,
        "R2": 0.3696456345889564,
        "emission": 4.358919741379653e-09
    },
    "RBF-SVR": {
        "MSE": 0.30515381140822007,
        "MAE": 0.431328782075567,
        "R2": 0.43150132107746,
        "emission": 4.3321719689529716e-09
    },
    "DecisionTree": {
        "MSE": 0.5274077282536894,
        "MAE": 0.5375533223933623,
        "R2": 0.017444365573853093,
        "emission": 5.316936374715354e-09
    },
    "ExtraTrees": {
        "MSE": 0.291083172947195,
        "MAE": 0.43408218837104445,
        "R2": 0.45771478811487,
        "emission": 3.4662467074821434e-07
    },
    "RandomForest": {
        "MSE": 0.2776018304713306,
        "MAE": 0.43172441163760106,
        "R2": 0.48283040227765217,
        "emission": 7.19502004411072e-07
    },
    "KNeighbors": {
        "MSE": 0.4759017025779496,
        "MAE": 0.5259527503498778,
        "R2": 0.11339960669662463,
        "emission": 6.645988290245336e-09
    },
    "PLS": {
        "MSE": 0.3640843486615839,
        "MAE": 0.5033821190437665,
        "R2": 0.32171428475591257,
        "emission": 1.265069550872772e-07
    },
    "PLS-SKLEARN": {
        "MSE": 0.41436089955714495,
        "MAE": 0.5439779506237261,
        "R2": 0.2280495435783152,
        "emission": 5.552480609443181e-07
    },
    "XGBoost": {
        "MSE": 0.30745819458373325,
        "MAE": 0.423589583837081,
        "R2": 0.4272082769074885,
        "emission": 1.0019810619124014e-06
    },
    "CatBoost": {
        "MSE": 0.2792634468101855,
        "MAE": 0.4216992014012424,
        "R2": 0.4797348266754472,
        "emission": 2.4417024414036994e-06
    },
    "DNN": {
        "MSE": 30.735252016367117,
        "MAE": 1.1649875516211605,
        "R2": -56.25948526424129,
        "emission": 1.0115161265295394e-05
    }
}