{
    "Linear-SVR": {
        "MSE": 0.6444700541016738,
        "MAE": 0.6285298602809767,
        "R2": -0.14238633466019346,
        "emission": 6.218722109219677e-09
    },
    "RBF-SVR": {
        "MSE": 0.5693315696258423,
        "MAE": 0.5304131132556665,
        "R2": -0.009196006690781022,
        "emission": 4.28698205481213e-09
    },
    "DecisionTree": {
        "MSE": 0.8273496641502451,
        "MAE": 0.6740458352444267,
        "R2": -0.46655836729045297,
        "emission": 6.59674722970684e-09
    },
    "ExtraTrees": {
        "MSE": 0.5421666786171724,
        "MAE": 0.5417159425579431,
        "R2": 0.038956425021650976,
        "emission": 3.783767099929618e-07
    },
    "RandomForest": {
        "MSE": 0.5681234420737374,
        "MAE": 0.5733757257085202,
        "R2": -0.007054482197490275,
        "emission": 6.01188147851103e-07
    },
    "KNeighbors": {
        "MSE": 0.7009271268748342,
        "MAE": 0.6113719277039694,
        "R2": -0.24246202944305684,
        "emission": 6.121498500207055e-09
    },
    "PLS": {
        "MSE": 0.6647783547966096,
        "MAE": 0.622025069993877,
        "R2": -0.17838478803504132,
        "emission": 9.358337606738038e-08
    },
    "PLS-SKLEARN": {
        "MSE": 0.7206527452994997,
        "MAE": 0.6542695296039563,
        "R2": -0.2774276213858349,
        "emission": 5.170249115419175e-07
    },
    "XGBoost": {
        "MSE": 0.5937230075199919,
        "MAE": 0.5976274751202233,
        "R2": -0.05243222093479183,
        "emission": 1.2248604672328447e-06
    },
    "CatBoost": {
        "MSE": 0.5974803010215421,
        "MAE": 0.5713814563291314,
        "R2": -0.05909239191428228,
        "emission": 2.53446114531948e-06
    },
    "DNN": {
        "MSE": 0.6062017270791936,
        "MAE": 0.6482111635071549,
        "R2": -0.07455197437835515,
        "emission": 1.1313960915669942e-05
    }
}