{
    "Linear-SVR": {
        "MSE": 0.732087226525229,
        "MAE": 0.6877424809580106,
        "R2": 0.3187465414445114,
        "emission": 6.389477317537411e-09
    },
    "RBF-SVR": {
        "MSE": 0.6499888560222724,
        "MAE": 0.6580058115256421,
        "R2": 0.395144266770732,
        "emission": 6.5474998753492315e-09
    },
    "DecisionTree": {
        "MSE": 1.2230070481057198,
        "MAE": 0.9067132997528918,
        "R2": -0.13808539634593342,
        "emission": 7.0714342779276395e-09
    },
    "ExtraTrees": {
        "MSE": 0.5548650297898395,
        "MAE": 0.6152204422161823,
        "R2": 0.48366300233105386,
        "emission": 4.111942210961876e-07
    },
    "RandomForest": {
        "MSE": 0.6484182194876916,
        "MAE": 0.6752376565694195,
        "R2": 0.39660584338694405,
        "emission": 1.0241049311574622e-06
    },
    "KNeighbors": {
        "MSE": 0.9132271397846728,
        "MAE": 0.7646906926784216,
        "R2": 0.15018439759158264,
        "emission": 7.607100264271496e-09
    },
    "PLS": {
        "MSE": 0.7765456200130377,
        "MAE": 0.7042834818777786,
        "R2": 0.27737519493277607,
        "emission": 1.7066749912092736e-07
    },
    "PLS-SKLEARN": {
        "MSE": 0.7765456200130373,
        "MAE": 0.704283481877778,
        "R2": 0.2773751949327765,
        "emission": 5.130923371041489e-07
    },
    "XGBoost": {
        "MSE": 0.6805559935737409,
        "MAE": 0.6547756930866446,
        "R2": 0.36669961233533377,
        "emission": 1.124994338759414e-06
    },
    "CatBoost": {
        "MSE": 0.6025888449443635,
        "MAE": 0.662578050072564,
        "R2": 0.43925297446620926,
        "emission": 2.902817525110884e-06
    },
    "DNN": {
        "MSE": 0.774485740041119,
        "MAE": 0.7161877185476571,
        "R2": 0.27929204350523296,
        "emission": 1.135541587806593e-05
    }
}