{
    "Linear-SVR": {
        "MSE": 0.5941319146982255,
        "MAE": 0.6545060276115559,
        "R2": 0.429350099120429,
        "emission": 3.2140112569659052e-09
    },
    "RBF-SVR": {
        "MSE": 0.5320310181448461,
        "MAE": 0.5936922001187365,
        "R2": 0.48899656749895093,
        "emission": 3.639994430735895e-09
    },
    "DecisionTree": {
        "MSE": 1.104651002046763,
        "MAE": 0.8110612384855198,
        "R2": -0.0609916236273631,
        "emission": 4.858083940851443e-09
    },
    "ExtraTrees": {
        "MSE": 0.5012381895521902,
        "MAE": 0.5781649053596052,
        "R2": 0.5185723639668547,
        "emission": 2.4762778609925894e-07
    },
    "RandomForest": {
        "MSE": 0.6082409355790919,
        "MAE": 0.6456486658567456,
        "R2": 0.41579871235262056,
        "emission": 3.679268875543032e-07
    },
    "KNeighbors": {
        "MSE": 0.6114002410744259,
        "MAE": 0.6561442196277038,
        "R2": 0.41276427282301476,
        "emission": 3.6998323086245965e-09
    },
    "PLS": {
        "MSE": 0.5808375675738777,
        "MAE": 0.6376818467211636,
        "R2": 0.4421190106720344,
        "emission": 4.9443417093876435e-08
    },
    "PLS-SKLEARN": {
        "MSE": 0.5808375675738777,
        "MAE": 0.6376818467211636,
        "R2": 0.4421190106720344,
        "emission": 2.2154320379303222e-07
    },
    "XGBoost": {
        "MSE": 0.6903164010533781,
        "MAE": 0.6652297143320474,
        "R2": 0.33696713458535743,
        "emission": 5.94426923651456e-07
    },
    "CatBoost": {
        "MSE": 0.676438577794259,
        "MAE": 0.6410652145342388,
        "R2": 0.35029646140878345,
        "emission": 2.080282281225545e-06
    },
    "DNN": {
        "MSE": 0.5689351507816494,
        "MAE": 0.6397929679184233,
        "R2": 0.45355100547770366,
        "emission": 7.39798231512155e-06
    }
}