{
    "Linear-SVR": {
        "MSE": 1.0625168288222977,
        "MAE": 0.8076600419397274,
        "R2": 0.2547045250212149,
        "emission": 3.567026938315802e-09
    },
    "RBF-SVR": {
        "MSE": 0.7619225313382312,
        "MAE": 0.7186868868932756,
        "R2": 0.4655544274812259,
        "emission": 4.73140157442417e-09
    },
    "DecisionTree": {
        "MSE": 1.1627748924622832,
        "MAE": 0.7992475586258592,
        "R2": 0.18437916251016795,
        "emission": 4.5606600669594064e-09
    },
    "ExtraTrees": {
        "MSE": 0.7742288929363417,
        "MAE": 0.7314192463549777,
        "R2": 0.45692221068830163,
        "emission": 3.073124053051525e-07
    },
    "RandomForest": {
        "MSE": 0.8033267102408524,
        "MAE": 0.7375893876609984,
        "R2": 0.43651173719693237,
        "emission": 6.304607006810266e-07
    },
    "KNeighbors": {
        "MSE": 0.7726697495223127,
        "MAE": 0.6912015378353662,
        "R2": 0.4580158616308535,
        "emission": 5.650797704347864e-09
    },
    "PLS": {
        "MSE": 0.9572271302638271,
        "MAE": 0.7843190828520985,
        "R2": 0.3285592949117657,
        "emission": 9.806122273544539e-08
    },
    "PLS-SKLEARN": {
        "MSE": 1.042338646743391,
        "MAE": 0.8009238969995344,
        "R2": 0.2688583787661728,
        "emission": 4.5786683884051236e-07
    },
    "XGBoost": {
        "MSE": 0.7425951457077372,
        "MAE": 0.712012516666885,
        "R2": 0.47911149562624844,
        "emission": 7.717021429641471e-07
    },
    "CatBoost": {
        "MSE": 0.7214476650195498,
        "MAE": 0.6860053804672441,
        "R2": 0.4939452575362382,
        "emission": 2.716132695108957e-06
    },
    "DNN": {
        "MSE": 0.8132279917131049,
        "MAE": 0.7191621914250188,
        "R2": 0.42956654811607764,
        "emission": 1.066356034043771e-05
    }
}