{
    "Linear-SVR": {
        "MSE": 0.6257617443402154,
        "MAE": 0.6307745933726385,
        "R2": -0.39660792924505306,
        "emission": 3.736060890401604e-09
    },
    "RBF-SVR": {
        "MSE": 0.43771077465860925,
        "MAE": 0.5035255601553943,
        "R2": 0.023094102294866636,
        "emission": 4.697933139871565e-09
    },
    "DecisionTree": {
        "MSE": 0.5394151297662837,
        "MAE": 0.6110705310001882,
        "R2": -0.20389501947047362,
        "emission": 4.6139864143501805e-09
    },
    "ExtraTrees": {
        "MSE": 0.4946517728330777,
        "MAE": 0.5686264531890032,
        "R2": -0.10398980826511606,
        "emission": 3.0955132894322737e-07
    },
    "RandomForest": {
        "MSE": 0.4794573771801398,
        "MAE": 0.5696275253550109,
        "R2": -0.07007815795904948,
        "emission": 5.995109572773254e-07
    },
    "KNeighbors": {
        "MSE": 0.4858222229860724,
        "MAE": 0.5458326518300095,
        "R2": -0.08428355514318087,
        "emission": 6.748602619311385e-09
    },
    "PLS": {
        "MSE": 0.6212495406116738,
        "MAE": 0.6413120916362914,
        "R2": -0.38653735595953753,
        "emission": 9.372370699129473e-08
    },
    "PLS-SKLEARN": {
        "MSE": 0.5473360114276998,
        "MAE": 0.6038964430618733,
        "R2": -0.2215732592078823,
        "emission": 5.182549801329168e-07
    },
    "XGBoost": {
        "MSE": 0.5059377144714781,
        "MAE": 0.5769574855281028,
        "R2": -0.12917836560942297,
        "emission": 8.135004255305061e-07
    },
    "CatBoost": {
        "MSE": 0.48827529161752314,
        "MAE": 0.5488929720392411,
        "R2": -0.08975844256263898,
        "emission": 2.2477360841761893e-06
    },
    "DNN": {
        "MSE": 0.7171213327196303,
        "MAE": 0.6784161757491655,
        "R2": -0.6005090572658875,
        "emission": 1.0062830573735309e-05
    }
}