{
    "Linear-SVR": {
        "MSE": 0.4087729120205,
        "MAE": 0.43709518365767625,
        "R2": -0.056309256034972055,
        "emission": 4.139119242984307e-09
    },
    "RBF-SVR": {
        "MSE": 0.3352580800523924,
        "MAE": 0.39260536550626524,
        "R2": 0.13366027271861936,
        "emission": 4.8629895196279465e-09
    },
    "DecisionTree": {
        "MSE": 0.5398290899308866,
        "MAE": 0.514334529866768,
        "R2": -0.39497126057690957,
        "emission": 4.735108628286118e-09
    },
    "ExtraTrees": {
        "MSE": 0.3343155845814912,
        "MAE": 0.40447594089245936,
        "R2": 0.13609577336068268,
        "emission": 2.8842430271839006e-07
    },
    "RandomForest": {
        "MSE": 0.3387240921119736,
        "MAE": 0.4132742563543525,
        "R2": 0.12470375795846134,
        "emission": 4.970615746056068e-07
    },
    "KNeighbors": {
        "MSE": 0.3579013982961957,
        "MAE": 0.45494669967417456,
        "R2": 0.07514771979516277,
        "emission": 5.5694236858569944e-09
    },
    "PLS": {
        "MSE": 0.34878839697810676,
        "MAE": 0.4249494274161347,
        "R2": 0.09869660808860603,
        "emission": 8.267687759524172e-08
    },
    "PLS-SKLEARN": {
        "MSE": 0.3487883969781068,
        "MAE": 0.4249494274161346,
        "R2": 0.09869660808860581,
        "emission": 5.436913196306987e-07
    },
    "XGBoost": {
        "MSE": 0.4137702589558506,
        "MAE": 0.4474480840609996,
        "R2": -0.06922289015357586,
        "emission": 7.540230161003832e-07
    },
    "CatBoost": {
        "MSE": 0.3752652631877732,
        "MAE": 0.4382125969856594,
        "R2": 0.030277791612166705,
        "emission": 2.5402578247455376e-06
    },
    "DNN": {
        "MSE": 47.379367450549495,
        "MAE": 1.437285203032769,
        "R2": -121.4329276999344,
        "emission": 1.00949078673903e-05
    }
}