{
    "Linear-SVR": {
        "MSE": 0.7135327652191684,
        "MAE": 0.6517160042800055,
        "R2": 0.3975194273397842,
        "emission": 5.011803757150976e-09
    },
    "RBF-SVR": {
        "MSE": 0.5582982032529337,
        "MAE": 0.5856787135553914,
        "R2": 0.5285937274265469,
        "emission": 5.139027796800699e-09
    },
    "DecisionTree": {
        "MSE": 0.7361789757864474,
        "MAE": 0.7056509538420981,
        "R2": 0.3783978080165745,
        "emission": 5.800072647298106e-09
    },
    "ExtraTrees": {
        "MSE": 0.5411162417203109,
        "MAE": 0.6026374314109673,
        "R2": 0.5431015377587335,
        "emission": 3.474767789535471e-07
    },
    "RandomForest": {
        "MSE": 0.576592271538639,
        "MAE": 0.612008136476183,
        "R2": 0.513146895445858,
        "emission": 6.568887626236912e-07
    },
    "KNeighbors": {
        "MSE": 0.7321681605030829,
        "MAE": 0.6588157448189171,
        "R2": 0.3817843915156709,
        "emission": 5.431559978496105e-09
    },
    "PLS": {
        "MSE": 0.7877659371100897,
        "MAE": 0.7166729632759588,
        "R2": 0.334839693357997,
        "emission": 1.1647643597472742e-07
    },
    "PLS-SKLEARN": {
        "MSE": 0.787765937110089,
        "MAE": 0.7166729632759583,
        "R2": 0.33483969335799757,
        "emission": 5.497224679400593e-07
    },
    "XGBoost": {
        "MSE": 0.4903722560024385,
        "MAE": 0.5592978282005968,
        "R2": 0.5859478751164511,
        "emission": 9.313303705131403e-07
    },
    "CatBoost": {
        "MSE": 0.4936099509411526,
        "MAE": 0.5733254309920691,
        "R2": 0.5832140857295315,
        "emission": 2.3820128289991433e-06
    },
    "DNN": {
        "MSE": 0.6284979923944601,
        "MAE": 0.6245989161545895,
        "R2": 0.4693196320742161,
        "emission": 1.0401816539207037e-05
    }
}