{
    "Linear-SVR": {
        "MSE": 0.33472943060321514,
        "MAE": 0.4581044054367894,
        "R2": 0.32203144814889717,
        "emission": 4.735333337799073e-09
    },
    "RBF-SVR": {
        "MSE": 0.2396165295309036,
        "MAE": 0.40105450824902245,
        "R2": 0.5146752670271673,
        "emission": 4.501411161822933e-09
    },
    "DecisionTree": {
        "MSE": 0.7002236624438507,
        "MAE": 0.610823417382029,
        "R2": -0.4182488272495899,
        "emission": 5.5716060817284095e-09
    },
    "ExtraTrees": {
        "MSE": 0.2463704940592475,
        "MAE": 0.38047419475828564,
        "R2": 0.5009956346677322,
        "emission": 2.61896787348552e-07
    },
    "RandomForest": {
        "MSE": 0.2645106315616295,
        "MAE": 0.4130794490259551,
        "R2": 0.4642541902996441,
        "emission": 4.16211631571391e-07
    },
    "KNeighbors": {
        "MSE": 0.3124822511944709,
        "MAE": 0.45494368340994074,
        "R2": 0.36709138799146557,
        "emission": 6.6998769517830566e-09
    },
    "PLS": {
        "MSE": 0.30254666506448147,
        "MAE": 0.4202606772677177,
        "R2": 0.3872151486306238,
        "emission": 7.059409833729883e-08
    },
    "PLS-SKLEARN": {
        "MSE": 0.3025466650644815,
        "MAE": 0.42026067726771776,
        "R2": 0.38721514863062356,
        "emission": 2.415149058961186e-07
    },
    "XGBoost": {
        "MSE": 0.2629586432508701,
        "MAE": 0.40261993408213553,
        "R2": 0.4673976224909493,
        "emission": 7.077622621739876e-07
    },
    "CatBoost": {
        "MSE": 0.23208493612107076,
        "MAE": 0.38885981853868223,
        "R2": 0.5299299264934527,
        "emission": 2.3487230985784403e-06
    },
    "DNN": {
        "MSE": 0.34198924048976753,
        "MAE": 0.47880485807064516,
        "R2": 0.3073272651715281,
        "emission": 8.25365405708385e-06
    }
}