{
    "Linear-SVR": {
        "MSE": 0.39382076720055886,
        "MAE": 0.47981586100432333,
        "R2": 0.4246151047943024,
        "emission": 4.262352032204423e-09
    },
    "RBF-SVR": {
        "MSE": 0.2682874271976778,
        "MAE": 0.39161876366791143,
        "R2": 0.6080233800760241,
        "emission": 3.7422758310769555e-09
    },
    "DecisionTree": {
        "MSE": 0.8771700498508391,
        "MAE": 0.6644066752988945,
        "R2": -0.2815738509644683,
        "emission": 5.3317016979812105e-09
    },
    "ExtraTrees": {
        "MSE": 0.3021744115428846,
        "MAE": 0.44221117825151285,
        "R2": 0.5585133984798167,
        "emission": 2.6423401116339824e-07
    },
    "RandomForest": {
        "MSE": 0.33124551456624174,
        "MAE": 0.47618135178988225,
        "R2": 0.5160395754625307,
        "emission": 4.169775059277715e-07
    },
    "KNeighbors": {
        "MSE": 0.4184480902951559,
        "MAE": 0.4937871035402954,
        "R2": 0.38863378816971417,
        "emission": 5.2852436839234e-09
    },
    "PLS": {
        "MSE": 0.4916959131104284,
        "MAE": 0.5393721113115261,
        "R2": 0.2816163468239973,
        "emission": 7.51198573481649e-08
    },
    "PLS-SKLEARN": {
        "MSE": 0.3726179502715395,
        "MAE": 0.44563746616263433,
        "R2": 0.45559310700452227,
        "emission": 2.4279302611624604e-07
    },
    "XGBoost": {
        "MSE": 0.34700219160625556,
        "MAE": 0.44532148201710436,
        "R2": 0.49301856000947475,
        "emission": 6.599331398500085e-07
    },
    "CatBoost": {
        "MSE": 0.2856535927896227,
        "MAE": 0.4076902517358783,
        "R2": 0.5826508497235114,
        "emission": 2.281624891844025e-06
    },
    "DNN": {
        "MSE": 0.48963564431257783,
        "MAE": 0.5167221933886221,
        "R2": 0.28462646626176447,
        "emission": 9.204972277610733e-06
    }
}