{
    "Linear-SVR": {
        "MSE": 0.45982010141217544,
        "MAE": 0.55671173788404,
        "R2": 0.18487731878386782,
        "emission": 2.4940821988737332e-09
    },
    "RBF-SVR": {
        "MSE": 0.3351313525283628,
        "MAE": 0.4530816459672952,
        "R2": 0.40591295205765743,
        "emission": 3.809795491030419e-09
    },
    "DecisionTree": {
        "MSE": 0.6774082661161482,
        "MAE": 0.6405351543058787,
        "R2": -0.20084102556362304,
        "emission": 4.056879870352454e-09
    },
    "ExtraTrees": {
        "MSE": 0.3219065605642049,
        "MAE": 0.44835429832030815,
        "R2": 0.4293565289070459,
        "emission": 2.461309277531125e-07
    },
    "RandomForest": {
        "MSE": 0.3229862291085968,
        "MAE": 0.4506459573418673,
        "R2": 0.42744260144709656,
        "emission": 3.8602439598845136e-07
    },
    "KNeighbors": {
        "MSE": 0.3971040836782769,
        "MAE": 0.5038869988285419,
        "R2": 0.2960539471510335,
        "emission": 2.5406283660068205e-09
    },
    "PLS": {
        "MSE": 0.39796358250631536,
        "MAE": 0.5119610934817486,
        "R2": 0.29453031434972454,
        "emission": 5.651657703484792e-08
    },
    "PLS-SKLEARN": {
        "MSE": 0.39796358250631536,
        "MAE": 0.5119610934817486,
        "R2": 0.29453031434972443,
        "emission": 2.2817594657241833e-07
    },
    "XGBoost": {
        "MSE": 0.29432958997237046,
        "MAE": 0.3952895026619251,
        "R2": 0.47824219993273487,
        "emission": 6.447132528038538e-07
    },
    "CatBoost": {
        "MSE": 0.28247065649191205,
        "MAE": 0.3996232321358975,
        "R2": 0.4992645206735371,
        "emission": 2.190610298053075e-06
    },
    "DNN": {
        "MSE": 0.7204992068905683,
        "MAE": 0.6611835690332345,
        "R2": -0.2772282976126237,
        "emission": 9.12408364499765e-06
    }
}