{
    "Linear-SVR": {
        "MSE": 0.5696943663827629,
        "MAE": 0.5827096598442711,
        "R2": 0.24094095804562998,
        "emission": 4.374467205411648e-09
    },
    "RBF-SVR": {
        "MSE": 0.43471567268388267,
        "MAE": 0.5274350326315389,
        "R2": 0.4207861592082589,
        "emission": 5.3960843600362034e-09
    },
    "DecisionTree": {
        "MSE": 0.47443739998927736,
        "MAE": 0.525162482320574,
        "R2": 0.3678610504966382,
        "emission": 6.437098067422685e-09
    },
    "ExtraTrees": {
        "MSE": 0.4606071102266636,
        "MAE": 0.5394472048362989,
        "R2": 0.3862884865336439,
        "emission": 3.309556053416964e-07
    },
    "RandomForest": {
        "MSE": 0.4989943842507823,
        "MAE": 0.5452507594590539,
        "R2": 0.3351413993173905,
        "emission": 6.492764583074531e-07
    },
    "KNeighbors": {
        "MSE": 0.4367531925737354,
        "MAE": 0.5424128500220285,
        "R2": 0.41807137390087623,
        "emission": 2.0042571135946613e-08
    },
    "PLS": {
        "MSE": 0.5735960253596166,
        "MAE": 0.5866617137932211,
        "R2": 0.2357423994855241,
        "emission": 1.0864524839021539e-07
    },
    "PLS-SKLEARN": {
        "MSE": 0.5720629745892652,
        "MAE": 0.6023666808780579,
        "R2": 0.2377850316716189,
        "emission": 6.184102136744304e-07
    },
    "XGBoost": {
        "MSE": 0.4014540854557998,
        "MAE": 0.5039832225522614,
        "R2": 0.46510379691905057,
        "emission": 8.901684885114677e-07
    },
    "CatBoost": {
        "MSE": 0.4265839493578498,
        "MAE": 0.5185811317444339,
        "R2": 0.43162084264823763,
        "emission": 2.6431813354723374e-06
    },
    "DNN": {
        "MSE": 9.453860259330481,
        "MAE": 0.948265057200029,
        "R2": -11.596294670740159,
        "emission": 1.0342111084423476e-05
    }
}