{
    "Linear-SVR": {
        "MSE": 0.3022244001463597,
        "MAE": 0.4025598529519531,
        "R2": -1.0777851254546942,
        "emission": 3.840003651656066e-09
    },
    "RBF-SVR": {
        "MSE": 0.23100510145164027,
        "MAE": 0.4189624094529812,
        "R2": -0.5881542438927132,
        "emission": 3.4948085041684735e-09
    },
    "DecisionTree": {
        "MSE": 0.5386541883857837,
        "MAE": 0.6021279759606186,
        "R2": -2.7032339541408557,
        "emission": 5.217914198213846e-09
    },
    "ExtraTrees": {
        "MSE": 0.29965635142724595,
        "MAE": 0.48040958221012836,
        "R2": -1.0601298553063088,
        "emission": 2.492039682118113e-07
    },
    "RandomForest": {
        "MSE": 0.2876510491728499,
        "MAE": 0.47580827090563166,
        "R2": -0.9775937052181893,
        "emission": 3.5053435187154106e-07
    },
    "KNeighbors": {
        "MSE": 0.36880295344957276,
        "MAE": 0.5186278137521884,
        "R2": -1.5355109995426757,
        "emission": 3.5663974265565624e-09
    },
    "PLS": {
        "MSE": 0.42201788712746785,
        "MAE": 0.5304039781326848,
        "R2": -1.90136232588973,
        "emission": 4.9089809178271795e-08
    },
    "PLS-SKLEARN": {
        "MSE": 0.42201788712746807,
        "MAE": 0.5304039781326851,
        "R2": -1.9013623258897314,
        "emission": 3.196178381219282e-07
    },
    "XGBoost": {
        "MSE": 0.39708207274926655,
        "MAE": 0.5320348971842941,
        "R2": -1.7299292312056638,
        "emission": 6.254338910526776e-07
    },
    "CatBoost": {
        "MSE": 0.2577426710824507,
        "MAE": 0.43986931265844315,
        "R2": -0.771974360477619,
        "emission": 2.081961924551208e-06
    },
    "DNN": {
        "MSE": 25.75404857403919,
        "MAE": 1.4455766901117852,
        "R2": -176.05843413523883,
        "emission": 7.2988710235037095e-06
    }
}