{
    "Linear-SVR": {
        "MSE": 0.4938248377694818,
        "MAE": 0.5830715065798886,
        "R2": 0.14767242329519226,
        "emission": 2.9029824067372043e-09
    },
    "RBF-SVR": {
        "MSE": 0.32218652619212873,
        "MAE": 0.43912150709452746,
        "R2": 0.44391525068557847,
        "emission": 2.9092989019276207e-09
    },
    "DecisionTree": {
        "MSE": 0.6171974347831705,
        "MAE": 0.5294547801429224,
        "R2": -0.0652651582153232,
        "emission": 4.99229498922764e-09
    },
    "ExtraTrees": {
        "MSE": 0.36711156750474183,
        "MAE": 0.4364088337281405,
        "R2": 0.36637591149742466,
        "emission": 2.3962084703008595e-07
    },
    "RandomForest": {
        "MSE": 0.3335442078292424,
        "MAE": 0.4499981777554876,
        "R2": 0.42431221631721683,
        "emission": 3.540292822001571e-07
    },
    "KNeighbors": {
        "MSE": 0.49887836753651316,
        "MAE": 0.5284320060808596,
        "R2": 0.13895017514016916,
        "emission": 2.7997130606091673e-09
    },
    "PLS": {
        "MSE": 0.43034439109671707,
        "MAE": 0.5246731101243923,
        "R2": 0.25723786258156756,
        "emission": 4.9697377182060265e-08
    },
    "PLS-SKLEARN": {
        "MSE": 0.41736996227866424,
        "MAE": 0.49791075043557836,
        "R2": 0.27963135644382264,
        "emission": 2.268899826753359e-07
    },
    "XGBoost": {
        "MSE": 0.3739738288098937,
        "MAE": 0.46746935293719255,
        "R2": 0.35453184432706175,
        "emission": 6.233978438463841e-07
    },
    "CatBoost": {
        "MSE": 0.34437447311650066,
        "MAE": 0.44981876781271474,
        "R2": 0.4056194875167508,
        "emission": 2.032022125704786e-06
    },
    "DNN": {
        "MSE": 0.7086477823651478,
        "MAE": 0.6783921036605898,
        "R2": -0.22310584823696256,
        "emission": 7.3944613689451555e-06
    }
}