{
    "Linear-SVR": {
        "MSE": 0.8855080623329645,
        "MAE": 0.7622660972089119,
        "R2": 0.3463843501585664,
        "emission": 3.517436124066064e-09
    },
    "RBF-SVR": {
        "MSE": 0.8287580699727205,
        "MAE": 0.7328265155935263,
        "R2": 0.3882729389957055,
        "emission": 3.2057200896912037e-09
    },
    "DecisionTree": {
        "MSE": 1.2039276033209356,
        "MAE": 0.7910902148700486,
        "R2": 0.11135092239198119,
        "emission": 3.5486876280238887e-09
    },
    "ExtraTrees": {
        "MSE": 0.8504851898304245,
        "MAE": 0.7276242278010959,
        "R2": 0.3722356083726941,
        "emission": 2.5826153428590066e-07
    },
    "RandomForest": {
        "MSE": 0.844228228512253,
        "MAE": 0.7105306485811878,
        "R2": 0.3768540280257403,
        "emission": 4.250706712270123e-07
    },
    "KNeighbors": {
        "MSE": 0.8769872708723141,
        "MAE": 0.7437818185631428,
        "R2": 0.3526737594645003,
        "emission": 4.827967450817051e-09
    },
    "PLS": {
        "MSE": 0.8221236601992441,
        "MAE": 0.7445466490280451,
        "R2": 0.3931699627946539,
        "emission": 6.228130611321364e-08
    },
    "PLS-SKLEARN": {
        "MSE": 0.8187338502936303,
        "MAE": 0.7574582647694889,
        "R2": 0.3956720662746146,
        "emission": 2.3472609392201408e-07
    },
    "XGBoost": {
        "MSE": 0.7392306500641972,
        "MAE": 0.6586377402578697,
        "R2": 0.45435536696137346,
        "emission": 6.721558092003885e-07
    },
    "CatBoost": {
        "MSE": 0.7681400425880082,
        "MAE": 0.6765554999319872,
        "R2": 0.4330166212347798,
        "emission": 2.272969694462329e-06
    },
    "DNN": {
        "MSE": 1.193703890960658,
        "MAE": 0.8322995314709147,
        "R2": 0.11889730020874467,
        "emission": 8.368959812511864e-06
    }
}