{
    "Linear-SVR": {
        "MSE": 0.2597581208296457,
        "MAE": 0.4195232259033688,
        "R2": 0.12103561436054433,
        "emission": 4.38717669130934e-09
    },
    "RBF-SVR": {
        "MSE": 0.2527931170219677,
        "MAE": 0.3925915260612763,
        "R2": 0.14460365632681293,
        "emission": 3.440569353420635e-09
    },
    "DecisionTree": {
        "MSE": 0.6894868639316936,
        "MAE": 0.5911358331915969,
        "R2": -1.3330719972356313,
        "emission": 5.005591083663725e-09
    },
    "ExtraTrees": {
        "MSE": 0.2617005386357923,
        "MAE": 0.39946271033413633,
        "R2": 0.11446289945106725,
        "emission": 2.933369254685996e-07
    },
    "RandomForest": {
        "MSE": 0.2581315054921706,
        "MAE": 0.4008383093051313,
        "R2": 0.1265397231299219,
        "emission": 4.836210515087905e-07
    },
    "KNeighbors": {
        "MSE": 0.26213377109190156,
        "MAE": 0.421527135126263,
        "R2": 0.11299693604477623,
        "emission": 6.334317265394321e-09
    },
    "PLS": {
        "MSE": 0.2951660233753976,
        "MAE": 0.44223872002423814,
        "R2": 0.0012230548590105306,
        "emission": 8.046179324249203e-08
    },
    "PLS-SKLEARN": {
        "MSE": 0.29516602337539816,
        "MAE": 0.44223872002423864,
        "R2": 0.0012230548590086432,
        "emission": 6.46306597739173e-07
    },
    "XGBoost": {
        "MSE": 0.2549732226304852,
        "MAE": 0.41317176533089617,
        "R2": 0.1372266581382695,
        "emission": 9.393960506121264e-07
    },
    "CatBoost": {
        "MSE": 0.2455483624150878,
        "MAE": 0.3897716137554503,
        "R2": 0.1691183135079103,
        "emission": 2.2503131617348143e-06
    },
    "DNN": {
        "MSE": 0.3936240073525278,
        "MAE": 0.5125397802478016,
        "R2": -0.33193712169813705,
        "emission": 1.0313139223424301e-05
    }
}