{
    "Linear-SVR": {
        "MSE": 0.6388453325380253,
        "MAE": 0.6641112546207601,
        "R2": 0.291775995165813,
        "emission": 3.75508632820537e-09
    },
    "RBF-SVR": {
        "MSE": 0.5591027701495203,
        "MAE": 0.6226446286897811,
        "R2": 0.38017860846527796,
        "emission": 4.270048557396051e-09
    },
    "DecisionTree": {
        "MSE": 1.4335252749896552,
        "MAE": 0.9408863997275704,
        "R2": -0.5892062750944067,
        "emission": 5.8124179049662164e-09
    },
    "ExtraTrees": {
        "MSE": 0.5880943777541162,
        "MAE": 0.627999228759893,
        "R2": 0.34803850913523215,
        "emission": 3.2140965546926465e-07
    },
    "RandomForest": {
        "MSE": 0.5795133259082067,
        "MAE": 0.6264013556745818,
        "R2": 0.357551464140876,
        "emission": 5.793841564811909e-07
    },
    "KNeighbors": {
        "MSE": 0.6901683456431533,
        "MAE": 0.6945923631512669,
        "R2": 0.2348792972795407,
        "emission": 2.0548545599150735e-08
    },
    "PLS": {
        "MSE": 0.7256481459419712,
        "MAE": 0.6818619311523956,
        "R2": 0.19554638682605419,
        "emission": 9.963663281254216e-08
    },
    "PLS-SKLEARN": {
        "MSE": 0.7576746778102879,
        "MAE": 0.6961757609278202,
        "R2": 0.16004177012858634,
        "emission": 8.373891981596395e-07
    },
    "XGBoost": {
        "MSE": 0.6827759120572451,
        "MAE": 0.6680594079388665,
        "R2": 0.24307454995342803,
        "emission": 8.165658478146589e-07
    },
    "CatBoost": {
        "MSE": 0.7425188909416219,
        "MAE": 0.6962869420743887,
        "R2": 0.1768434770924564,
        "emission": 2.58399827579888e-06
    },
    "DNN": {
        "MSE": 1.0533371899463144,
        "MAE": 0.841154284866923,
        "R2": -0.1677297228436183,
        "emission": 8.795508198521893e-06
    }
}