{
    "Linear-SVR": {
        "MSE": 0.6627508870482112,
        "MAE": 0.6325505060809817,
        "R2": 0.22116281282653438,
        "emission": 4.71336957796874e-09
    },
    "RBF-SVR": {
        "MSE": 0.5442882405908744,
        "MAE": 0.5617533307274805,
        "R2": 0.36037517173092204,
        "emission": 5.308191150006794e-09
    },
    "DecisionTree": {
        "MSE": 0.6987958963610782,
        "MAE": 0.6229254534458867,
        "R2": 0.17880422196910328,
        "emission": 4.174528891716436e-09
    },
    "ExtraTrees": {
        "MSE": 0.6309989870257767,
        "MAE": 0.5927470402733351,
        "R2": 0.258476320788821,
        "emission": 3.2385623162844607e-07
    },
    "RandomForest": {
        "MSE": 0.5838794098152175,
        "MAE": 0.5909557356928609,
        "R2": 0.3138492817197738,
        "emission": 6.257934851464459e-07
    },
    "KNeighbors": {
        "MSE": 0.6693345281910618,
        "MAE": 0.6214799853815969,
        "R2": 0.2134259924777986,
        "emission": 4.705887443392772e-09
    },
    "PLS": {
        "MSE": 0.6763527507095873,
        "MAE": 0.6244167865103073,
        "R2": 0.2051784702305922,
        "emission": 1.0423892659857572e-07
    },
    "PLS-SKLEARN": {
        "MSE": 0.7151844098647612,
        "MAE": 0.6450574292947088,
        "R2": 0.15954512475987648,
        "emission": 4.957856069242591e-07
    },
    "XGBoost": {
        "MSE": 0.665109753408245,
        "MAE": 0.5998839791981121,
        "R2": 0.21839077151105712,
        "emission": 8.195390126528147e-07
    },
    "CatBoost": {
        "MSE": 0.5752088823044958,
        "MAE": 0.5637148060008615,
        "R2": 0.324038523846385,
        "emission": 2.7927627456207007e-06
    },
    "DNN": {
        "MSE": 1.0103483505419097,
        "MAE": 0.8414468707468944,
        "R2": -0.187319221715609,
        "emission": 9.47549027823901e-06
    }
}