{
    "Linear-SVR": {
        "MSE": 0.4516030075687134,
        "MAE": 0.5219017286211768,
        "R2": -0.5599548416407556,
        "emission": 3.177012826911046e-09
    },
    "RBF-SVR": {
        "MSE": 0.2794664178765841,
        "MAE": 0.40425180800855337,
        "R2": 0.034649937365079486,
        "emission": 4.101631179712583e-09
    },
    "DecisionTree": {
        "MSE": 0.4500828809824632,
        "MAE": 0.5123597403838759,
        "R2": -0.5547039270357037,
        "emission": 4.035278356550081e-09
    },
    "ExtraTrees": {
        "MSE": 0.3338842351412366,
        "MAE": 0.4620835526884624,
        "R2": -0.1533234288233647,
        "emission": 2.281607569331898e-07
    },
    "RandomForest": {
        "MSE": 0.33625099788910334,
        "MAE": 0.4693092574299956,
        "R2": -0.16149884604971687,
        "emission": 3.3089651077611207e-07
    },
    "KNeighbors": {
        "MSE": 0.28026628360776734,
        "MAE": 0.4013168175769526,
        "R2": 0.031886992036749384,
        "emission": 3.080857393016164e-09
    },
    "PLS": {
        "MSE": 0.45496537124815234,
        "MAE": 0.4810260216003652,
        "R2": -0.5715693247447011,
        "emission": 4.25284354448832e-08
    },
    "PLS-SKLEARN": {
        "MSE": 0.6025701715439701,
        "MAE": 0.5460645073625152,
        "R2": -1.0814348903229885,
        "emission": 2.2241224970000666e-07
    },
    "XGBoost": {
        "MSE": 0.3422675345475805,
        "MAE": 0.47882288164135706,
        "R2": -0.1822815364503616,
        "emission": 6.753498262686832e-07
    },
    "CatBoost": {
        "MSE": 0.31573252313106076,
        "MAE": 0.4475225670333383,
        "R2": -0.09062267050294093,
        "emission": 1.9806445070015174e-06
    },
    "DNN": {
        "MSE": 2.560642156941304,
        "MAE": 1.3620233362536847,
        "R2": -7.8451273872932195,
        "emission": 7.351945615285734e-06
    }
}