{
    "Linear-SVR": {
        "MSE": 0.7053553590989717,
        "MAE": 0.6591908516513375,
        "R2": 0.4979382528750609,
        "emission": 2.718186243824505e-09
    },
    "RBF-SVR": {
        "MSE": 0.67909982240629,
        "MAE": 0.6489476165896084,
        "R2": 0.5166265643106889,
        "emission": 3.5105827994843577e-09
    },
    "DecisionTree": {
        "MSE": 1.031129894554287,
        "MAE": 0.7278258282923097,
        "R2": 0.26605664833399256,
        "emission": 3.3480776596850355e-09
    },
    "ExtraTrees": {
        "MSE": 0.7192860368446482,
        "MAE": 0.7058955327904989,
        "R2": 0.4880225978546423,
        "emission": 2.440695823423565e-07
    },
    "RandomForest": {
        "MSE": 0.6633610838174501,
        "MAE": 0.6873739630576947,
        "R2": 0.5278291708997271,
        "emission": 3.5384074523603293e-07
    },
    "KNeighbors": {
        "MSE": 0.9144456446692506,
        "MAE": 0.8437123208896073,
        "R2": 0.3491108104716114,
        "emission": 3.1584554052053186e-09
    },
    "PLS": {
        "MSE": 0.8320086694398112,
        "MAE": 0.7185711608043001,
        "R2": 0.40778825762995974,
        "emission": 5.40211828169465e-08
    },
    "PLS-SKLEARN": {
        "MSE": 0.8320086694398111,
        "MAE": 0.7185711608042998,
        "R2": 0.40778825762995974,
        "emission": 2.2751696353185607e-07
    },
    "XGBoost": {
        "MSE": 0.60396469709666,
        "MAE": 0.64188063081717,
        "R2": 0.5701066602606099,
        "emission": 5.908606749254118e-07
    },
    "CatBoost": {
        "MSE": 0.724000301435775,
        "MAE": 0.6778157949413482,
        "R2": 0.4846670524738661,
        "emission": 2.092150113475749e-06
    },
    "DNN": {
        "MSE": 1.177106250181339,
        "MAE": 0.8690105626864716,
        "R2": 0.1621527888117945,
        "emission": 7.65736340090236e-06
    }
}