{
    "Linear-SVR": {
        "MSE": 0.7868762498771605,
        "MAE": 0.6844177499381001,
        "R2": 0.08774375915623445,
        "emission": 6.0638168779831314e-09
    },
    "RBF-SVR": {
        "MSE": 0.6434899221419768,
        "MAE": 0.6110938789558945,
        "R2": 0.25397710569390275,
        "emission": 5.995777336957771e-09
    },
    "DecisionTree": {
        "MSE": 1.1166017640552117,
        "MAE": 0.8048078406234618,
        "R2": -0.29451985360537036,
        "emission": 7.562529362055733e-09
    },
    "ExtraTrees": {
        "MSE": 0.6449175132367304,
        "MAE": 0.6159755875560783,
        "R2": 0.2523220438137592,
        "emission": 3.8744125456443563e-07
    },
    "RandomForest": {
        "MSE": 0.6335575442308871,
        "MAE": 0.6209442523570143,
        "R2": 0.26549209771104,
        "emission": 1.0601608401338635e-06
    },
    "KNeighbors": {
        "MSE": 0.7686310185474432,
        "MAE": 0.6617299247902184,
        "R2": 0.10889616545744285,
        "emission": 1.953810639547711e-08
    },
    "PLS": {
        "MSE": 0.7405957008078731,
        "MAE": 0.671266541438409,
        "R2": 0.14139859970419166,
        "emission": 1.6401493156827522e-07
    },
    "PLS-SKLEARN": {
        "MSE": 0.7485283926011861,
        "MAE": 0.6687640281206444,
        "R2": 0.13220192157815902,
        "emission": 6.145228902585191e-07
    },
    "XGBoost": {
        "MSE": 0.6029926796400336,
        "MAE": 0.5996476249921984,
        "R2": 0.3009271340053792,
        "emission": 1.0350816604548878e-06
    },
    "CatBoost": {
        "MSE": 0.5670177435914324,
        "MAE": 0.592982960713502,
        "R2": 0.342634276557229,
        "emission": 2.9547991673396743e-06
    },
    "DNN": {
        "MSE": 0.6553482988285134,
        "MAE": 0.6547052779937014,
        "R2": 0.24022922838758165,
        "emission": 1.2333841027842792e-05
    }
}