{
    "Linear-SVR": {
        "MSE": 0.5433259618135813,
        "MAE": 0.5390634732839251,
        "R2": -0.15057879667145757,
        "emission": 6.811726786730981e-09
    },
    "RBF-SVR": {
        "MSE": 0.4568690259077007,
        "MAE": 0.5134930747831431,
        "R2": 0.03250746143122474,
        "emission": 5.0715662997993e-09
    },
    "DecisionTree": {
        "MSE": 0.5808801814366039,
        "MAE": 0.5961588604912863,
        "R2": -0.23010580598197206,
        "emission": 5.697129394698513e-09
    },
    "ExtraTrees": {
        "MSE": 0.42166007381082754,
        "MAE": 0.5051688169022691,
        "R2": 0.10706799522287669,
        "emission": 3.573616225568817e-07
    },
    "RandomForest": {
        "MSE": 0.4073346954866297,
        "MAE": 0.5029401153840469,
        "R2": 0.1374042532200127,
        "emission": 8.083938620010426e-07
    },
    "KNeighbors": {
        "MSE": 0.5680273870890467,
        "MAE": 0.6050732186327036,
        "R2": -0.20288797783896118,
        "emission": 6.140010692525479e-09
    },
    "PLS": {
        "MSE": 0.4989012965959617,
        "MAE": 0.546116115593713,
        "R2": -0.056502530413158114,
        "emission": 1.3224648968150967e-07
    },
    "PLS-SKLEARN": {
        "MSE": 0.4566138280922168,
        "MAE": 0.5214242594233913,
        "R2": 0.033047883233401354,
        "emission": 4.80738987116804e-07
    },
    "XGBoost": {
        "MSE": 0.41018910571322514,
        "MAE": 0.5081896400349294,
        "R2": 0.13135958737566322,
        "emission": 9.194727864868011e-07
    },
    "CatBoost": {
        "MSE": 0.4016057481203656,
        "MAE": 0.4943480330076415,
        "R2": 0.14953620683560664,
        "emission": 2.563265896255183e-06
    },
    "DNN": {
        "MSE": 0.5866853868694116,
        "MAE": 0.6232885682948106,
        "R2": -0.24239924813411107,
        "emission": 1.0658922982478072e-05
    }
}