{
    "Linear-SVR": {
        "MSE": 0.6752118880312058,
        "MAE": 0.636398903479583,
        "R2": -0.6324294910750499,
        "emission": 3.1615828662585297e-09
    },
    "RBF-SVR": {
        "MSE": 0.4146874936207373,
        "MAE": 0.47361554069799505,
        "R2": -0.0025713500695978553,
        "emission": 3.1481225644803612e-09
    },
    "DecisionTree": {
        "MSE": 1.2167850205773354,
        "MAE": 0.7748840811407006,
        "R2": -1.9417665581696681,
        "emission": 4.368093949023258e-09
    },
    "ExtraTrees": {
        "MSE": 0.4167163239150765,
        "MAE": 0.5289405120939746,
        "R2": -0.007476362057053931,
        "emission": 2.3305832982009214e-07
    },
    "RandomForest": {
        "MSE": 0.4180107305627088,
        "MAE": 0.5251675544078188,
        "R2": -0.010605790940777737,
        "emission": 3.278069448807272e-07
    },
    "KNeighbors": {
        "MSE": 0.4816847556061293,
        "MAE": 0.5374790951711372,
        "R2": -0.164547624813713,
        "emission": 2.870789643317486e-09
    },
    "PLS": {
        "MSE": 0.48367630989511873,
        "MAE": 0.5555996232122843,
        "R2": -0.1693625162752701,
        "emission": 4.093583548017291e-08
    },
    "PLS-SKLEARN": {
        "MSE": 0.4836763098951192,
        "MAE": 0.5555996232122845,
        "R2": -0.1693625162752712,
        "emission": 2.2940910444996303e-07
    },
    "XGBoost": {
        "MSE": 0.6180834703342034,
        "MAE": 0.6297581219574996,
        "R2": -0.4943126784416645,
        "emission": 5.961537430951693e-07
    },
    "CatBoost": {
        "MSE": 0.49410872082688584,
        "MAE": 0.5248339494432677,
        "R2": -0.19458448817758245,
        "emission": 1.8669251888363813e-06
    },
    "DNN": {
        "MSE": 1.0501677773814209,
        "MAE": 0.7870083257583971,
        "R2": -1.5389435238956266,
        "emission": 7.448284411754523e-06
    }
}