{
    "Linear-SVR": {
        "MSE": 0.6769383289888252,
        "MAE": 0.6312823043484929,
        "R2": 0.15083406659706855,
        "emission": 4.317489477749461e-09
    },
    "RBF-SVR": {
        "MSE": 0.7260573476874875,
        "MAE": 0.6400139611286442,
        "R2": 0.08921811788370493,
        "emission": 4.488874188196005e-09
    },
    "DecisionTree": {
        "MSE": 0.46025193217609167,
        "MAE": 0.48123198951936424,
        "R2": 0.4226501221010558,
        "emission": 4.285202133459922e-09
    },
    "ExtraTrees": {
        "MSE": 0.668662393402732,
        "MAE": 0.6155692870464028,
        "R2": 0.16121557738734227,
        "emission": 2.445277803024888e-07
    },
    "RandomForest": {
        "MSE": 0.7592908529828841,
        "MAE": 0.6812478665081426,
        "R2": 0.04752929729856914,
        "emission": 3.114693135763003e-07
    },
    "KNeighbors": {
        "MSE": 0.654779629066528,
        "MAE": 0.5975589431352096,
        "R2": 0.17863041420619263,
        "emission": 3.715620349440064e-09
    },
    "PLS": {
        "MSE": 0.4810877772131235,
        "MAE": 0.5624556982917407,
        "R2": 0.3965131919828587,
        "emission": 4.242135053944261e-08
    },
    "PLS-SKLEARN": {
        "MSE": 0.4810877772131233,
        "MAE": 0.5624556982917407,
        "R2": 0.39651319198285906,
        "emission": 2.5012759121858773e-07
    },
    "XGBoost": {
        "MSE": 0.764198808376062,
        "MAE": 0.6790953401500944,
        "R2": 0.041372652972086255,
        "emission": 1.788219670364527e-06
    },
    "CatBoost": {
        "MSE": 0.7388200275353791,
        "MAE": 0.6548172197742173,
        "R2": 0.07320833902844881,
        "emission": 1.855823856561296e-06
    },
    "DNN": {
        "MSE": 1.4345614114476442,
        "MAE": 0.9712839786665031,
        "R2": -0.7995445490513433,
        "emission": 7.050174947046647e-06
    }
}