{
    "Linear-SVR": {
        "MSE": 0.6942873883224285,
        "MAE": 0.6481759353836736,
        "R2": 0.4003900312660261,
        "emission": 5.344766270486208e-09
    },
    "RBF-SVR": {
        "MSE": 0.6069996776296736,
        "MAE": 0.6238004382847196,
        "R2": 0.475774637640349,
        "emission": 6.312960810216795e-09
    },
    "DecisionTree": {
        "MSE": 1.2566824713126525,
        "MAE": 0.8834544460683794,
        "R2": -0.08531330110000046,
        "emission": 5.247943981982843e-09
    },
    "ExtraTrees": {
        "MSE": 0.6795208272680288,
        "MAE": 0.6681618836662392,
        "R2": 0.4131429306576322,
        "emission": 3.5000172811600773e-07
    },
    "RandomForest": {
        "MSE": 0.7457518698970852,
        "MAE": 0.7034358846705145,
        "R2": 0.3559435719079608,
        "emission": 7.24647648124124e-07
    },
    "KNeighbors": {
        "MSE": 0.7779238193139445,
        "MAE": 0.6943621741861119,
        "R2": 0.3281587929988049,
        "emission": 5.800417162112775e-09
    },
    "PLS": {
        "MSE": 0.6789663776875513,
        "MAE": 0.6332134399123853,
        "R2": 0.4136217719864629,
        "emission": 1.2483691811766591e-07
    },
    "PLS-SKLEARN": {
        "MSE": 0.7851308491585606,
        "MAE": 0.6983696719707532,
        "R2": 0.32193455932773585,
        "emission": 5.114155961211752e-07
    },
    "XGBoost": {
        "MSE": 0.6932605042516924,
        "MAE": 0.6646616150624538,
        "R2": 0.40127688292991026,
        "emission": 9.706837637502395e-07
    },
    "CatBoost": {
        "MSE": 0.615723532233821,
        "MAE": 0.6391370506092995,
        "R2": 0.4682404230277636,
        "emission": 2.5320089779050152e-06
    },
    "DNN": {
        "MSE": 0.7434873313502154,
        "MAE": 0.6838512621109899,
        "R2": 0.35789930365553924,
        "emission": 1.0596114660405353e-05
    }
}