{
    "Linear-SVR": {
        "MSE": 0.6138154772723606,
        "MAE": 0.6104035872390773,
        "R2": 0.09505192230520976,
        "emission": 4.216273423603703e-09
    },
    "RBF-SVR": {
        "MSE": 0.5282465913936399,
        "MAE": 0.55655115770898,
        "R2": 0.22120611954138303,
        "emission": 4.452885219760795e-09
    },
    "DecisionTree": {
        "MSE": 0.9533325563617808,
        "MAE": 0.7416523742529361,
        "R2": -0.4054980628985534,
        "emission": 5.208860881107157e-09
    },
    "ExtraTrees": {
        "MSE": 0.5506488780121955,
        "MAE": 0.58084250859325,
        "R2": 0.18817843131573375,
        "emission": 3.4467737919404075e-07
    },
    "RandomForest": {
        "MSE": 0.5684917663082805,
        "MAE": 0.5907875132207924,
        "R2": 0.16187266343933937,
        "emission": 7.263369923091149e-07
    },
    "KNeighbors": {
        "MSE": 0.6068927499845158,
        "MAE": 0.5969668904419851,
        "R2": 0.10525809823837329,
        "emission": 5.175968226694243e-09
    },
    "PLS": {
        "MSE": 0.8180308810243129,
        "MAE": 0.6681050137262043,
        "R2": -0.2060228206814252,
        "emission": 1.2768780710808187e-07
    },
    "PLS-SKLEARN": {
        "MSE": 0.8191419157248262,
        "MAE": 0.6726751278291951,
        "R2": -0.2076608189947775,
        "emission": 6.327746404918934e-07
    },
    "XGBoost": {
        "MSE": 0.5560260305609458,
        "MAE": 0.5787617064609248,
        "R2": 0.18025089601785127,
        "emission": 9.766279667062702e-07
    },
    "CatBoost": {
        "MSE": 0.553953567321854,
        "MAE": 0.5799263068122144,
        "R2": 0.18330632829962323,
        "emission": 2.5480437960838114e-06
    },
    "DNN": {
        "MSE": 0.6289332449786393,
        "MAE": 0.6208752407157746,
        "R2": 0.07276379935720712,
        "emission": 1.0495182621952273e-05
    }
}