{
    "Linear-SVR": {
        "MSE": 0.7720722660822651,
        "MAE": 0.7504716002657541,
        "R2": -0.16315467249076376,
        "emission": 3.046175673139514e-09
    },
    "RBF-SVR": {
        "MSE": 0.5614702131887398,
        "MAE": 0.6450182375189887,
        "R2": 0.15412490433210058,
        "emission": 4.4369476728552205e-09
    },
    "DecisionTree": {
        "MSE": 0.9781379634016946,
        "MAE": 0.7894875651605644,
        "R2": -0.4736000662793589,
        "emission": 4.577561356229716e-09
    },
    "ExtraTrees": {
        "MSE": 0.5049957980743337,
        "MAE": 0.6217193012061788,
        "R2": 0.23920564444186798,
        "emission": 2.7387106414821774e-07
    },
    "RandomForest": {
        "MSE": 0.5258502305610184,
        "MAE": 0.6077485709188437,
        "R2": 0.20778769089702998,
        "emission": 3.8276104954946425e-07
    },
    "KNeighbors": {
        "MSE": 0.5400367408264205,
        "MAE": 0.5918344815758235,
        "R2": 0.18641520230179476,
        "emission": 5.106129665857682e-09
    },
    "PLS": {
        "MSE": 0.6013458832068588,
        "MAE": 0.6678852285751137,
        "R2": 0.094050771458983,
        "emission": 5.8543832909894284e-08
    },
    "PLS-SKLEARN": {
        "MSE": 0.6013458832068588,
        "MAE": 0.6678852285751135,
        "R2": 0.094050771458983,
        "emission": 2.380585413419794e-07
    },
    "XGBoost": {
        "MSE": 0.566544775478728,
        "MAE": 0.6281157199528276,
        "R2": 0.1464798934985989,
        "emission": 7.641201360845149e-07
    },
    "CatBoost": {
        "MSE": 0.4835171315037674,
        "MAE": 0.6157103743286318,
        "R2": 0.2715640291138067,
        "emission": 2.260509737569061e-06
    },
    "DNN": {
        "MSE": 93.43830558945638,
        "MAE": 2.239712275964153,
        "R2": -139.76817224310932,
        "emission": 9.136375048034869e-06
    }
}