{
    "Linear-SVR": {
        "MSE": 0.31896191949033503,
        "MAE": 0.4274575765957639,
        "R2": -0.1406142096584435,
        "emission": 3.219073249255791e-09
    },
    "RBF-SVR": {
        "MSE": 0.2658935588630753,
        "MAE": 0.3892765004161159,
        "R2": 0.04915931036379628,
        "emission": 3.928226000604373e-09
    },
    "DecisionTree": {
        "MSE": 0.5011217264586646,
        "MAE": 0.5180961904162114,
        "R2": -0.7920213261841882,
        "emission": 4.5178445818544396e-09
    },
    "ExtraTrees": {
        "MSE": 0.24914226764322928,
        "MAE": 0.3851250717694325,
        "R2": 0.10906226312384215,
        "emission": 2.794835722764352e-07
    },
    "RandomForest": {
        "MSE": 0.25589839293396144,
        "MAE": 0.3991502144181858,
        "R2": 0.08490222382775503,
        "emission": 4.864231686267774e-07
    },
    "KNeighbors": {
        "MSE": 0.30156947236024884,
        "MAE": 0.41067327542584436,
        "R2": -0.07841847052755124,
        "emission": 4.561124331688078e-09
    },
    "PLS": {
        "MSE": 0.28470984516381265,
        "MAE": 0.4376103200191021,
        "R2": -0.018128106146351852,
        "emission": 7.890786175097203e-08
    },
    "PLS-SKLEARN": {
        "MSE": 0.2847098451638126,
        "MAE": 0.4376103200191021,
        "R2": -0.018128106146351852,
        "emission": 4.6270468028740973e-07
    },
    "XGBoost": {
        "MSE": 0.3319670564286901,
        "MAE": 0.45635308107197586,
        "R2": -0.18712083971053417,
        "emission": 8.198608187067597e-07
    },
    "CatBoost": {
        "MSE": 0.2674971027486576,
        "MAE": 0.40217987297142654,
        "R2": 0.0434250053262899,
        "emission": 2.4298221526158496e-06
    },
    "DNN": {
        "MSE": 1.256542083322576,
        "MAE": 0.9473983653711486,
        "R2": -3.4934196457109756,
        "emission": 8.436773811369052e-06
    }
}