{
    "Linear-SVR": {
        "MSE": 0.4384986372628222,
        "MAE": 0.5339090422403302,
        "R2": 0.18134078321125457,
        "emission": 2.940005989538819e-09
    },
    "RBF-SVR": {
        "MSE": 0.45009359703466384,
        "MAE": 0.5718756111298762,
        "R2": 0.1596934623785936,
        "emission": 3.2637460638217306e-09
    },
    "DecisionTree": {
        "MSE": 0.699459225578689,
        "MAE": 0.6477284185400897,
        "R2": -0.3058620783003767,
        "emission": 3.395486261698545e-09
    },
    "ExtraTrees": {
        "MSE": 0.3554437641157112,
        "MAE": 0.49975744173520914,
        "R2": 0.3364008714832033,
        "emission": 2.394040359468159e-07
    },
    "RandomForest": {
        "MSE": 0.42342798869251175,
        "MAE": 0.5630896040916642,
        "R2": 0.20947707442548225,
        "emission": 3.1711456706989706e-07
    },
    "KNeighbors": {
        "MSE": 0.4141033149034009,
        "MAE": 0.5550892886703245,
        "R2": 0.22688586317031156,
        "emission": 6.055129051965643e-09
    },
    "PLS": {
        "MSE": 0.43427642831933805,
        "MAE": 0.5679177505705372,
        "R2": 0.18922347650391214,
        "emission": 3.93738819219997e-08
    },
    "PLS-SKLEARN": {
        "MSE": 0.39740294409635807,
        "MAE": 0.5523207714430368,
        "R2": 0.2580647798718948,
        "emission": 2.2719875290971582e-07
    },
    "XGBoost": {
        "MSE": 0.4127927369601895,
        "MAE": 0.5325164650389297,
        "R2": 0.2293326591722955,
        "emission": 7.327297444390611e-07
    },
    "CatBoost": {
        "MSE": 0.40979591065499277,
        "MAE": 0.5486595529112666,
        "R2": 0.23492761265077977,
        "emission": 2.035627455391267e-06
    },
    "DNN": {
        "MSE": 0.702100808341106,
        "MAE": 0.7583310329051112,
        "R2": -0.3107938064554787,
        "emission": 9.716304435243148e-06
    }
}