{
    "Linear-SVR": {
        "MSE": 276.00924724008485,
        "MAE": 8.535246731753327,
        "R2": -0.014305730199334343,
        "emission": 2.5880890317010872e-08
    },
    "RBF-SVR": {
        "MSE": 319.5680788464978,
        "MAE": 7.48999880592636,
        "R2": -0.17437997749707512,
        "emission": 3.130953458390667e-08
    },
    "DecisionTree": {
        "MSE": 347.240581604673,
        "MAE": 9.707258463059057,
        "R2": -0.27607359246555796,
        "emission": 8.177249772819708e-09
    },
    "ExtraTrees": {
        "MSE": 280.15984911527664,
        "MAE": 9.31778448403292,
        "R2": -0.029558767218493154,
        "emission": 1.116432357652883e-06
    },
    "RandomForest": {
        "MSE": 271.4878209503137,
        "MAE": 9.266694321568497,
        "R2": 0.002310048584336588,
        "emission": 8.720905558724184e-07
    },
    "KNeighbors": {
        "MSE": 288.6156676056338,
        "MAE": 8.710328638497652,
        "R2": -0.06063303459923164,
        "emission": 1.199373258129221e-08
    },
    "PLS": {
        "MSE": 261.9933501966466,
        "MAE": 10.091959537487194,
        "R2": 0.03720125671214858,
        "emission": 6.059086442098517e-07
    },
    "PLS-SKLEARN": {
        "MSE": 264.52344119877245,
        "MAE": 10.374128585122918,
        "R2": 0.02790343126954742,
        "emission": 5.2565923607870046e-08
    },
    "XGBoost": {
        "MSE": 269.597234542707,
        "MAE": 10.229376654765906,
        "R2": 0.009257760104322,
        "emission": 3.33131135199057e-06
    },
    "CatBoost": {
        "MSE": 240.84995744865492,
        "MAE": 9.007192484499583,
        "R2": 0.11490106073896245,
        "emission": 2.9120518623856635e-06
    },
    "DNN": {
        "MSE": 372.66126953316115,
        "MAE": 11.182340305434112,
        "R2": -0.3694920184396926,
        "emission": 1.733171595199414e-05
    }
}