{
    "Linear-SVR": {
        "MSE": 577.0873512587391,
        "MAE": 15.179929806628772,
        "R2": 0.00026706385975749924,
        "emission": 2.2682873272905272e-08
    },
    "RBF-SVR": {
        "MSE": 715.0125395069027,
        "MAE": 14.146743464275968,
        "R2": -0.23867137953927253,
        "emission": 3.2878849673802786e-08
    },
    "DecisionTree": {
        "MSE": 728.1358199080692,
        "MAE": 17.094468983526404,
        "R2": -0.2614058505316328,
        "emission": 7.117548334299608e-09
    },
    "ExtraTrees": {
        "MSE": 565.7693071654886,
        "MAE": 16.522956811011255,
        "R2": 0.01987418473674396,
        "emission": 1.1445743140956766e-06
    },
    "RandomForest": {
        "MSE": 517.1608173153707,
        "MAE": 15.569973778015868,
        "R2": 0.10408242145031144,
        "emission": 8.718465016146589e-07
    },
    "KNeighbors": {
        "MSE": 596.6828582159625,
        "MAE": 15.95737089201878,
        "R2": -0.0336797444748409,
        "emission": 8.0540316733679e-09
    },
    "PLS": {
        "MSE": 532.1056793956815,
        "MAE": 16.814671777463655,
        "R2": 0.07819228399508715,
        "emission": 5.895517831333855e-07
    },
    "PLS-SKLEARN": {
        "MSE": 532.1056793956812,
        "MAE": 16.814671777463644,
        "R2": 0.07819228399508737,
        "emission": 5.830883560231172e-08
    },
    "XGBoost": {
        "MSE": 560.292011079003,
        "MAE": 17.43382873526761,
        "R2": 0.029362927275820128,
        "emission": 3.2591617479490724e-06
    },
    "CatBoost": {
        "MSE": 545.1026606680235,
        "MAE": 15.96629042732935,
        "R2": 0.05567661072653096,
        "emission": 2.8768500646707765e-06
    },
    "DNN": {
        "MSE": 527.4447799597417,
        "MAE": 17.40916889441405,
        "R2": 0.08626671963811905,
        "emission": 1.701905826844523e-05
    }
}