{
    "Linear-SVR": {
        "MSE": 350.24677456049056,
        "MAE": 12.082734821110048,
        "R2": 0.16150089651887511,
        "emission": 2.3852191574075487e-08
    },
    "RBF-SVR": {
        "MSE": 481.04813825682174,
        "MAE": 12.19208609755854,
        "R2": -0.15164067725039376,
        "emission": 3.522273411899329e-08
    },
    "DecisionTree": {
        "MSE": 336.1420279252574,
        "MAE": 11.511509981296996,
        "R2": 0.1952679952261004,
        "emission": 9.123823519671354e-09
    },
    "ExtraTrees": {
        "MSE": 425.5382297737718,
        "MAE": 13.243644564764137,
        "R2": -0.01874863690037465,
        "emission": 1.1258397663198743e-06
    },
    "RandomForest": {
        "MSE": 376.08824001489717,
        "MAE": 12.370932057376127,
        "R2": 0.09963581398285826,
        "emission": 8.935935728412711e-07
    },
    "KNeighbors": {
        "MSE": 368.76133145539904,
        "MAE": 12.10732394366197,
        "R2": 0.11717660723109502,
        "emission": 1.0986470598279318e-08
    },
    "PLS": {
        "MSE": 288.92508056723887,
        "MAE": 11.382903359222551,
        "R2": 0.30830648952342987,
        "emission": 5.965764196817455e-07
    },
    "PLS-SKLEARN": {
        "MSE": 306.0981327400585,
        "MAE": 12.080070501280762,
        "R2": 0.2671937944271987,
        "emission": 5.389436046426059e-08
    },
    "XGBoost": {
        "MSE": 305.330834596504,
        "MAE": 12.498767347416969,
        "R2": 0.26903072442114506,
        "emission": 3.2077668933404586e-06
    },
    "CatBoost": {
        "MSE": 287.16493869807977,
        "MAE": 11.256860099527376,
        "R2": 0.31252031099585165,
        "emission": 2.892362489615187e-06
    },
    "DNN": {
        "MSE": 342.59897538383643,
        "MAE": 12.517896894222135,
        "R2": 0.17980990953198595,
        "emission": 1.701379843517726e-05
    }
}