{
    "Linear-SVR": {
        "MSE": 212.73260551481366,
        "MAE": 7.061325960110933,
        "R2": 0.4379199499060884,
        "emission": 2.3467289897999797e-08
    },
    "RBF-SVR": {
        "MSE": 416.6228376209575,
        "MAE": 7.217860166862392,
        "R2": -0.10079686596960613,
        "emission": 2.9352510071301894e-08
    },
    "DecisionTree": {
        "MSE": 270.76468990329687,
        "MAE": 7.134117525666821,
        "R2": 0.2845881330875266,
        "emission": 8.813611952770201e-09
    },
    "ExtraTrees": {
        "MSE": 241.32811229662806,
        "MAE": 7.160584928894803,
        "R2": 0.36236517613040686,
        "emission": 1.1220016765115704e-06
    },
    "RandomForest": {
        "MSE": 207.47962569715565,
        "MAE": 7.656469133980921,
        "R2": 0.451799322801965,
        "emission": 8.757791391114424e-07
    },
    "KNeighbors": {
        "MSE": 316.4144769953052,
        "MAE": 7.369295774647886,
        "R2": 0.16397270343414572,
        "emission": 8.811533721662014e-09
    },
    "PLS": {
        "MSE": 192.36629832296052,
        "MAE": 7.33215614867625,
        "R2": 0.49173161144674316,
        "emission": 6.099301544332728e-07
    },
    "PLS-SKLEARN": {
        "MSE": 191.56333532059372,
        "MAE": 7.164600353430465,
        "R2": 0.4938531925908357,
        "emission": 7.57877759079207e-08
    },
    "XGBoost": {
        "MSE": 163.62992091236146,
        "MAE": 7.092193359780199,
        "R2": 0.5676585922467896,
        "emission": 3.2703153954688115e-06
    },
    "CatBoost": {
        "MSE": 190.1913474256477,
        "MAE": 6.822904947379387,
        "R2": 0.4974782458489071,
        "emission": 2.906131942477293e-06
    },
    "DNN": {
        "MSE": 184.59108157107931,
        "MAE": 7.0583703244376075,
        "R2": 0.5122752145808857,
        "emission": 1.7652748565940364e-05
    }
}