{
    "Linear-SVR": {
        "MSE": 268.31202397451113,
        "MAE": 9.787687645146653,
        "R2": 0.1831262124350943,
        "emission": 2.3905778582485643e-08
    },
    "RBF-SVR": {
        "MSE": 410.458236144762,
        "MAE": 9.98545212422151,
        "R2": -0.24963678120006305,
        "emission": 3.442221214506417e-08
    },
    "DecisionTree": {
        "MSE": 413.05237581869824,
        "MAE": 11.380281690140846,
        "R2": -0.25753461846255554,
        "emission": 1.0201439264752927e-08
    },
    "ExtraTrees": {
        "MSE": 275.56285941740543,
        "MAE": 10.518837806462036,
        "R2": 0.16105110255552524,
        "emission": 1.184227987099524e-06
    },
    "RandomForest": {
        "MSE": 267.6257877458479,
        "MAE": 10.103153107888264,
        "R2": 0.18521545308472553,
        "emission": 9.001977755304969e-07
    },
    "KNeighbors": {
        "MSE": 346.9189295774648,
        "MAE": 10.652206572769954,
        "R2": -0.056191876100295746,
        "emission": 8.540508941216417e-09
    },
    "PLS": {
        "MSE": 269.25208293283754,
        "MAE": 10.465305560293505,
        "R2": 0.18026421053727648,
        "emission": 6.272683026125992e-07
    },
    "PLS-SKLEARN": {
        "MSE": 255.55962157868802,
        "MAE": 9.703408484949916,
        "R2": 0.22195079842016896,
        "emission": 5.498639018480025e-08
    },
    "XGBoost": {
        "MSE": 283.27478572602996,
        "MAE": 10.75085909273563,
        "R2": 0.137572205263371,
        "emission": 3.302427857320655e-06
    },
    "CatBoost": {
        "MSE": 360.50468607173406,
        "MAE": 11.026599097248507,
        "R2": -0.09755360190004048,
        "emission": 2.901729680698827e-06
    },
    "DNN": {
        "MSE": 260.10100967812843,
        "MAE": 10.555689504001062,
        "R2": 0.20812457907062354,
        "emission": 1.708439084077851e-05
    }
}