{
    "Linear-SVR": {
        "MSE": 275.1652508172702,
        "MAE": 8.505948339992463,
        "R2": 0.42918712812172166,
        "emission": 2.5384331555765604e-08
    },
    "RBF-SVR": {
        "MSE": 551.3505044314724,
        "MAE": 9.167349404499504,
        "R2": -0.14374167490742473,
        "emission": 3.239411430580094e-08
    },
    "DecisionTree": {
        "MSE": 327.628141203816,
        "MAE": 8.78241400094157,
        "R2": 0.3203561872974887,
        "emission": 8.224577075326028e-09
    },
    "ExtraTrees": {
        "MSE": 301.6909475509734,
        "MAE": 9.061108321057137,
        "R2": 0.37416125153968083,
        "emission": 1.125526250719512e-06
    },
    "RandomForest": {
        "MSE": 280.76316717518876,
        "MAE": 9.745369294551088,
        "R2": 0.4175746054528624,
        "emission": 8.666465983004605e-07
    },
    "KNeighbors": {
        "MSE": 416.8110328638498,
        "MAE": 9.823004694835682,
        "R2": 0.1353519312743362,
        "emission": 8.711786744081636e-09
    },
    "PLS": {
        "MSE": 243.55254457581933,
        "MAE": 9.012757765429832,
        "R2": 0.4947656834950166,
        "emission": 6.101950453356595e-07
    },
    "PLS-SKLEARN": {
        "MSE": 244.54330397448987,
        "MAE": 9.152207941555803,
        "R2": 0.4927104159202925,
        "emission": 5.7819855895396716e-08
    },
    "XGBoost": {
        "MSE": 252.66906405849784,
        "MAE": 9.069830744136388,
        "R2": 0.475854041665294,
        "emission": 3.369607671682693e-06
    },
    "CatBoost": {
        "MSE": 274.03661238578616,
        "MAE": 8.950484096149864,
        "R2": 0.4315284170107587,
        "emission": 2.9317425812332466e-06
    },
    "DNN": {
        "MSE": 220.39591790610362,
        "MAE": 9.040901211079017,
        "R2": 0.5428026377728346,
        "emission": 1.705154560362832e-05
    }
}