{
    "Linear-SVR": {
        "MSE": 296.1762468280184,
        "MAE": 10.78369878654755,
        "R2": 0.21381963858676412,
        "emission": 2.4212971978679632e-08
    },
    "RBF-SVR": {
        "MSE": 484.69123352539776,
        "MAE": 12.087354923688427,
        "R2": -0.28658099097356904,
        "emission": 3.2288205155151945e-08
    },
    "DecisionTree": {
        "MSE": 360.55447183098596,
        "MAE": 12.207276995305165,
        "R2": 0.04293187583729152,
        "emission": 8.645892770852623e-09
    },
    "ExtraTrees": {
        "MSE": 336.5998962525219,
        "MAE": 11.995376784253567,
        "R2": 0.10651772070996668,
        "emission": 1.052587224038553e-06
    },
    "RandomForest": {
        "MSE": 345.33991202936147,
        "MAE": 12.255474228230172,
        "R2": 0.08331792384650305,
        "emission": 8.544759151710739e-07
    },
    "KNeighbors": {
        "MSE": 415.5149295774648,
        "MAE": 11.880751173708921,
        "R2": -0.10295704333607425,
        "emission": 1.4519888599038394e-08
    },
    "PLS": {
        "MSE": 269.11247048050535,
        "MAE": 11.097592530379947,
        "R2": 0.2856586523428192,
        "emission": 6.046721400678932e-07
    },
    "PLS-SKLEARN": {
        "MSE": 276.50691952301116,
        "MAE": 11.062382706643579,
        "R2": 0.2660305738491895,
        "emission": 5.5217526502085754e-08
    },
    "XGBoost": {
        "MSE": 271.67999062094395,
        "MAE": 11.347438211130426,
        "R2": 0.27884333905026515,
        "emission": 3.2651449590756862e-06
    },
    "CatBoost": {
        "MSE": 288.0608146088045,
        "MAE": 11.228095125429489,
        "R2": 0.2353615194886145,
        "emission": 2.9072184374772185e-06
    },
    "DNN": {
        "MSE": 290.22330037614194,
        "MAE": 12.731512728319483,
        "R2": 0.22962134329175843,
        "emission": 1.7069895663389937e-05
    }
}