{
    "Linear-SVR": {
        "MSE": 116.0249116740408,
        "MAE": 6.819857461197485,
        "R2": 0.20953924437729465,
        "emission": 2.297340914731826e-08
    },
    "RBF-SVR": {
        "MSE": 165.43558526992567,
        "MAE": 5.734083753058534,
        "R2": -0.12708844895943394,
        "emission": 3.2047348460560124e-08
    },
    "DecisionTree": {
        "MSE": 120.55177172681056,
        "MAE": 6.484312026002166,
        "R2": 0.17869840885083899,
        "emission": 1.0022842259969659e-08
    },
    "ExtraTrees": {
        "MSE": 146.42563796383067,
        "MAE": 7.595084631424326,
        "R2": 0.0024235420010875197,
        "emission": 1.1318836533782555e-06
    },
    "RandomForest": {
        "MSE": 134.8864045733842,
        "MAE": 7.239424104410265,
        "R2": 0.08103865157983359,
        "emission": 9.509531938477457e-07
    },
    "KNeighbors": {
        "MSE": 122.75065727699528,
        "MAE": 6.7122065727699525,
        "R2": 0.16371772316490663,
        "emission": 9.153486646865232e-09
    },
    "PLS": {
        "MSE": 105.20614884636473,
        "MAE": 7.110647214158543,
        "R2": 0.28324589337430495,
        "emission": 6.895150725173429e-07
    },
    "PLS-SKLEARN": {
        "MSE": 105.20614884636468,
        "MAE": 7.110647214158547,
        "R2": 0.2832458933743054,
        "emission": 4.6523868643482034e-08
    },
    "XGBoost": {
        "MSE": 120.10864735756236,
        "MAE": 7.696658455078521,
        "R2": 0.18171735037552483,
        "emission": 5.235990149375927e-06
    },
    "CatBoost": {
        "MSE": 134.67453950697507,
        "MAE": 7.292720206024192,
        "R2": 0.08248205729389535,
        "emission": 3.0265190161961467e-06
    },
    "DNN": {
        "MSE": 137.69724447082027,
        "MAE": 7.084366655797466,
        "R2": 0.061888810418964546,
        "emission": 1.8697530899343073e-05
    }
}