{
    "Linear-SVR": {
        "MSE": 494.78255122842035,
        "MAE": 11.46538904814728,
        "R2": 0.12082117549769567,
        "emission": 2.3889213950054347e-08
    },
    "RBF-SVR": {
        "MSE": 655.1920461185233,
        "MAE": 10.4508752958295,
        "R2": -0.1642103617025361,
        "emission": 2.980756989391867e-08
    },
    "DecisionTree": {
        "MSE": 640.0982342982652,
        "MAE": 12.818048689487924,
        "R2": -0.13739017634950157,
        "emission": 8.946316950249157e-09
    },
    "ExtraTrees": {
        "MSE": 580.9803739621019,
        "MAE": 13.696745892487483,
        "R2": -0.032343685060756355,
        "emission": 1.1550033437707234e-06
    },
    "RandomForest": {
        "MSE": 529.318600940321,
        "MAE": 13.180324479930858,
        "R2": 0.059454089060881565,
        "emission": 8.831073863817491e-07
    },
    "KNeighbors": {
        "MSE": 602.8413370892019,
        "MAE": 13.27605633802817,
        "R2": -0.07118841759397587,
        "emission": 1.5670742883403585e-08
    },
    "PLS": {
        "MSE": 457.0840383293656,
        "MAE": 13.643093885284175,
        "R2": 0.18780764091323698,
        "emission": 6.033591342558578e-07
    },
    "PLS-SKLEARN": {
        "MSE": 500.5680783930996,
        "MAE": 14.948135542813752,
        "R2": 0.1105408756788352,
        "emission": 5.0620250234015536e-08
    },
    "XGBoost": {
        "MSE": 535.155774941329,
        "MAE": 15.045419342215109,
        "R2": 0.04908201800890022,
        "emission": 4.556488426399224e-06
    },
    "CatBoost": {
        "MSE": 450.4007770462275,
        "MAE": 12.016168748465336,
        "R2": 0.19968312395960364,
        "emission": 2.8065535624503935e-06
    },
    "DNN": {
        "MSE": 494.9873554567367,
        "MAE": 14.240618467005627,
        "R2": 0.12045725898476034,
        "emission": 1.6968099106914286e-05
    }
}