{
    "Linear-SVR": {
        "MSE": 586.7584097557177,
        "MAE": 15.42565574741206,
        "R2": 0.20543959179479998,
        "emission": 2.3421689193181735e-08
    },
    "RBF-SVR": {
        "MSE": 940.3405435060994,
        "MAE": 16.16358774355768,
        "R2": -0.2733645631277215,
        "emission": 3.3858934950355804e-08
    },
    "DecisionTree": {
        "MSE": 678.2417154207294,
        "MAE": 17.124828457927048,
        "R2": 0.08155723836860007,
        "emission": 7.412369860218204e-09
    },
    "ExtraTrees": {
        "MSE": 792.4263021911023,
        "MAE": 19.462307782366523,
        "R2": -0.07306611319577083,
        "emission": 1.1428277227350197e-06
    },
    "RandomForest": {
        "MSE": 632.9289622285404,
        "MAE": 17.764908156818304,
        "R2": 0.14291761953173743,
        "emission": 8.907097136806353e-07
    },
    "KNeighbors": {
        "MSE": 572.5354460093896,
        "MAE": 15.717089201877933,
        "R2": 0.22469965469679587,
        "emission": 1.1462032681586878e-08
    },
    "PLS": {
        "MSE": 520.3490588341556,
        "MAE": 16.386985919839013,
        "R2": 0.2953679849793931,
        "emission": 5.873651314759868e-07
    },
    "PLS-SKLEARN": {
        "MSE": 468.35997165560826,
        "MAE": 15.477601862443194,
        "R2": 0.3657691409645285,
        "emission": 9.627169209732403e-08
    },
    "XGBoost": {
        "MSE": 499.2948250192191,
        "MAE": 15.872162344030372,
        "R2": 0.32387862979726334,
        "emission": 3.231806142185455e-06
    },
    "CatBoost": {
        "MSE": 506.21439909568187,
        "MAE": 14.872239199758305,
        "R2": 0.3145084707822621,
        "emission": 2.9013530547200115e-06
    },
    "DNN": {
        "MSE": 528.844692022616,
        "MAE": 17.68281029535571,
        "R2": 0.28386360146830714,
        "emission": 1.6835905706624917e-05
    }
}