{
    "Linear-SVR": {
        "MSE": 408.4995296783576,
        "MAE": 13.912035560734383,
        "R2": 0.25377093170572873,
        "emission": 2.3178293483904174e-08
    },
    "RBF-SVR": {
        "MSE": 635.8216482111701,
        "MAE": 13.990274599589407,
        "R2": -0.16149116871574898,
        "emission": 3.329285628056594e-08
    },
    "DecisionTree": {
        "MSE": 622.3344009282284,
        "MAE": 14.76569131888502,
        "R2": -0.1368532554683859,
        "emission": 9.067548164356387e-09
    },
    "ExtraTrees": {
        "MSE": 524.9762788729578,
        "MAE": 15.585515677530443,
        "R2": 0.040996302325202016,
        "emission": 1.113413976443567e-06
    },
    "RandomForest": {
        "MSE": 469.61839751877557,
        "MAE": 15.041814455597425,
        "R2": 0.14212165798522547,
        "emission": 8.659163501907248e-07
    },
    "KNeighbors": {
        "MSE": 623.2464000000001,
        "MAE": 16.922065727699533,
        "R2": -0.13851925547124821,
        "emission": 9.527504053789646e-09
    },
    "PLS": {
        "MSE": 406.32767091566774,
        "MAE": 14.805718275708037,
        "R2": 0.2577383882710397,
        "emission": 5.861185460429328e-07
    },
    "PLS-SKLEARN": {
        "MSE": 445.7770280722067,
        "MAE": 16.007467198110508,
        "R2": 0.18567402859133342,
        "emission": 9.913579497606092e-08
    },
    "XGBoost": {
        "MSE": 384.8575726597993,
        "MAE": 14.559640420609517,
        "R2": 0.2969590244129666,
        "emission": 3.245482899399236e-06
    },
    "CatBoost": {
        "MSE": 349.98713165951636,
        "MAE": 13.207222269576675,
        "R2": 0.36065882039349084,
        "emission": 2.904322092814878e-06
    },
    "DNN": {
        "MSE": 417.3431283380643,
        "MAE": 15.631439617094298,
        "R2": 0.23761583259607366,
        "emission": 1.7024378977678725e-05
    }
}