{
    "Linear-SVR": {
        "MSE": 449.053072209962,
        "MAE": 11.59564574075362,
        "R2": 0.005798969638722062,
        "emission": 2.3432873346312337e-08
    },
    "RBF-SVR": {
        "MSE": 524.547090084954,
        "MAE": 9.356846088505526,
        "R2": -0.16134437043030214,
        "emission": 3.165965344841419e-08
    },
    "DecisionTree": {
        "MSE": 485.67680794491156,
        "MAE": 13.436977944053208,
        "R2": -0.07528577970765649,
        "emission": 9.878916939562203e-09
    },
    "ExtraTrees": {
        "MSE": 460.8373728459783,
        "MAE": 13.3951806920527,
        "R2": -0.020291407110635706,
        "emission": 1.101799023549015e-06
    },
    "RandomForest": {
        "MSE": 428.105880711272,
        "MAE": 13.403407152588704,
        "R2": 0.052175936327049754,
        "emission": 8.702649329362736e-07
    },
    "KNeighbors": {
        "MSE": 533.995868544601,
        "MAE": 14.593615023474179,
        "R2": -0.18226391393549424,
        "emission": 8.03964422673594e-09
    },
    "PLS": {
        "MSE": 447.9641840972378,
        "MAE": 14.876897991129807,
        "R2": 0.008209761927238768,
        "emission": 5.829304261797973e-07
    },
    "PLS-SKLEARN": {
        "MSE": 447.96418409723714,
        "MAE": 14.876897991129788,
        "R2": 0.008209761927240322,
        "emission": 9.998954686888877e-08
    },
    "XGBoost": {
        "MSE": 477.1813620581437,
        "MAE": 14.63504181950235,
        "R2": -0.05647690927183868,
        "emission": 3.320924787199558e-06
    },
    "CatBoost": {
        "MSE": 392.4233836932897,
        "MAE": 12.81783872950975,
        "R2": 0.13117678833448032,
        "emission": 2.930500216567179e-06
    },
    "DNN": {
        "MSE": 472.33066891708955,
        "MAE": 16.472206296243577,
        "R2": -0.04573750135493326,
        "emission": 1.7868451767355373e-05
    }
}