{
    "Linear-SVR": {
        "MSE": 299.9281115946487,
        "MAE": 12.333006539328133,
        "R2": 0.12720070562284658,
        "emission": 2.2929678168848958e-08
    },
    "RBF-SVR": {
        "MSE": 366.8201635577191,
        "MAE": 12.32339581651654,
        "R2": -0.06745705900747434,
        "emission": 3.395538116260519e-08
    },
    "DecisionTree": {
        "MSE": 317.7858863374948,
        "MAE": 12.562050311821176,
        "R2": 0.07523407564663753,
        "emission": 8.876495861417048e-09
    },
    "ExtraTrees": {
        "MSE": 382.8890866555712,
        "MAE": 13.9673950392576,
        "R2": -0.11421808006228185,
        "emission": 1.1825565288167341e-06
    },
    "RandomForest": {
        "MSE": 317.08309005594225,
        "MAE": 12.786212486247097,
        "R2": 0.07727923271900627,
        "emission": 9.177505623747619e-07
    },
    "KNeighbors": {
        "MSE": 314.3422948356808,
        "MAE": 12.655962441314555,
        "R2": 0.0852550243897432,
        "emission": 1.216095709026937e-08
    },
    "PLS": {
        "MSE": 288.16617373991096,
        "MAE": 12.290468301541326,
        "R2": 0.16142827770851098,
        "emission": 6.295612981225163e-07
    },
    "PLS-SKLEARN": {
        "MSE": 288.16617373991096,
        "MAE": 12.290468301541326,
        "R2": 0.16142827770851098,
        "emission": 7.751941083111471e-08
    },
    "XGBoost": {
        "MSE": 343.0011893290383,
        "MAE": 14.043994944210343,
        "R2": 0.0018568302076743537,
        "emission": 3.2848241766547394e-06
    },
    "CatBoost": {
        "MSE": 280.4885244423546,
        "MAE": 12.051107822718816,
        "R2": 0.18377045448465412,
        "emission": 2.8718776501043972e-06
    },
    "DNN": {
        "MSE": 294.0053088163951,
        "MAE": 12.63057399803484,
        "R2": 0.14443622935588452,
        "emission": 1.6404234482655722e-05
    }
}