{
    "Linear-SVR": {
        "MSE": 523.0761353125176,
        "MAE": 16.86092170285795,
        "R2": -0.17758284274241398,
        "emission": 2.3179982724223983e-08
    },
    "RBF-SVR": {
        "MSE": 556.7169122703815,
        "MAE": 14.845889427731532,
        "R2": -0.2533171366391074,
        "emission": 3.284330421553564e-08
    },
    "DecisionTree": {
        "MSE": 451.92869424819196,
        "MAE": 15.491458209179399,
        "R2": -0.017411119648374385,
        "emission": 7.225222545816536e-09
    },
    "ExtraTrees": {
        "MSE": 466.52880377986725,
        "MAE": 15.819880292117105,
        "R2": -0.05027983096205091,
        "emission": 1.038805574045296e-06
    },
    "RandomForest": {
        "MSE": 443.6389986858604,
        "MAE": 15.591842016380395,
        "R2": 0.0012511794066711879,
        "emission": 8.580407950541705e-07
    },
    "KNeighbors": {
        "MSE": 492.537558685446,
        "MAE": 15.633802816901408,
        "R2": -0.10883242296589657,
        "emission": 1.1054476956564292e-08
    },
    "PLS": {
        "MSE": 456.66771555231134,
        "MAE": 16.4217449929066,
        "R2": -0.028079911058228157,
        "emission": 6.080606287846363e-07
    },
    "PLS-SKLEARN": {
        "MSE": 456.66771555231145,
        "MAE": 16.421744992906596,
        "R2": -0.02807991105822838,
        "emission": 5.799462498489495e-08
    },
    "XGBoost": {
        "MSE": 497.7289148557116,
        "MAE": 16.463892824334383,
        "R2": -0.12051953989585784,
        "emission": 3.2977202280933116e-06
    },
    "CatBoost": {
        "MSE": 427.31824815594234,
        "MAE": 15.697361434202117,
        "R2": 0.037993509073896314,
        "emission": 2.9080007523290013e-06
    },
    "DNN": {
        "MSE": 457.31417070640777,
        "MAE": 17.113409931335088,
        "R2": -0.029535252731599515,
        "emission": 1.6912894981821675e-05
    }
}