{
    "Linear-SVR": {
        "MSE": 152.86897211342006,
        "MAE": 6.150046403963012,
        "R2": 0.0019010120402347397,
        "emission": 2.5195453770119097e-08
    },
    "RBF-SVR": {
        "MSE": 174.73517297563347,
        "MAE": 5.27258907306748,
        "R2": -0.14086591213917,
        "emission": 2.9788585530744058e-08
    },
    "DecisionTree": {
        "MSE": 219.7870765989211,
        "MAE": 7.603544739839431,
        "R2": -0.43501493918111156,
        "emission": 7.119702466002327e-09
    },
    "ExtraTrees": {
        "MSE": 151.20909830934104,
        "MAE": 6.603768956570503,
        "R2": 0.012738517788379644,
        "emission": 1.0998615768403306e-06
    },
    "RandomForest": {
        "MSE": 140.03286737738122,
        "MAE": 6.528027031355747,
        "R2": 0.08570940670177774,
        "emission": 8.892152576987231e-07
    },
    "KNeighbors": {
        "MSE": 156.00225352112673,
        "MAE": 5.663849765258217,
        "R2": -0.01855654032496923,
        "emission": 9.451640601889529e-09
    },
    "PLS": {
        "MSE": 141.37501334148206,
        "MAE": 7.021435099162228,
        "R2": 0.0769463823290526,
        "emission": 5.85692145362673e-07
    },
    "PLS-SKLEARN": {
        "MSE": 141.22328956316807,
        "MAE": 6.8710036304777695,
        "R2": 0.07793700421582939,
        "emission": 8.023673486949422e-08
    },
    "XGBoost": {
        "MSE": 166.4224455814285,
        "MAE": 7.5399227776179885,
        "R2": -0.08659116504931852,
        "emission": 3.3171060143169495e-06
    },
    "CatBoost": {
        "MSE": 121.47655124175331,
        "MAE": 6.140120301015828,
        "R2": 0.2068657152657558,
        "emission": 2.8443001452098524e-06
    },
    "DNN": {
        "MSE": 158.31851266754788,
        "MAE": 7.682295757630062,
        "R2": -0.03367966098139785,
        "emission": 1.6831447721483608e-05
    }
}