{
    "Linear-SVR": {
        "MSE": 222.29929929192738,
        "MAE": 11.148598417295576,
        "R2": 0.011255695908575891,
        "emission": 2.2619953974325765e-08
    },
    "RBF-SVR": {
        "MSE": 226.30458607721272,
        "MAE": 10.417568394377538,
        "R2": -0.006559045333603741,
        "emission": 3.317973677192053e-08
    },
    "DecisionTree": {
        "MSE": 244.27049443855643,
        "MAE": 11.136912341629687,
        "R2": -0.08646793221128801,
        "emission": 6.9945635362877275e-09
    },
    "ExtraTrees": {
        "MSE": 263.605072953348,
        "MAE": 11.727156643565102,
        "R2": -0.17246439931397473,
        "emission": 1.0975455864078246e-06
    },
    "RandomForest": {
        "MSE": 226.6384621754278,
        "MAE": 10.819643157338401,
        "R2": -0.008044061667141111,
        "emission": 8.48305411105424e-07
    },
    "KNeighbors": {
        "MSE": 216.87816901408448,
        "MAE": 10.800469483568076,
        "R2": 0.035367835267664516,
        "emission": 1.0756337756824514e-08
    },
    "PLS": {
        "MSE": 212.30823226623065,
        "MAE": 10.713767534219599,
        "R2": 0.05569403037440124,
        "emission": 5.924236958532528e-07
    },
    "PLS-SKLEARN": {
        "MSE": 212.3082322662307,
        "MAE": 10.7137675342196,
        "R2": 0.055694030374400905,
        "emission": 9.406907092081867e-08
    },
    "XGBoost": {
        "MSE": 269.8808547449906,
        "MAE": 12.26980306582062,
        "R2": -0.20037786336884178,
        "emission": 3.254021179081218e-06
    },
    "CatBoost": {
        "MSE": 204.37678739990568,
        "MAE": 10.29084717818925,
        "R2": 0.09097156368095238,
        "emission": 2.8276271380436504e-06
    },
    "DNN": {
        "MSE": 204.06636747350487,
        "MAE": 10.345222008843937,
        "R2": 0.09235225149725645,
        "emission": 1.7135522354042715e-05
    }
}