{
    "Linear-SVR": {
        "MSE": 285.6931048675457,
        "MAE": 11.80836314434628,
        "R2": -0.10707884847176663,
        "emission": 2.3807638746991912e-08
    },
    "RBF-SVR": {
        "MSE": 269.39854246921294,
        "MAE": 11.041716861956829,
        "R2": -0.043936388717054964,
        "emission": 3.455200148422204e-08
    },
    "DecisionTree": {
        "MSE": 340.02558588082377,
        "MAE": 12.689426538782799,
        "R2": -0.3176206483611308,
        "emission": 9.461909314047796e-09
    },
    "ExtraTrees": {
        "MSE": 275.50075585910844,
        "MAE": 12.1619305169647,
        "R2": -0.06758285150427068,
        "emission": 1.1109842033145383e-06
    },
    "RandomForest": {
        "MSE": 255.2467874831487,
        "MAE": 11.976698455980403,
        "R2": 0.01090255680488983,
        "emission": 1.123622094507475e-06
    },
    "KNeighbors": {
        "MSE": 279.80342723004696,
        "MAE": 11.610798122065727,
        "R2": -0.08425597516575856,
        "emission": 9.45496199626244e-09
    },
    "PLS": {
        "MSE": 281.3775912822758,
        "MAE": 12.397759799773299,
        "R2": -0.09035596041760807,
        "emission": 6.111327662644894e-07
    },
    "PLS-SKLEARN": {
        "MSE": 281.37759128227583,
        "MAE": 12.397759799773295,
        "R2": -0.0903559604176083,
        "emission": 5.361781842081485e-08
    },
    "XGBoost": {
        "MSE": 295.34751430712987,
        "MAE": 12.682064743528903,
        "R2": -0.14449029559088777,
        "emission": 3.278895985942908e-06
    },
    "CatBoost": {
        "MSE": 284.50194497105053,
        "MAE": 11.848832096016594,
        "R2": -0.10246302854440414,
        "emission": 2.833662724283898e-06
    },
    "DNN": {
        "MSE": 258.79514879107586,
        "MAE": 11.83751926511666,
        "R2": -0.0028475676601826816,
        "emission": 1.729282986213615e-05
    }
}