{
    "Linear-SVR": {
        "MSE": 240.0140765343867,
        "MAE": 10.107283761563853,
        "R2": 0.02876310778514335,
        "emission": 2.4979921560575858e-08
    },
    "RBF-SVR": {
        "MSE": 254.1940989345706,
        "MAE": 9.022734382728986,
        "R2": -0.028617530410544045,
        "emission": 3.301041910796423e-08
    },
    "DecisionTree": {
        "MSE": 217.3024905181384,
        "MAE": 9.314664252942864,
        "R2": 0.12066742664092134,
        "emission": 1.0030511533985432e-08
    },
    "ExtraTrees": {
        "MSE": 211.8546206102425,
        "MAE": 9.349175309128581,
        "R2": 0.14271268463135256,
        "emission": 1.132464094463383e-06
    },
    "RandomForest": {
        "MSE": 223.41925045451507,
        "MAE": 9.44635238846841,
        "R2": 0.09591544960352594,
        "emission": 8.746519001210282e-07
    },
    "KNeighbors": {
        "MSE": 248.72600938967136,
        "MAE": 10.31924882629108,
        "R2": -0.0064904519798769655,
        "emission": 1.5655842927776337e-08
    },
    "PLS": {
        "MSE": 208.82605742810122,
        "MAE": 9.660976218838881,
        "R2": 0.1549680170492319,
        "emission": 6.084846974203135e-07
    },
    "PLS-SKLEARN": {
        "MSE": 208.82605742810105,
        "MAE": 9.660976218838877,
        "R2": 0.15496801704923258,
        "emission": 4.827377348400644e-08
    },
    "XGBoost": {
        "MSE": 220.96144007662465,
        "MAE": 10.402781995973537,
        "R2": 0.10586118340190875,
        "emission": 3.3273110496308346e-06
    },
    "CatBoost": {
        "MSE": 207.87521946658413,
        "MAE": 9.512951546664537,
        "R2": 0.15881566182106455,
        "emission": 2.849384492057969e-06
    },
    "DNN": {
        "MSE": 227.55619013952892,
        "MAE": 9.42413249665023,
        "R2": 0.07917497962372655,
        "emission": 1.7083768865223163e-05
    }
}