{
    "Linear-SVR": {
        "MSE": 241.82451309703822,
        "MAE": 5.770445873937291,
        "R2": 0.024862739021691227,
        "emission": 2.5789269046990747e-08
    },
    "RBF-SVR": {
        "MSE": 262.15786805512954,
        "MAE": 4.523924772000907,
        "R2": -0.0571298257782904,
        "emission": 3.3466256912911734e-08
    },
    "DecisionTree": {
        "MSE": 293.9025866643223,
        "MAE": 6.64391085468635,
        "R2": -0.1851377665724221,
        "emission": 9.761518006612633e-09
    },
    "ExtraTrees": {
        "MSE": 250.49883401561513,
        "MAE": 6.655411672154011,
        "R2": -0.010115739516560529,
        "emission": 1.1532834015562295e-06
    },
    "RandomForest": {
        "MSE": 236.7844774762348,
        "MAE": 6.638598568138245,
        "R2": 0.04518626399259107,
        "emission": 8.824915101172118e-07
    },
    "KNeighbors": {
        "MSE": 266.3751906103286,
        "MAE": 6.18338028169014,
        "R2": -0.07413582865397328,
        "emission": 8.984916086581096e-09
    },
    "PLS": {
        "MSE": 216.71485324730835,
        "MAE": 6.9139678904706585,
        "R2": 0.12611535653502504,
        "emission": 6.200850226423718e-07
    },
    "PLS-SKLEARN": {
        "MSE": 234.72954824878315,
        "MAE": 8.018001536515326,
        "R2": 0.05347259540167115,
        "emission": 5.6195493035892495e-08
    },
    "XGBoost": {
        "MSE": 245.31964007099847,
        "MAE": 8.01246184347451,
        "R2": 0.01076892983539346,
        "emission": 3.3851753709024768e-06
    },
    "CatBoost": {
        "MSE": 228.61196936081316,
        "MAE": 6.729234993257414,
        "R2": 0.07814122408713442,
        "emission": 2.820174115593362e-06
    },
    "DNN": {
        "MSE": 225.491396456235,
        "MAE": 7.622316695931652,
        "R2": 0.09072467510242654,
        "emission": 1.7148886609964258e-05
    }
}