{
    "Linear-SVR": {
        "MSE": 253.98959659313886,
        "MAE": 7.703353815667478,
        "R2": 0.09384543589820138,
        "emission": 2.5492295772959703e-08
    },
    "RBF-SVR": {
        "MSE": 312.9308236314338,
        "MAE": 6.671413307727302,
        "R2": -0.11643822379069357,
        "emission": 3.494864524203318e-08
    },
    "DecisionTree": {
        "MSE": 182.3585531788263,
        "MAE": 7.005741696556149,
        "R2": 0.3494023476453766,
        "emission": 9.523197657018923e-09
    },
    "ExtraTrees": {
        "MSE": 279.1449782969296,
        "MAE": 8.878038668158851,
        "R2": 0.004098988609152698,
        "emission": 1.1454341344290815e-06
    },
    "RandomForest": {
        "MSE": 254.78130027786443,
        "MAE": 8.86690421505875,
        "R2": 0.09102088750349091,
        "emission": 8.862573981544088e-07
    },
    "KNeighbors": {
        "MSE": 258.2564995305164,
        "MAE": 7.339342723004695,
        "R2": 0.0786224754968835,
        "emission": 7.871223780169728e-09
    },
    "PLS": {
        "MSE": 247.80664930781901,
        "MAE": 10.188772629538354,
        "R2": 0.1159042366417935,
        "emission": 5.989642176561329e-07
    },
    "PLS-SKLEARN": {
        "MSE": 235.36462168485755,
        "MAE": 9.926705548944259,
        "R2": 0.16029345678488238,
        "emission": 5.194063022584099e-08
    },
    "XGBoost": {
        "MSE": 277.8765054061316,
        "MAE": 10.818761978761026,
        "R2": 0.00862449876726068,
        "emission": 3.2907232856034387e-06
    },
    "CatBoost": {
        "MSE": 255.40425200410508,
        "MAE": 7.996066143094422,
        "R2": 0.08879839273394219,
        "emission": 2.8735597077427238e-06
    },
    "DNN": {
        "MSE": 245.06110069080984,
        "MAE": 10.395402685497743,
        "R2": 0.12569948591041435,
        "emission": 1.6772408598506502e-05
    }
}