{
    "Linear-SVR": {
        "MSE": 371.95257469302595,
        "MAE": 11.200483653073903,
        "R2": -0.011121006968095593,
        "emission": 2.2864181539629325e-08
    },
    "RBF-SVR": {
        "MSE": 413.73711197288407,
        "MAE": 11.037217072789879,
        "R2": -0.1247086691720054,
        "emission": 3.18432226991701e-08
    },
    "DecisionTree": {
        "MSE": 393.0408176838811,
        "MAE": 11.844053208137712,
        "R2": -0.06844757744740737,
        "emission": 7.747448823118613e-09
    },
    "ExtraTrees": {
        "MSE": 374.37724807829676,
        "MAE": 11.635710144117803,
        "R2": -0.01771227252636498,
        "emission": 1.143750530085587e-06
    },
    "RandomForest": {
        "MSE": 346.1048219411578,
        "MAE": 11.520309084853528,
        "R2": 0.059143880462515175,
        "emission": 8.717555244296078e-07
    },
    "KNeighbors": {
        "MSE": 342.7529577464789,
        "MAE": 10.659154929577465,
        "R2": 0.06825563429979165,
        "emission": 9.44115359263842e-09
    },
    "PLS": {
        "MSE": 360.89305646002305,
        "MAE": 12.146095577322255,
        "R2": 0.018943339868500275,
        "emission": 6.013515341554175e-07
    },
    "PLS-SKLEARN": {
        "MSE": 363.714337432244,
        "MAE": 11.989167948575364,
        "R2": 0.011273930778036734,
        "emission": 5.4150952178831304e-08
    },
    "XGBoost": {
        "MSE": 359.4021380762046,
        "MAE": 12.292160978762896,
        "R2": 0.022996272957612085,
        "emission": 3.2967610739904645e-06
    },
    "CatBoost": {
        "MSE": 354.934105839287,
        "MAE": 11.76121731700728,
        "R2": 0.03514223338895628,
        "emission": 2.8485935781565926e-06
    },
    "DNN": {
        "MSE": 338.6622659430229,
        "MAE": 11.87389923238978,
        "R2": 0.07937582729461157,
        "emission": 1.6835779855228982e-05
    }
}