{
    "Linear-SVR": {
        "MSE": 476.9039304603052,
        "MAE": 15.4347893072724,
        "R2": 0.2186226189149697,
        "emission": 2.408101418161377e-08
    },
    "RBF-SVR": {
        "MSE": 666.7741308891128,
        "MAE": 16.669014865225492,
        "R2": -0.09246787642641885,
        "emission": 3.436360560055932e-08
    },
    "DecisionTree": {
        "MSE": 477.1373892060017,
        "MAE": 14.552998908483579,
        "R2": 0.2182401113035779,
        "emission": 8.100434087328818e-09
    },
    "ExtraTrees": {
        "MSE": 477.84004137916514,
        "MAE": 15.89128399015999,
        "R2": 0.21708885948992607,
        "emission": 1.1520806394086647e-06
    },
    "RandomForest": {
        "MSE": 424.97429474093667,
        "MAE": 14.78756484298841,
        "R2": 0.3037060920579474,
        "emission": 9.236459203130757e-07
    },
    "KNeighbors": {
        "MSE": 505.11628544600933,
        "MAE": 15.31906103286385,
        "R2": 0.17239843277397182,
        "emission": 1.0783877759718713e-08
    },
    "PLS": {
        "MSE": 475.2490937113066,
        "MAE": 15.698545407265634,
        "R2": 0.22133396583930254,
        "emission": 6.299184079948133e-07
    },
    "PLS-SKLEARN": {
        "MSE": 475.3865576452049,
        "MAE": 15.653428472234705,
        "R2": 0.2211087397469963,
        "emission": 5.0900733587195404e-08
    },
    "XGBoost": {
        "MSE": 430.4350209479628,
        "MAE": 16.361093765329308,
        "R2": 0.29475903234646605,
        "emission": 3.2768296748875347e-06
    },
    "CatBoost": {
        "MSE": 435.95601592053015,
        "MAE": 14.944861414387084,
        "R2": 0.285713226017119,
        "emission": 2.8611589427017077e-06
    },
    "DNN": {
        "MSE": 491.2589672112574,
        "MAE": 17.0304213631321,
        "R2": 0.1951027854528884,
        "emission": 1.6604870669161035e-05
    }
}