{
    "Linear-SVR": {
        "MSE": 517.1770186137649,
        "MAE": 13.639256462978064,
        "R2": 0.00550123141506853,
        "emission": 2.3097198147065882e-08
    },
    "RBF-SVR": {
        "MSE": 636.168617221352,
        "MAE": 13.010217571901663,
        "R2": -0.2233121033390295,
        "emission": 3.2660948452079973e-08
    },
    "DecisionTree": {
        "MSE": 517.5217927063796,
        "MAE": 14.68612080228568,
        "R2": 0.0048382525931083276,
        "emission": 7.990755704402073e-09
    },
    "ExtraTrees": {
        "MSE": 503.21323837215346,
        "MAE": 15.324208912824488,
        "R2": 0.032352699587988365,
        "emission": 1.0914279481877122e-06
    },
    "RandomForest": {
        "MSE": 491.0121088218091,
        "MAE": 15.150036047518652,
        "R2": 0.055814701719650306,
        "emission": 8.782834999720607e-07
    },
    "KNeighbors": {
        "MSE": 496.8341633802817,
        "MAE": 14.101220657276997,
        "R2": 0.0446192582242011,
        "emission": 1.1675172639391443e-08
    },
    "PLS": {
        "MSE": 529.3125118062798,
        "MAE": 15.212273318017218,
        "R2": -0.01783455614269247,
        "emission": 5.997226634067902e-07
    },
    "PLS-SKLEARN": {
        "MSE": 529.3125118062801,
        "MAE": 15.21227331801722,
        "R2": -0.017834556142692914,
        "emission": 5.0788874171454694e-08
    },
    "XGBoost": {
        "MSE": 573.8348877727551,
        "MAE": 16.088808397329608,
        "R2": -0.1034482753907282,
        "emission": 3.3012218638563847e-06
    },
    "CatBoost": {
        "MSE": 486.8829137589925,
        "MAE": 14.974322841263536,
        "R2": 0.06375488323859135,
        "emission": 2.853565691512562e-06
    },
    "DNN": {
        "MSE": 486.32795277636626,
        "MAE": 15.410732486438304,
        "R2": 0.06482203818548715,
        "emission": 1.685234043084886e-05
    }
}