{
    "Linear-SVR": {
        "MSE": 517.7366721368066,
        "MAE": 12.30529504627229,
        "R2": 0.038081304155220375,
        "emission": 2.4250706584145197e-08
    },
    "RBF-SVR": {
        "MSE": 610.3189703505547,
        "MAE": 9.921525720343535,
        "R2": -0.13393016103330035,
        "emission": 3.08857940260862e-08
    },
    "DecisionTree": {
        "MSE": 564.9483651202538,
        "MAE": 12.97162435237097,
        "R2": -0.04963473488027903,
        "emission": 9.290063574189681e-09
    },
    "ExtraTrees": {
        "MSE": 592.4940747000211,
        "MAE": 14.253380393267213,
        "R2": -0.10081274575157995,
        "emission": 1.1213340369870528e-06
    },
    "RandomForest": {
        "MSE": 558.2733245674265,
        "MAE": 14.413740365124236,
        "R2": -0.03723297419991889,
        "emission": 8.653104708980498e-07
    },
    "KNeighbors": {
        "MSE": 644.4855605633802,
        "MAE": 14.46112676056338,
        "R2": -0.19740930722424244,
        "emission": 8.682503406119781e-09
    },
    "PLS": {
        "MSE": 563.3617101563234,
        "MAE": 14.628493501739198,
        "R2": -0.04668684040844151,
        "emission": 6.156115272878135e-07
    },
    "PLS-SKLEARN": {
        "MSE": 570.5965905315114,
        "MAE": 15.416008620969132,
        "R2": -0.06012874450685346,
        "emission": 5.019646018759966e-08
    },
    "XGBoost": {
        "MSE": 577.0472886423477,
        "MAE": 14.902908131130424,
        "R2": -0.07211369254705002,
        "emission": 3.4514349376922225e-06
    },
    "CatBoost": {
        "MSE": 535.0324846598437,
        "MAE": 13.695081229569,
        "R2": 0.005946888493547187,
        "emission": 2.961388878509849e-06
    },
    "DNN": {
        "MSE": 527.065474261342,
        "MAE": 16.181205310731986,
        "R2": 0.020749039209816078,
        "emission": 1.7611881999131687e-05
    }
}