{
    "Linear-SVR": {
        "MSE": 491.7994999967846,
        "MAE": 16.815695875874145,
        "R2": 0.4584169618970575,
        "emission": 2.50253333895221e-08
    },
    "RBF-SVR": {
        "MSE": 990.4814107111345,
        "MAE": 22.003522626195615,
        "R2": -0.09074517481398758,
        "emission": 3.357930294595773e-08
    },
    "DecisionTree": {
        "MSE": 815.3083906312468,
        "MAE": 20.847095338918038,
        "R2": 0.10216013804044521,
        "emission": 7.113387958274098e-09
    },
    "ExtraTrees": {
        "MSE": 702.2709388202786,
        "MAE": 19.944392874785763,
        "R2": 0.22664006649014734,
        "emission": 1.117788256493481e-06
    },
    "RandomForest": {
        "MSE": 634.8825907257075,
        "MAE": 19.398131047170693,
        "R2": 0.3008499554673323,
        "emission": 8.797112064027084e-07
    },
    "KNeighbors": {
        "MSE": 604.9994798122066,
        "MAE": 18.304319248826292,
        "R2": 0.3337580531709835,
        "emission": 1.0426018836181394e-08
    },
    "PLS": {
        "MSE": 445.5008989151768,
        "MAE": 16.70390031049042,
        "R2": 0.5094022456028304,
        "emission": 5.998529585067548e-07
    },
    "PLS-SKLEARN": {
        "MSE": 490.3818292798549,
        "MAE": 17.097125455383512,
        "R2": 0.4599781396003887,
        "emission": 8.077177466711303e-08
    },
    "XGBoost": {
        "MSE": 490.1853866390653,
        "MAE": 17.543349019140706,
        "R2": 0.4601944676003409,
        "emission": 3.316905560967859e-06
    },
    "CatBoost": {
        "MSE": 470.77408995266256,
        "MAE": 16.60987624576588,
        "R2": 0.4815707175416448,
        "emission": 2.8753345924433247e-06
    },
    "DNN": {
        "MSE": 527.9007117471394,
        "MAE": 18.662724770738485,
        "R2": 0.41866132176508786,
        "emission": 1.700853739271802e-05
    }
}