{
    "Linear-SVR": {
        "MSE": 388.9385185174514,
        "MAE": 9.804702034289239,
        "R2": 0.11276609128972925,
        "emission": 2.3848872642439368e-08
    },
    "RBF-SVR": {
        "MSE": 499.2273054764907,
        "MAE": 8.772577288415746,
        "R2": -0.1388211053540307,
        "emission": 3.226475120034654e-08
    },
    "DecisionTree": {
        "MSE": 442.29135355843937,
        "MAE": 10.19137870264631,
        "R2": -0.008940662144274025,
        "emission": 8.591664431031996e-09
    },
    "ExtraTrees": {
        "MSE": 422.4013979126923,
        "MAE": 10.082167935611608,
        "R2": 0.036431658290628555,
        "emission": 1.071952676065841e-06
    },
    "RandomForest": {
        "MSE": 402.51012978284024,
        "MAE": 10.560827226732036,
        "R2": 0.08180697272161819,
        "emission": 8.667822129705847e-07
    },
    "KNeighbors": {
        "MSE": 403.0400000000001,
        "MAE": 9.592488262910798,
        "R2": 0.08059825000196608,
        "emission": 1.69004065786954e-08
    },
    "PLS": {
        "MSE": 398.6043171098698,
        "MAE": 11.841710856962617,
        "R2": 0.09071678566002017,
        "emission": 6.057385583766468e-07
    },
    "PLS-SKLEARN": {
        "MSE": 371.36866194782897,
        "MAE": 10.486115359187163,
        "R2": 0.15284587711080255,
        "emission": 6.215969170537906e-08
    },
    "XGBoost": {
        "MSE": 359.3058596454011,
        "MAE": 10.857182975886433,
        "R2": 0.18036314970591105,
        "emission": 3.315992629438135e-06
    },
    "CatBoost": {
        "MSE": 398.3166757614753,
        "MAE": 10.094391133247768,
        "R2": 0.09137294375620342,
        "emission": 2.8274800548565056e-06
    },
    "DNN": {
        "MSE": 373.35568745488445,
        "MAE": 11.54327535999353,
        "R2": 0.14831313909850208,
        "emission": 1.658558368347237e-05
    }
}