{
    "Linear-SVR": {
        "MSE": 409.7229619111498,
        "MAE": 15.01178251601336,
        "R2": 0.46487325939810265,
        "emission": 2.2875964163699124e-08
    },
    "RBF-SVR": {
        "MSE": 916.0859792372248,
        "MAE": 19.510085536604574,
        "R2": -0.19647212812695725,
        "emission": 3.310445064602783e-08
    },
    "DecisionTree": {
        "MSE": 641.6978806056661,
        "MAE": 17.22661722258745,
        "R2": 0.16189784995715917,
        "emission": 7.2503366433888385e-09
    },
    "ExtraTrees": {
        "MSE": 622.573244233701,
        "MAE": 17.76655056704333,
        "R2": 0.18687595779663513,
        "emission": 1.0243781187688255e-06
    },
    "RandomForest": {
        "MSE": 465.2886983927731,
        "MAE": 16.26182264045104,
        "R2": 0.39230053534608056,
        "emission": 8.485907542683776e-07
    },
    "KNeighbors": {
        "MSE": 576.2084356807512,
        "MAE": 16.611079812206572,
        "R2": 0.2474316287891517,
        "emission": 1.0340932190732721e-08
    },
    "PLS": {
        "MSE": 436.9912766826355,
        "MAE": 15.723724203579856,
        "R2": 0.4292589400606961,
        "emission": 6.209785640477689e-07
    },
    "PLS-SKLEARN": {
        "MSE": 392.57802132454384,
        "MAE": 14.993382099717069,
        "R2": 0.48726574658292676,
        "emission": 5.190037782582444e-08
    },
    "XGBoost": {
        "MSE": 384.69194718703307,
        "MAE": 14.642146165728429,
        "R2": 0.49756550896301566,
        "emission": 3.2734844267630243e-06
    },
    "CatBoost": {
        "MSE": 377.96078480564034,
        "MAE": 14.699109635646618,
        "R2": 0.5063568761073299,
        "emission": 2.829822463639609e-06
    },
    "DNN": {
        "MSE": 417.6751923829353,
        "MAE": 16.666091644036378,
        "R2": 0.4544870922352173,
        "emission": 1.703252837682055e-05
    }
}