{
    "Linear-SVR": {
        "MSE": 547.1274245247358,
        "MAE": 14.187809723726048,
        "R2": -0.03554082937510783,
        "emission": 2.390991797581729e-08
    },
    "RBF-SVR": {
        "MSE": 626.2446019991235,
        "MAE": 13.134775423094439,
        "R2": -0.18528486322757454,
        "emission": 3.629448946672529e-08
    },
    "DecisionTree": {
        "MSE": 539.7581588956822,
        "MAE": 14.630009555860232,
        "R2": -0.02159311792923302,
        "emission": 7.158560618822502e-09
    },
    "ExtraTrees": {
        "MSE": 534.0882679238892,
        "MAE": 15.160760453206725,
        "R2": -0.01086179038794377,
        "emission": 1.12538291592783e-06
    },
    "RandomForest": {
        "MSE": 491.39487014000224,
        "MAE": 14.375658424435345,
        "R2": 0.06994343809858572,
        "emission": 8.919628114347088e-07
    },
    "KNeighbors": {
        "MSE": 565.2601427230047,
        "MAE": 14.535399061032864,
        "R2": -0.06986038493050928,
        "emission": 9.76438115841842e-09
    },
    "PLS": {
        "MSE": 521.3336577259454,
        "MAE": 15.304669945511687,
        "R2": 0.013278691391429787,
        "emission": 6.220416376278062e-07
    },
    "PLS-SKLEARN": {
        "MSE": 509.346090167934,
        "MAE": 14.842120677086083,
        "R2": 0.035967401726131776,
        "emission": 5.1385636734028155e-08
    },
    "XGBoost": {
        "MSE": 488.1357527816688,
        "MAE": 15.193725133487877,
        "R2": 0.07611192635378716,
        "emission": 3.3374630530498787e-06
    },
    "CatBoost": {
        "MSE": 533.2786993707581,
        "MAE": 15.20699140145271,
        "R2": -0.009329530710641576,
        "emission": 2.8443417728628546e-06
    },
    "DNN": {
        "MSE": 523.4478081687256,
        "MAE": 17.44864364252404,
        "R2": 0.00927726685153929,
        "emission": 1.7953709398929406e-05
    }
}