{
    "Linear-SVR": {
        "MSE": 656.2610514125511,
        "MAE": 15.822336373064015,
        "R2": -0.006286463524854735,
        "emission": 2.2388702496356857e-08
    },
    "RBF-SVR": {
        "MSE": 825.2648184190849,
        "MAE": 15.477173822428401,
        "R2": -0.2654305993185746,
        "emission": 3.249697409786882e-08
    },
    "DecisionTree": {
        "MSE": 747.8424935588231,
        "MAE": 17.28962525150905,
        "R2": -0.14671406522926356,
        "emission": 8.18060653857692e-09
    },
    "ExtraTrees": {
        "MSE": 660.8610852437087,
        "MAE": 16.913838180598752,
        "R2": -0.013339985543397326,
        "emission": 1.1239291782294728e-06
    },
    "RandomForest": {
        "MSE": 613.549848572946,
        "MAE": 16.268673655564857,
        "R2": 0.0592053177805395,
        "emission": 8.759747375248332e-07
    },
    "KNeighbors": {
        "MSE": 618.056730516432,
        "MAE": 15.703192488262912,
        "R2": 0.05229463142688051,
        "emission": 9.40370746351217e-09
    },
    "PLS": {
        "MSE": 569.5872720651957,
        "MAE": 15.84947083368695,
        "R2": 0.1266159092611765,
        "emission": 6.017812178032575e-07
    },
    "PLS-SKLEARN": {
        "MSE": 569.5872720651959,
        "MAE": 15.849470833686945,
        "R2": 0.12661590926117638,
        "emission": 5.059499751738269e-08
    },
    "XGBoost": {
        "MSE": 629.8214401323905,
        "MAE": 16.976789965050322,
        "R2": 0.03425506011854518,
        "emission": 3.276011098579297e-06
    },
    "CatBoost": {
        "MSE": 608.6296336199259,
        "MAE": 16.384990926646235,
        "R2": 0.0667497937085253,
        "emission": 2.801889305842782e-06
    },
    "DNN": {
        "MSE": 572.1278111371215,
        "MAE": 17.31530557462307,
        "R2": 0.12272034045874314,
        "emission": 1.6948751848969145e-05
    }
}