{
    "Linear-SVR": {
        "MSE": 220.2528312430765,
        "MAE": 8.714939881568384,
        "R2": -0.09716466979601379,
        "emission": 2.3500173897038193e-08
    },
    "RBF-SVR": {
        "MSE": 236.61038828722386,
        "MAE": 6.924025618575559,
        "R2": -0.17864799771384976,
        "emission": 3.258664287348464e-08
    },
    "DecisionTree": {
        "MSE": 224.71324179660553,
        "MAE": 8.718687736173136,
        "R2": -0.11938370255258435,
        "emission": 8.23186314676927e-09
    },
    "ExtraTrees": {
        "MSE": 217.24562360860764,
        "MAE": 9.17152106637779,
        "R2": -0.08218460369353187,
        "emission": 1.1370452814510208e-06
    },
    "RandomForest": {
        "MSE": 196.7519144941129,
        "MAE": 8.31596243784518,
        "R2": 0.01990249987103132,
        "emission": 8.913052619934674e-07
    },
    "KNeighbors": {
        "MSE": 223.60732394366198,
        "MAE": 7.976525821596244,
        "R2": -0.11387469733754019,
        "emission": 1.277242040444392e-08
    },
    "PLS": {
        "MSE": 200.45222193005392,
        "MAE": 8.734248929827556,
        "R2": 0.0014698351775299656,
        "emission": 6.032501430038101e-07
    },
    "PLS-SKLEARN": {
        "MSE": 200.4522219300537,
        "MAE": 8.734248929827555,
        "R2": 0.0014698351775310758,
        "emission": 5.4383520555116765e-08
    },
    "XGBoost": {
        "MSE": 243.06379439057082,
        "MAE": 9.547165017361651,
        "R2": -0.21079491331296896,
        "emission": 3.3176625399929765e-06
    },
    "CatBoost": {
        "MSE": 194.74052102481937,
        "MAE": 8.3894013220382,
        "R2": 0.02992202987712589,
        "emission": 2.8371837665749044e-06
    },
    "DNN": {
        "MSE": 213.06974078466808,
        "MAE": 10.3606567467952,
        "R2": -0.061382913773014636,
        "emission": 1.6744556065228955e-05
    }
}