{
    "Linear-SVR": {
        "MSE": 713.7573951549799,
        "MAE": 19.88402564438966,
        "R2": 0.2584661708858649,
        "emission": 2.230927962203418e-08
    },
    "RBF-SVR": {
        "MSE": 1038.7058317157748,
        "MAE": 22.152836668891105,
        "R2": -0.07912789127479058,
        "emission": 3.27742873570756e-08
    },
    "DecisionTree": {
        "MSE": 966.3911601482439,
        "MAE": 21.776628595208784,
        "R2": -0.003999037027390795,
        "emission": 7.087107640346136e-09
    },
    "ExtraTrees": {
        "MSE": 724.2819125997826,
        "MAE": 20.088259368564177,
        "R2": 0.24753208351472322,
        "emission": 1.0401968542379515e-06
    },
    "RandomForest": {
        "MSE": 668.57043486897,
        "MAE": 19.868856841872343,
        "R2": 0.30541161749610657,
        "emission": 8.37637571690234e-07
    },
    "KNeighbors": {
        "MSE": 715.4793427230048,
        "MAE": 21.030422535211265,
        "R2": 0.25667721236533836,
        "emission": 9.288440822016368e-09
    },
    "PLS": {
        "MSE": 607.5475921696677,
        "MAE": 19.15533041051351,
        "R2": 0.36880921241758235,
        "emission": 6.10662830563193e-07
    },
    "PLS-SKLEARN": {
        "MSE": 607.5475921696678,
        "MAE": 19.15533041051351,
        "R2": 0.36880921241758224,
        "emission": 5.1312657421585726e-08
    },
    "XGBoost": {
        "MSE": 656.9620574806689,
        "MAE": 19.821443607101976,
        "R2": 0.3174717440783045,
        "emission": 3.2528262951417728e-06
    },
    "CatBoost": {
        "MSE": 624.3783460204356,
        "MAE": 19.146330244909628,
        "R2": 0.3513234764594597,
        "emission": 2.805092835202724e-06
    },
    "DNN": {
        "MSE": 652.4803618928283,
        "MAE": 20.77256544945945,
        "R2": 0.3221278483971307,
        "emission": 1.6797323468584924e-05
    }
}