{
    "Linear-SVR": {
        "MSE": 546.3905802023527,
        "MAE": 13.772599319655574,
        "R2": 0.2911617901337896,
        "emission": 2.343225678476886e-08
    },
    "RBF-SVR": {
        "MSE": 917.5937443716388,
        "MAE": 14.844325112747834,
        "R2": -0.19040395407977928,
        "emission": 3.137006268793116e-08
    },
    "DecisionTree": {
        "MSE": 646.2936194127294,
        "MAE": 14.85524096962729,
        "R2": 0.16155653330844078,
        "emission": 7.067452331936523e-09
    },
    "ExtraTrees": {
        "MSE": 707.9218902515557,
        "MAE": 16.9536541283263,
        "R2": 0.08160553349002286,
        "emission": 1.1063112635314964e-06
    },
    "RandomForest": {
        "MSE": 550.2346810820118,
        "MAE": 15.128729884321325,
        "R2": 0.2861747978890231,
        "emission": 8.425687955790196e-07
    },
    "KNeighbors": {
        "MSE": 636.0705840375587,
        "MAE": 15.560751173708923,
        "R2": 0.1748189839386316,
        "emission": 1.714875765564603e-08
    },
    "PLS": {
        "MSE": 485.4468703127205,
        "MAE": 14.200187133828932,
        "R2": 0.37022470187866996,
        "emission": 5.79852576234615e-07
    },
    "PLS-SKLEARN": {
        "MSE": 524.5394011626505,
        "MAE": 15.483398512511954,
        "R2": 0.3195095530623385,
        "emission": 4.9021547731653916e-08
    },
    "XGBoost": {
        "MSE": 515.916016603829,
        "MAE": 14.658023298542263,
        "R2": 0.330696759970992,
        "emission": 3.376117435556336e-06
    },
    "CatBoost": {
        "MSE": 524.7926617410313,
        "MAE": 13.47209020343494,
        "R2": 0.3191809954672521,
        "emission": 2.788705063686889e-06
    },
    "DNN": {
        "MSE": 509.758032458683,
        "MAE": 15.655308560362444,
        "R2": 0.3386855771577987,
        "emission": 1.7355874926310006e-05
    }
}