{
    "Linear-SVR": {
        "MSE": 431.3821629220206,
        "MAE": 14.209362879478121,
        "R2": 0.23014072248785145,
        "emission": 2.23320121167655e-08
    },
    "RBF-SVR": {
        "MSE": 574.3437972908531,
        "MAE": 15.104356206919233,
        "R2": -0.024993471753370633,
        "emission": 3.2426131581835786e-08
    },
    "DecisionTree": {
        "MSE": 518.910318013663,
        "MAE": 14.780321668573535,
        "R2": 0.07393500043298773,
        "emission": 7.962935153454809e-09
    },
    "ExtraTrees": {
        "MSE": 485.3558866611636,
        "MAE": 14.807207686708042,
        "R2": 0.13381737967507001,
        "emission": 9.62091767820775e-07
    },
    "RandomForest": {
        "MSE": 417.026480711965,
        "MAE": 14.432975751937999,
        "R2": 0.2557603611385696,
        "emission": 7.867873627925445e-07
    },
    "KNeighbors": {
        "MSE": 514.7572056338028,
        "MAE": 16.029295774647885,
        "R2": 0.08134678601663015,
        "emission": 1.4853933947031771e-08
    },
    "PLS": {
        "MSE": 393.27213927350766,
        "MAE": 14.945813899768329,
        "R2": 0.29815316665865654,
        "emission": 5.8988870416727e-07
    },
    "PLS-SKLEARN": {
        "MSE": 382.47151419168233,
        "MAE": 14.46985460165342,
        "R2": 0.3174283294652297,
        "emission": 4.949564287133744e-08
    },
    "XGBoost": {
        "MSE": 425.42130927129284,
        "MAE": 14.740776236229381,
        "R2": 0.24077866461744868,
        "emission": 3.462654980772978e-06
    },
    "CatBoost": {
        "MSE": 397.57657492812274,
        "MAE": 14.247812143605367,
        "R2": 0.2904713244129944,
        "emission": 2.8411460364559027e-06
    },
    "DNN": {
        "MSE": 421.9229001678614,
        "MAE": 15.990593598817997,
        "R2": 0.2470220444701675,
        "emission": 1.714700947972176e-05
    }
}