{
    "Linear-SVR": {
        "MSE": 463.8893712878844,
        "MAE": 14.941560403355634,
        "R2": 0.17910902139707552,
        "emission": 2.3051718657728832e-08
    },
    "RBF-SVR": {
        "MSE": 667.3226410381834,
        "MAE": 16.864009360408918,
        "R2": -0.18088313669459932,
        "emission": 3.193498285943391e-08
    },
    "DecisionTree": {
        "MSE": 671.3634446694862,
        "MAE": 17.325081803955044,
        "R2": -0.18803367613902178,
        "emission": 8.507859288502868e-09
    },
    "ExtraTrees": {
        "MSE": 545.2781505796629,
        "MAE": 16.33346376038021,
        "R2": 0.035084780240958846,
        "emission": 1.0354588622281078e-06
    },
    "RandomForest": {
        "MSE": 455.21137342050844,
        "MAE": 15.34298631455128,
        "R2": 0.19446546326140834,
        "emission": 8.184646383177129e-07
    },
    "KNeighbors": {
        "MSE": 515.6449014084507,
        "MAE": 16.08600938967136,
        "R2": 0.0875232891117399,
        "emission": 1.468792676563128e-08
    },
    "PLS": {
        "MSE": 398.4425518397234,
        "MAE": 14.55282225404709,
        "R2": 0.2949226334099897,
        "emission": 5.878299999753511e-07
    },
    "PLS-SKLEARN": {
        "MSE": 403.2771134574981,
        "MAE": 14.604867746945658,
        "R2": 0.2863674729274093,
        "emission": 5.4411801879130424e-08
    },
    "XGBoost": {
        "MSE": 387.6612818127821,
        "MAE": 14.391302855193896,
        "R2": 0.314000990990004,
        "emission": 3.2451483334019133e-06
    },
    "CatBoost": {
        "MSE": 396.0133374298196,
        "MAE": 13.99584488617753,
        "R2": 0.2992213311547689,
        "emission": 2.771659804695272e-06
    },
    "DNN": {
        "MSE": 394.6115377675604,
        "MAE": 15.14915139193826,
        "R2": 0.3017019327114774,
        "emission": 1.7128881805886254e-05
    }
}