{
    "Linear-SVR": {
        "MSE": 296.00426979333804,
        "MAE": 8.699518606449127,
        "R2": 0.02174992201275483,
        "emission": 2.4069749941541405e-08
    },
    "RBF-SVR": {
        "MSE": 342.0018580754272,
        "MAE": 7.1170258706785265,
        "R2": -0.13026526464517652,
        "emission": 3.0725921083751565e-08
    },
    "DecisionTree": {
        "MSE": 423.31048599204695,
        "MAE": 9.815078790973434,
        "R2": -0.39897818441488764,
        "emission": 9.123907586106977e-09
    },
    "ExtraTrees": {
        "MSE": 259.72141979547445,
        "MAE": 8.842609989192647,
        "R2": 0.14165934380856293,
        "emission": 1.0982492156913488e-06
    },
    "RandomForest": {
        "MSE": 280.55598010838287,
        "MAE": 9.084989292855445,
        "R2": 0.07280422132954467,
        "emission": 8.737394570431e-07
    },
    "KNeighbors": {
        "MSE": 257.1881295774648,
        "MAE": 8.872769953051643,
        "R2": 0.15003149112610836,
        "emission": 9.026198755597874e-09
    },
    "PLS": {
        "MSE": 256.54598370853273,
        "MAE": 9.818787674158768,
        "R2": 0.15215368769712578,
        "emission": 5.994133906191113e-07
    },
    "PLS-SKLEARN": {
        "MSE": 220.46740630838195,
        "MAE": 9.038358289810558,
        "R2": 0.2713880189451432,
        "emission": 4.905947180884179e-08
    },
    "XGBoost": {
        "MSE": 318.8452836732205,
        "MAE": 10.991686090924931,
        "R2": -0.053736231024506864,
        "emission": 3.339331652723673e-06
    },
    "CatBoost": {
        "MSE": 249.1667596905938,
        "MAE": 8.655316818020244,
        "R2": 0.176540925340941,
        "emission": 2.8206756249308283e-06
    },
    "DNN": {
        "MSE": 248.70463031066836,
        "MAE": 10.915584406279415,
        "R2": 0.178068194195096,
        "emission": 1.717576500735464e-05
    }
}