{
    "Linear-SVR": {
        "MSE": 599.6808312866659,
        "MAE": 14.766127195806487,
        "R2": -0.006552679692021002,
        "emission": 2.53486589679485e-08
    },
    "RBF-SVR": {
        "MSE": 718.6459689676637,
        "MAE": 14.628290125877113,
        "R2": -0.206233362941169,
        "emission": 3.510243493124632e-08
    },
    "DecisionTree": {
        "MSE": 690.9618237370534,
        "MAE": 15.652293470970752,
        "R2": -0.15976606048118214,
        "emission": 8.141617452304609e-09
    },
    "ExtraTrees": {
        "MSE": 575.0562770463282,
        "MAE": 15.256706102411899,
        "R2": 0.03477915845203505,
        "emission": 1.0889809693263095e-06
    },
    "RandomForest": {
        "MSE": 507.9745981568257,
        "MAE": 14.513480138162912,
        "R2": 0.14737445935501026,
        "emission": 8.705879363254789e-07
    },
    "KNeighbors": {
        "MSE": 601.6857915492958,
        "MAE": 15.36056338028169,
        "R2": -0.009917966724284577,
        "emission": 8.809440042706046e-09
    },
    "PLS": {
        "MSE": 650.2307674045956,
        "MAE": 16.832600497350793,
        "R2": -0.09139977001603983,
        "emission": 5.92860013910062e-07
    },
    "PLS-SKLEARN": {
        "MSE": 624.1016883098551,
        "MAE": 16.69128986914879,
        "R2": -0.047542615995848525,
        "emission": 5.2043469147889834e-08
    },
    "XGBoost": {
        "MSE": 585.775944345121,
        "MAE": 16.793053555019863,
        "R2": 0.016786404169967795,
        "emission": 3.322870422555009e-06
    },
    "CatBoost": {
        "MSE": 640.6602253825255,
        "MAE": 15.906760258149895,
        "R2": -0.07533580029109355,
        "emission": 2.8642216208853067e-06
    },
    "DNN": {
        "MSE": 527.9411850147145,
        "MAE": 16.590165838277397,
        "R2": 0.11386092939442971,
        "emission": 1.7248013105291637e-05
    }
}