{
    "Linear-SVR": {
        "MSE": 498.1900462680197,
        "MAE": 14.676260665800601,
        "R2": 0.15985247089429944,
        "emission": 2.2374587092366128e-08
    },
    "RBF-SVR": {
        "MSE": 669.3490345123266,
        "MAE": 14.742751122454859,
        "R2": -0.1287899902204781,
        "emission": 3.51639644224902e-08
    },
    "DecisionTree": {
        "MSE": 806.7330099712011,
        "MAE": 17.679661043489446,
        "R2": -0.36047428095477274,
        "emission": 9.884033351528712e-09
    },
    "ExtraTrees": {
        "MSE": 514.9559701116327,
        "MAE": 15.956485937661023,
        "R2": 0.13157842247461715,
        "emission": 1.1459251637889837e-06
    },
    "RandomForest": {
        "MSE": 497.9098819325495,
        "MAE": 15.13277964456089,
        "R2": 0.1603249399368909,
        "emission": 8.720269281790978e-07
    },
    "KNeighbors": {
        "MSE": 548.9371624413146,
        "MAE": 14.983380281690142,
        "R2": 0.07427255097896557,
        "emission": 1.5766359301489263e-08
    },
    "PLS": {
        "MSE": 473.7367694391212,
        "MAE": 15.605916078238153,
        "R2": 0.2010904688435483,
        "emission": 6.132893462893985e-07
    },
    "PLS-SKLEARN": {
        "MSE": 473.7367694391217,
        "MAE": 15.605916078238153,
        "R2": 0.20109046884354742,
        "emission": 8.207882855001407e-08
    },
    "XGBoost": {
        "MSE": 595.746405363734,
        "MAE": 17.241692296272152,
        "R2": -0.004666540789684426,
        "emission": 3.344598023118209e-06
    },
    "CatBoost": {
        "MSE": 527.9230876913073,
        "MAE": 15.524581164105891,
        "R2": 0.10971067968088477,
        "emission": 2.8239600547745525e-06
    },
    "DNN": {
        "MSE": 479.51983363532594,
        "MAE": 16.053745438571266,
        "R2": 0.19133791129749245,
        "emission": 1.8773838769603996e-05
    }
}