{
    "Linear-SVR": {
        "MSE": 410.49852146757763,
        "MAE": 11.725124031906011,
        "R2": -0.036466805540396496,
        "emission": 2.5375034846565423e-08
    },
    "RBF-SVR": {
        "MSE": 479.8657929696769,
        "MAE": 10.961104146133863,
        "R2": -0.21161207535962712,
        "emission": 3.2980441995037754e-08
    },
    "DecisionTree": {
        "MSE": 483.2090894652921,
        "MAE": 12.590187924534598,
        "R2": -0.22005355725923592,
        "emission": 9.807789179666941e-09
    },
    "ExtraTrees": {
        "MSE": 475.4800039949027,
        "MAE": 13.865646105190502,
        "R2": -0.20053840651373944,
        "emission": 1.1897050159531426e-06
    },
    "RandomForest": {
        "MSE": 343.6414731642249,
        "MAE": 12.091318761352332,
        "R2": 0.13234040729705365,
        "emission": 8.936761640271348e-07
    },
    "KNeighbors": {
        "MSE": 422.8673145539906,
        "MAE": 12.362347417840377,
        "R2": -0.06769674374536794,
        "emission": 9.126323370409919e-09
    },
    "PLS": {
        "MSE": 345.58526176449527,
        "MAE": 12.309103194306704,
        "R2": 0.12743253977547186,
        "emission": 6.069688549254777e-07
    },
    "PLS-SKLEARN": {
        "MSE": 345.5852617644953,
        "MAE": 12.3091031943067,
        "R2": 0.12743253977547175,
        "emission": 5.050082974448399e-08
    },
    "XGBoost": {
        "MSE": 420.8787885031678,
        "MAE": 13.440551939116956,
        "R2": -0.06267591873420408,
        "emission": 3.324182441094918e-06
    },
    "CatBoost": {
        "MSE": 370.16150148339824,
        "MAE": 11.97761705380868,
        "R2": 0.06538004666884745,
        "emission": 2.8070142178717546e-06
    },
    "DNN": {
        "MSE": 355.05538200306825,
        "MAE": 13.13096297134256,
        "R2": 0.10352145420891301,
        "emission": 1.7363927137787865e-05
    }
}