{
    "Linear-SVR": {
        "MSE": 448.3759911060665,
        "MAE": 14.14404303619799,
        "R2": 0.16449035918364208,
        "emission": 2.3023061829476452e-08
    },
    "RBF-SVR": {
        "MSE": 647.0803782263325,
        "MAE": 13.81657044485165,
        "R2": -0.20577797454659752,
        "emission": 3.1902321174075696e-08
    },
    "DecisionTree": {
        "MSE": 698.1230330910105,
        "MAE": 17.25315960225859,
        "R2": -0.3008915200491087,
        "emission": 8.107751014769913e-09
    },
    "ExtraTrees": {
        "MSE": 492.4927091849728,
        "MAE": 15.635140513611107,
        "R2": 0.08228269417201561,
        "emission": 1.0130138513992723e-06
    },
    "RandomForest": {
        "MSE": 426.097222185421,
        "MAE": 14.802860197530075,
        "R2": 0.20600490632253166,
        "emission": 8.274999263628878e-07
    },
    "KNeighbors": {
        "MSE": 587.9537502347417,
        "MAE": 16.768075117370895,
        "R2": -0.0956006486062122,
        "emission": 1.8132316834741233e-08
    },
    "PLS": {
        "MSE": 395.1960157070525,
        "MAE": 14.686361275535155,
        "R2": 0.2635866155078175,
        "emission": 6.002578137811416e-07
    },
    "PLS-SKLEARN": {
        "MSE": 395.1960157070525,
        "MAE": 14.686361275535157,
        "R2": 0.2635866155078175,
        "emission": 4.534409134168356e-08
    },
    "XGBoost": {
        "MSE": 430.8519867818872,
        "MAE": 14.537010704743471,
        "R2": 0.19714481626650537,
        "emission": 3.2677286131616274e-06
    },
    "CatBoost": {
        "MSE": 392.9175438303562,
        "MAE": 14.508904510232263,
        "R2": 0.2678323495726871,
        "emission": 2.7781640179017476e-06
    },
    "DNN": {
        "MSE": 432.20729003973565,
        "MAE": 16.788458502684403,
        "R2": 0.19461932658680858,
        "emission": 1.642816796753266e-05
    }
}