{
    "Linear-SVR": {
        "MSE": 410.5241869674079,
        "MAE": 15.49331355005401,
        "R2": 0.31234272545821107,
        "emission": 2.270022999108437e-08
    },
    "RBF-SVR": {
        "MSE": 708.9503423878366,
        "MAE": 17.85586553872919,
        "R2": -0.1875423561111449,
        "emission": 3.205735402849635e-08
    },
    "DecisionTree": {
        "MSE": 481.32973621624285,
        "MAE": 16.30611950586677,
        "R2": 0.19373838358357798,
        "emission": 6.743744742567424e-09
    },
    "ExtraTrees": {
        "MSE": 445.39119645311735,
        "MAE": 16.037022039571816,
        "R2": 0.25393799931653516,
        "emission": 9.834943777034124e-07
    },
    "RandomForest": {
        "MSE": 407.88262754381265,
        "MAE": 15.941691989250188,
        "R2": 0.3167675257779884,
        "emission": 8.281291508653409e-07
    },
    "KNeighbors": {
        "MSE": 559.6775023474178,
        "MAE": 17.746291079812206,
        "R2": 0.06250029083636899,
        "emission": 9.384149858099318e-09
    },
    "PLS": {
        "MSE": 396.5725237196906,
        "MAE": 15.510748227469044,
        "R2": 0.3357127558457551,
        "emission": 5.772381604128673e-07
    },
    "PLS-SKLEARN": {
        "MSE": 474.82544354816656,
        "MAE": 17.22064240581347,
        "R2": 0.2046335374160283,
        "emission": 4.935224104634529e-08
    },
    "XGBoost": {
        "MSE": 433.83204877130606,
        "MAE": 15.764485221744422,
        "R2": 0.2733003955972966,
        "emission": 3.2793976230799255e-06
    },
    "CatBoost": {
        "MSE": 394.0327645207619,
        "MAE": 15.915134707410541,
        "R2": 0.33996703353309243,
        "emission": 2.7511137551573976e-06
    },
    "DNN": {
        "MSE": 428.31533983375175,
        "MAE": 16.941807530631483,
        "R2": 0.28254127628806114,
        "emission": 1.6054889093364038e-05
    }
}