{
    "Linear-SVR": {
        "MSE": 242.65087900147515,
        "MAE": 6.702759722700916,
        "R2": -0.02652450752440383,
        "emission": 2.45633831720276e-08
    },
    "RBF-SVR": {
        "MSE": 259.14076463810375,
        "MAE": 5.439491366015428,
        "R2": -0.09628428668502664,
        "emission": 3.073445268820661e-08
    },
    "DecisionTree": {
        "MSE": 317.51246991717613,
        "MAE": 8.381471313758256,
        "R2": -0.3432233716021482,
        "emission": 8.805242715733544e-09
    },
    "ExtraTrees": {
        "MSE": 253.74612942222578,
        "MAE": 7.987692577386618,
        "R2": -0.07346250552750089,
        "emission": 1.0529686452637629e-06
    },
    "RandomForest": {
        "MSE": 233.3842413267441,
        "MAE": 7.790706065033514,
        "R2": 0.012677619888464609,
        "emission": 8.453998806561254e-07
    },
    "KNeighbors": {
        "MSE": 275.64590422535207,
        "MAE": 7.072112676056339,
        "R2": -0.16610859705283954,
        "emission": 1.1818679102581986e-08
    },
    "PLS": {
        "MSE": 271.8205601350332,
        "MAE": 8.81698048520278,
        "R2": -0.14992563709578088,
        "emission": 5.870084298650882e-07
    },
    "PLS-SKLEARN": {
        "MSE": 298.96051206097144,
        "MAE": 9.936488273973332,
        "R2": -0.264740081204349,
        "emission": 5.496258867371952e-08
    },
    "XGBoost": {
        "MSE": 263.9376840555217,
        "MAE": 8.985197486502814,
        "R2": -0.1165774558788184,
        "emission": 3.3797279957839786e-06
    },
    "CatBoost": {
        "MSE": 238.26837954990555,
        "MAE": 7.762637203665485,
        "R2": -0.007984524855636721,
        "emission": 2.7272063990806557e-06
    },
    "DNN": {
        "MSE": 236.05367328455773,
        "MAE": 7.64749616703517,
        "R2": 0.0013846983992007456,
        "emission": 1.745820484645005e-05
    }
}