{
    "Linear-SVR": {
        "MSE": 745.0713157708352,
        "MAE": 17.95676808413178,
        "R2": -0.040719748564651104,
        "emission": 2.2779440491485467e-08
    },
    "RBF-SVR": {
        "MSE": 935.1349140603759,
        "MAE": 16.876056858050593,
        "R2": -0.3062016373936969,
        "emission": 3.147072270710867e-08
    },
    "DecisionTree": {
        "MSE": 766.704755556857,
        "MAE": 17.918983132267588,
        "R2": -0.07093745731029566,
        "emission": 8.429545872196189e-09
    },
    "ExtraTrees": {
        "MSE": 769.2657259883205,
        "MAE": 19.29165115057005,
        "R2": -0.07451463502080347,
        "emission": 1.0705778496771033e-06
    },
    "RandomForest": {
        "MSE": 723.2389330983208,
        "MAE": 19.68967421150262,
        "R2": -0.010224155291141068,
        "emission": 8.442151002398843e-07
    },
    "KNeighbors": {
        "MSE": 848.4426291079814,
        "MAE": 19.20544600938967,
        "R2": -0.18510937268235317,
        "emission": 1.7347753681317037e-08
    },
    "PLS": {
        "MSE": 769.1536373630287,
        "MAE": 19.75969033810684,
        "R2": -0.07435806900697162,
        "emission": 5.991031916128367e-07
    },
    "PLS-SKLEARN": {
        "MSE": 769.1536373630288,
        "MAE": 19.75969033810684,
        "R2": -0.07435806900697184,
        "emission": 4.917407439999611e-08
    },
    "XGBoost": {
        "MSE": 665.8691892071305,
        "MAE": 18.200961331043725,
        "R2": 0.06991022134351388,
        "emission": 3.2902947117087417e-06
    },
    "CatBoost": {
        "MSE": 648.4355569476261,
        "MAE": 17.71132915611499,
        "R2": 0.09426161562972257,
        "emission": 2.720908453458299e-06
    },
    "DNN": {
        "MSE": 675.2679087413825,
        "MAE": 19.39930598567909,
        "R2": 0.05678203774085189,
        "emission": 1.748400983070789e-05
    }
}