{
    "Linear-SVR": {
        "MSE": 378.97221937903834,
        "MAE": 13.161584853166858,
        "R2": -0.05760240529287475,
        "emission": 2.401051826776705e-08
    },
    "RBF-SVR": {
        "MSE": 419.18556037606965,
        "MAE": 13.16171190192555,
        "R2": -0.1698262675934139,
        "emission": 3.3614154375714476e-08
    },
    "DecisionTree": {
        "MSE": 462.4671924332719,
        "MAE": 13.994767698035332,
        "R2": -0.2906128472632963,
        "emission": 7.597647255648956e-09
    },
    "ExtraTrees": {
        "MSE": 341.3722779045937,
        "MAE": 12.647531846075676,
        "R2": 0.04732821101299012,
        "emission": 9.906869603697661e-07
    },
    "RandomForest": {
        "MSE": 328.32467999595946,
        "MAE": 12.578957046064293,
        "R2": 0.08374030199442506,
        "emission": 8.267632118813217e-07
    },
    "KNeighbors": {
        "MSE": 353.356103286385,
        "MAE": 13.229577464788731,
        "R2": 0.013884803026095072,
        "emission": 1.0669615462889485e-08
    },
    "PLS": {
        "MSE": 342.11849361923424,
        "MAE": 12.891936004935879,
        "R2": 0.04524573769617468,
        "emission": 5.735723631981547e-07
    },
    "PLS-SKLEARN": {
        "MSE": 342.11849361923424,
        "MAE": 12.891936004935875,
        "R2": 0.04524573769617468,
        "emission": 4.945546338357507e-08
    },
    "XGBoost": {
        "MSE": 361.11187518475424,
        "MAE": 13.496721603361093,
        "R2": -0.0077593244196010325,
        "emission": 3.134178837288748e-06
    },
    "CatBoost": {
        "MSE": 339.890345537774,
        "MAE": 12.998237995536407,
        "R2": 0.051463857784666445,
        "emission": 2.749597498027399e-06
    },
    "DNN": {
        "MSE": 306.9905018480148,
        "MAE": 13.261026221261897,
        "R2": 0.14327785374738344,
        "emission": 1.6680929961323107e-05
    }
}