{
    "Linear-SVR": {
        "MSE": 181.23527798630585,
        "MAE": 8.830957486147451,
        "R2": 0.06489354464530428,
        "emission": 2.390258252678347e-08
    },
    "RBF-SVR": {
        "MSE": 226.6667665280806,
        "MAE": 7.609001174409726,
        "R2": -0.1695159957257295,
        "emission": 3.052027783668223e-08
    },
    "DecisionTree": {
        "MSE": 292.24658450704226,
        "MAE": 10.32981220657277,
        "R2": -0.5078834030786548,
        "emission": 8.592125465697074e-09
    },
    "ExtraTrees": {
        "MSE": 218.1265083004885,
        "MAE": 9.996312618299545,
        "R2": -0.12545144776492445,
        "emission": 1.0867058864524603e-06
    },
    "RandomForest": {
        "MSE": 197.06894543996628,
        "MAE": 9.650123616967335,
        "R2": -0.016802275353803298,
        "emission": 8.507053662296362e-07
    },
    "KNeighbors": {
        "MSE": 190.67418028169013,
        "MAE": 8.417934272300469,
        "R2": 0.01619232838131046,
        "emission": 9.544465263675269e-09
    },
    "PLS": {
        "MSE": 207.75651354041096,
        "MAE": 9.967916577843802,
        "R2": -0.07194614156909873,
        "emission": 5.750388953869022e-07
    },
    "PLS-SKLEARN": {
        "MSE": 229.3044572591623,
        "MAE": 10.875807986919847,
        "R2": -0.18312549635534814,
        "emission": 9.907854636999081e-08
    },
    "XGBoost": {
        "MSE": 239.9307717354863,
        "MAE": 10.523709673439743,
        "R2": -0.23795331671044728,
        "emission": 3.2783047233481495e-06
    },
    "CatBoost": {
        "MSE": 193.80575151457055,
        "MAE": 9.576140955944915,
        "R2": 3.458852069226914e-05,
        "emission": 2.7486277802913677e-06
    },
    "DNN": {
        "MSE": 189.2494950928352,
        "MAE": 8.941448359646147,
        "R2": 0.023543172718841432,
        "emission": 1.656396875683743e-05
    }
}