{
    "Linear-SVR": {
        "MSE": 525.9347041763078,
        "MAE": 17.080689107057314,
        "R2": 0.14649450673698883,
        "emission": 2.3137984926185195e-08
    },
    "RBF-SVR": {
        "MSE": 633.4433271108229,
        "MAE": 17.837691016028256,
        "R2": -0.027974299978207773,
        "emission": 3.09404533921356e-08
    },
    "DecisionTree": {
        "MSE": 679.9749370515559,
        "MAE": 18.56326732311417,
        "R2": -0.10348744710354718,
        "emission": 8.574428770914269e-09
    },
    "ExtraTrees": {
        "MSE": 617.1743814965124,
        "MAE": 18.824750786332725,
        "R2": -0.0015724779627577234,
        "emission": 9.353566127645491e-07
    },
    "RandomForest": {
        "MSE": 519.8977714572131,
        "MAE": 17.434933079994966,
        "R2": 0.15629145528838007,
        "emission": 8.145338266528529e-07
    },
    "KNeighbors": {
        "MSE": 626.5064976525821,
        "MAE": 18.537840375586853,
        "R2": -0.016716967078471257,
        "emission": 1.0206124555213263e-08
    },
    "PLS": {
        "MSE": 534.9022652646495,
        "MAE": 17.959238350387988,
        "R2": 0.13194163051624508,
        "emission": 5.756249992052888e-07
    },
    "PLS-SKLEARN": {
        "MSE": 534.9022652646497,
        "MAE": 17.95923835038799,
        "R2": 0.13194163051624486,
        "emission": 4.88379956741515e-08
    },
    "XGBoost": {
        "MSE": 518.0077967683977,
        "MAE": 17.42486251172885,
        "R2": 0.1593585732523075,
        "emission": 3.105144404717727e-06
    },
    "CatBoost": {
        "MSE": 486.9753680287352,
        "MAE": 16.866767197416024,
        "R2": 0.20971909935616395,
        "emission": 2.717285052484025e-06
    },
    "DNN": {
        "MSE": 508.0607633667667,
        "MAE": 17.715304981822698,
        "R2": 0.17550097188572567,
        "emission": 1.6763885701528885e-05
    }
}