{
    "Linear-SVR": {
        "MSE": 604.7323009683975,
        "MAE": 17.522224154592173,
        "R2": 0.3332483803425995,
        "emission": 2.2327698195160202e-08
    },
    "RBF-SVR": {
        "MSE": 1038.1489971621088,
        "MAE": 21.89521712325431,
        "R2": -0.14461808009113608,
        "emission": 3.11270746547201e-08
    },
    "DecisionTree": {
        "MSE": 727.2195459294418,
        "MAE": 18.350513438001283,
        "R2": 0.19819925392026705,
        "emission": 6.734785383422405e-09
    },
    "ExtraTrees": {
        "MSE": 633.2382761580882,
        "MAE": 18.214943019915033,
        "R2": 0.30181892784402475,
        "emission": 1.0220617985703874e-06
    },
    "RandomForest": {
        "MSE": 575.6638865229113,
        "MAE": 17.785788582904154,
        "R2": 0.3652979539826444,
        "emission": 8.334265084487546e-07
    },
    "KNeighbors": {
        "MSE": 699.3620845070423,
        "MAE": 19.105164319248825,
        "R2": 0.22891368325236106,
        "emission": 8.554414833334818e-09
    },
    "PLS": {
        "MSE": 522.0960812641229,
        "MAE": 17.359417748626537,
        "R2": 0.4243594938749148,
        "emission": 5.797087231190543e-07
    },
    "PLS-SKLEARN": {
        "MSE": 522.0960812641232,
        "MAE": 17.359417748626537,
        "R2": 0.42435949387491434,
        "emission": 4.7117319203818815e-08
    },
    "XGBoost": {
        "MSE": 488.34337353657145,
        "MAE": 16.135878432916364,
        "R2": 0.4615737662217524,
        "emission": 2.99600440967642e-06
    },
    "CatBoost": {
        "MSE": 476.19980209844454,
        "MAE": 15.674371354502357,
        "R2": 0.4749627416606873,
        "emission": 2.7295739972356396e-06
    },
    "DNN": {
        "MSE": 526.31704445372,
        "MAE": 17.585065485278207,
        "R2": 0.4197056428425301,
        "emission": 1.6679369344610886e-05
    }
}