{
    "Linear-SVR": {
        "MSE": 652.350473598629,
        "MAE": 16.864138342976634,
        "R2": 0.33728585361597185,
        "emission": 2.4359854570747427e-08
    },
    "RBF-SVR": {
        "MSE": 1185.7006325761342,
        "MAE": 19.615056867992894,
        "R2": -0.20453746013245233,
        "emission": 3.339163011719328e-08
    },
    "DecisionTree": {
        "MSE": 860.9898594425445,
        "MAE": 18.119399875384495,
        "R2": 0.12533188395163697,
        "emission": 8.490686823871302e-09
    },
    "ExtraTrees": {
        "MSE": 748.5694637570668,
        "MAE": 18.286115701761627,
        "R2": 0.2395382646903058,
        "emission": 1.1292243530895094e-06
    },
    "RandomForest": {
        "MSE": 705.9860361943015,
        "MAE": 18.9442472035205,
        "R2": 0.2827982008588008,
        "emission": 8.593811703428495e-07
    },
    "KNeighbors": {
        "MSE": 818.402170892019,
        "MAE": 18.76469483568075,
        "R2": 0.1685961488007729,
        "emission": 1.2667759878080173e-08
    },
    "PLS": {
        "MSE": 661.2558782529084,
        "MAE": 18.13247312536433,
        "R2": 0.32823897179015094,
        "emission": 5.942798054850771e-07
    },
    "PLS-SKLEARN": {
        "MSE": 620.4265295078808,
        "MAE": 18.056667449571822,
        "R2": 0.36971696268009824,
        "emission": 4.9977853331243e-08
    },
    "XGBoost": {
        "MSE": 559.374631954555,
        "MAE": 17.27479352015005,
        "R2": 0.4317387712165188,
        "emission": 3.333069048439593e-06
    },
    "CatBoost": {
        "MSE": 641.8196454509083,
        "MAE": 17.247496041064935,
        "R2": 0.34798398149213483,
        "emission": 2.8267434452587414e-06
    },
    "DNN": {
        "MSE": 650.9344712409287,
        "MAE": 20.270771145260948,
        "R2": 0.3387243515273545,
        "emission": 1.659822667777344e-05
    }
}