{
    "Linear-SVR": {
        "MSE": 532.0942144225116,
        "MAE": 14.818623504367418,
        "R2": 0.23219223917676024,
        "emission": 2.3392732875541026e-08
    },
    "RBF-SVR": {
        "MSE": 866.785432372154,
        "MAE": 15.964401949135206,
        "R2": -0.25076455241327755,
        "emission": 3.293291868550942e-08
    },
    "DecisionTree": {
        "MSE": 962.348411613863,
        "MAE": 18.80707019897161,
        "R2": -0.3886611788383705,
        "emission": 8.263530759338502e-09
    },
    "ExtraTrees": {
        "MSE": 749.5987602342387,
        "MAE": 17.292483307117458,
        "R2": -0.08166510743962219,
        "emission": 1.0816368342242451e-06
    },
    "RandomForest": {
        "MSE": 583.9251578971446,
        "MAE": 15.99824628524858,
        "R2": 0.15740059594529765,
        "emission": 8.758642044793564e-07
    },
    "KNeighbors": {
        "MSE": 631.5920920187793,
        "MAE": 17.276338028169015,
        "R2": 0.08861758541592624,
        "emission": 1.1710810727893198e-08
    },
    "PLS": {
        "MSE": 508.34260924395926,
        "MAE": 15.89429100945436,
        "R2": 0.2664656183900531,
        "emission": 6.128125879755401e-07
    },
    "PLS-SKLEARN": {
        "MSE": 508.34260924396017,
        "MAE": 15.894291009454372,
        "R2": 0.2664656183900519,
        "emission": 4.9406303264883786e-08
    },
    "XGBoost": {
        "MSE": 556.4359098289765,
        "MAE": 15.828205070885973,
        "R2": 0.1970673644119344,
        "emission": 3.3261816018604907e-06
    },
    "CatBoost": {
        "MSE": 534.0529594290747,
        "MAE": 15.485918954566637,
        "R2": 0.22936578555868214,
        "emission": 2.8352002592633978e-06
    },
    "DNN": {
        "MSE": 593.314361684927,
        "MAE": 18.732303940410343,
        "R2": 0.14385204882562175,
        "emission": 1.9081339512871273e-05
    }
}