{
    "Linear-SVR": {
        "MSE": 483.9012259752212,
        "MAE": 12.903386338828243,
        "R2": 0.03438767743217053,
        "emission": 2.3837131496305726e-08
    },
    "RBF-SVR": {
        "MSE": 580.3796431448693,
        "MAE": 12.237832948889412,
        "R2": -0.1581324970995266,
        "emission": 3.2829483187860566e-08
    },
    "DecisionTree": {
        "MSE": 660.9534631918475,
        "MAE": 15.582659821859506,
        "R2": -0.31891546134378124,
        "emission": 9.94505144386562e-09
    },
    "ExtraTrees": {
        "MSE": 436.4672794456897,
        "MAE": 12.552002472172981,
        "R2": 0.1290408851909055,
        "emission": 1.0862189399832774e-06
    },
    "RandomForest": {
        "MSE": 433.7506800391726,
        "MAE": 13.182947100059216,
        "R2": 0.1344617887175018,
        "emission": 8.471787211161136e-07
    },
    "KNeighbors": {
        "MSE": 536.1542253521127,
        "MAE": 13.446478873239439,
        "R2": -0.06988182506344653,
        "emission": 1.1398641878771113e-08
    },
    "PLS": {
        "MSE": 533.8657321877458,
        "MAE": 15.2854224370726,
        "R2": -0.06531519641899264,
        "emission": 5.869813826836405e-07
    },
    "PLS-SKLEARN": {
        "MSE": 517.8116420497771,
        "MAE": 14.997480522853653,
        "R2": -0.033279676704002004,
        "emission": 5.836764622720007e-08
    },
    "XGBoost": {
        "MSE": 476.557567127878,
        "MAE": 13.945371546068102,
        "R2": 0.04904175784173759,
        "emission": 3.3165494312125064e-06
    },
    "CatBoost": {
        "MSE": 434.3792865216519,
        "MAE": 13.196156749922425,
        "R2": 0.13320742081565418,
        "emission": 2.874936370650256e-06
    },
    "DNN": {
        "MSE": 423.5889469247044,
        "MAE": 14.0368044528603,
        "R2": 0.1547392631012483,
        "emission": 1.7283666890627384e-05
    }
}