{
    "Linear-SVR": {
        "MSE": 158.45212846996014,
        "MAE": 6.098955246730844,
        "R2": 0.2534398909864919,
        "emission": 2.5799354785861924e-08
    },
    "RBF-SVR": {
        "MSE": 232.91170317237416,
        "MAE": 5.2243025388623066,
        "R2": -0.097382459862978,
        "emission": 3.03462948599387e-08
    },
    "DecisionTree": {
        "MSE": 223.00638635196594,
        "MAE": 8.140170187793426,
        "R2": -0.05071275288798316,
        "emission": 9.170555125748141e-09
    },
    "ExtraTrees": {
        "MSE": 212.1591786102562,
        "MAE": 7.584711102159175,
        "R2": 0.0003947498785592529,
        "emission": 1.0870874985245272e-06
    },
    "RandomForest": {
        "MSE": 190.5070890698298,
        "MAE": 7.459397531080154,
        "R2": 0.10241033328383675,
        "emission": 8.61420056774999e-07
    },
    "KNeighbors": {
        "MSE": 233.6787323943662,
        "MAE": 7.794835680751174,
        "R2": -0.10099638051596238,
        "emission": 1.2992746941634308e-08
    },
    "PLS": {
        "MSE": 174.98127090493693,
        "MAE": 7.729918562055048,
        "R2": 0.17556149012616185,
        "emission": 5.860009618343634e-07
    },
    "PLS-SKLEARN": {
        "MSE": 173.73569765489833,
        "MAE": 8.48591352543364,
        "R2": 0.18143010994409903,
        "emission": 6.049068849384794e-08
    },
    "XGBoost": {
        "MSE": 172.0091779122933,
        "MAE": 7.798037014471394,
        "R2": 0.18956474833425208,
        "emission": 3.2592490696902337e-06
    },
    "CatBoost": {
        "MSE": 188.00934551580474,
        "MAE": 7.770373810713335,
        "R2": 0.11417865547670802,
        "emission": 2.8692472155545917e-06
    },
    "DNN": {
        "MSE": 200.3219167034333,
        "MAE": 7.600287348004015,
        "R2": 0.05616697348270305,
        "emission": 1.7405714049949987e-05
    }
}