{
    "Linear-SVR": {
        "MSE": 432.3164489062615,
        "MAE": 15.644725603398296,
        "R2": 0.15863450390475575,
        "emission": 2.467739335895469e-08
    },
    "RBF-SVR": {
        "MSE": 653.6413434080747,
        "MAE": 17.78226421180997,
        "R2": -0.27210351249934006,
        "emission": 3.127727223047841e-08
    },
    "DecisionTree": {
        "MSE": 452.1259858325637,
        "MAE": 16.74146197875698,
        "R2": 0.12008158530639546,
        "emission": 8.46022587529983e-09
    },
    "ExtraTrees": {
        "MSE": 440.086288563795,
        "MAE": 16.722801078091955,
        "R2": 0.1435129997043485,
        "emission": 1.099639548914329e-06
    },
    "RandomForest": {
        "MSE": 427.22774959231594,
        "MAE": 16.594440351345884,
        "R2": 0.16853802720022415,
        "emission": 8.87987808203045e-07
    },
    "KNeighbors": {
        "MSE": 522.3641183098591,
        "MAE": 17.515586854460093,
        "R2": -0.016614442166241528,
        "emission": 1.049809894667998e-08
    },
    "PLS": {
        "MSE": 379.14867587559957,
        "MAE": 15.073921716173606,
        "R2": 0.262108544379958,
        "emission": 6.012281960855582e-07
    },
    "PLS-SKLEARN": {
        "MSE": 379.1486758755996,
        "MAE": 15.073921716173611,
        "R2": 0.2621085443799579,
        "emission": 5.4666960133201995e-08
    },
    "XGBoost": {
        "MSE": 455.0886853932741,
        "MAE": 15.984830876583224,
        "R2": 0.11431563956922841,
        "emission": 3.2670263705447654e-06
    },
    "CatBoost": {
        "MSE": 392.73318273683367,
        "MAE": 15.923963666484303,
        "R2": 0.23567065291543554,
        "emission": 2.852083900336328e-06
    },
    "DNN": {
        "MSE": 392.6871332148963,
        "MAE": 16.42377288084075,
        "R2": 0.23576027356014584,
        "emission": 1.722750804597956e-05
    }
}