{
    "Linear-SVR": {
        "MSE": 371.31070973871175,
        "MAE": 12.227381588265663,
        "R2": -0.02521929423534841,
        "emission": 2.159432797220314e-08
    },
    "RBF-SVR": {
        "MSE": 416.10612275339645,
        "MAE": 10.398891176956495,
        "R2": -0.14890310003834584,
        "emission": 3.257889617067912e-08
    },
    "DecisionTree": {
        "MSE": 404.74917253278164,
        "MAE": 13.130335935174783,
        "R2": -0.11754562990763495,
        "emission": 6.979648586712496e-09
    },
    "ExtraTrees": {
        "MSE": 451.8159706482088,
        "MAE": 13.387712576989465,
        "R2": -0.24750091608769598,
        "emission": 1.0176774133243303e-06
    },
    "RandomForest": {
        "MSE": 354.00860391565345,
        "MAE": 12.951019138683128,
        "R2": 0.02255323765090811,
        "emission": 8.650531042083164e-07
    },
    "KNeighbors": {
        "MSE": 435.92089201877934,
        "MAE": 12.779812206572771,
        "R2": -0.20361330157276214,
        "emission": 9.943908384942367e-09
    },
    "PLS": {
        "MSE": 449.0477328457597,
        "MAE": 14.589928365237474,
        "R2": -0.23985758468984963,
        "emission": 6.041638034720267e-07
    },
    "PLS-SKLEARN": {
        "MSE": 416.5339934462958,
        "MAE": 14.36049227939178,
        "R2": -0.1500844860805286,
        "emission": 4.6217295086535454e-08
    },
    "XGBoost": {
        "MSE": 426.8100712391732,
        "MAE": 13.897669635985938,
        "R2": -0.1784575788731788,
        "emission": 3.390962415915737e-06
    },
    "CatBoost": {
        "MSE": 379.15616115265755,
        "MAE": 13.424618821078273,
        "R2": -0.046881228433861555,
        "emission": 2.7674418615355168e-06
    },
    "DNN": {
        "MSE": 456.91853568111856,
        "MAE": 16.884244367438303,
        "R2": -0.26158951624014204,
        "emission": 1.7253678227028493e-05
    }
}