{
    "Linear-SVR": {
        "MSE": 315.3263281486585,
        "MAE": 9.129105782174188,
        "R2": 0.2771811621777207,
        "emission": 2.4364869326321314e-08
    },
    "RBF-SVR": {
        "MSE": 487.6289893546068,
        "MAE": 8.13822028537004,
        "R2": -0.11778620403552575,
        "emission": 2.89258941552551e-08
    },
    "DecisionTree": {
        "MSE": 331.97061587120083,
        "MAE": 9.04881549835411,
        "R2": 0.23902765695466222,
        "emission": 7.806444514424278e-09
    },
    "ExtraTrees": {
        "MSE": 286.766604587346,
        "MAE": 9.389489187576983,
        "R2": 0.3426482810013072,
        "emission": 1.0591274931763781e-06
    },
    "RandomForest": {
        "MSE": 289.6624831662399,
        "MAE": 9.789527755997316,
        "R2": 0.33601009255329506,
        "emission": 8.828421353052037e-07
    },
    "KNeighbors": {
        "MSE": 424.08944225352104,
        "MAE": 9.376901408450705,
        "R2": 0.02786475337424854,
        "emission": 1.940875407583138e-08
    },
    "PLS": {
        "MSE": 273.20949190527637,
        "MAE": 9.795300079383082,
        "R2": 0.3737250911446689,
        "emission": 5.971300430098542e-07
    },
    "PLS-SKLEARN": {
        "MSE": 273.20949190527654,
        "MAE": 9.795300079383086,
        "R2": 0.37372509114466856,
        "emission": 5.3563633094908494e-08
    },
    "XGBoost": {
        "MSE": 299.6182180887581,
        "MAE": 11.042669115887142,
        "R2": 0.3131886783421458,
        "emission": 3.2450209359944888e-06
    },
    "CatBoost": {
        "MSE": 270.6631002260969,
        "MAE": 9.781242514074673,
        "R2": 0.37956215487794887,
        "emission": 2.7848658031988985e-06
    },
    "DNN": {
        "MSE": 272.9044388110984,
        "MAE": 10.755607072029594,
        "R2": 0.3744243607689418,
        "emission": 1.6743353869544692e-05
    }
}