{
    "Linear-SVR": {
        "MSE": 319.5329047613775,
        "MAE": 11.422990682144407,
        "R2": 0.0743521186499434,
        "emission": 2.2564623256020767e-08
    },
    "RBF-SVR": {
        "MSE": 362.1300466466741,
        "MAE": 11.290884316385497,
        "R2": -0.049046609775657224,
        "emission": 3.2847884018806514e-08
    },
    "DecisionTree": {
        "MSE": 327.0379307470984,
        "MAE": 12.033998435054773,
        "R2": 0.05261097306010942,
        "emission": 8.133805741794393e-09
    },
    "ExtraTrees": {
        "MSE": 283.5561426746332,
        "MAE": 11.50943476877826,
        "R2": 0.17857241367182608,
        "emission": 1.1189732163750853e-06
    },
    "RandomForest": {
        "MSE": 280.23622559984193,
        "MAE": 11.338931407398547,
        "R2": 0.18818980881563252,
        "emission": 8.692905727089537e-07
    },
    "KNeighbors": {
        "MSE": 298.06909671361495,
        "MAE": 11.452769953051643,
        "R2": 0.1365301546176405,
        "emission": 9.072746371255002e-09
    },
    "PLS": {
        "MSE": 311.5875012471707,
        "MAE": 11.696026050647761,
        "R2": 0.09736898426786533,
        "emission": 6.008853557620242e-07
    },
    "PLS-SKLEARN": {
        "MSE": 299.70558379344084,
        "MAE": 11.525282419372646,
        "R2": 0.1317894509976839,
        "emission": 4.65673578284262e-08
    },
    "XGBoost": {
        "MSE": 358.74135147911613,
        "MAE": 12.769593034306881,
        "R2": -0.03922997287958019,
        "emission": 3.4026614722454033e-06
    },
    "CatBoost": {
        "MSE": 308.7475719971285,
        "MAE": 11.52138685021851,
        "R2": 0.10559591318289752,
        "emission": 2.7525633291762836e-06
    },
    "DNN": {
        "MSE": 307.8133853002422,
        "MAE": 12.310044266248532,
        "R2": 0.10830213818781187,
        "emission": 1.673811360448194e-05
    }
}