{
    "Linear-SVR": {
        "MSE": 629.5594535657555,
        "MAE": 15.87380449656423,
        "R2": 0.1318095951150856,
        "emission": 2.3814743335128843e-08
    },
    "RBF-SVR": {
        "MSE": 900.805462688808,
        "MAE": 16.005184174186642,
        "R2": -0.2422506801300126,
        "emission": 3.396511059474816e-08
    },
    "DecisionTree": {
        "MSE": 872.1508113517074,
        "MAE": 18.84841417962032,
        "R2": -0.20273464521815665,
        "emission": 8.519453798367831e-09
    },
    "ExtraTrees": {
        "MSE": 790.8944976438593,
        "MAE": 19.069952695973853,
        "R2": -0.09067858522587513,
        "emission": 1.0977630700023992e-06
    },
    "RandomForest": {
        "MSE": 648.8717813848116,
        "MAE": 18.05094876460002,
        "R2": 0.10517703862890881,
        "emission": 8.660099982809694e-07
    },
    "KNeighbors": {
        "MSE": 844.7113258215962,
        "MAE": 18.475774647887324,
        "R2": -0.16489437784183214,
        "emission": 9.05333526546851e-09
    },
    "PLS": {
        "MSE": 669.2514553226547,
        "MAE": 17.78534212929256,
        "R2": 0.07707256451243771,
        "emission": 6.094062417490938e-07
    },
    "PLS-SKLEARN": {
        "MSE": 629.6983917080228,
        "MAE": 18.46272901411699,
        "R2": 0.1316179932555539,
        "emission": 7.669955756195096e-08
    },
    "XGBoost": {
        "MSE": 598.7784799763376,
        "MAE": 17.30214743433704,
        "R2": 0.17425792270668672,
        "emission": 3.3425421861701004e-06
    },
    "CatBoost": {
        "MSE": 593.8300836442755,
        "MAE": 16.586428072423885,
        "R2": 0.18108198068998138,
        "emission": 2.8198740765981394e-06
    },
    "DNN": {
        "MSE": 656.4742722231297,
        "MAE": 19.337855441245672,
        "R2": 0.09469286662312104,
        "emission": 1.6884743230322785e-05
    }
}