{
    "Linear-SVR": {
        "MSE": 540.5075978381753,
        "MAE": 14.137759622587032,
        "R2": 0.30462940690459694,
        "emission": 2.356872370418044e-08
    },
    "RBF-SVR": {
        "MSE": 976.9820653753603,
        "MAE": 15.887387484005814,
        "R2": -0.2569011073310272,
        "emission": 3.2948015457465534e-08
    },
    "DecisionTree": {
        "MSE": 710.4144946210293,
        "MAE": 16.11948793878225,
        "R2": 0.08604180506617565,
        "emission": 9.006187419275924e-09
    },
    "ExtraTrees": {
        "MSE": 775.5287706470629,
        "MAE": 17.83838970285411,
        "R2": 0.002271377193750479,
        "emission": 1.0657609553373935e-06
    },
    "RandomForest": {
        "MSE": 589.7324839861396,
        "MAE": 15.809215639539111,
        "R2": 0.24130090160204654,
        "emission": 8.698173781209966e-07
    },
    "KNeighbors": {
        "MSE": 726.7678854460092,
        "MAE": 16.435399061032864,
        "R2": 0.06500293878091057,
        "emission": 9.413037826511748e-09
    },
    "PLS": {
        "MSE": 536.9565942217581,
        "MAE": 15.757455742775596,
        "R2": 0.3091978227801703,
        "emission": 6.002025620057946e-07
    },
    "PLS-SKLEARN": {
        "MSE": 536.9565942217587,
        "MAE": 15.75745574277559,
        "R2": 0.3091978227801697,
        "emission": 5.1643967123215476e-08
    },
    "XGBoost": {
        "MSE": 485.9152195132122,
        "MAE": 14.324822529513792,
        "R2": 0.37486326605135367,
        "emission": 3.2029909801605436e-06
    },
    "CatBoost": {
        "MSE": 528.2419196804127,
        "MAE": 15.31398040267761,
        "R2": 0.320409373605147,
        "emission": 2.788126368488558e-06
    },
    "DNN": {
        "MSE": 516.6081877831097,
        "MAE": 17.30643455679988,
        "R2": 0.3353763325927662,
        "emission": 1.6967573995782903e-05
    }
}