{
    "Linear-SVR": {
        "MSE": 595.3426024974227,
        "MAE": 15.635276262226272,
        "R2": 0.1855151032442487,
        "emission": 2.2538971727781642e-08
    },
    "RBF-SVR": {
        "MSE": 816.5572639464897,
        "MAE": 17.549790818723803,
        "R2": -0.11712744230074579,
        "emission": 3.3228452935750037e-08
    },
    "DecisionTree": {
        "MSE": 637.5741728420728,
        "MAE": 16.68812603941307,
        "R2": 0.1277383272035243,
        "emission": 6.754643621261189e-09
    },
    "ExtraTrees": {
        "MSE": 689.0883100025673,
        "MAE": 18.131336621125364,
        "R2": 0.05726212323186486,
        "emission": 1.1427866851028778e-06
    },
    "RandomForest": {
        "MSE": 587.6766477980007,
        "MAE": 16.715738357365794,
        "R2": 0.1960028531477509,
        "emission": 8.713425597727365e-07
    },
    "KNeighbors": {
        "MSE": 675.9777915492957,
        "MAE": 17.08544600938967,
        "R2": 0.07519855046558266,
        "emission": 1.716205890196706e-08
    },
    "PLS": {
        "MSE": 553.8881625938018,
        "MAE": 16.069135152917944,
        "R2": 0.24222869145938808,
        "emission": 6.063832393262839e-07
    },
    "PLS-SKLEARN": {
        "MSE": 553.8881625938014,
        "MAE": 16.069135152917926,
        "R2": 0.24222869145938852,
        "emission": 4.982555978839014e-08
    },
    "XGBoost": {
        "MSE": 560.8985569310615,
        "MAE": 17.114022095281054,
        "R2": 0.23263781003405803,
        "emission": 3.439867461428003e-06
    },
    "CatBoost": {
        "MSE": 563.1389185487546,
        "MAE": 15.463963354023656,
        "R2": 0.22957278378996315,
        "emission": 2.8046885191685574e-06
    },
    "DNN": {
        "MSE": 553.8702213979835,
        "MAE": 18.189503738018267,
        "R2": 0.24225323670940435,
        "emission": 1.714244100923583e-05
    }
}