{
    "Linear-SVR": {
        "MSE": 496.2325419844612,
        "MAE": 13.92059745322468,
        "R2": -0.05252852668026353,
        "emission": 2.464338376583817e-08
    },
    "RBF-SVR": {
        "MSE": 580.5320665479463,
        "MAE": 12.569347275054145,
        "R2": -0.23133109781722472,
        "emission": 3.4429536481142695e-08
    },
    "DecisionTree": {
        "MSE": 494.2779878513881,
        "MAE": 14.171883150756392,
        "R2": -0.04838284132522164,
        "emission": 8.505939638644465e-09
    },
    "ExtraTrees": {
        "MSE": 430.57477209888015,
        "MAE": 14.002010196403852,
        "R2": 0.08673415755729363,
        "emission": 1.1599821307763653e-06
    },
    "RandomForest": {
        "MSE": 424.25286307575755,
        "MAE": 13.938053423173914,
        "R2": 0.10014317253906857,
        "emission": 8.932765121367989e-07
    },
    "KNeighbors": {
        "MSE": 443.5908431924882,
        "MAE": 13.240751173708924,
        "R2": 0.05912656439837938,
        "emission": 1.1445540555797544e-08
    },
    "PLS": {
        "MSE": 483.9974963824143,
        "MAE": 14.717096696868051,
        "R2": -0.026577518973494696,
        "emission": 6.304303434052791e-07
    },
    "PLS-SKLEARN": {
        "MSE": 483.9974963824128,
        "MAE": 14.71709669686803,
        "R2": -0.026577518973491587,
        "emission": 5.2148037455923974e-08
    },
    "XGBoost": {
        "MSE": 548.622194708683,
        "MAE": 16.402373573785656,
        "R2": -0.16364901824375822,
        "emission": 3.479581401222621e-06
    },
    "CatBoost": {
        "MSE": 426.20537338005613,
        "MAE": 13.667311234298552,
        "R2": 0.09600182222436915,
        "emission": 2.8329062704045007e-06
    },
    "DNN": {
        "MSE": 460.9155671302654,
        "MAE": 13.471664022168083,
        "R2": 0.022380150935753296,
        "emission": 1.775377728921496e-05
    }
}