{
    "Linear-SVR": {
        "MSE": 392.4082931078989,
        "MAE": 14.13544266973324,
        "R2": 0.0626942733340824,
        "emission": 2.4260677778876548e-08
    },
    "RBF-SVR": {
        "MSE": 558.0767463828315,
        "MAE": 14.657061091587222,
        "R2": -0.33302108923543927,
        "emission": 3.428670233280259e-08
    },
    "DecisionTree": {
        "MSE": 448.4511588698528,
        "MAE": 14.748461529410381,
        "R2": -0.07116961267457778,
        "emission": 9.010689977202824e-09
    },
    "ExtraTrees": {
        "MSE": 442.39375873005395,
        "MAE": 15.195380465760014,
        "R2": -0.056700917849671795,
        "emission": 1.1283197000889543e-06
    },
    "RandomForest": {
        "MSE": 394.0776254057168,
        "MAE": 14.497680768729438,
        "R2": 0.05870690928002342,
        "emission": 8.82067439591139e-07
    },
    "KNeighbors": {
        "MSE": 389.32051643192483,
        "MAE": 14.327230046948356,
        "R2": 0.0700697310190711,
        "emission": 1.7389656621188276e-08
    },
    "PLS": {
        "MSE": 384.1187684997581,
        "MAE": 14.298532608470163,
        "R2": 0.08249461655570733,
        "emission": 6.09665789764337e-07
    },
    "PLS-SKLEARN": {
        "MSE": 389.3545407618101,
        "MAE": 14.581350307537683,
        "R2": 0.06998846056733099,
        "emission": 4.9858497992518054e-08
    },
    "XGBoost": {
        "MSE": 399.7854367743459,
        "MAE": 15.225134188720318,
        "R2": 0.04507324155049397,
        "emission": 3.482749886539974e-06
    },
    "CatBoost": {
        "MSE": 420.62724050975754,
        "MAE": 14.69489896627258,
        "R2": -0.004709452491288069,
        "emission": 2.752538096953547e-06
    },
    "DNN": {
        "MSE": 366.55831528261547,
        "MAE": 15.006288436656826,
        "R2": 0.12443948278907957,
        "emission": 1.694730284577927e-05
    }
}