{
    "Linear-SVR": {
        "MSE": 226.29821709606279,
        "MAE": 7.1931580097012375,
        "R2": 0.015023115591091596,
        "emission": 2.4281830308167878e-08
    },
    "RBF-SVR": {
        "MSE": 257.07130970659546,
        "MAE": 6.00274710072961,
        "R2": -0.11891865943527757,
        "emission": 3.087344969949621e-08
    },
    "DecisionTree": {
        "MSE": 370.8624987626499,
        "MAE": 10.03299530516432,
        "R2": -0.6142017964740432,
        "emission": 8.99775561122955e-09
    },
    "ExtraTrees": {
        "MSE": 291.38943956324175,
        "MAE": 10.151832952475868,
        "R2": -0.2682904267373183,
        "emission": 1.0916783864058677e-06
    },
    "RandomForest": {
        "MSE": 245.40754575002768,
        "MAE": 9.100845736336462,
        "R2": -0.06815141067014818,
        "emission": 8.436567787273993e-07
    },
    "KNeighbors": {
        "MSE": 289.57136150234743,
        "MAE": 8.090328638497652,
        "R2": -0.2603771303489879,
        "emission": 1.1064270194556985e-08
    },
    "PLS": {
        "MSE": 279.36198482850034,
        "MAE": 9.988850561686982,
        "R2": -0.2159401915299155,
        "emission": 5.892256044766842e-07
    },
    "PLS-SKLEARN": {
        "MSE": 279.36198482849977,
        "MAE": 9.98885056168697,
        "R2": -0.21594019152991328,
        "emission": 5.3190354947343296e-08
    },
    "XGBoost": {
        "MSE": 275.2268323920519,
        "MAE": 10.43012328298299,
        "R2": -0.19794168665579237,
        "emission": 3.304346007679073e-06
    },
    "CatBoost": {
        "MSE": 226.62933868824462,
        "MAE": 8.583123371222515,
        "R2": 0.013581888530564967,
        "emission": 2.7400146089567145e-06
    },
    "DNN": {
        "MSE": 233.08680275416407,
        "MAE": 9.194769009066299,
        "R2": -0.014524620298586921,
        "emission": 1.695923991092788e-05
    }
}