{
    "Linear-SVR": {
        "MSE": 479.10790570190204,
        "MAE": 13.642498065421291,
        "R2": 0.13925263267153054,
        "emission": 2.4227256656051398e-08
    },
    "RBF-SVR": {
        "MSE": 703.5845546233536,
        "MAE": 13.644330501823777,
        "R2": -0.2640337299335469,
        "emission": 3.104751309670867e-08
    },
    "DecisionTree": {
        "MSE": 501.37037842353095,
        "MAE": 13.805759099074619,
        "R2": 0.0992567057471132,
        "emission": 6.868958552598612e-09
    },
    "ExtraTrees": {
        "MSE": 498.2691583404321,
        "MAE": 14.23956574560053,
        "R2": 0.10482824190893636,
        "emission": 1.0950048637322122e-06
    },
    "RandomForest": {
        "MSE": 481.17367392045884,
        "MAE": 15.158251763332428,
        "R2": 0.13554135065244433,
        "emission": 8.521566882899991e-07
    },
    "KNeighbors": {
        "MSE": 582.7078873239436,
        "MAE": 17.23380281690141,
        "R2": -0.04687122455392978,
        "emission": 8.402180493793265e-09
    },
    "PLS": {
        "MSE": 426.7794517711441,
        "MAE": 14.25522089726195,
        "R2": 0.233263978385566,
        "emission": 5.617005067056879e-07
    },
    "PLS-SKLEARN": {
        "MSE": 485.42854832612517,
        "MAE": 15.407821480821594,
        "R2": 0.12789720222699696,
        "emission": 4.722874573504681e-08
    },
    "XGBoost": {
        "MSE": 465.7060636655495,
        "MAE": 14.89600948245033,
        "R2": 0.1633298814767712,
        "emission": 3.215135652123924e-06
    },
    "CatBoost": {
        "MSE": 407.9719006051008,
        "MAE": 13.196372155107213,
        "R2": 0.2670529222944559,
        "emission": 2.743685727623791e-06
    },
    "DNN": {
        "MSE": 465.37778004901094,
        "MAE": 16.16995387860867,
        "R2": 0.16391966355990895,
        "emission": 1.6475422649433037e-05
    }
}