{
    "Linear-SVR": {
        "MSE": 603.9718280086281,
        "MAE": 15.218933362398463,
        "R2": 0.08530187068782513,
        "emission": 2.336709495859118e-08
    },
    "RBF-SVR": {
        "MSE": 799.990447656898,
        "MAE": 14.315118209440357,
        "R2": -0.2115627451565847,
        "emission": 3.001803145830618e-08
    },
    "DecisionTree": {
        "MSE": 627.0651278689696,
        "MAE": 17.75134180477185,
        "R2": 0.05032772586463674,
        "emission": 7.734119493072113e-09
    },
    "ExtraTrees": {
        "MSE": 707.4447271392488,
        "MAE": 19.634201201682835,
        "R2": -0.0714048876080835,
        "emission": 9.917820794152675e-07
    },
    "RandomForest": {
        "MSE": 604.3011378854313,
        "MAE": 18.698000545470354,
        "R2": 0.08480314025983626,
        "emission": 8.031336371843798e-07
    },
    "KNeighbors": {
        "MSE": 673.1920807511738,
        "MAE": 15.97323943661972,
        "R2": -0.019530230343910437,
        "emission": 1.8609866854710586e-08
    },
    "PLS": {
        "MSE": 534.8946397481474,
        "MAE": 16.256886252730133,
        "R2": 0.18991730463668144,
        "emission": 5.948600820191568e-07
    },
    "PLS-SKLEARN": {
        "MSE": 580.5816671057256,
        "MAE": 18.005001164324543,
        "R2": 0.12072560310385094,
        "emission": 4.768302258321798e-08
    },
    "XGBoost": {
        "MSE": 567.863146136145,
        "MAE": 16.526103495932382,
        "R2": 0.13998744082375025,
        "emission": 3.255415145846733e-06
    },
    "CatBoost": {
        "MSE": 484.37211611347016,
        "MAE": 15.452690024076746,
        "R2": 0.2664322275415113,
        "emission": 2.7289803096387603e-06
    },
    "DNN": {
        "MSE": 532.3277275333775,
        "MAE": 18.88031572064324,
        "R2": 0.19380482006716115,
        "emission": 1.6356086907994365e-05
    }
}