{
    "Linear-SVR": {
        "MSE": 350.1940612057711,
        "MAE": 12.11222211863591,
        "R2": -0.002183229310475321,
        "emission": 2.3569936472455355e-08
    },
    "RBF-SVR": {
        "MSE": 384.9862375648713,
        "MAE": 11.277238730742718,
        "R2": -0.10175126749549279,
        "emission": 3.3122188289036736e-08
    },
    "DecisionTree": {
        "MSE": 378.70508870575685,
        "MAE": 11.632537843092306,
        "R2": -0.0837759139851193,
        "emission": 7.2461456396567195e-09
    },
    "ExtraTrees": {
        "MSE": 388.09788685219144,
        "MAE": 12.741646744131156,
        "R2": -0.110656166454975,
        "emission": 1.0724688521222419e-06
    },
    "RandomForest": {
        "MSE": 322.05834737993064,
        "MAE": 12.39387994008495,
        "R2": 0.07833538497969617,
        "emission": 8.632638691665013e-07
    },
    "KNeighbors": {
        "MSE": 381.55790610328637,
        "MAE": 12.919342723004696,
        "R2": -0.09194008942043408,
        "emission": 9.168587364577231e-09
    },
    "PLS": {
        "MSE": 319.13093754876706,
        "MAE": 12.576770608689815,
        "R2": 0.08671302858681296,
        "emission": 5.661049570879458e-07
    },
    "PLS-SKLEARN": {
        "MSE": 319.1309375487662,
        "MAE": 12.576770608689785,
        "R2": 0.08671302858681529,
        "emission": 4.8374634734729075e-08
    },
    "XGBoost": {
        "MSE": 336.2645286222343,
        "MAE": 13.134112442872036,
        "R2": 0.03768022211211075,
        "emission": 3.1827269371705435e-06
    },
    "CatBoost": {
        "MSE": 308.39276139975834,
        "MAE": 11.60359369159035,
        "R2": 0.1174434756219922,
        "emission": 2.7491343331963977e-06
    },
    "DNN": {
        "MSE": 333.78270399654025,
        "MAE": 13.766018594374678,
        "R2": 0.0447826926948397,
        "emission": 1.6040928248779703e-05
    }
}