{
    "Linear-SVR": {
        "MSE": 1043.8381082317017,
        "MAE": 24.321630516418164,
        "R2": 0.09314019166584009,
        "emission": 2.2388770303529207e-08
    },
    "RBF-SVR": {
        "MSE": 1382.036145333161,
        "MAE": 25.113823536545507,
        "R2": -0.20067759931745321,
        "emission": 3.054071688363478e-08
    },
    "DecisionTree": {
        "MSE": 981.2065463685643,
        "MAE": 23.479615993894836,
        "R2": 0.1475528881740099,
        "emission": 6.634402504575039e-09
    },
    "ExtraTrees": {
        "MSE": 1040.1193665398134,
        "MAE": 24.85470214324868,
        "R2": 0.09637093918440198,
        "emission": 1.0261335219930339e-06
    },
    "RandomForest": {
        "MSE": 915.971515202395,
        "MAE": 24.00472636575072,
        "R2": 0.2042274121193397,
        "emission": 8.303710878163535e-07
    },
    "KNeighbors": {
        "MSE": 1129.805654460094,
        "MAE": 26.03427230046949,
        "R2": 0.01845378974121048,
        "emission": 8.167513792082333e-09
    },
    "PLS": {
        "MSE": 950.071926360661,
        "MAE": 24.38271309799017,
        "R2": 0.17460184845843063,
        "emission": 5.723979814208555e-07
    },
    "PLS-SKLEARN": {
        "MSE": 950.0719263606613,
        "MAE": 24.38271309799017,
        "R2": 0.1746018484584304,
        "emission": 4.7562928478978144e-08
    },
    "XGBoost": {
        "MSE": 939.1020910364572,
        "MAE": 23.66912116148802,
        "R2": 0.184132160372811,
        "emission": 3.1284921858085867e-06
    },
    "CatBoost": {
        "MSE": 940.1135445059545,
        "MAE": 23.221292984189585,
        "R2": 0.18325343550900897,
        "emission": 2.7098414311090393e-06
    },
    "DNN": {
        "MSE": 959.5763377509204,
        "MAE": 25.799193668813214,
        "R2": 0.1663446593179606,
        "emission": 1.627542012707126e-05
    }
}