{
    "Linear-SVR": {
        "MSE": 803.3616372893161,
        "MAE": 16.028042629705674,
        "R2": 0.2680859675819579,
        "emission": 2.293744740445036e-08
    },
    "RBF-SVR": {
        "MSE": 1389.8185472754424,
        "MAE": 18.197006726142458,
        "R2": -0.266213931621206,
        "emission": 3.018436300388291e-08
    },
    "DecisionTree": {
        "MSE": 851.7799218303777,
        "MAE": 17.640401633099568,
        "R2": 0.2239738016080055,
        "emission": 6.7259428866358435e-09
    },
    "ExtraTrees": {
        "MSE": 967.7619307575495,
        "MAE": 19.530752158439203,
        "R2": 0.11830674470414126,
        "emission": 1.0221758367171059e-06
    },
    "RandomForest": {
        "MSE": 843.5342875385218,
        "MAE": 19.413201730299146,
        "R2": 0.23148610386923885,
        "emission": 8.323907610437466e-07
    },
    "KNeighbors": {
        "MSE": 982.6405220657276,
        "MAE": 17.95774647887324,
        "R2": 0.10475139272366463,
        "emission": 1.1520644310118705e-08
    },
    "PLS": {
        "MSE": 686.5366701365515,
        "MAE": 17.813846133086642,
        "R2": 0.37452101355253364,
        "emission": 5.797566043062772e-07
    },
    "PLS-SKLEARN": {
        "MSE": 686.5366701365518,
        "MAE": 17.813846133086646,
        "R2": 0.3745210135525332,
        "emission": 4.99057325918784e-08
    },
    "XGBoost": {
        "MSE": 651.7030941681567,
        "MAE": 17.763580129627893,
        "R2": 0.4062566377934337,
        "emission": 3.2813937816011544e-06
    },
    "CatBoost": {
        "MSE": 633.7806196883832,
        "MAE": 15.037237450321715,
        "R2": 0.422585162779593,
        "emission": 2.7465824560291074e-06
    },
    "DNN": {
        "MSE": 697.6481172776838,
        "MAE": 19.75504551398362,
        "R2": 0.3643977717824797,
        "emission": 1.6571132626356093e-05
    }
}