{
    "Linear-SVR": {
        "MSE": 427.3701170349265,
        "MAE": 14.88853735085992,
        "R2": 0.13385764490775365,
        "emission": 2.1821311653005496e-08
    },
    "RBF-SVR": {
        "MSE": 489.55051485158094,
        "MAE": 15.42765319890563,
        "R2": 0.007837892803540858,
        "emission": 3.133359190181141e-08
    },
    "DecisionTree": {
        "MSE": 486.1749769229059,
        "MAE": 15.254901231734644,
        "R2": 0.014679027114779752,
        "emission": 8.081576856868746e-09
    },
    "ExtraTrees": {
        "MSE": 488.04246961660743,
        "MAE": 16.289451547987692,
        "R2": 0.010894217519147542,
        "emission": 9.905921280091578e-07
    },
    "RandomForest": {
        "MSE": 421.20591268787024,
        "MAE": 15.289406131826508,
        "R2": 0.1463505129338839,
        "emission": 8.298796309728588e-07
    },
    "KNeighbors": {
        "MSE": 427.639979342723,
        "MAE": 15.635211267605635,
        "R2": 0.1333107204375844,
        "emission": 9.173540345467823e-09
    },
    "PLS": {
        "MSE": 436.56380616341966,
        "MAE": 15.567694049299163,
        "R2": 0.11522498147076299,
        "emission": 5.774523246536226e-07
    },
    "PLS-SKLEARN": {
        "MSE": 394.4956188101155,
        "MAE": 14.481844925849508,
        "R2": 0.20048372422388572,
        "emission": 4.821115429971279e-08
    },
    "XGBoost": {
        "MSE": 428.3661921245295,
        "MAE": 15.931479950557012,
        "R2": 0.13183891971015882,
        "emission": 3.2054332431435567e-06
    },
    "CatBoost": {
        "MSE": 383.4714780437742,
        "MAE": 14.63503046535958,
        "R2": 0.22282612689928605,
        "emission": 2.7680143715468146e-06
    },
    "DNN": {
        "MSE": 509.25192243353786,
        "MAE": 17.84752124553555,
        "R2": -0.03209055067317945,
        "emission": 1.6756607305788513e-05
    }
}