{
    "Linear-SVR": {
        "MSE": 496.0044298279054,
        "MAE": 14.46155656768371,
        "R2": 0.17376870371302366,
        "emission": 2.1944613735912476e-08
    },
    "RBF-SVR": {
        "MSE": 665.3019224737698,
        "MAE": 14.41206337556346,
        "R2": -0.1082426623053403,
        "emission": 3.313620847825244e-08
    },
    "DecisionTree": {
        "MSE": 540.4382674939036,
        "MAE": 14.843377520022097,
        "R2": 0.09975197102674371,
        "emission": 9.548499003408322e-09
    },
    "ExtraTrees": {
        "MSE": 519.7114287837269,
        "MAE": 15.117301309107063,
        "R2": 0.13427820060372986,
        "emission": 9.279091645616988e-07
    },
    "RandomForest": {
        "MSE": 451.83254981560464,
        "MAE": 15.05246722772077,
        "R2": 0.24734907414370477,
        "emission": 8.123150013517545e-07
    },
    "KNeighbors": {
        "MSE": 485.7025089201877,
        "MAE": 14.895023474178402,
        "R2": 0.19092937598521043,
        "emission": 1.1777941386199205e-08
    },
    "PLS": {
        "MSE": 505.2331733900127,
        "MAE": 15.492328662361327,
        "R2": 0.15839570238909284,
        "emission": 6.020984044499218e-07
    },
    "PLS-SKLEARN": {
        "MSE": 466.00212442367246,
        "MAE": 15.780845972941975,
        "R2": 0.22374576479358288,
        "emission": 5.042445334266951e-08
    },
    "XGBoost": {
        "MSE": 446.1040010027602,
        "MAE": 15.072321983657673,
        "R2": 0.2568915419662642,
        "emission": 3.221762591465835e-06
    },
    "CatBoost": {
        "MSE": 480.3993348038226,
        "MAE": 14.539677812303292,
        "R2": 0.19976326568680058,
        "emission": 2.7836452396152354e-06
    },
    "DNN": {
        "MSE": 634.5849476461434,
        "MAE": 19.565767966525655,
        "R2": -0.05707512346168553,
        "emission": 1.640989553502645e-05
    }
}