{
    "Linear-SVR": {
        "MSE": 333.00178342550987,
        "MAE": 10.566058412541496,
        "R2": 0.18099576807755435,
        "emission": 2.3899644365498136e-08
    },
    "RBF-SVR": {
        "MSE": 477.98211442601746,
        "MAE": 9.980393369265313,
        "R2": -0.17557741124145032,
        "emission": 3.073245733719487e-08
    },
    "DecisionTree": {
        "MSE": 445.38919807517885,
        "MAE": 12.937722721873408,
        "R2": -0.09541646991723551,
        "emission": 6.9899749408925515e-09
    },
    "ExtraTrees": {
        "MSE": 373.60940067520835,
        "MAE": 12.069025854712692,
        "R2": 0.08112299852756943,
        "emission": 1.0960887634904907e-06
    },
    "RandomForest": {
        "MSE": 354.11710152250186,
        "MAE": 12.175810062197629,
        "R2": 0.12906350903097952,
        "emission": 8.8024164812586e-07
    },
    "KNeighbors": {
        "MSE": 383.416738028169,
        "MAE": 11.204413145539906,
        "R2": 0.05700225444824347,
        "emission": 9.807096491037378e-09
    },
    "PLS": {
        "MSE": 325.9443051082775,
        "MAE": 11.497988766489668,
        "R2": 0.19835334661378812,
        "emission": 5.847029608032189e-07
    },
    "PLS-SKLEARN": {
        "MSE": 325.9443051082774,
        "MAE": 11.49798876648968,
        "R2": 0.19835334661378845,
        "emission": 4.95785814464355e-08
    },
    "XGBoost": {
        "MSE": 321.68146729866675,
        "MAE": 12.137613305806275,
        "R2": 0.20883762141302864,
        "emission": 3.2554231146863876e-06
    },
    "CatBoost": {
        "MSE": 343.5631945550924,
        "MAE": 11.990981327366423,
        "R2": 0.15502041046468484,
        "emission": 2.760495671248956e-06
    },
    "DNN": {
        "MSE": 359.85864467841947,
        "MAE": 12.356300414895786,
        "R2": 0.1149424190653644,
        "emission": 1.740815186367237e-05
    }
}