{
    "Linear-SVR": {
        "MSE": 550.9833638980073,
        "MAE": 14.081072857365326,
        "R2": 0.09101718841012585,
        "emission": 2.2411456648968134e-08
    },
    "RBF-SVR": {
        "MSE": 751.6616922597037,
        "MAE": 14.036259870212778,
        "R2": -0.24005115791681964,
        "emission": 3.221837053361155e-08
    },
    "DecisionTree": {
        "MSE": 729.7345132781796,
        "MAE": 17.542736278443495,
        "R2": -0.20387687370639895,
        "emission": 6.874719443079626e-09
    },
    "ExtraTrees": {
        "MSE": 669.319107162413,
        "MAE": 16.913157151924743,
        "R2": -0.10420677599974804,
        "emission": 1.0774719020773987e-06
    },
    "RandomForest": {
        "MSE": 562.1668195037507,
        "MAE": 16.16122282577717,
        "R2": 0.07256732297701818,
        "emission": 8.458336208448834e-07
    },
    "KNeighbors": {
        "MSE": 683.3903154929577,
        "MAE": 19.682159624413142,
        "R2": -0.12742070104510206,
        "emission": 1.0578417693665771e-08
    },
    "PLS": {
        "MSE": 584.8486056191007,
        "MAE": 16.88561740400613,
        "R2": 0.03514812837711101,
        "emission": 5.784743391162935e-07
    },
    "PLS-SKLEARN": {
        "MSE": 582.4739805705683,
        "MAE": 16.71950807150902,
        "R2": 0.039065657461503145,
        "emission": 4.9884572932499646e-08
    },
    "XGBoost": {
        "MSE": 541.2434703542594,
        "MAE": 16.154470089676096,
        "R2": 0.10708554255306657,
        "emission": 3.274295820604416e-06
    },
    "CatBoost": {
        "MSE": 548.5270607997966,
        "MAE": 15.723679413621761,
        "R2": 0.0950694655615314,
        "emission": 2.7708327493316667e-06
    },
    "DNN": {
        "MSE": 608.4020429915544,
        "MAE": 19.66425254020333,
        "R2": -0.003709069731291814,
        "emission": 1.653392565452232e-05
    }
}