{
    "Linear-SVR": {
        "MSE": 362.3690668899903,
        "MAE": 11.6890662047007,
        "R2": -0.04950615777191936,
        "emission": 2.2401844043186783e-08
    },
    "RBF-SVR": {
        "MSE": 438.6583825641795,
        "MAE": 10.435718097842447,
        "R2": -0.2704579825494309,
        "emission": 3.198694926848998e-08
    },
    "DecisionTree": {
        "MSE": 380.9559836549056,
        "MAE": 12.97210764587525,
        "R2": -0.10333824605194586,
        "emission": 7.915307975877541e-09
    },
    "ExtraTrees": {
        "MSE": 386.3438552598574,
        "MAE": 13.592811868530037,
        "R2": -0.11894279109551609,
        "emission": 1.0558794218051132e-06
    },
    "RandomForest": {
        "MSE": 340.8909077665333,
        "MAE": 12.70716034685699,
        "R2": 0.012699649283119507,
        "emission": 8.549812340442429e-07
    },
    "KNeighbors": {
        "MSE": 341.99981220657276,
        "MAE": 11.692957746478873,
        "R2": 0.009488000871210933,
        "emission": 8.359500499627456e-09
    },
    "PLS": {
        "MSE": 361.67222147584295,
        "MAE": 13.327114112388267,
        "R2": -0.04748792934133217,
        "emission": 6.007881377364997e-07
    },
    "PLS-SKLEARN": {
        "MSE": 361.6722214758423,
        "MAE": 13.327114112388246,
        "R2": -0.04748792934133039,
        "emission": 5.219709792128448e-08
    },
    "XGBoost": {
        "MSE": 431.7194849761398,
        "MAE": 14.564437132605086,
        "R2": -0.25036130098304543,
        "emission": 3.3636808723772373e-06
    },
    "CatBoost": {
        "MSE": 333.6617756766964,
        "MAE": 12.661005951761986,
        "R2": 0.033636918318651454,
        "emission": 2.7714665454928467e-06
    },
    "DNN": {
        "MSE": 337.7552903024317,
        "MAE": 14.117490830219968,
        "R2": 0.021781135915616257,
        "emission": 1.6568631181429355e-05
    }
}