{
    "Linear-SVR": {
        "MSE": 278.2111497787967,
        "MAE": 9.476916733671473,
        "R2": 0.027300909856237232,
        "emission": 2.364964265687979e-08
    },
    "RBF-SVR": {
        "MSE": 337.69485412314594,
        "MAE": 8.202287105998444,
        "R2": -0.18066970936636717,
        "emission": 2.9143694221494316e-08
    },
    "DecisionTree": {
        "MSE": 332.02952972575343,
        "MAE": 11.239037520945608,
        "R2": -0.16086225056719816,
        "emission": 7.657636208275813e-09
    },
    "ExtraTrees": {
        "MSE": 327.3059887699706,
        "MAE": 11.164183403972109,
        "R2": -0.14434751349213903,
        "emission": 1.0358086631521768e-06
    },
    "RandomForest": {
        "MSE": 287.57586398719195,
        "MAE": 10.73282617410302,
        "R2": -0.005440585217576288,
        "emission": 8.360558919682316e-07
    },
    "KNeighbors": {
        "MSE": 296.88424788732397,
        "MAE": 9.161502347417839,
        "R2": -0.037985134771273854,
        "emission": 8.198175502731567e-09
    },
    "PLS": {
        "MSE": 282.47537404404125,
        "MAE": 10.427065235681287,
        "R2": 0.012392064303964445,
        "emission": 5.797902086240164e-07
    },
    "PLS-SKLEARN": {
        "MSE": 289.54808902261817,
        "MAE": 10.930892490628315,
        "R2": -0.012336000800464042,
        "emission": 4.489307646186518e-08
    },
    "XGBoost": {
        "MSE": 324.18404595262933,
        "MAE": 11.9716494342251,
        "R2": -0.13343238323828976,
        "emission": 3.3282550250740745e-06
    },
    "CatBoost": {
        "MSE": 266.50132905058,
        "MAE": 10.296508883182208,
        "R2": 0.06824151190306071,
        "emission": 2.7097500738566416e-06
    },
    "DNN": {
        "MSE": 270.47479552702407,
        "MAE": 10.979015524958221,
        "R2": 0.05434923177903661,
        "emission": 1.616619184418115e-05
    }
}