{
    "Linear-SVR": {
        "MSE": 446.2663520975036,
        "MAE": 11.87050062065264,
        "R2": 0.22011222706710776,
        "emission": 2.3957022467725867e-08
    },
    "RBF-SVR": {
        "MSE": 708.358043614614,
        "MAE": 12.62226287985172,
        "R2": -0.23791492340206855,
        "emission": 3.086933765997953e-08
    },
    "DecisionTree": {
        "MSE": 584.4749273412243,
        "MAE": 13.626342861088096,
        "R2": -0.021418816984143385,
        "emission": 8.245492301456174e-09
    },
    "ExtraTrees": {
        "MSE": 555.9676071045959,
        "MAE": 14.816140972610661,
        "R2": 0.028400109285187547,
        "emission": 1.071736952613018e-06
    },
    "RandomForest": {
        "MSE": 520.9474674965734,
        "MAE": 14.225113531870532,
        "R2": 0.08960073209336283,
        "emission": 8.671169232425971e-07
    },
    "KNeighbors": {
        "MSE": 466.87112676056347,
        "MAE": 12.549201877934271,
        "R2": 0.1841036601020437,
        "emission": 8.265019309268097e-09
    },
    "PLS": {
        "MSE": 408.5179466397371,
        "MAE": 13.214793711448863,
        "R2": 0.2860807226210662,
        "emission": 5.775318772652522e-07
    },
    "PLS-SKLEARN": {
        "MSE": 420.0647648722973,
        "MAE": 13.314625666163446,
        "R2": 0.26590169206335834,
        "emission": 5.014629783974769e-08
    },
    "XGBoost": {
        "MSE": 438.59076101154795,
        "MAE": 14.171259706768213,
        "R2": 0.23352596442336193,
        "emission": 3.256983699874439e-06
    },
    "CatBoost": {
        "MSE": 421.4770077350553,
        "MAE": 12.813725580669843,
        "R2": 0.2634336795504274,
        "emission": 2.7463471128840166e-06
    },
    "DNN": {
        "MSE": 423.6676615101192,
        "MAE": 13.56688816895962,
        "R2": 0.25960532886731713,
        "emission": 1.6609110895286836e-05
    }
}