{
    "Linear-SVR": {
        "MSE": 496.1597861874241,
        "MAE": 13.686981873198624,
        "R2": 0.03875301348820037,
        "emission": 2.3207467186143504e-08
    },
    "RBF-SVR": {
        "MSE": 631.1608160399529,
        "MAE": 13.664616284937352,
        "R2": -0.2227944491123106,
        "emission": 3.309439836758592e-08
    },
    "DecisionTree": {
        "MSE": 486.94430302731564,
        "MAE": 14.058452880639242,
        "R2": 0.056606849416689475,
        "emission": 6.9998092939487795e-09
    },
    "ExtraTrees": {
        "MSE": 569.6565818917248,
        "MAE": 15.739462290282118,
        "R2": -0.10363775528390828,
        "emission": 1.0779143267634672e-06
    },
    "RandomForest": {
        "MSE": 492.32692621866994,
        "MAE": 14.597150358416275,
        "R2": 0.0461786960954057,
        "emission": 8.458392780071804e-07
    },
    "KNeighbors": {
        "MSE": 598.1085896713615,
        "MAE": 16.259906103286383,
        "R2": -0.1587599306390366,
        "emission": 8.011443878191683e-09
    },
    "PLS": {
        "MSE": 476.66013450340625,
        "MAE": 14.68323906715942,
        "R2": 0.07653112840421128,
        "emission": 5.845132588696004e-07
    },
    "PLS-SKLEARN": {
        "MSE": 476.6601345034065,
        "MAE": 14.683239067159425,
        "R2": 0.07653112840421084,
        "emission": 4.5654676867269084e-08
    },
    "XGBoost": {
        "MSE": 478.7601055812119,
        "MAE": 14.974194159068414,
        "R2": 0.07246269938900674,
        "emission": 3.3909950026403888e-06
    },
    "CatBoost": {
        "MSE": 451.65114650699655,
        "MAE": 13.608379904322202,
        "R2": 0.12498288732644203,
        "emission": 2.7425661343565373e-06
    },
    "DNN": {
        "MSE": 495.8487643836218,
        "MAE": 16.621680651919945,
        "R2": 0.03935557899223241,
        "emission": 1.9424983177169123e-05
    }
}