{
    "Linear-SVR": {
        "MSE": 430.3725337669967,
        "MAE": 12.008761385715715,
        "R2": 0.22169743634524108,
        "emission": 2.3194862954683294e-08
    },
    "RBF-SVR": {
        "MSE": 654.2392488872227,
        "MAE": 11.048851415521717,
        "R2": -0.18315190840725837,
        "emission": 3.058969286413482e-08
    },
    "DecisionTree": {
        "MSE": 546.6942847402194,
        "MAE": 14.299987461863168,
        "R2": 0.011336621265242486,
        "emission": 8.88278558762285e-09
    },
    "ExtraTrees": {
        "MSE": 540.4125324980882,
        "MAE": 13.374081968635352,
        "R2": 0.022696788308201543,
        "emission": 1.0331679634135796e-06
    },
    "RandomForest": {
        "MSE": 494.988824658924,
        "MAE": 13.855426672768012,
        "R2": 0.10484280248917766,
        "emission": 8.179507019637359e-07
    },
    "KNeighbors": {
        "MSE": 578.9460845070423,
        "MAE": 14.145352112676056,
        "R2": -0.046988797927489445,
        "emission": 9.21667488317417e-09
    },
    "PLS": {
        "MSE": 432.9186571297246,
        "MAE": 14.223634748415595,
        "R2": 0.21709292703037553,
        "emission": 5.699591857704808e-07
    },
    "PLS-SKLEARN": {
        "MSE": 444.59485883697795,
        "MAE": 14.932385009852183,
        "R2": 0.1959772260748276,
        "emission": 4.918395941716597e-08
    },
    "XGBoost": {
        "MSE": 490.6297179017618,
        "MAE": 14.931007912265303,
        "R2": 0.1127259820560711,
        "emission": 3.2227785025054458e-06
    },
    "CatBoost": {
        "MSE": 445.0696741576732,
        "MAE": 13.585490007815936,
        "R2": 0.19511855143282608,
        "emission": 2.7570894258841447e-06
    },
    "DNN": {
        "MSE": 526.0918508282608,
        "MAE": 16.77691307039188,
        "R2": 0.0485948705100383,
        "emission": 1.643749965921063e-05
    }
}