{
    "Linear-SVR": {
        "MSE": 359.2093263384371,
        "MAE": 14.299678207327798,
        "R2": 0.13748441781328669,
        "emission": 2.2073861410429317e-08
    },
    "RBF-SVR": {
        "MSE": 455.28864753667125,
        "MAE": 15.737117109094035,
        "R2": -0.09321647323574322,
        "emission": 3.142106785857595e-08
    },
    "DecisionTree": {
        "MSE": 472.96485925242513,
        "MAE": 16.015567948322023,
        "R2": -0.13565971432382318,
        "emission": 6.808103268051462e-09
    },
    "ExtraTrees": {
        "MSE": 430.92259650662936,
        "MAE": 15.501471958639018,
        "R2": -0.034709922462150544,
        "emission": 1.0495036771204876e-06
    },
    "RandomForest": {
        "MSE": 380.7992003457907,
        "MAE": 15.152219086310344,
        "R2": 0.0856438853343342,
        "emission": 8.368814237165378e-07
    },
    "KNeighbors": {
        "MSE": 405.587034741784,
        "MAE": 15.500657276995307,
        "R2": 0.02612456930448126,
        "emission": 1.1038761798836803e-08
    },
    "PLS": {
        "MSE": 322.1172656875552,
        "MAE": 14.19050010110529,
        "R2": 0.22654803042299343,
        "emission": 5.899958997599487e-07
    },
    "PLS-SKLEARN": {
        "MSE": 322.1172656875553,
        "MAE": 14.190500101105295,
        "R2": 0.2265480304229931,
        "emission": 5.1156572250417464e-08
    },
    "XGBoost": {
        "MSE": 325.5316869897564,
        "MAE": 13.548826397052952,
        "R2": 0.21834949168426332,
        "emission": 3.1952460684855885e-06
    },
    "CatBoost": {
        "MSE": 289.664696673472,
        "MAE": 13.46914969551639,
        "R2": 0.3044715262908715,
        "emission": 2.7832383887016243e-06
    },
    "DNN": {
        "MSE": 338.26107981324196,
        "MAE": 15.348266042342209,
        "R2": 0.18778430627009735,
        "emission": 1.633230210175157e-05
    }
}