{
    "Linear-SVR": {
        "MSE": 868.5183652153495,
        "MAE": 24.64909425919687,
        "R2": 0.32698446877483767,
        "emission": 2.3893529926410675e-08
    },
    "RBF-SVR": {
        "MSE": 1305.738760854705,
        "MAE": 30.275460984399125,
        "R2": -0.011817943032235378,
        "emission": 3.280282222102703e-08
    },
    "DecisionTree": {
        "MSE": 1058.0310734324048,
        "MAE": 25.268212676809785,
        "R2": 0.1801309293416261,
        "emission": 6.960012057017339e-09
    },
    "ExtraTrees": {
        "MSE": 1093.6239707696272,
        "MAE": 26.225360932734123,
        "R2": 0.15254996655644215,
        "emission": 1.0217896768030191e-06
    },
    "RandomForest": {
        "MSE": 967.8966318597124,
        "MAE": 26.0266418356215,
        "R2": 0.2499761755750639,
        "emission": 8.253217593827014e-07
    },
    "KNeighbors": {
        "MSE": 1080.3779849765258,
        "MAE": 26.28910798122066,
        "R2": 0.16281429086112698,
        "emission": 9.769810194622644e-09
    },
    "PLS": {
        "MSE": 876.9994211469506,
        "MAE": 22.713988276748577,
        "R2": 0.3204124921860161,
        "emission": 5.7168931136277e-07
    },
    "PLS-SKLEARN": {
        "MSE": 831.1397734095783,
        "MAE": 22.48537835746754,
        "R2": 0.35594916754015615,
        "emission": 5.540972967302634e-08
    },
    "XGBoost": {
        "MSE": 810.9940802062101,
        "MAE": 23.08066401232576,
        "R2": 0.3715600802809619,
        "emission": 3.0527219267655506e-06
    },
    "CatBoost": {
        "MSE": 775.3308846808048,
        "MAE": 21.752358699744818,
        "R2": 0.39919551718478163,
        "emission": 2.7313437961102283e-06
    },
    "DNN": {
        "MSE": 979.2114583991072,
        "MAE": 26.85538114449228,
        "R2": 0.2412083080214018,
        "emission": 1.6354239337523605e-05
    }
}