{
    "Linear-SVR": {
        "MSE": 691.9908222016956,
        "MAE": 19.41949307547584,
        "R2": 0.12140846122629123,
        "emission": 2.2589931483412523e-08
    },
    "RBF-SVR": {
        "MSE": 964.4264439409002,
        "MAE": 21.011892556531343,
        "R2": -0.22449154848634234,
        "emission": 3.2012659094401674e-08
    },
    "DecisionTree": {
        "MSE": 923.191382150397,
        "MAE": 21.622800048152158,
        "R2": -0.17213713101780037,
        "emission": 8.105859957232263e-09
    },
    "ExtraTrees": {
        "MSE": 797.5937621539636,
        "MAE": 20.344668130796425,
        "R2": -0.012671134246504678,
        "emission": 1.080736829585713e-06
    },
    "RandomForest": {
        "MSE": 664.4574709660224,
        "MAE": 19.66670144420446,
        "R2": 0.15636639513758266,
        "emission": 8.07466944051186e-07
    },
    "KNeighbors": {
        "MSE": 744.4147755868546,
        "MAE": 21.02460093896714,
        "R2": 0.05484798037089189,
        "emission": 7.69980606502473e-09
    },
    "PLS": {
        "MSE": 624.7477101246533,
        "MAE": 19.311972319282788,
        "R2": 0.2067842023722939,
        "emission": 5.548413679680175e-07
    },
    "PLS-SKLEARN": {
        "MSE": 624.7477101246544,
        "MAE": 19.311972319282795,
        "R2": 0.20678420237229245,
        "emission": 5.7188734974810823e-08
    },
    "XGBoost": {
        "MSE": 622.9765297840557,
        "MAE": 18.772081119703575,
        "R2": 0.2090329952911656,
        "emission": 3.2171278015035293e-06
    },
    "CatBoost": {
        "MSE": 656.313833262177,
        "MAE": 19.220797203510738,
        "R2": 0.16670602819611424,
        "emission": 2.745609377666396e-06
    },
    "DNN": {
        "MSE": 602.4661723291316,
        "MAE": 19.84344210870949,
        "R2": 0.2350741304319265,
        "emission": 1.6797534531521647e-05
    }
}