{
    "Linear-SVR": {
        "MSE": 419.50359649142314,
        "MAE": 11.940003168947984,
        "R2": 0.17012344728334516,
        "emission": 2.165919751288966e-08
    },
    "RBF-SVR": {
        "MSE": 625.6099080114622,
        "MAE": 12.058242159115506,
        "R2": -0.23760320089782683,
        "emission": 2.916133191487092e-08
    },
    "DecisionTree": {
        "MSE": 605.7683056224089,
        "MAE": 14.477459935990016,
        "R2": -0.1983518554297108,
        "emission": 6.1092195570281334e-09
    },
    "ExtraTrees": {
        "MSE": 552.7456219662638,
        "MAE": 14.966543680152235,
        "R2": -0.09346054508966462,
        "emission": 1.0364833644209476e-06
    },
    "RandomForest": {
        "MSE": 448.5652938419172,
        "MAE": 13.868391940461459,
        "R2": 0.11263259043483709,
        "emission": 8.258071245408935e-07
    },
    "KNeighbors": {
        "MSE": 498.6476882629108,
        "MAE": 12.049577464788731,
        "R2": 0.013557862157174472,
        "emission": 9.889400806044166e-09
    },
    "PLS": {
        "MSE": 443.5936123406999,
        "MAE": 13.96489196877802,
        "R2": 0.12246774307701402,
        "emission": 5.833312607109175e-07
    },
    "PLS-SKLEARN": {
        "MSE": 443.59361234069934,
        "MAE": 13.964891968777996,
        "R2": 0.12246774307701513,
        "emission": 4.830098624903987e-08
    },
    "XGBoost": {
        "MSE": 443.4737635815915,
        "MAE": 13.541113997282276,
        "R2": 0.12270483204570959,
        "emission": 3.20180074344588e-06
    },
    "CatBoost": {
        "MSE": 411.92277846595164,
        "MAE": 13.219967729332598,
        "R2": 0.185120084218922,
        "emission": 2.742622483562349e-06
    },
    "DNN": {
        "MSE": 412.0386482177037,
        "MAE": 14.833960702609568,
        "R2": 0.18489086666047339,
        "emission": 1.6776418249949347e-05
    }
}