{
    "Linear-SVR": {
        "MSE": 485.7769102520013,
        "MAE": 15.902579976739894,
        "R2": 0.3346254354235665,
        "emission": 2.3158365914435943e-08
    },
    "RBF-SVR": {
        "MSE": 794.3487822033902,
        "MAE": 19.71568087312409,
        "R2": -0.08802922478595421,
        "emission": 3.193825445337507e-08
    },
    "DecisionTree": {
        "MSE": 651.1183326084861,
        "MAE": 18.578600695967943,
        "R2": 0.10815527065220354,
        "emission": 7.747081456065486e-09
    },
    "ExtraTrees": {
        "MSE": 643.5193289781026,
        "MAE": 18.389643871666255,
        "R2": 0.11856371869712656,
        "emission": 9.7551107833782e-07
    },
    "RandomForest": {
        "MSE": 545.9669750651608,
        "MAE": 18.053005302902637,
        "R2": 0.25218236881896494,
        "emission": 8.150667318640208e-07
    },
    "KNeighbors": {
        "MSE": 670.2093671361503,
        "MAE": 18.230234741784038,
        "R2": 0.08200604758689034,
        "emission": 9.12018919042027e-09
    },
    "PLS": {
        "MSE": 470.69159941854247,
        "MAE": 15.9965348408532,
        "R2": 0.3552879698410747,
        "emission": 5.831077277288612e-07
    },
    "PLS-SKLEARN": {
        "MSE": 502.6979390225035,
        "MAE": 17.085061900118294,
        "R2": 0.31144849573633926,
        "emission": 4.913531749042611e-08
    },
    "XGBoost": {
        "MSE": 484.2313556393095,
        "MAE": 16.19471886500786,
        "R2": 0.3367424004454639,
        "emission": 3.319867843493956e-06
    },
    "CatBoost": {
        "MSE": 445.99620893468375,
        "MAE": 15.546742199630776,
        "R2": 0.389113547680331,
        "emission": 2.7606947644909883e-06
    },
    "DNN": {
        "MSE": 495.4863661476117,
        "MAE": 17.615414391437046,
        "R2": 0.32132627514551926,
        "emission": 1.6751476427259693e-05
    }
}