{
    "Linear-SVR": {
        "MSE": 308.0207313018864,
        "MAE": 10.818899327434542,
        "R2": 0.018051691645783685,
        "emission": 2.5105502329683686e-08
    },
    "RBF-SVR": {
        "MSE": 364.8241251804124,
        "MAE": 9.10581090054906,
        "R2": -0.16303351093796592,
        "emission": 3.165850507913749e-08
    },
    "DecisionTree": {
        "MSE": 480.5217055136586,
        "MAE": 12.165499985943606,
        "R2": -0.5318692149788109,
        "emission": 9.073069857896272e-09
    },
    "ExtraTrees": {
        "MSE": 357.2355244924134,
        "MAE": 11.600792465229087,
        "R2": -0.13884158860578677,
        "emission": 1.0784612873269037e-06
    },
    "RandomForest": {
        "MSE": 293.5997105352382,
        "MAE": 10.86095689274257,
        "R2": 0.06402488600416123,
        "emission": 8.349915297660691e-07
    },
    "KNeighbors": {
        "MSE": 362.2710535211267,
        "MAE": 12.316995305164317,
        "R2": -0.15489449903981667,
        "emission": 8.82803733208261e-09
    },
    "PLS": {
        "MSE": 335.75346748654283,
        "MAE": 11.972113737794961,
        "R2": -0.07035831006889737,
        "emission": 5.814529849204771e-07
    },
    "PLS-SKLEARN": {
        "MSE": 308.98060382847063,
        "MAE": 11.86449555285666,
        "R2": 0.01499168591262634,
        "emission": 4.736010600014433e-08
    },
    "XGBoost": {
        "MSE": 339.27407856393467,
        "MAE": 12.09012831897243,
        "R2": -0.08158176920817795,
        "emission": 3.295812326518375e-06
    },
    "CatBoost": {
        "MSE": 296.85761858737004,
        "MAE": 10.900015990254227,
        "R2": 0.05363890553121364,
        "emission": 2.744356977675218e-06
    },
    "DNN": {
        "MSE": 289.0318159245001,
        "MAE": 11.166832585401938,
        "R2": 0.07858701098450405,
        "emission": 1.6230410087795118e-05
    }
}