{
    "Linear-SVR": {
        "MSE": 388.35235508164163,
        "MAE": 10.897784805088948,
        "R2": 0.24394076922899588,
        "emission": 2.4472275919842848e-08
    },
    "RBF-SVR": {
        "MSE": 610.3054340865075,
        "MAE": 11.2242480849197,
        "R2": -0.18816598121004002,
        "emission": 3.241892826973579e-08
    },
    "DecisionTree": {
        "MSE": 484.52302849311513,
        "MAE": 12.079396894185628,
        "R2": 0.05671202087513971,
        "emission": 7.54358382476445e-09
    },
    "ExtraTrees": {
        "MSE": 479.239589999053,
        "MAE": 13.507271473321019,
        "R2": 0.06699802118227505,
        "emission": 1.063233047083718e-06
    },
    "RandomForest": {
        "MSE": 359.0455427147707,
        "MAE": 11.761855225191075,
        "R2": 0.3009963933922343,
        "emission": 8.275914952380871e-07
    },
    "KNeighbors": {
        "MSE": 467.5342009389671,
        "MAE": 12.629295774647888,
        "R2": 0.08978652067980841,
        "emission": 7.925142346505178e-09
    },
    "PLS": {
        "MSE": 345.15462213105707,
        "MAE": 12.13847137008974,
        "R2": 0.3280397693208178,
        "emission": 5.851423612999357e-07
    },
    "PLS-SKLEARN": {
        "MSE": 355.7321268544818,
        "MAE": 12.089169521365317,
        "R2": 0.3074470782246407,
        "emission": 4.7429453052490085e-08
    },
    "XGBoost": {
        "MSE": 291.0613737305383,
        "MAE": 10.996205609113398,
        "R2": 0.4333505759644477,
        "emission": 3.401487321828185e-06
    },
    "CatBoost": {
        "MSE": 348.8489368333713,
        "MAE": 11.697217420281536,
        "R2": 0.32084753604217453,
        "emission": 2.742466280845756e-06
    },
    "DNN": {
        "MSE": 356.1598075923223,
        "MAE": 12.79496259778878,
        "R2": 0.3066144529928476,
        "emission": 1.6416303624058465e-05
    }
}