{
    "Linear-SVR": {
        "MSE": 445.05719785767025,
        "MAE": 10.890331262135948,
        "R2": 0.07230584929439943,
        "emission": 2.3769664309585013e-08
    },
    "RBF-SVR": {
        "MSE": 550.5629406663832,
        "MAE": 9.400999086341876,
        "R2": -0.1476143338655045,
        "emission": 3.110922035818822e-08
    },
    "DecisionTree": {
        "MSE": 506.2898435394796,
        "MAE": 11.047839059277786,
        "R2": -0.05532980631274653,
        "emission": 6.907075848215051e-09
    },
    "ExtraTrees": {
        "MSE": 463.52177217033454,
        "MAE": 11.632654192031499,
        "R2": 0.03381758830776205,
        "emission": 1.007077985540769e-06
    },
    "RandomForest": {
        "MSE": 409.51479652295825,
        "MAE": 11.480006571851833,
        "R2": 0.14639178247098839,
        "emission": 8.441408717850929e-07
    },
    "KNeighbors": {
        "MSE": 519.307889201878,
        "MAE": 10.951079812206574,
        "R2": -0.08246511582522764,
        "emission": 8.060361250481688e-09
    },
    "PLS": {
        "MSE": 415.24997788383143,
        "MAE": 12.593463499354277,
        "R2": 0.1344371523081046,
        "emission": 5.749572109745804e-07
    },
    "PLS-SKLEARN": {
        "MSE": 415.24997788383143,
        "MAE": 12.593463499354268,
        "R2": 0.1344371523081046,
        "emission": 4.8558300579942515e-08
    },
    "XGBoost": {
        "MSE": 417.83658065589617,
        "MAE": 12.708448381463127,
        "R2": 0.12904553911008432,
        "emission": 3.3867817870786216e-06
    },
    "CatBoost": {
        "MSE": 416.20107102810863,
        "MAE": 10.860337052909415,
        "R2": 0.13245465758389996,
        "emission": 2.7271310709694906e-06
    },
    "DNN": {
        "MSE": 421.8829196679313,
        "MAE": 13.6304755837873,
        "R2": 0.12061119617325289,
        "emission": 1.6453399114100337e-05
    }
}