{
    "Linear-SVR": {
        "MSE": 326.38600855492444,
        "MAE": 11.605998199658611,
        "R2": 0.1587913603064265,
        "emission": 2.510030405960733e-08
    },
    "RBF-SVR": {
        "MSE": 473.80673132159166,
        "MAE": 11.334147684039854,
        "R2": -0.22116238284038725,
        "emission": 3.397328246362517e-08
    },
    "DecisionTree": {
        "MSE": 431.6687181055785,
        "MAE": 12.433540309960117,
        "R2": -0.11255827651311745,
        "emission": 9.588022785168316e-09
    },
    "ExtraTrees": {
        "MSE": 351.86286785345766,
        "MAE": 12.483450703742834,
        "R2": 0.09312875960527789,
        "emission": 1.0542373694134638e-06
    },
    "RandomForest": {
        "MSE": 319.428197989231,
        "MAE": 11.931300920231676,
        "R2": 0.176724023496024,
        "emission": 8.291011054201766e-07
    },
    "KNeighbors": {
        "MSE": 367.3946009389671,
        "MAE": 12.278403755868545,
        "R2": 0.05309815866502221,
        "emission": 8.388372566725522e-09
    },
    "PLS": {
        "MSE": 297.93626100175095,
        "MAE": 12.024494601861742,
        "R2": 0.23211611324173298,
        "emission": 5.90259733813275e-07
    },
    "PLS-SKLEARN": {
        "MSE": 297.93626100175106,
        "MAE": 12.024494601861738,
        "R2": 0.23211611324173265,
        "emission": 4.879221416087223e-08
    },
    "XGBoost": {
        "MSE": 302.7536847583798,
        "MAE": 12.230038740895164,
        "R2": 0.21969996065270647,
        "emission": 3.4563051476731455e-06
    },
    "CatBoost": {
        "MSE": 279.4510639100268,
        "MAE": 10.721553906900446,
        "R2": 0.2797588034686951,
        "emission": 2.721918280395464e-06
    },
    "DNN": {
        "MSE": 294.66318850613504,
        "MAE": 13.495153991269394,
        "R2": 0.24055194317772166,
        "emission": 1.7717390143528693e-05
    }
}