{
    "Linear-SVR": {
        "MSE": 315.9840116742322,
        "MAE": 9.556594760234043,
        "R2": 0.3289474391343552,
        "emission": 2.2906099138909074e-08
    },
    "RBF-SVR": {
        "MSE": 540.7923865184213,
        "MAE": 9.379990376501375,
        "R2": -0.14847619646011312,
        "emission": 3.0588655661027314e-08
    },
    "DecisionTree": {
        "MSE": 286.5115467349789,
        "MAE": 9.292518229947058,
        "R2": 0.39153786251596234,
        "emission": 7.966561674926508e-09
    },
    "ExtraTrees": {
        "MSE": 351.5555958559679,
        "MAE": 10.974093054832478,
        "R2": 0.2534043680380521,
        "emission": 1.087708868400041e-06
    },
    "RandomForest": {
        "MSE": 309.96989056846314,
        "MAE": 10.467598338983096,
        "R2": 0.3417195770282915,
        "emission": 8.597458931360577e-07
    },
    "KNeighbors": {
        "MSE": 392.80934460093897,
        "MAE": 11.298967136150234,
        "R2": 0.16579413233675544,
        "emission": 1.0459666367751366e-08
    },
    "PLS": {
        "MSE": 338.40397055998574,
        "MAE": 12.054642242941911,
        "R2": 0.281334362937645,
        "emission": 5.735695791158037e-07
    },
    "PLS-SKLEARN": {
        "MSE": 292.41228492954355,
        "MAE": 10.67165013482191,
        "R2": 0.37900651494720417,
        "emission": 4.76968119799405e-08
    },
    "XGBoost": {
        "MSE": 338.9835593869567,
        "MAE": 12.07901864646466,
        "R2": 0.2801034950702259,
        "emission": 3.1937548362170648e-06
    },
    "CatBoost": {
        "MSE": 334.8698166901124,
        "MAE": 10.03667545327359,
        "R2": 0.2888398154835061,
        "emission": 2.7218521240785484e-06
    },
    "DNN": {
        "MSE": 309.92039333829797,
        "MAE": 11.682811366983561,
        "R2": 0.3418246938754449,
        "emission": 1.7413570902734305e-05
    }
}