{
    "Linear-SVR": {
        "MSE": 391.2719623576054,
        "MAE": 14.424504488704423,
        "R2": 0.09669095922155047,
        "emission": 2.2833003342250883e-08
    },
    "RBF-SVR": {
        "MSE": 453.46939699722225,
        "MAE": 15.998411512821551,
        "R2": -0.04690099325227237,
        "emission": 3.0881761666098e-08
    },
    "DecisionTree": {
        "MSE": 641.9736991856977,
        "MAE": 18.42196542195357,
        "R2": -0.48209098071387446,
        "emission": 8.010537445066396e-09
    },
    "ExtraTrees": {
        "MSE": 509.24067556918703,
        "MAE": 17.014667556257443,
        "R2": -0.1756572165356194,
        "emission": 9.808741200654415e-07
    },
    "RandomForest": {
        "MSE": 416.052057740905,
        "MAE": 15.507235781818343,
        "R2": 0.03948245377124471,
        "emission": 8.160055317049202e-07
    },
    "KNeighbors": {
        "MSE": 430.2742723004695,
        "MAE": 15.42723004694836,
        "R2": 0.006648373572562316,
        "emission": 7.50677598320018e-09
    },
    "PLS": {
        "MSE": 455.22976267386923,
        "MAE": 15.64449593257925,
        "R2": -0.05096505708452281,
        "emission": 5.876562664313755e-07
    },
    "PLS-SKLEARN": {
        "MSE": 419.1433331322181,
        "MAE": 15.058486564893336,
        "R2": 0.03234578854309078,
        "emission": 4.7965918174720094e-08
    },
    "XGBoost": {
        "MSE": 440.1042404154989,
        "MAE": 15.792626853028374,
        "R2": -0.016045557818193723,
        "emission": 3.2173344794931344e-06
    },
    "CatBoost": {
        "MSE": 419.8749646172048,
        "MAE": 15.700685604262448,
        "R2": 0.030656709338630517,
        "emission": 2.713556393520625e-06
    },
    "DNN": {
        "MSE": 415.5347935956102,
        "MAE": 15.42590049779471,
        "R2": 0.04067663435116642,
        "emission": 1.6496655609401108e-05
    }
}