{
    "Linear-SVR": {
        "MSE": 268.6472719754628,
        "MAE": 8.508812690635045,
        "R2": 0.08116001150600538,
        "emission": 2.4310944822286688e-08
    },
    "RBF-SVR": {
        "MSE": 329.04331981820985,
        "MAE": 6.903382532110383,
        "R2": -0.12540938150082592,
        "emission": 2.9405249120882865e-08
    },
    "DecisionTree": {
        "MSE": 382.9237474937366,
        "MAE": 10.578445303086957,
        "R2": -0.3096937450880144,
        "emission": 8.329299053313187e-09
    },
    "ExtraTrees": {
        "MSE": 279.9841370230884,
        "MAE": 9.779068210655499,
        "R2": 0.04238513442156677,
        "emission": 1.0798732601390248e-06
    },
    "RandomForest": {
        "MSE": 276.39496096449244,
        "MAE": 10.098095879996116,
        "R2": 0.054661002566933625,
        "emission": 8.499617951574618e-07
    },
    "KNeighbors": {
        "MSE": 317.5985953051643,
        "MAE": 8.952488262910798,
        "R2": -0.0862655984184344,
        "emission": 8.8981725726566e-09
    },
    "PLS": {
        "MSE": 317.2452779258663,
        "MAE": 10.99363259955361,
        "R2": -0.0850571657612118,
        "emission": 5.723402505636439e-07
    },
    "PLS-SKLEARN": {
        "MSE": 283.1149456657348,
        "MAE": 10.844096656258943,
        "R2": 0.03167699599145157,
        "emission": 5.009055344040303e-08
    },
    "XGBoost": {
        "MSE": 307.26334994449866,
        "MAE": 11.256600304843394,
        "R2": -0.05091650792350477,
        "emission": 3.4059792330533974e-06
    },
    "CatBoost": {
        "MSE": 277.59673318467554,
        "MAE": 9.726824653833297,
        "R2": 0.050550644904093334,
        "emission": 2.7275548852488745e-06
    },
    "DNN": {
        "MSE": 316.3463278493756,
        "MAE": 12.497272771770056,
        "R2": -0.08198253458455573,
        "emission": 1.6736451305770838e-05
    }
}