{
    "Linear-SVR": {
        "MSE": 465.7625784080666,
        "MAE": 13.476996524156116,
        "R2": 0.15557732585945439,
        "emission": 2.122160004868525e-08
    },
    "RBF-SVR": {
        "MSE": 594.4082273801425,
        "MAE": 12.575552465789375,
        "R2": -0.07765588770793452,
        "emission": 3.122917175745013e-08
    },
    "DecisionTree": {
        "MSE": 540.3451776135253,
        "MAE": 13.357845624471466,
        "R2": 0.020359855016942263,
        "emission": 6.299795240534609e-09
    },
    "ExtraTrees": {
        "MSE": 410.26491448701654,
        "MAE": 13.269913315583395,
        "R2": 0.2561940090136515,
        "emission": 1.0745049821003786e-06
    },
    "RandomForest": {
        "MSE": 380.8527079908788,
        "MAE": 12.846618108079824,
        "R2": 0.30951803119407406,
        "emission": 8.390500604524908e-07
    },
    "KNeighbors": {
        "MSE": 408.303620657277,
        "MAE": 12.474178403755868,
        "R2": 0.2597498141754674,
        "emission": 7.866531859927731e-09
    },
    "PLS": {
        "MSE": 443.71545777338105,
        "MAE": 13.949367929847385,
        "R2": 0.1955485245484342,
        "emission": 5.905471615581981e-07
    },
    "PLS-SKLEARN": {
        "MSE": 448.89377855674127,
        "MAE": 14.249917588507422,
        "R2": 0.18616028322945988,
        "emission": 4.971885960099184e-08
    },
    "XGBoost": {
        "MSE": 368.9873063781433,
        "MAE": 13.05551581158884,
        "R2": 0.33102987998584077,
        "emission": 3.2378678801950432e-06
    },
    "CatBoost": {
        "MSE": 334.9147171934534,
        "MAE": 12.506495468504452,
        "R2": 0.39280312714658727,
        "emission": 2.6942188611993828e-06
    },
    "DNN": {
        "MSE": 430.65888484154874,
        "MAE": 13.835244126610911,
        "R2": 0.2192199544599832,
        "emission": 1.6629797467038937e-05
    }
}