{
    "Linear-SVR": {
        "MSE": 237.70356960935513,
        "MAE": 8.078848929431894,
        "R2": 0.07695549662717727,
        "emission": 2.3020659621392517e-08
    },
    "RBF-SVR": {
        "MSE": 291.1020420193181,
        "MAE": 6.767688295939763,
        "R2": -0.13040010399558177,
        "emission": 3.007264123001766e-08
    },
    "DecisionTree": {
        "MSE": 292.835555133728,
        "MAE": 8.896286174760004,
        "R2": -0.13713163837855458,
        "emission": 8.433849334117262e-09
    },
    "ExtraTrees": {
        "MSE": 268.30067704243544,
        "MAE": 9.130827823401162,
        "R2": -0.04185841887954611,
        "emission": 1.0650092654196532e-06
    },
    "RandomForest": {
        "MSE": 234.86165361787351,
        "MAE": 8.60828843052389,
        "R2": 0.08799115309331906,
        "emission": 8.307716117724105e-07
    },
    "KNeighbors": {
        "MSE": 256.1243661971831,
        "MAE": 7.882159624413145,
        "R2": 0.005424324141687253,
        "emission": 1.1684115615974597e-08
    },
    "PLS": {
        "MSE": 230.57986122425493,
        "MAE": 8.822979532737307,
        "R2": 0.10461810127086812,
        "emission": 5.853310340048488e-07
    },
    "PLS-SKLEARN": {
        "MSE": 230.5798612242551,
        "MAE": 8.822979532737312,
        "R2": 0.10461810127086746,
        "emission": 4.73322455804571e-08
    },
    "XGBoost": {
        "MSE": 236.82806144976567,
        "MAE": 9.406266517643358,
        "R2": 0.0803552478202082,
        "emission": 3.2680227371175776e-06
    },
    "CatBoost": {
        "MSE": 235.48215035144912,
        "MAE": 8.458334793778858,
        "R2": 0.08558165583491006,
        "emission": 2.755174092368553e-06
    },
    "DNN": {
        "MSE": 238.0548100361469,
        "MAE": 8.8225894576507,
        "R2": 0.07559156866494576,
        "emission": 1.6869634127292997e-05
    }
}