{
    "Linear-SVR": {
        "MSE": 223.93855726342227,
        "MAE": 7.465288742761235,
        "R2": 0.20577915432105998,
        "emission": 2.236703155349415e-08
    },
    "RBF-SVR": {
        "MSE": 313.2672182538324,
        "MAE": 6.406679474554263,
        "R2": -0.11103401774789856,
        "emission": 3.0882940590732054e-08
    },
    "DecisionTree": {
        "MSE": 251.60871652092771,
        "MAE": 7.589653865220307,
        "R2": 0.10764412320305561,
        "emission": 8.446488864056285e-09
    },
    "ExtraTrees": {
        "MSE": 258.5767421007951,
        "MAE": 8.632446696778443,
        "R2": 0.0829313125268446,
        "emission": 1.081361171999228e-06
    },
    "RandomForest": {
        "MSE": 243.4907259118507,
        "MAE": 8.016118076933507,
        "R2": 0.1364354016927647,
        "emission": 1.8298611481545593e-06
    },
    "KNeighbors": {
        "MSE": 274.5033333333333,
        "MAE": 8.61643192488263,
        "R2": 0.02644603856569394,
        "emission": 1.7060210631804644e-08
    },
    "PLS": {
        "MSE": 230.46508808046408,
        "MAE": 9.874550890475922,
        "R2": 0.182632149677446,
        "emission": 5.977686207213989e-07
    },
    "PLS-SKLEARN": {
        "MSE": 226.58971644797734,
        "MAE": 9.388699531454023,
        "R2": 0.19637654891305079,
        "emission": 5.896220815886789e-08
    },
    "XGBoost": {
        "MSE": 241.97353871737332,
        "MAE": 10.012355620504964,
        "R2": 0.14181626022546312,
        "emission": 3.3749691700912526e-06
    },
    "CatBoost": {
        "MSE": 200.0849255142338,
        "MAE": 7.431269557657021,
        "R2": 0.2903784828684398,
        "emission": 2.768186009197943e-06
    },
    "DNN": {
        "MSE": 253.23676269869583,
        "MAE": 9.586208353579885,
        "R2": 0.10187009202275132,
        "emission": 1.74930350167795e-05
    }
}