{
    "Linear-SVR": {
        "MSE": 438.0104589353353,
        "MAE": 15.761990898918002,
        "R2": -0.0972135464991224,
        "emission": 2.312930414932457e-08
    },
    "RBF-SVR": {
        "MSE": 414.05764852145336,
        "MAE": 16.327719795490044,
        "R2": -0.0372119015002379,
        "emission": 3.20609390314437e-08
    },
    "DecisionTree": {
        "MSE": 462.5362967423164,
        "MAE": 16.61209403027497,
        "R2": -0.1586506216467567,
        "emission": 7.512232570012128e-09
    },
    "ExtraTrees": {
        "MSE": 457.14073565002633,
        "MAE": 16.270515185339963,
        "R2": -0.1451347737927715,
        "emission": 9.742906539808404e-07
    },
    "RandomForest": {
        "MSE": 396.32038600368463,
        "MAE": 15.716412028691593,
        "R2": 0.007219833667940212,
        "emission": 8.24241094693242e-07
    },
    "KNeighbors": {
        "MSE": 388.30352112676053,
        "MAE": 15.17511737089202,
        "R2": 0.02730203162457112,
        "emission": 1.1929927758274198e-08
    },
    "PLS": {
        "MSE": 384.0851833249097,
        "MAE": 15.003987579133026,
        "R2": 0.037868942266728545,
        "emission": 5.814136476140538e-07
    },
    "PLS-SKLEARN": {
        "MSE": 384.0851833249097,
        "MAE": 15.003987579133025,
        "R2": 0.037868942266728545,
        "emission": 5.105064967868203e-08
    },
    "XGBoost": {
        "MSE": 466.5603190013713,
        "MAE": 16.232770384463347,
        "R2": -0.1687307730312262,
        "emission": 3.4002254412267684e-06
    },
    "CatBoost": {
        "MSE": 390.66379232837124,
        "MAE": 15.66916744454966,
        "R2": 0.02138956656126234,
        "emission": 2.744204088915768e-06
    },
    "DNN": {
        "MSE": 388.6461024313047,
        "MAE": 15.623027529291143,
        "R2": 0.026443867531784626,
        "emission": 1.662491735165363e-05
    }
}