{
    "Linear-SVR": {
        "MSE": 781.3308671096445,
        "MAE": 18.748530971251096,
        "R2": 0.2569282015175356,
        "emission": 2.5301265745678253e-08
    },
    "RBF-SVR": {
        "MSE": 1295.2042850809662,
        "MAE": 20.89681077139296,
        "R2": -0.2317826135265817,
        "emission": 3.187500895835478e-08
    },
    "DecisionTree": {
        "MSE": 1073.7887582750554,
        "MAE": 20.977311411870158,
        "R2": -0.021209038820333426,
        "emission": 6.875483645327301e-09
    },
    "ExtraTrees": {
        "MSE": 982.119883818043,
        "MAE": 21.141188405878896,
        "R2": 0.06597112809105088,
        "emission": 1.0252409904961199e-06
    },
    "RandomForest": {
        "MSE": 819.4878197468433,
        "MAE": 20.448078311270844,
        "R2": 0.22063966280202274,
        "emission": 8.67450604201618e-07
    },
    "KNeighbors": {
        "MSE": 870.1562046948358,
        "MAE": 20.362159624413145,
        "R2": 0.1724523333179272,
        "emission": 1.7519904612048514e-08
    },
    "PLS": {
        "MSE": 807.514609966059,
        "MAE": 20.264981703635193,
        "R2": 0.23202658593527548,
        "emission": 6.218273848411699e-07
    },
    "PLS-SKLEARN": {
        "MSE": 807.5146099660601,
        "MAE": 20.26498170363519,
        "R2": 0.23202658593527448,
        "emission": 5.362998426675198e-08
    },
    "XGBoost": {
        "MSE": 825.6785156691602,
        "MAE": 20.58787612860472,
        "R2": 0.21475210383501142,
        "emission": 3.3493735535918407e-06
    },
    "CatBoost": {
        "MSE": 825.4437530783911,
        "MAE": 19.37894953296857,
        "R2": 0.21497537091414864,
        "emission": 2.860140815545887e-06
    },
    "DNN": {
        "MSE": 839.722288180686,
        "MAE": 22.882460198827754,
        "R2": 0.20139600626238918,
        "emission": 1.7040232252495406e-05
    }
}