{
    "Linear-SVR": {
        "MSE": 567.0283458626212,
        "MAE": 16.232836614869584,
        "R2": 0.04646783668732002,
        "emission": 2.2509049033799823e-08
    },
    "RBF-SVR": {
        "MSE": 815.6499107919252,
        "MAE": 17.63057181394944,
        "R2": -0.37162177097165916,
        "emission": 3.21212473794386e-08
    },
    "DecisionTree": {
        "MSE": 700.3951274828457,
        "MAE": 17.348775731310944,
        "R2": -0.17780581157080944,
        "emission": 7.746004116550622e-09
    },
    "ExtraTrees": {
        "MSE": 527.0235856542349,
        "MAE": 15.642586432206995,
        "R2": 0.11374106177852117,
        "emission": 1.0071575911725265e-06
    },
    "RandomForest": {
        "MSE": 507.5470965040186,
        "MAE": 15.934639617770308,
        "R2": 0.14649332005387938,
        "emission": 8.614826132797482e-07
    },
    "KNeighbors": {
        "MSE": 644.9856187793429,
        "MAE": 16.748169014084507,
        "R2": -0.08462749149623483,
        "emission": 9.475799130285741e-09
    },
    "PLS": {
        "MSE": 508.5703878817876,
        "MAE": 15.840741815407743,
        "R2": 0.14477252205804214,
        "emission": 5.970229167723722e-07
    },
    "PLS-SKLEARN": {
        "MSE": 508.57038788178795,
        "MAE": 15.840741815407743,
        "R2": 0.1447725220580416,
        "emission": 5.207307953979815e-08
    },
    "XGBoost": {
        "MSE": 474.7272910885588,
        "MAE": 15.813536252371723,
        "R2": 0.20168410599191888,
        "emission": 3.266131017270962e-06
    },
    "CatBoost": {
        "MSE": 498.7679011850554,
        "MAE": 15.791201756332988,
        "R2": 0.16125668270711735,
        "emission": 2.767990099935121e-06
    },
    "DNN": {
        "MSE": 490.9356807191161,
        "MAE": 17.065488436972032,
        "R2": 0.17442758356052612,
        "emission": 1.708085976478013e-05
    }
}