{
    "Linear-SVR": {
        "MSE": 285.4543151381397,
        "MAE": 8.801864457934721,
        "R2": 0.04344234417795323,
        "emission": 2.404110269766255e-08
    },
    "RBF-SVR": {
        "MSE": 343.7322813246906,
        "MAE": 7.514251493278402,
        "R2": -0.1518471706941773,
        "emission": 2.8384190983573486e-08
    },
    "DecisionTree": {
        "MSE": 200.59726702832273,
        "MAE": 7.650781304743887,
        "R2": 0.32779838546121187,
        "emission": 8.367585333912082e-09
    },
    "ExtraTrees": {
        "MSE": 254.41649592543354,
        "MAE": 9.395134156782143,
        "R2": 0.14745010308524842,
        "emission": 1.0827166193846223e-06
    },
    "RandomForest": {
        "MSE": 252.31375851233025,
        "MAE": 9.110027966982297,
        "R2": 0.15449637796714688,
        "emission": 8.539153625573991e-07
    },
    "KNeighbors": {
        "MSE": 320.7157295774648,
        "MAE": 7.847511737089202,
        "R2": -0.07471868597052334,
        "emission": 1.0613581803546804e-08
    },
    "PLS": {
        "MSE": 244.57125454255709,
        "MAE": 9.760918632366396,
        "R2": 0.18044151543664022,
        "emission": 5.832817486144751e-07
    },
    "PLS-SKLEARN": {
        "MSE": 237.87779622874893,
        "MAE": 9.664489663771148,
        "R2": 0.20287130000970055,
        "emission": 5.4374482833968876e-08
    },
    "XGBoost": {
        "MSE": 249.1281500993691,
        "MAE": 10.075580073265193,
        "R2": 0.16517135450198916,
        "emission": 3.3715811066700673e-06
    },
    "CatBoost": {
        "MSE": 206.10739111076066,
        "MAE": 8.178088090657761,
        "R2": 0.3093339549163986,
        "emission": 2.741217034096997e-06
    },
    "DNN": {
        "MSE": 268.6517709150343,
        "MAE": 10.280090086663169,
        "R2": 0.09974768433762804,
        "emission": 1.6717493818623982e-05
    }
}