{
    "Linear-SVR": {
        "MSE": 341.91690774330584,
        "MAE": 11.095096511685302,
        "R2": 0.131057394182985,
        "emission": 2.202430528589479e-08
    },
    "RBF-SVR": {
        "MSE": 466.5465611863484,
        "MAE": 9.838653657641926,
        "R2": -0.18567457598963988,
        "emission": 3.234213409087276e-08
    },
    "DecisionTree": {
        "MSE": 380.56425217655107,
        "MAE": 11.481370218498048,
        "R2": 0.0328396008560059,
        "emission": 9.129629097342408e-09
    },
    "ExtraTrees": {
        "MSE": 336.83462090372257,
        "MAE": 11.799923424113143,
        "R2": 0.14397344328697526,
        "emission": 1.063954241102466e-06
    },
    "RandomForest": {
        "MSE": 340.91357018424327,
        "MAE": 12.004350723738016,
        "R2": 0.13360726151432056,
        "emission": 8.571326583373782e-07
    },
    "KNeighbors": {
        "MSE": 371.9297295774648,
        "MAE": 12.626948356807512,
        "R2": 0.05478324972893256,
        "emission": 1.4355905014435333e-08
    },
    "PLS": {
        "MSE": 350.09531901405074,
        "MAE": 12.336115669322705,
        "R2": 0.11027289993861278,
        "emission": 5.835429539376294e-07
    },
    "PLS-SKLEARN": {
        "MSE": 309.5350807199772,
        "MAE": 11.360750666420603,
        "R2": 0.21335209361882446,
        "emission": 4.9550892410312133e-08
    },
    "XGBoost": {
        "MSE": 379.03945469169946,
        "MAE": 12.959626823712684,
        "R2": 0.0367146987813326,
        "emission": 3.3894759801351416e-06
    },
    "CatBoost": {
        "MSE": 301.78884217847474,
        "MAE": 10.982792682888164,
        "R2": 0.2330382704386812,
        "emission": 2.732668666453463e-06
    },
    "DNN": {
        "MSE": 323.364834668079,
        "MAE": 12.921256373409935,
        "R2": 0.1782053601250433,
        "emission": 1.6760891203006854e-05
    }
}