{
    "Linear-SVR": {
        "MSE": 273.620272533031,
        "MAE": 11.102077424015642,
        "R2": -0.09101273110551578,
        "emission": 2.1861248817807795e-08
    },
    "RBF-SVR": {
        "MSE": 265.7266461770467,
        "MAE": 10.222394495164158,
        "R2": -0.059538283802166525,
        "emission": 3.294467488443457e-08
    },
    "DecisionTree": {
        "MSE": 324.432526896378,
        "MAE": 10.974537761548715,
        "R2": -0.2936176619952442,
        "emission": 7.246359259120346e-09
    },
    "ExtraTrees": {
        "MSE": 272.4104574223061,
        "MAE": 11.161277130338949,
        "R2": -0.0861888060510394,
        "emission": 1.0417327398574e-06
    },
    "RandomForest": {
        "MSE": 243.77039773044325,
        "MAE": 10.541874898555868,
        "R2": 0.028008396715331618,
        "emission": 8.221550375618296e-07
    },
    "KNeighbors": {
        "MSE": 276.0192018779343,
        "MAE": 11.216431924882631,
        "R2": -0.10057804010869331,
        "emission": 8.394071100067147e-09
    },
    "PLS": {
        "MSE": 264.84629952785264,
        "MAE": 11.392160341427477,
        "R2": -0.05602805631366481,
        "emission": 5.819463829628662e-07
    },
    "PLS-SKLEARN": {
        "MSE": 264.8462995278526,
        "MAE": 11.392160341427473,
        "R2": -0.05602805631366459,
        "emission": 4.824203882403357e-08
    },
    "XGBoost": {
        "MSE": 312.6570256722323,
        "MAE": 12.235982196774561,
        "R2": -0.2466649211337617,
        "emission": 3.34084754943875e-06
    },
    "CatBoost": {
        "MSE": 282.76783827381547,
        "MAE": 10.982850814641669,
        "R2": -0.12748704124865684,
        "emission": 2.727021172251326e-06
    },
    "DNN": {
        "MSE": 270.5656969311981,
        "MAE": 12.173712260734307,
        "R2": -0.07883314792305374,
        "emission": 1.6799105627541154e-05
    }
}