{
    "Linear-SVR": {
        "MSE": 491.3346677176511,
        "MAE": 10.606200127861424,
        "R2": 0.011420461984885333,
        "emission": 2.2997301745341054e-08
    },
    "RBF-SVR": {
        "MSE": 562.1556589905925,
        "MAE": 8.878803996995808,
        "R2": -0.13107341730842337,
        "emission": 3.1690289994523066e-08
    },
    "DecisionTree": {
        "MSE": 476.6941795465252,
        "MAE": 12.062511178180195,
        "R2": 0.04087754690779277,
        "emission": 6.935698424897959e-09
    },
    "ExtraTrees": {
        "MSE": 532.2267808369666,
        "MAE": 13.837571288608443,
        "R2": -0.0708556503109099,
        "emission": 1.0587451103878086e-06
    },
    "RandomForest": {
        "MSE": 491.9694178955678,
        "MAE": 13.211820515037024,
        "R2": 0.010143326299437372,
        "emission": 8.477010884643104e-07
    },
    "KNeighbors": {
        "MSE": 500.81449014084507,
        "MAE": 12.860469483568075,
        "R2": -0.007653214446535994,
        "emission": 8.377080292291612e-09
    },
    "PLS": {
        "MSE": 477.17046349444996,
        "MAE": 12.624875220397755,
        "R2": 0.03991924985256845,
        "emission": 5.751732383033726e-07
    },
    "PLS-SKLEARN": {
        "MSE": 477.1704634944498,
        "MAE": 12.624875220397755,
        "R2": 0.03991924985256878,
        "emission": 4.733417934666226e-08
    },
    "XGBoost": {
        "MSE": 451.6627937772898,
        "MAE": 13.00119350495193,
        "R2": 0.09124141782000994,
        "emission": 3.3973230310517527e-06
    },
    "CatBoost": {
        "MSE": 456.0338566350004,
        "MAE": 11.949899813406612,
        "R2": 0.08244671314227336,
        "emission": 2.7659046507420582e-06
    },
    "DNN": {
        "MSE": 466.21371720568607,
        "MAE": 13.884846245403022,
        "R2": 0.06196453974552485,
        "emission": 1.6281352505528296e-05
    }
}