{
    "Linear-SVR": {
        "MSE": 444.55163293865854,
        "MAE": 12.03263641721779,
        "R2": 0.3608678230934107,
        "emission": 2.2345397105310412e-08
    },
    "RBF-SVR": {
        "MSE": 830.0218647780797,
        "MAE": 12.935331511033374,
        "R2": -0.19332298434922368,
        "emission": 2.9309548793183033e-08
    },
    "DecisionTree": {
        "MSE": 525.1925378835452,
        "MAE": 14.443873844494082,
        "R2": 0.24493034068120556,
        "emission": 6.7328355407904295e-09
    },
    "ExtraTrees": {
        "MSE": 451.4922465818722,
        "MAE": 13.929997921974282,
        "R2": 0.35088929826485205,
        "emission": 1.0368082088500913e-06
    },
    "RandomForest": {
        "MSE": 440.85208935621813,
        "MAE": 14.4263656528202,
        "R2": 0.366186659350463,
        "emission": 8.291604681604753e-07
    },
    "KNeighbors": {
        "MSE": 452.5424413145539,
        "MAE": 12.500093896713615,
        "R2": 0.3493794326025943,
        "emission": 9.111379556355254e-09
    },
    "PLS": {
        "MSE": 398.9654012051088,
        "MAE": 13.218945203503939,
        "R2": 0.4264071786284115,
        "emission": 5.746823309259591e-07
    },
    "PLS-SKLEARN": {
        "MSE": 398.96540120510895,
        "MAE": 13.21894520350395,
        "R2": 0.42640717862841127,
        "emission": 4.386726707405423e-08
    },
    "XGBoost": {
        "MSE": 559.0361674976803,
        "MAE": 16.657934374596593,
        "R2": 0.19627333198523922,
        "emission": 3.2104569713721455e-06
    },
    "CatBoost": {
        "MSE": 444.50586343654436,
        "MAE": 14.013812163113633,
        "R2": 0.36093362593689327,
        "emission": 2.7029539384167396e-06
    },
    "DNN": {
        "MSE": 423.4748314287991,
        "MAE": 15.471059283963951,
        "R2": 0.39116995457401493,
        "emission": 1.6433199095891513e-05
    }
}