{
    "Linear-SVR": {
        "MSE": 347.91412147721775,
        "MAE": 7.449137716825859,
        "R2": 0.0025325822316358826,
        "emission": 2.4022073619731625e-08
    },
    "RBF-SVR": {
        "MSE": 378.4899453475443,
        "MAE": 6.151333663827695,
        "R2": -0.08512809665251231,
        "emission": 3.0364863089727074e-08
    },
    "DecisionTree": {
        "MSE": 311.8298853339685,
        "MAE": 7.713403894769009,
        "R2": 0.10598584160244762,
        "emission": 8.736740132242012e-09
    },
    "ExtraTrees": {
        "MSE": 395.7332198570214,
        "MAE": 9.223962262793455,
        "R2": -0.13456444728355588,
        "emission": 1.0828350650099366e-06
    },
    "RandomForest": {
        "MSE": 355.90509057009695,
        "MAE": 9.354265239655247,
        "R2": -0.020377471757256238,
        "emission": 8.613299949282177e-07
    },
    "KNeighbors": {
        "MSE": 393.09424037558676,
        "MAE": 9.795023474178404,
        "R2": -0.12699851107575322,
        "emission": 1.064771127761247e-08
    },
    "PLS": {
        "MSE": 351.8112608651323,
        "MAE": 9.345350966755388,
        "R2": -0.008640489862826506,
        "emission": 5.917237867431021e-07
    },
    "PLS-SKLEARN": {
        "MSE": 383.01259477788744,
        "MAE": 10.841130408531269,
        "R2": -0.09809450178031165,
        "emission": 5.208460357620788e-08
    },
    "XGBoost": {
        "MSE": 373.5796279382942,
        "MAE": 10.817694499275424,
        "R2": -0.07105025006832744,
        "emission": 3.424264115293813e-06
    },
    "CatBoost": {
        "MSE": 338.59625208851094,
        "MAE": 8.459349152491033,
        "R2": 0.029246850335481356,
        "emission": 2.707105248347201e-06
    },
    "DNN": {
        "MSE": 355.62341413848367,
        "MAE": 7.839907554393643,
        "R2": -0.019569907345399207,
        "emission": 1.629225757027117e-05
    }
}