{
    "Linear-SVR": {
        "MSE": 281.9978600246981,
        "MAE": 9.58016404957791,
        "R2": 0.22146169669050741,
        "emission": 2.2706854164013834e-08
    },
    "RBF-SVR": {
        "MSE": 428.5967784439458,
        "MAE": 9.113686514550503,
        "R2": -0.1832678753818897,
        "emission": 2.9260648237689403e-08
    },
    "DecisionTree": {
        "MSE": 273.721750907946,
        "MAE": 9.674271096665464,
        "R2": 0.24431033798585677,
        "emission": 8.818348373944248e-09
    },
    "ExtraTrees": {
        "MSE": 330.18721268235123,
        "MAE": 10.625922922568028,
        "R2": 0.08842076917287955,
        "emission": 1.0614489705497666e-06
    },
    "RandomForest": {
        "MSE": 348.8838764932146,
        "MAE": 11.234784988449261,
        "R2": 0.03680311179213669,
        "emission": 8.297406873154312e-07
    },
    "KNeighbors": {
        "MSE": 352.8086854460094,
        "MAE": 10.310328638497655,
        "R2": 0.025967518562262093,
        "emission": 1.4463507031080191e-08
    },
    "PLS": {
        "MSE": 256.0453518633757,
        "MAE": 10.296318627213394,
        "R2": 0.2931112534239243,
        "emission": 5.990150358939283e-07
    },
    "PLS-SKLEARN": {
        "MSE": 283.1287879410133,
        "MAE": 10.591097676247323,
        "R2": 0.21833943646819154,
        "emission": 5.050839142636569e-08
    },
    "XGBoost": {
        "MSE": 290.6838318273881,
        "MAE": 11.360010058555245,
        "R2": 0.1974815085101147,
        "emission": 3.3189809895282312e-06
    },
    "CatBoost": {
        "MSE": 279.9775544288171,
        "MAE": 10.153491766554822,
        "R2": 0.22703934643099188,
        "emission": 2.7329945492349627e-06
    },
    "DNN": {
        "MSE": 286.84953976918575,
        "MAE": 11.832168777356964,
        "R2": 0.20806720314313232,
        "emission": 1.7099138615956997e-05
    }
}