{
    "Linear-SVR": {
        "MSE": 348.68744152179914,
        "MAE": 12.697574221169369,
        "R2": -0.03753005282355648,
        "emission": 2.229444917725699e-08
    },
    "RBF-SVR": {
        "MSE": 388.49183908191395,
        "MAE": 12.135909399010933,
        "R2": -0.1559692444471925,
        "emission": 3.113192727382556e-08
    },
    "DecisionTree": {
        "MSE": 362.84729720285134,
        "MAE": 12.885660245039025,
        "R2": -0.07966313266324887,
        "emission": 8.484842992063582e-09
    },
    "ExtraTrees": {
        "MSE": 332.99754681365516,
        "MAE": 12.670540504982753,
        "R2": 0.00915570452488812,
        "emission": 1.0536188624249534e-06
    },
    "RandomForest": {
        "MSE": 297.8920419823273,
        "MAE": 12.139789096195166,
        "R2": 0.11361319838552686,
        "emission": 8.440442932707104e-07
    },
    "KNeighbors": {
        "MSE": 396.1504600938967,
        "MAE": 13.95230046948357,
        "R2": -0.17875770344198338,
        "emission": 1.0810942903199415e-08
    },
    "PLS": {
        "MSE": 322.7797706715068,
        "MAE": 13.26187804795318,
        "R2": 0.03955900719112326,
        "emission": 5.881745852751912e-07
    },
    "PLS-SKLEARN": {
        "MSE": 322.7797706715065,
        "MAE": 13.261878047953179,
        "R2": 0.03955900719112415,
        "emission": 5.146652727926676e-08
    },
    "XGBoost": {
        "MSE": 385.03875940513825,
        "MAE": 14.247331832807529,
        "R2": -0.14569450118769067,
        "emission": 3.2872111114230136e-06
    },
    "CatBoost": {
        "MSE": 328.1987848134119,
        "MAE": 12.802692165269647,
        "R2": 0.02343456633267349,
        "emission": 2.733939751447614e-06
    },
    "DNN": {
        "MSE": 386.3434423515061,
        "MAE": 15.631682260159597,
        "R2": -0.14957662484650447,
        "emission": 1.64609567818855e-05
    }
}