{
    "Linear-SVR": {
        "MSE": 393.7096188031063,
        "MAE": 11.778190454118578,
        "R2": 0.4014173018502145,
        "emission": 2.283144115280707e-08
    },
    "RBF-SVR": {
        "MSE": 771.8265816465903,
        "MAE": 12.454594624210145,
        "R2": -0.17345885312694986,
        "emission": 3.019777268843936e-08
    },
    "DecisionTree": {
        "MSE": 665.9711764084878,
        "MAE": 14.138161891887965,
        "R2": -0.012519899504762178,
        "emission": 7.065932472426318e-09
    },
    "ExtraTrees": {
        "MSE": 398.6159567846941,
        "MAE": 11.736557041991828,
        "R2": 0.3939578726496231,
        "emission": 1.1009640800413353e-06
    },
    "RandomForest": {
        "MSE": 375.41247536517784,
        "MAE": 12.224425092277013,
        "R2": 0.42923565569385314,
        "emission": 8.821702152243879e-07
    },
    "KNeighbors": {
        "MSE": 484.4133464788732,
        "MAE": 13.389765258215965,
        "R2": 0.2635144428612496,
        "emission": 9.832208154485426e-09
    },
    "PLS": {
        "MSE": 363.6118377242182,
        "MAE": 12.401627756236302,
        "R2": 0.4471769433374909,
        "emission": 6.221121392318987e-07
    },
    "PLS-SKLEARN": {
        "MSE": 365.90580530159576,
        "MAE": 12.437350769795003,
        "R2": 0.44368927314515694,
        "emission": 5.6038601933181967e-08
    },
    "XGBoost": {
        "MSE": 394.3775058617987,
        "MAE": 13.19502117530281,
        "R2": 0.4004018691085235,
        "emission": 3.3716122823483066e-06
    },
    "CatBoost": {
        "MSE": 399.9202634163789,
        "MAE": 12.05790533901351,
        "R2": 0.39197484925999404,
        "emission": 2.802796427174287e-06
    },
    "DNN": {
        "MSE": 384.8389926761697,
        "MAE": 14.520295005896841,
        "R2": 0.41490389975829134,
        "emission": 1.6901764872745174e-05
    }
}