{
    "Linear-SVR": {
        "MSE": 319.9113592254935,
        "MAE": 11.353946998613578,
        "R2": 0.48126370814454156,
        "emission": 2.371004769101983e-08
    },
    "RBF-SVR": {
        "MSE": 749.0223724693028,
        "MAE": 13.221727426523112,
        "R2": -0.21453983050859193,
        "emission": 3.151087542131504e-08
    },
    "DecisionTree": {
        "MSE": 532.7129745519397,
        "MAE": 13.217121430452906,
        "R2": 0.1362058736789511,
        "emission": 8.442766379855747e-09
    },
    "ExtraTrees": {
        "MSE": 357.7891015947662,
        "MAE": 11.680279272257483,
        "R2": 0.41984494618478463,
        "emission": 1.0671208369085948e-06
    },
    "RandomForest": {
        "MSE": 321.51569578006706,
        "MAE": 11.947521849092416,
        "R2": 0.4786622763066022,
        "emission": 8.72667394304646e-07
    },
    "KNeighbors": {
        "MSE": 442.81910234741787,
        "MAE": 11.864225352112676,
        "R2": 0.28196879388533724,
        "emission": 9.77931052541314e-09
    },
    "PLS": {
        "MSE": 310.594908235743,
        "MAE": 11.802989676003069,
        "R2": 0.49637033409048004,
        "emission": 6.082247455160391e-07
    },
    "PLS-SKLEARN": {
        "MSE": 296.40512022029685,
        "MAE": 11.572019495885922,
        "R2": 0.5193790763719921,
        "emission": 5.3194828009024976e-08
    },
    "XGBoost": {
        "MSE": 317.8423124812003,
        "MAE": 12.40549972941268,
        "R2": 0.4846186675883347,
        "emission": 3.3109721491681113e-06
    },
    "CatBoost": {
        "MSE": 327.786907430508,
        "MAE": 11.749833458221175,
        "R2": 0.46849350616706653,
        "emission": 2.7736632573487576e-06
    },
    "DNN": {
        "MSE": 323.7386607527151,
        "MAE": 13.276874725191806,
        "R2": 0.4750577384445277,
        "emission": 1.7365671255568657e-05
    }
}