{
    "Linear-SVR": {
        "MSE": 126.42117067006747,
        "MAE": 7.191693908448302,
        "R2": -0.2872250861419554,
        "emission": 2.3596843206156903e-08
    },
    "RBF-SVR": {
        "MSE": 126.68014002113604,
        "MAE": 6.14673280118398,
        "R2": -0.2898619217563585,
        "emission": 3.0781201673088806e-08
    },
    "DecisionTree": {
        "MSE": 207.10572229054003,
        "MAE": 7.820400774138586,
        "R2": -1.1087582072126212,
        "emission": 8.36273298048873e-09
    },
    "ExtraTrees": {
        "MSE": 121.22963309760996,
        "MAE": 7.709221235489681,
        "R2": -0.2343646564884745,
        "emission": 1.1389417477603029e-06
    },
    "RandomForest": {
        "MSE": 102.13299914924242,
        "MAE": 7.043000059405082,
        "R2": -0.03992201567982567,
        "emission": 8.787846015634158e-07
    },
    "KNeighbors": {
        "MSE": 123.20051830985918,
        "MAE": 7.994929577464789,
        "R2": -0.25443228340307056,
        "emission": 8.627840129185764e-09
    },
    "PLS": {
        "MSE": 131.6800822653916,
        "MAE": 7.846737742781786,
        "R2": -0.3407715206151083,
        "emission": 6.102973354611698e-07
    },
    "PLS-SKLEARN": {
        "MSE": 131.68008226539126,
        "MAE": 7.8467377427817695,
        "R2": -0.34077152061510474,
        "emission": 6.190451116917361e-08
    },
    "XGBoost": {
        "MSE": 154.98210720273568,
        "MAE": 8.953204707570478,
        "R2": -0.5780336096961785,
        "emission": 3.3554087700161016e-06
    },
    "CatBoost": {
        "MSE": 98.4152643516906,
        "MAE": 6.936661618161394,
        "R2": -0.0020679009799953185,
        "emission": 2.7799066856735753e-06
    },
    "DNN": {
        "MSE": 103.98048625021947,
        "MAE": 7.665053094496749,
        "R2": -0.05873319841208957,
        "emission": 1.70776567182165e-05
    }
}