{
    "Linear-SVR": {
        "MSE": 528.6767038952802,
        "MAE": 15.387680598872006,
        "R2": -0.13155676253446624,
        "emission": 2.3290810958824768e-08
    },
    "RBF-SVR": {
        "MSE": 662.4677882528914,
        "MAE": 15.097893768713117,
        "R2": -0.417917415758297,
        "emission": 3.293187415663619e-08
    },
    "DecisionTree": {
        "MSE": 466.78835986792774,
        "MAE": 15.009063531515896,
        "R2": 0.0009063736132571831,
        "emission": 8.231681471969018e-09
    },
    "ExtraTrees": {
        "MSE": 484.4435970545679,
        "MAE": 15.282665581278138,
        "R2": -0.03688213283216735,
        "emission": 1.117335594092764e-06
    },
    "RandomForest": {
        "MSE": 454.9439761176865,
        "MAE": 15.333496917730095,
        "R2": 0.026257580564289507,
        "emission": 8.818898944005881e-07
    },
    "KNeighbors": {
        "MSE": 521.1092957746478,
        "MAE": 15.114553990610327,
        "R2": -0.11535980932909884,
        "emission": 9.328133191487074e-09
    },
    "PLS": {
        "MSE": 481.2364401591152,
        "MAE": 15.886663098868658,
        "R2": -0.030017672857253652,
        "emission": 6.156383344028149e-07
    },
    "PLS-SKLEARN": {
        "MSE": 481.23644015911566,
        "MAE": 15.886663098868667,
        "R2": -0.03001767285725454,
        "emission": 5.10121877500362e-08
    },
    "XGBoost": {
        "MSE": 600.8012022854759,
        "MAE": 17.941719810209925,
        "R2": -0.2859289209755502,
        "emission": 3.524237590155301e-06
    },
    "CatBoost": {
        "MSE": 444.39299967678664,
        "MAE": 15.044177708898927,
        "R2": 0.04884043442388919,
        "emission": 2.7861818057321326e-06
    },
    "DNN": {
        "MSE": 463.8191000077035,
        "MAE": 15.303045238799333,
        "R2": 0.007261649058161956,
        "emission": 1.683321765915976e-05
    }
}