{
    "Linear-SVR": {
        "MSE": 312.31353308606435,
        "MAE": 9.677954136127072,
        "R2": 0.09134201880439419,
        "emission": 2.487851108198315e-08
    },
    "RBF-SVR": {
        "MSE": 395.9475058124835,
        "MAE": 8.326173742703991,
        "R2": -0.15198613949227013,
        "emission": 3.137790811896715e-08
    },
    "DecisionTree": {
        "MSE": 430.6930290596448,
        "MAE": 11.63802090146659,
        "R2": -0.25307620977318335,
        "emission": 8.62606629960839e-09
    },
    "ExtraTrees": {
        "MSE": 283.16539548147284,
        "MAE": 9.826355126839157,
        "R2": 0.1761468225209888,
        "emission": 1.1303326106300239e-06
    },
    "RandomForest": {
        "MSE": 251.27370659808855,
        "MAE": 9.591988706291877,
        "R2": 0.26893382842287084,
        "emission": 9.062617260429613e-07
    },
    "KNeighbors": {
        "MSE": 357.287558685446,
        "MAE": 9.612676056338028,
        "R2": -0.03950728158795269,
        "emission": 8.593437905596092e-09
    },
    "PLS": {
        "MSE": 257.0419039441196,
        "MAE": 10.250908201758238,
        "R2": 0.2521515951850365,
        "emission": 6.131720989521008e-07
    },
    "PLS-SKLEARN": {
        "MSE": 257.04190394411927,
        "MAE": 10.250908201758225,
        "R2": 0.2521515951850375,
        "emission": 5.504193655934928e-08
    },
    "XGBoost": {
        "MSE": 282.6462187545417,
        "MAE": 11.155895181538039,
        "R2": 0.177657336881079,
        "emission": 3.3501606655967263e-06
    },
    "CatBoost": {
        "MSE": 263.2922678446461,
        "MAE": 10.171101588350112,
        "R2": 0.23396652652192085,
        "emission": 2.781068037107648e-06
    },
    "DNN": {
        "MSE": 257.9298793242556,
        "MAE": 11.182163931814157,
        "R2": 0.2495680826862572,
        "emission": 1.661028220479751e-05
    }
}