{
    "Linear-SVR": {
        "MSE": 272.9498072610738,
        "MAE": 9.36818671440491,
        "R2": 0.45138405101741397,
        "emission": 2.2891858168202805e-08
    },
    "RBF-SVR": {
        "MSE": 560.1876676936494,
        "MAE": 9.53107302286243,
        "R2": -0.1259501957667144,
        "emission": 3.224976187892771e-08
    },
    "DecisionTree": {
        "MSE": 261.04713356113007,
        "MAE": 9.057226435536295,
        "R2": 0.47530785112136054,
        "emission": 7.960561530868829e-09
    },
    "ExtraTrees": {
        "MSE": 443.30601935568126,
        "MAE": 11.652726897447062,
        "R2": 0.10897628051487585,
        "emission": 1.1288868094108466e-06
    },
    "RandomForest": {
        "MSE": 318.35469420675344,
        "MAE": 11.714691403918897,
        "R2": 0.36012241800836386,
        "emission": 8.976756095280721e-07
    },
    "KNeighbors": {
        "MSE": 277.15568075117363,
        "MAE": 8.683568075117371,
        "R2": 0.44293044813992655,
        "emission": 7.977105192343168e-09
    },
    "PLS": {
        "MSE": 279.6737114140118,
        "MAE": 10.587966553528306,
        "R2": 0.4378693279452569,
        "emission": 6.080801914255421e-07
    },
    "PLS-SKLEARN": {
        "MSE": 279.67371141401213,
        "MAE": 10.587966553528318,
        "R2": 0.43786932794525624,
        "emission": 5.4381691139423444e-08
    },
    "XGBoost": {
        "MSE": 359.20512647090584,
        "MAE": 12.365887625459493,
        "R2": 0.2780150192604661,
        "emission": 3.3378931886820543e-06
    },
    "CatBoost": {
        "MSE": 268.6116493733977,
        "MAE": 9.987226951454476,
        "R2": 0.46010353915432,
        "emission": 2.7771932829727376e-06
    },
    "DNN": {
        "MSE": 285.98847674886025,
        "MAE": 11.897514437621748,
        "R2": 0.42517695416582946,
        "emission": 1.6671335865249797e-05
    }
}