{
    "Linear-SVR": {
        "MSE": 557.9116717591744,
        "MAE": 15.103025647224472,
        "R2": 0.17331425854161042,
        "emission": 2.4026676660723097e-08
    },
    "RBF-SVR": {
        "MSE": 818.3834109929977,
        "MAE": 15.657572177601152,
        "R2": -0.21263979794641585,
        "emission": 3.34297950169016e-08
    },
    "DecisionTree": {
        "MSE": 651.7518648647841,
        "MAE": 16.434403644086746,
        "R2": 0.0342665319158163,
        "emission": 7.458707303409784e-09
    },
    "ExtraTrees": {
        "MSE": 745.8638612041376,
        "MAE": 18.912257476482818,
        "R2": -0.10518393921093017,
        "emission": 1.1118540348586066e-06
    },
    "RandomForest": {
        "MSE": 634.1717262067954,
        "MAE": 17.243120551615053,
        "R2": 0.06031590621120497,
        "emission": 8.999354433549998e-07
    },
    "KNeighbors": {
        "MSE": 704.3652488262911,
        "MAE": 16.686854460093898,
        "R2": -0.04369336125814849,
        "emission": 8.016211827549556e-09
    },
    "PLS": {
        "MSE": 458.19915621005634,
        "MAE": 14.76317951475509,
        "R2": 0.32106330023039154,
        "emission": 6.185350974593607e-07
    },
    "PLS-SKLEARN": {
        "MSE": 463.0702566337026,
        "MAE": 14.885932293147272,
        "R2": 0.3138455461139684,
        "emission": 5.0947429052914976e-08
    },
    "XGBoost": {
        "MSE": 557.5291270858314,
        "MAE": 16.772366815864903,
        "R2": 0.1738810941948712,
        "emission": 3.5893224523121247e-06
    },
    "CatBoost": {
        "MSE": 446.50742366648376,
        "MAE": 14.115480895746336,
        "R2": 0.3383875274799133,
        "emission": 2.8246050453290893e-06
    },
    "DNN": {
        "MSE": 548.3109771150802,
        "MAE": 18.21348714537464,
        "R2": 0.18754008992696725,
        "emission": 1.631508286175377e-05
    }
}