{
    "Linear-SVR": {
        "MSE": 283.6854704077382,
        "MAE": 11.933535113250114,
        "R2": 0.46903366090763576,
        "emission": 2.270238410724065e-08
    },
    "RBF-SVR": {
        "MSE": 699.6701247265187,
        "MAE": 14.390294029232498,
        "R2": -0.30955344369375903,
        "emission": 3.262581727823108e-08
    },
    "DecisionTree": {
        "MSE": 624.6110805535053,
        "MAE": 14.590122483366454,
        "R2": -0.16906748280533046,
        "emission": 7.805452550447553e-09
    },
    "ExtraTrees": {
        "MSE": 313.2142441489928,
        "MAE": 12.068410070076672,
        "R2": 0.41376546240333534,
        "emission": 1.03019879174392e-06
    },
    "RandomForest": {
        "MSE": 283.43343111428425,
        "MAE": 12.391519895527631,
        "R2": 0.46950539596252006,
        "emission": 8.527450704446438e-07
    },
    "KNeighbors": {
        "MSE": 470.6999267605634,
        "MAE": 14.048920187793426,
        "R2": 0.11900381586732467,
        "emission": 9.721366213759467e-09
    },
    "PLS": {
        "MSE": 278.6074834785652,
        "MAE": 12.424556467130042,
        "R2": 0.47853799021243437,
        "emission": 5.702423859335394e-07
    },
    "PLS-SKLEARN": {
        "MSE": 246.54097283873864,
        "MAE": 11.564070794058647,
        "R2": 0.5385560014888788,
        "emission": 4.5206265711694066e-08
    },
    "XGBoost": {
        "MSE": 307.4296830047827,
        "MAE": 13.201978276453108,
        "R2": 0.42459226734890654,
        "emission": 3.245992905209775e-06
    },
    "CatBoost": {
        "MSE": 321.9141381359186,
        "MAE": 12.191885867808715,
        "R2": 0.3974821086803183,
        "emission": 2.727941247476976e-06
    },
    "DNN": {
        "MSE": 319.1471646349174,
        "MAE": 13.97015304543043,
        "R2": 0.4026609773339741,
        "emission": 1.6796089727092228e-05
    }
}