{
    "Linear-SVR": {
        "MSE": 435.15908674001304,
        "MAE": 14.550003868776214,
        "R2": 0.34899328451419476,
        "emission": 2.190832733807144e-08
    },
    "RBF-SVR": {
        "MSE": 766.2103697942337,
        "MAE": 16.34221310943799,
        "R2": -0.14626607006582537,
        "emission": 3.25808898539582e-08
    },
    "DecisionTree": {
        "MSE": 530.3573121200449,
        "MAE": 14.145714748259673,
        "R2": 0.20657483132500776,
        "emission": 6.500675572774587e-09
    },
    "ExtraTrees": {
        "MSE": 480.4044633577818,
        "MAE": 14.187952989361444,
        "R2": 0.281305294258691,
        "emission": 1.0603834147764876e-06
    },
    "RandomForest": {
        "MSE": 423.6365768123442,
        "MAE": 14.50490007239706,
        "R2": 0.36623119030713047,
        "emission": 8.219349132171728e-07
    },
    "KNeighbors": {
        "MSE": 637.7248507042253,
        "MAE": 15.592957746478874,
        "R2": 0.04595084167764696,
        "emission": 1.0348665092575531e-08
    },
    "PLS": {
        "MSE": 368.06795904531236,
        "MAE": 13.11462658752493,
        "R2": 0.4493629562266015,
        "emission": 5.573300447878647e-07
    },
    "PLS-SKLEARN": {
        "MSE": 374.0413164278045,
        "MAE": 13.367849077020049,
        "R2": 0.4404266938607362,
        "emission": 4.867567029265391e-08
    },
    "XGBoost": {
        "MSE": 467.39715492617887,
        "MAE": 15.537111684847885,
        "R2": 0.3007644883727456,
        "emission": 3.2782707183093215e-06
    },
    "CatBoost": {
        "MSE": 370.1121398590094,
        "MAE": 13.22321529556061,
        "R2": 0.4463048207585971,
        "emission": 2.7099420135284125e-06
    },
    "DNN": {
        "MSE": 371.1086706494246,
        "MAE": 14.618664783827015,
        "R2": 0.4448139907230606,
        "emission": 1.6682715183463504e-05
    }
}