{
    "Linear-SVR": {
        "MSE": 421.558567633437,
        "MAE": 14.125681911569394,
        "R2": 0.19372278513392982,
        "emission": 2.1160250157503278e-08
    },
    "RBF-SVR": {
        "MSE": 669.4989338309895,
        "MAE": 15.404205792616805,
        "R2": -0.28049048737264437,
        "emission": 3.204488005833559e-08
    },
    "DecisionTree": {
        "MSE": 491.27680919431555,
        "MAE": 14.270836053850696,
        "R2": 0.060378965444457866,
        "emission": 1.0607967510198572e-08
    },
    "ExtraTrees": {
        "MSE": 376.6960281638681,
        "MAE": 14.421732336521073,
        "R2": 0.27952733556307896,
        "emission": 1.0931062657856338e-06
    },
    "RandomForest": {
        "MSE": 357.08963003214467,
        "MAE": 14.19905692379825,
        "R2": 0.3170267325459134,
        "emission": 8.653674699459918e-07
    },
    "KNeighbors": {
        "MSE": 538.9701539906105,
        "MAE": 15.964600938967136,
        "R2": -0.0308398121168163,
        "emission": 8.435189085670474e-09
    },
    "PLS": {
        "MSE": 359.11685973543507,
        "MAE": 14.22601370626194,
        "R2": 0.3131494323448082,
        "emission": 5.77769658240031e-07
    },
    "PLS-SKLEARN": {
        "MSE": 359.116859735435,
        "MAE": 14.226013706261934,
        "R2": 0.3131494323448083,
        "emission": 5.780678991614539e-08
    },
    "XGBoost": {
        "MSE": 481.5513292363947,
        "MAE": 15.97351943600066,
        "R2": 0.07898001757756667,
        "emission": 3.3282709299259864e-06
    },
    "CatBoost": {
        "MSE": 375.3322840992389,
        "MAE": 14.139889880051054,
        "R2": 0.2821356463664677,
        "emission": 2.723942838985506e-06
    },
    "DNN": {
        "MSE": 389.6916340596821,
        "MAE": 15.558957437954039,
        "R2": 0.25467180721740645,
        "emission": 1.6342228809529036e-05
    }
}