{
    "Linear-SVR": {
        "MSE": 304.1120491042725,
        "MAE": 12.399121374690772,
        "R2": -0.13526352937730102,
        "emission": 2.121993345320504e-08
    },
    "RBF-SVR": {
        "MSE": 289.3889931362779,
        "MAE": 12.211261492980746,
        "R2": -0.08030171996963098,
        "emission": 3.113689345492507e-08
    },
    "DecisionTree": {
        "MSE": 332.5148604215682,
        "MAE": 12.816431924882629,
        "R2": -0.24129246152676287,
        "emission": 8.28401909554959e-09
    },
    "ExtraTrees": {
        "MSE": 319.78010034160025,
        "MAE": 13.643876492462578,
        "R2": -0.19375304729855314,
        "emission": 1.0568227294951218e-06
    },
    "RandomForest": {
        "MSE": 255.01260601209603,
        "MAE": 11.90935182251415,
        "R2": 0.04802683093384885,
        "emission": 8.567838722524143e-07
    },
    "KNeighbors": {
        "MSE": 278.91737089201877,
        "MAE": 12.000938967136152,
        "R2": -0.041210697886361114,
        "emission": 1.063384009251921e-08
    },
    "PLS": {
        "MSE": 312.7391627558097,
        "MAE": 12.953151147501424,
        "R2": -0.16746892051925166,
        "emission": 5.893358023458591e-07
    },
    "PLS-SKLEARN": {
        "MSE": 270.4094732803059,
        "MAE": 12.222781002582787,
        "R2": -0.009450345415282113,
        "emission": 8.181177890280064e-08
    },
    "XGBoost": {
        "MSE": 354.20112818803364,
        "MAE": 14.046894933276333,
        "R2": -0.32224824396318064,
        "emission": 3.380609887036634e-06
    },
    "CatBoost": {
        "MSE": 268.57235929172896,
        "MAE": 12.055936470413736,
        "R2": -0.0025923188534171526,
        "emission": 2.771750088025137e-06
    },
    "DNN": {
        "MSE": 291.0363288837775,
        "MAE": 13.040037173060744,
        "R2": -0.08645129608897273,
        "emission": 1.68359887118751e-05
    }
}