{
    "Linear-SVR": {
        "MSE": 302.812169100017,
        "MAE": 11.777277246242493,
        "R2": 0.40558332357642846,
        "emission": 2.2303899831065625e-08
    },
    "RBF-SVR": {
        "MSE": 639.8121136844496,
        "MAE": 13.81787509044014,
        "R2": -0.25594354837911126,
        "emission": 3.075871174118958e-08
    },
    "DecisionTree": {
        "MSE": 301.557536409114,
        "MAE": 11.245441932641603,
        "R2": 0.4080461525851683,
        "emission": 8.335739237263882e-09
    },
    "ExtraTrees": {
        "MSE": 318.7852319171336,
        "MAE": 11.957159037418936,
        "R2": 0.3742283917707674,
        "emission": 9.98908849796203e-07
    },
    "RandomForest": {
        "MSE": 272.903807690032,
        "MAE": 11.8318054000844,
        "R2": 0.4642930803191515,
        "emission": 8.200557032835039e-07
    },
    "KNeighbors": {
        "MSE": 411.1649464788732,
        "MAE": 13.949107981220656,
        "R2": 0.19288811386202065,
        "emission": 1.4154412175678317e-08
    },
    "PLS": {
        "MSE": 242.02935556424126,
        "MAE": 10.891762222468163,
        "R2": 0.5248992616148231,
        "emission": 5.673129464870617e-07
    },
    "PLS-SKLEARN": {
        "MSE": 252.9844222666293,
        "MAE": 11.202302352223295,
        "R2": 0.5033945963347393,
        "emission": 4.8746516124870164e-08
    },
    "XGBoost": {
        "MSE": 290.11907812551726,
        "MAE": 12.158952095170676,
        "R2": 0.4304997097739466,
        "emission": 3.2473759302239557e-06
    },
    "CatBoost": {
        "MSE": 231.2095059707624,
        "MAE": 10.750264353736554,
        "R2": 0.5461384973227987,
        "emission": 2.7514905441231042e-06
    },
    "DNN": {
        "MSE": 276.19441751675765,
        "MAE": 12.66987754240842,
        "R2": 0.4578336524750778,
        "emission": 1.659516400271941e-05
    }
}