{
    "Linear-SVR": {
        "MSE": 373.9010185191226,
        "MAE": 12.568502242957058,
        "R2": -0.02639466162293358,
        "emission": 2.3704050335281913e-08
    },
    "RBF-SVR": {
        "MSE": 474.526441882177,
        "MAE": 11.979241013266513,
        "R2": -0.30262123563025867,
        "emission": 2.9669710755334977e-08
    },
    "DecisionTree": {
        "MSE": 484.9092614102779,
        "MAE": 12.88165218147741,
        "R2": -0.3311230850727793,
        "emission": 8.977517520644993e-09
    },
    "ExtraTrees": {
        "MSE": 455.7063984435639,
        "MAE": 13.664267193970678,
        "R2": -0.2509583859450384,
        "emission": 1.0429688677013677e-06
    },
    "RandomForest": {
        "MSE": 386.886269606046,
        "MAE": 12.629313049403239,
        "R2": -0.06204043880813259,
        "emission": 8.193498162076915e-07
    },
    "KNeighbors": {
        "MSE": 445.4077859154929,
        "MAE": 12.708544600938968,
        "R2": -0.22268769290761226,
        "emission": 7.482540162422158e-09
    },
    "PLS": {
        "MSE": 395.0613205871064,
        "MAE": 13.090245651338126,
        "R2": -0.08448174886042548,
        "emission": 5.707976453571503e-07
    },
    "PLS-SKLEARN": {
        "MSE": 395.06132058710637,
        "MAE": 13.090245651338122,
        "R2": -0.08448174886042525,
        "emission": 4.566485351471321e-08
    },
    "XGBoost": {
        "MSE": 402.9246362939851,
        "MAE": 13.740544652095842,
        "R2": -0.1060673152655709,
        "emission": 3.3057198926251655e-06
    },
    "CatBoost": {
        "MSE": 375.8261403025397,
        "MAE": 12.37636367258629,
        "R2": -0.03167930815665865,
        "emission": 2.7390849789917084e-06
    },
    "DNN": {
        "MSE": 367.7893443626569,
        "MAE": 13.681919867331992,
        "R2": -0.009617521639148086,
        "emission": 1.679456826219462e-05
    }
}