{
    "Linear-SVR": {
        "MSE": 231.04017317088008,
        "MAE": 9.237510904479555,
        "R2": 0.11137969153713123,
        "emission": 2.2090797622214042e-08
    },
    "RBF-SVR": {
        "MSE": 303.4006700596645,
        "MAE": 8.223594690240327,
        "R2": -0.16693124540230864,
        "emission": 3.0500561960972165e-08
    },
    "DecisionTree": {
        "MSE": 293.3412050078247,
        "MAE": 10.111893583724571,
        "R2": -0.1282408098185115,
        "emission": 6.6444000151079674e-09
    },
    "ExtraTrees": {
        "MSE": 239.93528390786972,
        "MAE": 9.732628018265629,
        "R2": 0.07716756323739626,
        "emission": 1.05556448099029e-06
    },
    "RandomForest": {
        "MSE": 231.6830805492468,
        "MAE": 9.593429330491803,
        "R2": 0.10890695900305902,
        "emission": 8.516689048417676e-07
    },
    "KNeighbors": {
        "MSE": 247.25547605633804,
        "MAE": 9.615868544600938,
        "R2": 0.04901284314822674,
        "emission": 8.579328999018366e-09
    },
    "PLS": {
        "MSE": 227.4092781281266,
        "MAE": 10.031163640522074,
        "R2": 0.12534473938403334,
        "emission": 5.730602994182703e-07
    },
    "PLS-SKLEARN": {
        "MSE": 227.40927812812646,
        "MAE": 10.03116364052206,
        "R2": 0.1253447393840338,
        "emission": 4.792305424986305e-08
    },
    "XGBoost": {
        "MSE": 254.77986526321575,
        "MAE": 10.950012294878144,
        "R2": 0.020072745994364816,
        "emission": 3.3110047900440812e-06
    },
    "CatBoost": {
        "MSE": 244.34572476891975,
        "MAE": 9.625465895376164,
        "R2": 0.06020424787706358,
        "emission": 2.7381402346138864e-06
    },
    "DNN": {
        "MSE": 218.22119490146318,
        "MAE": 10.639254228833696,
        "R2": 0.16068369035089158,
        "emission": 1.6248685219286843e-05
    }
}