{
    "Linear-SVR": {
        "MSE": 452.93548159691306,
        "MAE": 16.408911433076835,
        "R2": 0.35527963073056845,
        "emission": 2.198113539104079e-08
    },
    "RBF-SVR": {
        "MSE": 713.7662544014482,
        "MAE": 19.829338576596008,
        "R2": -0.015993804431719383,
        "emission": 3.0952441681467735e-08
    },
    "DecisionTree": {
        "MSE": 544.6648253051743,
        "MAE": 17.192898924236953,
        "R2": 0.22470965166881796,
        "emission": 1.0920252838457077e-08
    },
    "ExtraTrees": {
        "MSE": 469.7450996513746,
        "MAE": 17.13745531129941,
        "R2": 0.3313523748637046,
        "emission": 1.0975029608171242e-06
    },
    "RandomForest": {
        "MSE": 462.46605598785726,
        "MAE": 17.29053854935331,
        "R2": 0.34171355854073804,
        "emission": 8.698324341372114e-07
    },
    "KNeighbors": {
        "MSE": 613.065951173709,
        "MAE": 19.77286384976526,
        "R2": 0.12734567617958326,
        "emission": 9.844771830337792e-09
    },
    "PLS": {
        "MSE": 485.91656026308834,
        "MAE": 17.525828713394116,
        "R2": 0.30833348921480164,
        "emission": 6.062188845773012e-07
    },
    "PLS-SKLEARN": {
        "MSE": 444.7609470889408,
        "MAE": 16.784296044988718,
        "R2": 0.3669154798100094,
        "emission": 6.96778102030424e-08
    },
    "XGBoost": {
        "MSE": 355.49774969923544,
        "MAE": 14.949795763257523,
        "R2": 0.4939750808383012,
        "emission": 3.380006605623198e-06
    },
    "CatBoost": {
        "MSE": 347.21553227984344,
        "MAE": 14.710032422175786,
        "R2": 0.5057642086279235,
        "emission": 2.754000221769995e-06
    },
    "DNN": {
        "MSE": 466.31115861778926,
        "MAE": 17.71258552085626,
        "R2": 0.33624033754531424,
        "emission": 1.7953974958029175e-05
    }
}