{
    "Linear-SVR": {
        "MSE": 423.60118897147095,
        "MAE": 12.980111034798616,
        "R2": 0.23440677633462914,
        "emission": 2.2854147832176854e-08
    },
    "RBF-SVR": {
        "MSE": 683.7260293108906,
        "MAE": 13.810099308389841,
        "R2": -0.2357283891365627,
        "emission": 3.2728920035350334e-08
    },
    "DecisionTree": {
        "MSE": 564.3268924766852,
        "MAE": 15.243923166901805,
        "R2": -0.019933031494357323,
        "emission": 6.703189828973717e-09
    },
    "ExtraTrees": {
        "MSE": 510.89966490073374,
        "MAE": 14.785592937386863,
        "R2": 0.07662836742591539,
        "emission": 1.06806243157287e-06
    },
    "RandomForest": {
        "MSE": 462.9596241584423,
        "MAE": 14.233947588278106,
        "R2": 0.16327253011973641,
        "emission": 8.637916413304881e-07
    },
    "KNeighbors": {
        "MSE": 443.17991173708924,
        "MAE": 13.427136150234741,
        "R2": 0.19902128198846059,
        "emission": 8.5995178250382e-09
    },
    "PLS": {
        "MSE": 350.136175478112,
        "MAE": 13.180357509704184,
        "R2": 0.3671833548035547,
        "emission": 5.937645868515213e-07
    },
    "PLS-SKLEARN": {
        "MSE": 398.4002330387584,
        "MAE": 13.517359663432874,
        "R2": 0.2799535821375604,
        "emission": 5.03246021019775e-08
    },
    "XGBoost": {
        "MSE": 386.3693234915382,
        "MAE": 13.668770379681543,
        "R2": 0.30169757876383796,
        "emission": 3.386574761942879e-06
    },
    "CatBoost": {
        "MSE": 408.23850016958767,
        "MAE": 13.717855490242052,
        "R2": 0.26217244543617146,
        "emission": 2.728138162096009e-06
    },
    "DNN": {
        "MSE": 397.04884203529014,
        "MAE": 14.397593402414817,
        "R2": 0.28239601105823875,
        "emission": 1.696636892195625e-05
    }
}