{
    "Linear-SVR": {
        "MSE": 431.71079546282596,
        "MAE": 13.977065636045726,
        "R2": -0.08004122691477034,
        "emission": 2.118096616546095e-08
    },
    "RBF-SVR": {
        "MSE": 433.1611046441713,
        "MAE": 12.917129432588974,
        "R2": -0.08366956728542685,
        "emission": 2.9021603771928785e-08
    },
    "DecisionTree": {
        "MSE": 464.7152197906624,
        "MAE": 15.149827106350681,
        "R2": -0.16261071398640303,
        "emission": 7.739264038160406e-09
    },
    "ExtraTrees": {
        "MSE": 408.9912181442706,
        "MAE": 15.08007951651279,
        "R2": -0.023202064169694836,
        "emission": 9.87173486859095e-07
    },
    "RandomForest": {
        "MSE": 359.3143444871685,
        "MAE": 13.949076556662126,
        "R2": 0.10107806071434122,
        "emission": 8.18837312344248e-07
    },
    "KNeighbors": {
        "MSE": 456.58638497652584,
        "MAE": 14.708920187793428,
        "R2": -0.14227423683939255,
        "emission": 1.5107013077776555e-08
    },
    "PLS": {
        "MSE": 461.9524364890934,
        "MAE": 15.926941039298956,
        "R2": -0.15569886490112084,
        "emission": 5.818695218752005e-07
    },
    "PLS-SKLEARN": {
        "MSE": 450.83292055900483,
        "MAE": 15.247049826673576,
        "R2": -0.12788039069559165,
        "emission": 4.984350592433439e-08
    },
    "XGBoost": {
        "MSE": 413.54254977228015,
        "MAE": 14.661959283781442,
        "R2": -0.0345884502579592,
        "emission": 3.32751272390211e-06
    },
    "CatBoost": {
        "MSE": 373.9075018634984,
        "MAE": 13.149931634364934,
        "R2": 0.06456933366155937,
        "emission": 2.7440457952728684e-06
    },
    "DNN": {
        "MSE": 399.2116321286625,
        "MAE": 15.277259415192223,
        "R2": 0.0012642132318055888,
        "emission": 1.7022858290049276e-05
    }
}