{
    "Linear-SVR": {
        "MSE": 523.8621415242827,
        "MAE": 16.618843916480213,
        "R2": 0.3480164406005003,
        "emission": 2.1843609360792726e-08
    },
    "RBF-SVR": {
        "MSE": 927.6712728842307,
        "MAE": 19.427202989924748,
        "R2": -0.1545526399137389,
        "emission": 3.1941563174857874e-08
    },
    "DecisionTree": {
        "MSE": 598.9853955770385,
        "MAE": 16.64338563023712,
        "R2": 0.25452022721032497,
        "emission": 8.328033316651256e-09
    },
    "ExtraTrees": {
        "MSE": 648.5715742431878,
        "MAE": 18.04798844042555,
        "R2": 0.19280671386174297,
        "emission": 1.0678505659384224e-06
    },
    "RandomForest": {
        "MSE": 506.5068915787653,
        "MAE": 16.256531098120533,
        "R2": 0.369616279063387,
        "emission": 8.499300017323997e-07
    },
    "KNeighbors": {
        "MSE": 638.0552093896713,
        "MAE": 18.097746478873237,
        "R2": 0.2058950751798354,
        "emission": 1.413946585485039e-08
    },
    "PLS": {
        "MSE": 530.6323815480775,
        "MAE": 16.755505371182746,
        "R2": 0.33959039710772376,
        "emission": 5.888388764656699e-07
    },
    "PLS-SKLEARN": {
        "MSE": 485.76807049007374,
        "MAE": 15.985998432919347,
        "R2": 0.3954272115957731,
        "emission": 4.679479063735762e-08
    },
    "XGBoost": {
        "MSE": 589.4562751033352,
        "MAE": 17.9890829079028,
        "R2": 0.2663798929351934,
        "emission": 3.3774582017948453e-06
    },
    "CatBoost": {
        "MSE": 488.99475475332355,
        "MAE": 15.908275822792497,
        "R2": 0.39141137436636264,
        "emission": 2.737259898540952e-06
    },
    "DNN": {
        "MSE": 598.5164720696446,
        "MAE": 19.925650461626727,
        "R2": 0.25510383574624085,
        "emission": 1.6989725910765782e-05
    }
}