{
    "Linear-SVR": {
        "MSE": 595.7429690637221,
        "MAE": 18.360717689077305,
        "R2": 0.27222054176228117,
        "emission": 2.2153744804199268e-08
    },
    "RBF-SVR": {
        "MSE": 937.1684295144576,
        "MAE": 19.67676330052159,
        "R2": -0.1448761753436183,
        "emission": 3.161393496153916e-08
    },
    "DecisionTree": {
        "MSE": 702.1005783530702,
        "MAE": 18.69396158634448,
        "R2": 0.14229054294129417,
        "emission": 7.1183225248888834e-09
    },
    "ExtraTrees": {
        "MSE": 709.6673066084177,
        "MAE": 19.493530691634728,
        "R2": 0.13304677561834355,
        "emission": 1.0200218977024685e-06
    },
    "RandomForest": {
        "MSE": 550.602050304372,
        "MAE": 17.918688715623464,
        "R2": 0.3273661919923869,
        "emission": 8.397682738344303e-07
    },
    "KNeighbors": {
        "MSE": 625.1672507042252,
        "MAE": 18.10826291079812,
        "R2": 0.23627485903770862,
        "emission": 1.669110032453472e-08
    },
    "PLS": {
        "MSE": 587.723234872637,
        "MAE": 18.642273434647382,
        "R2": 0.28201771622826155,
        "emission": 5.950373704186892e-07
    },
    "PLS-SKLEARN": {
        "MSE": 517.7476160679464,
        "MAE": 17.600951749634064,
        "R2": 0.3675022634039742,
        "emission": 5.015258770410609e-08
    },
    "XGBoost": {
        "MSE": 599.2923406770593,
        "MAE": 18.60653321035381,
        "R2": 0.26788451115180056,
        "emission": 3.2737806052387076e-06
    },
    "CatBoost": {
        "MSE": 512.8512882181102,
        "MAE": 17.65424909753336,
        "R2": 0.37348378062692755,
        "emission": 2.75439129027558e-06
    },
    "DNN": {
        "MSE": 633.2244789090709,
        "MAE": 20.918710589968544,
        "R2": 0.2264318806354021,
        "emission": 1.6803516013522183e-05
    }
}