{
    "Linear-SVR": {
        "MSE": 407.244292230782,
        "MAE": 13.888813459591217,
        "R2": 0.07512067770612041,
        "emission": 2.4313562982160995e-08
    },
    "RBF-SVR": {
        "MSE": 571.4287013106399,
        "MAE": 14.294970329276932,
        "R2": -0.2977532161652945,
        "emission": 3.2655535526588557e-08
    },
    "DecisionTree": {
        "MSE": 497.57277174185805,
        "MAE": 15.29636123270638,
        "R2": -0.1300214065608274,
        "emission": 8.654882307958911e-09
    },
    "ExtraTrees": {
        "MSE": 425.38570057553966,
        "MAE": 14.226636870312898,
        "R2": 0.03392031277664043,
        "emission": 9.953194707524043e-07
    },
    "RandomForest": {
        "MSE": 382.5841073071179,
        "MAE": 13.576413980470202,
        "R2": 0.13112562499440616,
        "emission": 8.105911958096595e-07
    },
    "KNeighbors": {
        "MSE": 474.86380281690134,
        "MAE": 15.01643192488263,
        "R2": -0.07844780273139795,
        "emission": 8.650028755019818e-09
    },
    "PLS": {
        "MSE": 382.67405463529855,
        "MAE": 13.709029870705807,
        "R2": 0.13092134853058102,
        "emission": 5.920060896166191e-07
    },
    "PLS-SKLEARN": {
        "MSE": 382.67405463529855,
        "MAE": 13.709029870705807,
        "R2": 0.13092134853058102,
        "emission": 4.817244580796494e-08
    },
    "XGBoost": {
        "MSE": 427.6487365289626,
        "MAE": 15.369095489238454,
        "R2": 0.028780805117826214,
        "emission": 3.3099138303521864e-06
    },
    "CatBoost": {
        "MSE": 370.06298461016263,
        "MAE": 13.157619983497188,
        "R2": 0.15956194121846734,
        "emission": 2.762607493977536e-06
    },
    "DNN": {
        "MSE": 375.15438244906136,
        "MAE": 14.149300528244234,
        "R2": 0.1479990324862791,
        "emission": 1.6632676137783206e-05
    }
}