{
    "Linear-SVR": {
        "MSE": 294.54454475298843,
        "MAE": 11.490823998267897,
        "R2": 0.12550921289130534,
        "emission": 2.2053123762628346e-08
    },
    "RBF-SVR": {
        "MSE": 384.1938635340247,
        "MAE": 10.630105463347306,
        "R2": -0.1406559724470704,
        "emission": 3.020766259681279e-08
    },
    "DecisionTree": {
        "MSE": 364.9635964455635,
        "MAE": 11.838416507274097,
        "R2": -0.08356209071654397,
        "emission": 6.525530201162529e-09
    },
    "ExtraTrees": {
        "MSE": 319.2735077012478,
        "MAE": 12.44032372524248,
        "R2": 0.052089926544853116,
        "emission": 1.0465359242672716e-06
    },
    "RandomForest": {
        "MSE": 280.88651100890775,
        "MAE": 11.293017308842375,
        "R2": 0.16605936020173884,
        "emission": 8.473515478554952e-07
    },
    "KNeighbors": {
        "MSE": 322.14808826291085,
        "MAE": 11.944882629107981,
        "R2": 0.043555413640924745,
        "emission": 8.117578716192843e-09
    },
    "PLS": {
        "MSE": 314.9267798180274,
        "MAE": 12.408604021543287,
        "R2": 0.06499518503854695,
        "emission": 5.743055949881431e-07
    },
    "PLS-SKLEARN": {
        "MSE": 293.4991714439931,
        "MAE": 12.041121393530862,
        "R2": 0.12861288377603497,
        "emission": 5.0114208399107884e-08
    },
    "XGBoost": {
        "MSE": 300.0852733711473,
        "MAE": 12.22407561094968,
        "R2": 0.10905901472344315,
        "emission": 3.221855499847494e-06
    },
    "CatBoost": {
        "MSE": 276.9526684706748,
        "MAE": 11.210378889324689,
        "R2": 0.17773877888017997,
        "emission": 2.7272778190154577e-06
    },
    "DNN": {
        "MSE": 285.11585677172167,
        "MAE": 12.52553839168638,
        "R2": 0.1535026044547273,
        "emission": 1.665185790467703e-05
    }
}