{
    "Linear-SVR": {
        "MSE": 241.76670716151654,
        "MAE": 9.06025454825901,
        "R2": -0.014034678063168604,
        "emission": 2.2386227207988317e-08
    },
    "RBF-SVR": {
        "MSE": 283.57649760920634,
        "MAE": 8.86057379615379,
        "R2": -0.18939619865577817,
        "emission": 3.028239454863484e-08
    },
    "DecisionTree": {
        "MSE": 366.06854021921646,
        "MAE": 10.909759914500553,
        "R2": -0.535390040623982,
        "emission": 6.256360890956398e-09
    },
    "ExtraTrees": {
        "MSE": 227.2678843515094,
        "MAE": 9.364049391480554,
        "R2": 0.046777289362182395,
        "emission": 1.0478300101173145e-06
    },
    "RandomForest": {
        "MSE": 223.58475082751158,
        "MAE": 9.259454246346953,
        "R2": 0.06222534323659634,
        "emission": 8.341073488353642e-07
    },
    "KNeighbors": {
        "MSE": 255.30685446009386,
        "MAE": 9.011267605633803,
        "R2": -0.07082570222046924,
        "emission": 1.614223646214099e-08
    },
    "PLS": {
        "MSE": 254.25919957806798,
        "MAE": 10.010062124783653,
        "R2": -0.06643155550982782,
        "emission": 5.73612862875104e-07
    },
    "PLS-SKLEARN": {
        "MSE": 239.98218875990003,
        "MAE": 9.542347557253358,
        "R2": -0.006549927312635706,
        "emission": 4.615663049607824e-08
    },
    "XGBoost": {
        "MSE": 262.87249670631553,
        "MAE": 10.333069153256854,
        "R2": -0.1025580432427724,
        "emission": 3.346701708444749e-06
    },
    "CatBoost": {
        "MSE": 244.640410280631,
        "MAE": 9.452168623387132,
        "R2": -0.026087762838375328,
        "emission": 2.7401605471023256e-06
    },
    "DNN": {
        "MSE": 240.46424117418346,
        "MAE": 10.53643571574923,
        "R2": -0.008571784955759831,
        "emission": 1.6715020213375727e-05
    }
}