{
    "Linear-SVR": {
        "MSE": 573.0208011912166,
        "MAE": 16.533249001311503,
        "R2": 0.07756905947410209,
        "emission": 2.2937404442702675e-08
    },
    "RBF-SVR": {
        "MSE": 690.0251860624926,
        "MAE": 16.581388249234447,
        "R2": -0.11078093507775288,
        "emission": 3.134218715697874e-08
    },
    "DecisionTree": {
        "MSE": 745.0644127964443,
        "MAE": 17.94328696191486,
        "R2": -0.19938135861643613,
        "emission": 6.456477350578685e-09
    },
    "ExtraTrees": {
        "MSE": 645.5899104688932,
        "MAE": 17.39619454525482,
        "R2": -0.039250420001994746,
        "emission": 9.632739624441262e-07
    },
    "RandomForest": {
        "MSE": 544.2120735044094,
        "MAE": 16.200560915733544,
        "R2": 0.12394444710445152,
        "emission": 8.187619804175987e-07
    },
    "KNeighbors": {
        "MSE": 574.5779211267605,
        "MAE": 16.554647887323945,
        "R2": 0.0750624565660234,
        "emission": 9.101087739875005e-09
    },
    "PLS": {
        "MSE": 570.5403286520619,
        "MAE": 16.9378415825804,
        "R2": 0.08156204648693754,
        "emission": 5.965055436974494e-07
    },
    "PLS-SKLEARN": {
        "MSE": 545.6351918126525,
        "MAE": 16.591636723654336,
        "R2": 0.121653555819487,
        "emission": 4.920488895280162e-08
    },
    "XGBoost": {
        "MSE": 517.4129554936834,
        "MAE": 16.572475407954673,
        "R2": 0.16708482801297864,
        "emission": 3.2611673454278616e-06
    },
    "CatBoost": {
        "MSE": 512.077081422973,
        "MAE": 16.197625840840733,
        "R2": 0.1756743509890052,
        "emission": 2.758909808674564e-06
    },
    "DNN": {
        "MSE": 520.440931155595,
        "MAE": 16.835006566114828,
        "R2": 0.1622104876192263,
        "emission": 1.6133308625168417e-05
    }
}