{
    "Linear-SVR": {
        "MSE": 322.01601784105696,
        "MAE": 11.183826999953316,
        "R2": 0.13306260298935457,
        "emission": 2.2547867218270727e-08
    },
    "RBF-SVR": {
        "MSE": 453.26348573528105,
        "MAE": 10.354654381699548,
        "R2": -0.22028422411357207,
        "emission": 3.147490915108648e-08
    },
    "DecisionTree": {
        "MSE": 416.1524566497375,
        "MAE": 13.228625881237477,
        "R2": -0.12037323468046979,
        "emission": 9.072199783240586e-09
    },
    "ExtraTrees": {
        "MSE": 414.37122561991345,
        "MAE": 13.964891884134857,
        "R2": -0.11557777201117991,
        "emission": 1.0984490673694948e-06
    },
    "RandomForest": {
        "MSE": 325.8502866871936,
        "MAE": 12.568478469236247,
        "R2": 0.12273991446225951,
        "emission": 8.29962832431414e-07
    },
    "KNeighbors": {
        "MSE": 393.2145145539906,
        "MAE": 12.029577464788733,
        "R2": -0.05861928856750653,
        "emission": 8.954594316373198e-09
    },
    "PLS": {
        "MSE": 329.62428422980673,
        "MAE": 12.636583819379648,
        "R2": 0.11257948943789775,
        "emission": 6.637162190976538e-07
    },
    "PLS-SKLEARN": {
        "MSE": 320.80180768291825,
        "MAE": 12.927503386876795,
        "R2": 0.13633152172506857,
        "emission": 5.053601799544329e-08
    },
    "XGBoost": {
        "MSE": 357.673485027636,
        "MAE": 12.795868343344841,
        "R2": 0.03706491941454715,
        "emission": 5.2025497729508354e-06
    },
    "CatBoost": {
        "MSE": 308.3914378671573,
        "MAE": 11.70544519218408,
        "R2": 0.169742945716175,
        "emission": 2.7868534298815227e-06
    },
    "DNN": {
        "MSE": 331.36815118549083,
        "MAE": 13.586589635034121,
        "R2": 0.10788461901055191,
        "emission": 1.665258953302178e-05
    }
}