{
    "Linear-SVR": {
        "MSE": 203.69038627022022,
        "MAE": 8.11559635667479,
        "R2": 0.04841216821200667,
        "emission": 2.2916723506397364e-08
    },
    "RBF-SVR": {
        "MSE": 244.03266708823455,
        "MAE": 6.959238100322404,
        "R2": -0.14005634145083357,
        "emission": 2.997684740494189e-08
    },
    "DecisionTree": {
        "MSE": 295.9179551382369,
        "MAE": 9.260406885759,
        "R2": -0.38245074042701943,
        "emission": 7.792811811304778e-09
    },
    "ExtraTrees": {
        "MSE": 212.80617956362997,
        "MAE": 8.906461648072668,
        "R2": 0.005825583081790597,
        "emission": 1.0231766702719652e-06
    },
    "RandomForest": {
        "MSE": 202.25250386056592,
        "MAE": 8.828481994039912,
        "R2": 0.055129576085905185,
        "emission": 8.194757819365431e-07
    },
    "KNeighbors": {
        "MSE": 215.69671361502344,
        "MAE": 7.287323943661971,
        "R2": -0.007678230628032079,
        "emission": 1.0550564031956187e-08
    },
    "PLS": {
        "MSE": 189.38936941547715,
        "MAE": 8.732225833611986,
        "R2": 0.1152227520120439,
        "emission": 5.744647805951972e-07
    },
    "PLS-SKLEARN": {
        "MSE": 189.38936941547706,
        "MAE": 8.732225833611984,
        "R2": 0.11522275201204413,
        "emission": 4.6754389085967364e-08
    },
    "XGBoost": {
        "MSE": 185.99983759787224,
        "MAE": 8.831280923459435,
        "R2": 0.13105775184758894,
        "emission": 3.299051726905864e-06
    },
    "CatBoost": {
        "MSE": 186.04903210607662,
        "MAE": 8.16099939272605,
        "R2": 0.13082792806328936,
        "emission": 2.7275995894666402e-06
    },
    "DNN": {
        "MSE": 191.99260970226555,
        "MAE": 10.134509982637397,
        "R2": 0.10306109909612371,
        "emission": 1.674402797261987e-05
    }
}