{
    "Linear-SVR": {
        "MSE": 282.0397836326574,
        "MAE": 10.584190556404868,
        "R2": 0.3086391880303002,
        "emission": 2.1972955380398586e-08
    },
    "RBF-SVR": {
        "MSE": 486.5715590805285,
        "MAE": 11.545762479802464,
        "R2": -0.19272715300837273,
        "emission": 3.06754910906099e-08
    },
    "DecisionTree": {
        "MSE": 449.2997977817474,
        "MAE": 12.250167625932255,
        "R2": -0.10136332190918274,
        "emission": 7.365522393557124e-09
    },
    "ExtraTrees": {
        "MSE": 323.25394684769566,
        "MAE": 11.411966822874588,
        "R2": 0.20761139337664825,
        "emission": 1.0462146958725694e-06
    },
    "RandomForest": {
        "MSE": 320.46201680471665,
        "MAE": 11.537390098773233,
        "R2": 0.2144552187285731,
        "emission": 8.369938628865108e-07
    },
    "KNeighbors": {
        "MSE": 415.87896713615027,
        "MAE": 11.52206572769953,
        "R2": -0.019439231930670875,
        "emission": 8.852321444505528e-09
    },
    "PLS": {
        "MSE": 268.3658499957282,
        "MAE": 10.819060249005238,
        "R2": 0.34215794109515174,
        "emission": 5.707355170516524e-07
    },
    "PLS-SKLEARN": {
        "MSE": 268.36584999572835,
        "MAE": 10.819060249005238,
        "R2": 0.3421579410951514,
        "emission": 4.782361731281162e-08
    },
    "XGBoost": {
        "MSE": 288.6495034777843,
        "MAE": 11.793898122432365,
        "R2": 0.29243685933694474,
        "emission": 3.2879507041269753e-06
    },
    "CatBoost": {
        "MSE": 267.999543050634,
        "MAE": 10.208146339865337,
        "R2": 0.34305586501116325,
        "emission": 2.7618804512237655e-06
    },
    "DNN": {
        "MSE": 262.13956561615686,
        "MAE": 11.918997389945625,
        "R2": 0.35742035893128654,
        "emission": 1.6781021757352675e-05
    }
}