{
    "Linear-SVR": {
        "MSE": 394.91930362044315,
        "MAE": 11.239630500599667,
        "R2": 0.1449124519473748,
        "emission": 2.2871353332969535e-08
    },
    "RBF-SVR": {
        "MSE": 529.8086336222434,
        "MAE": 10.702162768495802,
        "R2": -0.14715275072136103,
        "emission": 3.155021908978335e-08
    },
    "DecisionTree": {
        "MSE": 485.63010497246404,
        "MAE": 12.821397404032037,
        "R2": -0.051496475139503284,
        "emission": 6.5453276279899815e-09
    },
    "ExtraTrees": {
        "MSE": 395.6698083302943,
        "MAE": 11.793840591009769,
        "R2": 0.14328744342977295,
        "emission": 1.0187921179106781e-06
    },
    "RandomForest": {
        "MSE": 388.053129306033,
        "MAE": 12.279089789525194,
        "R2": 0.15977923638963054,
        "emission": 8.592695606158861e-07
    },
    "KNeighbors": {
        "MSE": 420.3573840375587,
        "MAE": 11.456056338028171,
        "R2": 0.08983338741032576,
        "emission": 1.0608761059147555e-08
    },
    "PLS": {
        "MSE": 345.79963952777473,
        "MAE": 13.006511799230033,
        "R2": 0.2512673774856212,
        "emission": 5.922180222036851e-07
    },
    "PLS-SKLEARN": {
        "MSE": 356.87563323889924,
        "MAE": 12.681197502463485,
        "R2": 0.22728540390806673,
        "emission": 4.8622478759384595e-08
    },
    "XGBoost": {
        "MSE": 337.1343382739565,
        "MAE": 12.67261668689759,
        "R2": 0.270029669261022,
        "emission": 3.286725344635499e-06
    },
    "CatBoost": {
        "MSE": 334.4931356093212,
        "MAE": 11.612467544083618,
        "R2": 0.275748456592278,
        "emission": 2.7576960873043116e-06
    },
    "DNN": {
        "MSE": 410.27945776716786,
        "MAE": 15.525897351341069,
        "R2": 0.1116543244600019,
        "emission": 1.6501142099462436e-05
    }
}