{
    "Linear-SVR": {
        "MSE": 735.5015113853846,
        "MAE": 19.359498306499372,
        "R2": 0.19698258784547684,
        "emission": 2.3072368069265316e-08
    },
    "RBF-SVR": {
        "MSE": 1087.1137245030045,
        "MAE": 22.442432501490902,
        "R2": -0.18690612630250958,
        "emission": 3.1888705987551846e-08
    },
    "DecisionTree": {
        "MSE": 1034.69950240946,
        "MAE": 22.60925627841121,
        "R2": -0.1296805022431231,
        "emission": 1.0310826435339018e-08
    },
    "ExtraTrees": {
        "MSE": 899.4854413610353,
        "MAE": 21.76714517624264,
        "R2": 0.017945632726322103,
        "emission": 1.067699791423676e-06
    },
    "RandomForest": {
        "MSE": 786.654316981619,
        "MAE": 21.071055682709492,
        "R2": 0.14113417293609054,
        "emission": 8.275812384457404e-07
    },
    "KNeighbors": {
        "MSE": 877.9410460093897,
        "MAE": 21.66281690140845,
        "R2": 0.04146771165329166,
        "emission": 1.1170310550556027e-08
    },
    "PLS": {
        "MSE": 733.7553144708378,
        "MAE": 20.437219902131186,
        "R2": 0.19888907818672763,
        "emission": 5.797900744764498e-07
    },
    "PLS-SKLEARN": {
        "MSE": 733.7553144708381,
        "MAE": 20.43721990213119,
        "R2": 0.1988890781867272,
        "emission": 4.6676634668932065e-08
    },
    "XGBoost": {
        "MSE": 690.1854248181801,
        "MAE": 19.847024392354097,
        "R2": 0.24645849782100326,
        "emission": 3.18987310332517e-06
    },
    "CatBoost": {
        "MSE": 757.9176955304952,
        "MAE": 20.624587387277767,
        "R2": 0.17250869363324028,
        "emission": 2.7217901930925737e-06
    },
    "DNN": {
        "MSE": 723.433367582003,
        "MAE": 20.99263249428619,
        "R2": 0.21015853576194854,
        "emission": 1.643067420040715e-05
    }
}