{
    "Linear-SVR": {
        "MSE": 108.97419323417108,
        "MAE": 5.444013027562271,
        "R2": -0.10244228912350661,
        "emission": 2.4376111651543393e-08
    },
    "RBF-SVR": {
        "MSE": 111.9809525562135,
        "MAE": 4.15668086516234,
        "R2": -0.13286030398976822,
        "emission": 2.9624211909765794e-08
    },
    "DecisionTree": {
        "MSE": 167.84619444364128,
        "MAE": 6.389287519991746,
        "R2": -0.6980235166824229,
        "emission": 8.317676068820654e-09
    },
    "ExtraTrees": {
        "MSE": 114.38332361960688,
        "MAE": 5.799518625466568,
        "R2": -0.15716399806493553,
        "emission": 1.0691148648657718e-06
    },
    "RandomForest": {
        "MSE": 100.91723132000241,
        "MAE": 5.94652227488247,
        "R2": -0.02093367435496174,
        "emission": 8.421706508281511e-07
    },
    "KNeighbors": {
        "MSE": 108.07417840375588,
        "MAE": 5.486384976525822,
        "R2": -0.09333724892599937,
        "emission": 8.537710139097643e-09
    },
    "PLS": {
        "MSE": 111.36426568274716,
        "MAE": 6.649554035095356,
        "R2": -0.12662156371301547,
        "emission": 5.90949178498859e-07
    },
    "PLS-SKLEARN": {
        "MSE": 177.6603335485817,
        "MAE": 8.95765619213901,
        "R2": -0.7973086929202255,
        "emission": 5.03394504717707e-08
    },
    "XGBoost": {
        "MSE": 148.29892663634135,
        "MAE": 7.387441744546935,
        "R2": -0.5002727095598372,
        "emission": 3.328195531655115e-06
    },
    "CatBoost": {
        "MSE": 108.62719974533285,
        "MAE": 5.934347575203958,
        "R2": -0.0989319140081455,
        "emission": 2.7439222888934652e-06
    },
    "DNN": {
        "MSE": 96.87054282571138,
        "MAE": 5.6700983176209,
        "R2": 0.020004830392023054,
        "emission": 1.5795240062250772e-05
    }
}