{
    "Linear-SVR": {
        "MSE": 594.4636497811512,
        "MAE": 15.397058580834075,
        "R2": 0.1884381728738006,
        "emission": 2.1848562131787952e-08
    },
    "RBF-SVR": {
        "MSE": 904.4097130553025,
        "MAE": 15.345452268851279,
        "R2": -0.23470022005223656,
        "emission": 3.317065846052469e-08
    },
    "DecisionTree": {
        "MSE": 993.6848420811835,
        "MAE": 19.907114838151717,
        "R2": -0.3565786340744297,
        "emission": 7.881697938326512e-09
    },
    "ExtraTrees": {
        "MSE": 923.6790767844581,
        "MAE": 19.62027731267168,
        "R2": -0.2610067571152679,
        "emission": 1.082694975822929e-06
    },
    "RandomForest": {
        "MSE": 625.6538897437548,
        "MAE": 17.205407953058412,
        "R2": 0.14585725452517828,
        "emission": 8.341586536480851e-07
    },
    "KNeighbors": {
        "MSE": 685.1076488262911,
        "MAE": 17.556713615023472,
        "R2": 0.06469097738055019,
        "emission": 8.934382364927742e-09
    },
    "PLS": {
        "MSE": 616.5748320537406,
        "MAE": 17.340660302042835,
        "R2": 0.1582519848845615,
        "emission": 5.705298649934082e-07
    },
    "PLS-SKLEARN": {
        "MSE": 597.1478508083244,
        "MAE": 17.65042034225449,
        "R2": 0.1847737013946973,
        "emission": 4.7121769328761524e-08
    },
    "XGBoost": {
        "MSE": 606.5419156156365,
        "MAE": 16.964035751226362,
        "R2": 0.17194892329098843,
        "emission": 3.250458410478326e-06
    },
    "CatBoost": {
        "MSE": 652.3211719419965,
        "MAE": 16.443078365778163,
        "R2": 0.10945107851548885,
        "emission": 2.7301005702883216e-06
    },
    "DNN": {
        "MSE": 657.7147897983343,
        "MAE": 19.706587933150814,
        "R2": 0.10208771094217883,
        "emission": 1.643587697420163e-05
    }
}