{
    "Linear-SVR": {
        "MSE": 303.11018740592215,
        "MAE": 10.777189177888564,
        "R2": -0.17707369229045988,
        "emission": 2.1178429501018278e-08
    },
    "RBF-SVR": {
        "MSE": 321.4569480615457,
        "MAE": 8.777476652676805,
        "R2": -0.2483200251547646,
        "emission": 3.105920657771925e-08
    },
    "DecisionTree": {
        "MSE": 325.4686125028722,
        "MAE": 12.02338958676987,
        "R2": -0.2638985997866323,
        "emission": 8.464037003632879e-09
    },
    "ExtraTrees": {
        "MSE": 260.4924393501758,
        "MAE": 11.708384556374597,
        "R2": -0.011575361500599346,
        "emission": 1.015794419540909e-06
    },
    "RandomForest": {
        "MSE": 246.45263765271395,
        "MAE": 11.388539928844693,
        "R2": 0.042945673785245386,
        "emission": 8.206748123550826e-07
    },
    "KNeighbors": {
        "MSE": 292.55380281690145,
        "MAE": 10.635680751173709,
        "R2": -0.13607987848374536,
        "emission": 8.896743050735934e-09
    },
    "PLS": {
        "MSE": 344.3601908280645,
        "MAE": 12.854217042430715,
        "R2": -0.3372606337147406,
        "emission": 5.965799107449581e-07
    },
    "PLS-SKLEARN": {
        "MSE": 315.8691102251698,
        "MAE": 12.532923566926057,
        "R2": -0.2266206656899008,
        "emission": 5.074883512732944e-08
    },
    "XGBoost": {
        "MSE": 340.5558294360291,
        "MAE": 13.082903057328062,
        "R2": -0.322487083050363,
        "emission": 3.419242505607374e-06
    },
    "CatBoost": {
        "MSE": 257.6687264421412,
        "MAE": 11.622367633079318,
        "R2": -0.0006099821873086775,
        "emission": 2.7149054621708133e-06
    },
    "DNN": {
        "MSE": 255.2592252431976,
        "MAE": 12.063212360014937,
        "R2": 0.008746880731391737,
        "emission": 1.840010632305137e-05
    }
}