{
    "Linear-SVR": {
        "MSE": 538.76270521048,
        "MAE": 15.361256401290133,
        "R2": 0.1868944406668427,
        "emission": 2.6371455533043364e-08
    },
    "RBF-SVR": {
        "MSE": 712.1273550768303,
        "MAE": 16.729109340394707,
        "R2": -0.07474906070191878,
        "emission": 3.22558561796618e-08
    },
    "DecisionTree": {
        "MSE": 533.892439267799,
        "MAE": 14.954793020727093,
        "R2": 0.19424469018323742,
        "emission": 9.39629041600452e-09
    },
    "ExtraTrees": {
        "MSE": 575.4186710787845,
        "MAE": 15.93221193997279,
        "R2": 0.13157292464133963,
        "emission": 9.87418129183129e-07
    },
    "RandomForest": {
        "MSE": 523.7517472933401,
        "MAE": 15.300404660322371,
        "R2": 0.20954911445049684,
        "emission": 8.289209948002482e-07
    },
    "KNeighbors": {
        "MSE": 620.4776187793427,
        "MAE": 16.48075117370892,
        "R2": 0.06356955224994054,
        "emission": 8.666294727611361e-09
    },
    "PLS": {
        "MSE": 514.2399307019505,
        "MAE": 16.059079395448045,
        "R2": 0.22390443428800266,
        "emission": 5.819990625758134e-07
    },
    "PLS-SKLEARN": {
        "MSE": 500.344990397014,
        "MAE": 15.538245842270864,
        "R2": 0.2448748041730755,
        "emission": 4.861133233532886e-08
    },
    "XGBoost": {
        "MSE": 498.38983530436144,
        "MAE": 14.624267622926427,
        "R2": 0.24782554196509332,
        "emission": 3.325052526646578e-06
    },
    "CatBoost": {
        "MSE": 435.5504780383484,
        "MAE": 13.809487070306053,
        "R2": 0.34266326967669536,
        "emission": 2.710320734614682e-06
    },
    "DNN": {
        "MSE": 534.5715493974692,
        "MAE": 17.175890681217535,
        "R2": 0.193219771018466,
        "emission": 1.7361243605690597e-05
    }
}