{
    "Linear-SVR": {
        "MSE": 189.8976319359012,
        "MAE": 9.035458519980986,
        "R2": -0.04529069076693637,
        "emission": 2.2767112071650475e-08
    },
    "RBF-SVR": {
        "MSE": 229.1825252823944,
        "MAE": 8.2520500824867,
        "R2": -0.26153421568209834,
        "emission": 3.343427534275291e-08
    },
    "DecisionTree": {
        "MSE": 356.8196170471533,
        "MAE": 11.20625132174428,
        "R2": -0.964112033310188,
        "emission": 9.764822566712937e-09
    },
    "ExtraTrees": {
        "MSE": 211.120822447309,
        "MAE": 9.920563763925045,
        "R2": -0.16211365082067708,
        "emission": 1.1177780749126473e-06
    },
    "RandomForest": {
        "MSE": 182.2710202220815,
        "MAE": 9.409970761656396,
        "R2": -0.0033100396904619522,
        "emission": 8.793173719559777e-07
    },
    "KNeighbors": {
        "MSE": 210.53765258215964,
        "MAE": 9.215962441314554,
        "R2": -0.15890359482912997,
        "emission": 9.87774469101849e-09
    },
    "PLS": {
        "MSE": 199.30448346218736,
        "MAE": 9.85974575903082,
        "R2": -0.09707066416424937,
        "emission": 5.936109485697495e-07
    },
    "PLS-SKLEARN": {
        "MSE": 199.30448346218733,
        "MAE": 9.859745759030815,
        "R2": -0.09707066416424914,
        "emission": 6.413655909138407e-08
    },
    "XGBoost": {
        "MSE": 230.68889634535148,
        "MAE": 10.58160789701388,
        "R2": -0.26982602865995164,
        "emission": 3.494606297368832e-06
    },
    "CatBoost": {
        "MSE": 172.40346303802244,
        "MAE": 9.31990746723568,
        "R2": 0.05100588600043299,
        "emission": 2.741784058894039e-06
    },
    "DNN": {
        "MSE": 189.85935908565955,
        "MAE": 10.451342591657324,
        "R2": -0.04508001802889927,
        "emission": 1.658785774440233e-05
    }
}