{
    "Linear-SVR": {
        "MSE": 490.7044679287723,
        "MAE": 11.620928550711216,
        "R2": 0.2029498539150455,
        "emission": 2.1732539439531718e-08
    },
    "RBF-SVR": {
        "MSE": 715.00441541593,
        "MAE": 10.942582996653494,
        "R2": -0.1613800383031705,
        "emission": 2.7810203157794986e-08
    },
    "DecisionTree": {
        "MSE": 829.6011709305731,
        "MAE": 17.228779953662585,
        "R2": -0.34751928645256047,
        "emission": 6.348612465340327e-09
    },
    "ExtraTrees": {
        "MSE": 733.8631196631578,
        "MAE": 16.720124668258684,
        "R2": -0.19201218852318402,
        "emission": 1.0236892601493398e-06
    },
    "RandomForest": {
        "MSE": 524.7050525784202,
        "MAE": 14.792136011682098,
        "R2": 0.1477227819538638,
        "emission": 8.294393547487948e-07
    },
    "KNeighbors": {
        "MSE": 610.7624056338028,
        "MAE": 13.673521126760566,
        "R2": 0.007940020011631743,
        "emission": 1.1551649174543269e-08
    },
    "PLS": {
        "MSE": 462.46957234991555,
        "MAE": 14.91447514633078,
        "R2": 0.24881173029210724,
        "emission": 5.74994574992952e-07
    },
    "PLS-SKLEARN": {
        "MSE": 481.44376402747196,
        "MAE": 16.044377659329452,
        "R2": 0.21799199410287928,
        "emission": 4.882454156474216e-08
    },
    "XGBoost": {
        "MSE": 485.42882522909974,
        "MAE": 14.99875413743613,
        "R2": 0.21151906829822575,
        "emission": 3.494619571988478e-06
    },
    "CatBoost": {
        "MSE": 506.1888285592006,
        "MAE": 14.00431063469142,
        "R2": 0.17779864232202924,
        "emission": 2.7172034923973952e-06
    },
    "DNN": {
        "MSE": 540.9778841481224,
        "MAE": 17.85590264389615,
        "R2": 0.12129085881569968,
        "emission": 1.7112097606229514e-05
    }
}