{
    "Linear-SVR": {
        "MSE": 528.1538634642624,
        "MAE": 12.182119739567321,
        "R2": -0.11458810702426425,
        "emission": 2.3379078408681673e-08
    },
    "RBF-SVR": {
        "MSE": 564.7631667296589,
        "MAE": 10.156722325929147,
        "R2": -0.19184645321605842,
        "emission": 3.0717443517596035e-08
    },
    "DecisionTree": {
        "MSE": 556.9568765331506,
        "MAE": 12.559268743775787,
        "R2": -0.17537246937366424,
        "emission": 9.287010408105108e-09
    },
    "ExtraTrees": {
        "MSE": 463.8281709865172,
        "MAE": 11.666871477554473,
        "R2": 0.021161447739044492,
        "emission": 9.769221356793554e-07
    },
    "RandomForest": {
        "MSE": 470.6056896765602,
        "MAE": 12.245558356982965,
        "R2": 0.006858529120770007,
        "emission": 8.42658451946625e-07
    },
    "KNeighbors": {
        "MSE": 496.615138028169,
        "MAE": 11.083661971830985,
        "R2": -0.04803044132586298,
        "emission": 7.656406826366915e-09
    },
    "PLS": {
        "MSE": 502.1457355686638,
        "MAE": 13.257071704265938,
        "R2": -0.059701923198475226,
        "emission": 5.878673154146703e-07
    },
    "PLS-SKLEARN": {
        "MSE": 502.14573556866344,
        "MAE": 13.25707170426592,
        "R2": -0.05970192319847434,
        "emission": 4.883963539738651e-08
    },
    "XGBoost": {
        "MSE": 488.1784644414392,
        "MAE": 13.246135309408528,
        "R2": -0.0302261295653925,
        "emission": 3.2786053284453467e-06
    },
    "CatBoost": {
        "MSE": 500.1920832601346,
        "MAE": 12.30372951771314,
        "R2": -0.05557903822313026,
        "emission": 2.7213993421164783e-06
    },
    "DNN": {
        "MSE": 472.5388368863497,
        "MAE": 12.99748729018302,
        "R2": 0.002778917026245775,
        "emission": 1.7165867078797507e-05
    }
}