{
    "Linear-SVR": {
        "MSE": 383.5351976004495,
        "MAE": 11.826546191456918,
        "R2": 0.201317693258794,
        "emission": 2.3657075119458068e-08
    },
    "RBF-SVR": {
        "MSE": 577.7067119090241,
        "MAE": 10.946675331811631,
        "R2": -0.20302942773989607,
        "emission": 3.049826743524171e-08
    },
    "DecisionTree": {
        "MSE": 576.497811376874,
        "MAE": 14.062039845913086,
        "R2": -0.20051198612911536,
        "emission": 8.718962441445112e-09
    },
    "ExtraTrees": {
        "MSE": 481.4071206823128,
        "MAE": 13.863869631394836,
        "R2": -0.002492996819390525,
        "emission": 1.079137313323853e-06
    },
    "RandomForest": {
        "MSE": 436.8481719501138,
        "MAE": 14.058338342230625,
        "R2": 0.09029755847266996,
        "emission": 8.445761375164846e-07
    },
    "KNeighbors": {
        "MSE": 507.2905784037559,
        "MAE": 13.323661971830983,
        "R2": -0.056393290322404255,
        "emission": 8.872051499961554e-09
    },
    "PLS": {
        "MSE": 502.56830181785085,
        "MAE": 15.68242440228594,
        "R2": -0.04655951553381321,
        "emission": 5.739904243406681e-07
    },
    "PLS-SKLEARN": {
        "MSE": 462.338576420107,
        "MAE": 14.79153616928094,
        "R2": 0.03721576788543579,
        "emission": 5.416238968570334e-08
    },
    "XGBoost": {
        "MSE": 530.1875199169764,
        "MAE": 15.161989213099503,
        "R2": -0.10407439541917429,
        "emission": 3.3774210767584226e-06
    },
    "CatBoost": {
        "MSE": 413.94727427937283,
        "MAE": 13.137974930015114,
        "R2": 0.13798690196068542,
        "emission": 2.7205837058215046e-06
    },
    "DNN": {
        "MSE": 478.24381308929316,
        "MAE": 14.995787907563185,
        "R2": 0.0040943459359330525,
        "emission": 1.6845610710395526e-05
    }
}