{
    "Linear-SVR": {
        "MSE": 302.0125269939127,
        "MAE": 11.016909483724238,
        "R2": 0.22309227333072534,
        "emission": 2.31315787027015e-08
    },
    "RBF-SVR": {
        "MSE": 424.1302702535856,
        "MAE": 11.6328020358016,
        "R2": -0.09104773684099476,
        "emission": 3.0975006680433325e-08
    },
    "DecisionTree": {
        "MSE": 330.71990763261584,
        "MAE": 11.797292243834011,
        "R2": 0.14924439009012724,
        "emission": 7.391632125008417e-09
    },
    "ExtraTrees": {
        "MSE": 376.82914078450136,
        "MAE": 12.519421644666064,
        "R2": 0.03063136478599171,
        "emission": 1.026970982102367e-06
    },
    "RandomForest": {
        "MSE": 356.0150795512064,
        "MAE": 12.291208988885515,
        "R2": 0.0841741934774658,
        "emission": 8.668012360004718e-07
    },
    "KNeighbors": {
        "MSE": 335.96414835680747,
        "MAE": 11.715211267605634,
        "R2": 0.1357539194143189,
        "emission": 1.0472168059373944e-08
    },
    "PLS": {
        "MSE": 317.8147984090445,
        "MAE": 12.289733268538077,
        "R2": 0.1824419503671736,
        "emission": 5.900617074785917e-07
    },
    "PLS-SKLEARN": {
        "MSE": 317.81479840904467,
        "MAE": 12.289733268538079,
        "R2": 0.18244195036717326,
        "emission": 4.8003566449065546e-08
    },
    "XGBoost": {
        "MSE": 338.44649041400476,
        "MAE": 12.413417701521109,
        "R2": 0.12936825474117264,
        "emission": 3.266827394153319e-06
    },
    "CatBoost": {
        "MSE": 298.2877996818596,
        "MAE": 11.489668585709445,
        "R2": 0.23267389385909654,
        "emission": 2.7788396768088118e-06
    },
    "DNN": {
        "MSE": 319.02868351084953,
        "MAE": 12.502767090282529,
        "R2": 0.1793193093155988,
        "emission": 1.653705982491677e-05
    }
}