{
    "Linear-SVR": {
        "MSE": 529.2665225911213,
        "MAE": 12.923081637021355,
        "R2": 0.043522834377539454,
        "emission": 2.2733302113083868e-08
    },
    "RBF-SVR": {
        "MSE": 706.3633714365037,
        "MAE": 13.474405842721177,
        "R2": -0.27652214257476304,
        "emission": 3.1634983280563864e-08
    },
    "DecisionTree": {
        "MSE": 646.2682150873725,
        "MAE": 14.759333780460542,
        "R2": -0.16791968547799918,
        "emission": 7.2295610008011525e-09
    },
    "ExtraTrees": {
        "MSE": 494.48493933033194,
        "MAE": 13.72294511728357,
        "R2": 0.10637923801000959,
        "emission": 1.103310656883793e-06
    },
    "RandomForest": {
        "MSE": 456.77471828140904,
        "MAE": 13.468394044631244,
        "R2": 0.17452820229229216,
        "emission": 8.677326585290151e-07
    },
    "KNeighbors": {
        "MSE": 560.3784713615023,
        "MAE": 15.87079812206573,
        "R2": -0.012701897976965304,
        "emission": 8.340237552146134e-09
    },
    "PLS": {
        "MSE": 456.3356764783668,
        "MAE": 13.68495881328973,
        "R2": 0.17532162761099135,
        "emission": 5.92533998180544e-07
    },
    "PLS-SKLEARN": {
        "MSE": 456.33567647836696,
        "MAE": 13.68495881328973,
        "R2": 0.1753216276109909,
        "emission": 4.863628299685064e-08
    },
    "XGBoost": {
        "MSE": 559.1411707458674,
        "MAE": 14.823774818096643,
        "R2": -0.010465879382644205,
        "emission": 3.253461609630963e-06
    },
    "CatBoost": {
        "MSE": 504.03845164329044,
        "MAE": 13.835346404675184,
        "R2": 0.08911437052112625,
        "emission": 2.7857772261382623e-06
    },
    "DNN": {
        "MSE": 496.32819318674416,
        "MAE": 15.049851234977796,
        "R2": 0.10304815593916072,
        "emission": 1.6497934881463142e-05
    }
}