{
    "Linear-SVR": {
        "MSE": 785.2967853357378,
        "MAE": 19.255809051419533,
        "R2": 0.05803840938668947,
        "emission": 2.1987182859920268e-08
    },
    "RBF-SVR": {
        "MSE": 1203.9005351183769,
        "MAE": 20.72004492860748,
        "R2": -0.44407577386871777,
        "emission": 3.225451492889144e-08
    },
    "DecisionTree": {
        "MSE": 862.2503450197091,
        "MAE": 20.910545443201848,
        "R2": -0.034267198934729404,
        "emission": 6.4118031332436285e-09
    },
    "ExtraTrees": {
        "MSE": 842.9361016074422,
        "MAE": 21.458117203610215,
        "R2": -0.01109981077544453,
        "emission": 1.0694077787059077e-06
    },
    "RandomForest": {
        "MSE": 719.5575576734805,
        "MAE": 20.076220210456622,
        "R2": 0.1368924536292827,
        "emission": 8.222545656295015e-07
    },
    "KNeighbors": {
        "MSE": 918.416854460094,
        "MAE": 20.963098591549294,
        "R2": -0.10163879087247452,
        "emission": 1.070519452172381e-08
    },
    "PLS": {
        "MSE": 690.7405803474626,
        "MAE": 19.770075912920678,
        "R2": 0.17145834808545113,
        "emission": 5.678522753600586e-07
    },
    "PLS-SKLEARN": {
        "MSE": 690.7405803474633,
        "MAE": 19.77007591292069,
        "R2": 0.17145834808545035,
        "emission": 4.8041488514504716e-08
    },
    "XGBoost": {
        "MSE": 706.1849044909975,
        "MAE": 19.158609279133206,
        "R2": 0.15293291870912684,
        "emission": 3.3160359251810955e-06
    },
    "CatBoost": {
        "MSE": 716.0417311909944,
        "MAE": 19.053611199722702,
        "R2": 0.14110967897338889,
        "emission": 3.0380322981837676e-06
    },
    "DNN": {
        "MSE": 683.1334701678866,
        "MAE": 20.9467727038782,
        "R2": 0.18058305830779153,
        "emission": 1.692348653374291e-05
    }
}