{
    "Linear-SVR": {
        "MSE": 281.7266567887828,
        "MAE": 12.086455746806784,
        "R2": 0.08916895140301762,
        "emission": 2.5366451619122045e-08
    },
    "RBF-SVR": {
        "MSE": 354.68808475107244,
        "MAE": 10.945919640483764,
        "R2": -0.14671761572381548,
        "emission": 3.381428059989967e-08
    },
    "DecisionTree": {
        "MSE": 348.9051538521805,
        "MAE": 12.606325673338274,
        "R2": -0.12802122016565343,
        "emission": 6.8244071305881765e-09
    },
    "ExtraTrees": {
        "MSE": 382.24899442431746,
        "MAE": 13.97066627815166,
        "R2": -0.23582289437974713,
        "emission": 1.1221937749037184e-06
    },
    "RandomForest": {
        "MSE": 289.49399582757906,
        "MAE": 13.075131346505506,
        "R2": 0.06405690257471242,
        "emission": 9.041598746535001e-07
    },
    "KNeighbors": {
        "MSE": 344.2623943661971,
        "MAE": 13.151643192488264,
        "R2": -0.11301103426701409,
        "emission": 1.0766042826845549e-08
    },
    "PLS": {
        "MSE": 301.8860889518773,
        "MAE": 13.594722958496172,
        "R2": 0.023992879867843597,
        "emission": 6.455519700453883e-07
    },
    "PLS-SKLEARN": {
        "MSE": 301.8860889518772,
        "MAE": 13.59472295849617,
        "R2": 0.02399287986784404,
        "emission": 6.636816294547368e-08
    },
    "XGBoost": {
        "MSE": 302.27364355665964,
        "MAE": 13.770088343371247,
        "R2": 0.022739903770068293,
        "emission": 5.126419921049877e-06
    },
    "CatBoost": {
        "MSE": 256.41571757065765,
        "MAE": 12.454407580886157,
        "R2": 0.17100000555954187,
        "emission": 2.9157697626560786e-06
    },
    "DNN": {
        "MSE": 312.1593066941578,
        "MAE": 14.596257483343562,
        "R2": -0.009220752790573217,
        "emission": 1.7388744581893795e-05
    }
}