{
    "Linear-SVR": {
        "MSE": 364.0068888992049,
        "MAE": 10.821135929367543,
        "R2": 0.14715439453307655,
        "emission": 2.5547305066482003e-08
    },
    "RBF-SVR": {
        "MSE": 504.00456218452007,
        "MAE": 10.004449848097387,
        "R2": -0.18085148688868014,
        "emission": 3.601246510908955e-08
    },
    "DecisionTree": {
        "MSE": 503.09811157872696,
        "MAE": 13.028452194649377,
        "R2": -0.17872772923656166,
        "emission": 8.732446981355988e-09
    },
    "ExtraTrees": {
        "MSE": 386.37394954752676,
        "MAE": 12.846432420091608,
        "R2": 0.0947497561515881,
        "emission": 1.2814887630809238e-06
    },
    "RandomForest": {
        "MSE": 371.0711098795429,
        "MAE": 12.607683673478741,
        "R2": 0.13060336211347645,
        "emission": 9.822247514182951e-07
    },
    "KNeighbors": {
        "MSE": 437.16326384976526,
        "MAE": 12.387417840375587,
        "R2": -0.02424646295386057,
        "emission": 9.647511836881988e-09
    },
    "PLS": {
        "MSE": 374.1336184427299,
        "MAE": 13.295894212627276,
        "R2": 0.12342809414611078,
        "emission": 6.336725599396947e-07
    },
    "PLS-SKLEARN": {
        "MSE": 344.6336383899848,
        "MAE": 12.217453819437607,
        "R2": 0.1925447211017952,
        "emission": 5.122340292088319e-08
    },
    "XGBoost": {
        "MSE": 370.4880717924521,
        "MAE": 12.593874509499667,
        "R2": 0.13196938425635107,
        "emission": 3.5573938827764337e-06
    },
    "CatBoost": {
        "MSE": 396.5615102359254,
        "MAE": 12.182692972450186,
        "R2": 0.07088093215816571,
        "emission": 2.8540365113115143e-06
    },
    "DNN": {
        "MSE": 355.37742741737884,
        "MAE": 13.823994526658819,
        "R2": 0.16737268854552678,
        "emission": 1.9265877251079666e-05
    }
}