{
    "Linear-SVR": {
        "MSE": 302.6309837005317,
        "MAE": 13.284382385239674,
        "R2": 0.042569200754126624,
        "emission": 2.5471425410002086e-08
    },
    "RBF-SVR": {
        "MSE": 363.59290739382334,
        "MAE": 13.967050021645054,
        "R2": -0.15029546436222185,
        "emission": 3.470339871983881e-08
    },
    "DecisionTree": {
        "MSE": 262.3031749493776,
        "MAE": 13.035431270695486,
        "R2": 0.1701539103311862,
        "emission": 1.0213511255809678e-08
    },
    "ExtraTrees": {
        "MSE": 296.6714075310106,
        "MAE": 13.481908121489047,
        "R2": 0.06142345587824016,
        "emission": 1.0615464191542573e-06
    },
    "RandomForest": {
        "MSE": 272.5036697708399,
        "MAE": 13.217448017010444,
        "R2": 0.13788270072073783,
        "emission": 8.896819711892676e-07
    },
    "KNeighbors": {
        "MSE": 291.27295399061035,
        "MAE": 13.47906103286385,
        "R2": 0.07850249261359221,
        "emission": 1.163887955940393e-08
    },
    "PLS": {
        "MSE": 360.5548488448166,
        "MAE": 14.24270688115884,
        "R2": -0.1406839870800094,
        "emission": 6.311422639546122e-07
    },
    "PLS-SKLEARN": {
        "MSE": 349.2717818594348,
        "MAE": 14.06053875360163,
        "R2": -0.10498785408772893,
        "emission": 6.32762073319932e-08
    },
    "XGBoost": {
        "MSE": 278.8027913277911,
        "MAE": 12.864924907387003,
        "R2": 0.1179542290451917,
        "emission": 3.5818682428718253e-06
    },
    "CatBoost": {
        "MSE": 291.5250876081871,
        "MAE": 13.146189881350892,
        "R2": 0.0777048198570176,
        "emission": 2.9669876097361123e-06
    },
    "DNN": {
        "MSE": 254.1790823743189,
        "MAE": 13.228649564751997,
        "R2": 0.1958560256670795,
        "emission": 1.7406968499342948e-05
    }
}