{
    "Linear-SVR": {
        "MSE": 636.2233022917361,
        "MAE": 17.39005348947441,
        "R2": 0.15548772221767726,
        "emission": 2.4463206600989833e-08
    },
    "RBF-SVR": {
        "MSE": 865.6589641207803,
        "MAE": 18.44325056231252,
        "R2": -0.1490613766251263,
        "emission": 3.3303036229955915e-08
    },
    "DecisionTree": {
        "MSE": 676.1218034595021,
        "MAE": 18.00647304839719,
        "R2": 0.10252711235016854,
        "emission": 8.226511961691633e-09
    },
    "ExtraTrees": {
        "MSE": 730.8849372985395,
        "MAE": 19.806295381555728,
        "R2": 0.029835435182240966,
        "emission": 1.1290367415041738e-06
    },
    "RandomForest": {
        "MSE": 637.6947110764556,
        "MAE": 19.31202133610993,
        "R2": 0.15353459855833262,
        "emission": 9.151424296689351e-07
    },
    "KNeighbors": {
        "MSE": 687.5955737089204,
        "MAE": 19.98431924882629,
        "R2": 0.08729701968744474,
        "emission": 1.0719888349806591e-08
    },
    "PLS": {
        "MSE": 715.1899956512945,
        "MAE": 19.46172109056899,
        "R2": 0.0506686408702931,
        "emission": 6.183905151780999e-07
    },
    "PLS-SKLEARN": {
        "MSE": 625.5265234182228,
        "MAE": 18.988321656544066,
        "R2": 0.1696864493923419,
        "emission": 4.8536157557547505e-08
    },
    "XGBoost": {
        "MSE": 711.3286385957764,
        "MAE": 19.558477024527644,
        "R2": 0.055794142294934734,
        "emission": 3.3462930074007586e-06
    },
    "CatBoost": {
        "MSE": 679.6531371407958,
        "MAE": 18.843846465435348,
        "R2": 0.09783967848841513,
        "emission": 2.856343034135266e-06
    },
    "DNN": {
        "MSE": 636.7974369928687,
        "MAE": 20.023318544128134,
        "R2": 0.1547256253210989,
        "emission": 1.7499434995151732e-05
    }
}