{
    "Linear-SVR": {
        "MSE": 597.7864507630936,
        "MAE": 15.865147349916317,
        "R2": 0.10972302829448755,
        "emission": 2.424550064149812e-09
    },
    "RBF-SVR": {
        "MSE": 682.6465992064927,
        "MAE": 17.35719913794907,
        "R2": -0.01665828375805023,
        "emission": 4.91323618426939e-09
    },
    "DecisionTree": {
        "MSE": 573.3500168804558,
        "MAE": 16.183463554159587,
        "R2": 0.14611594808807882,
        "emission": 1.6247463534114522e-09
    },
    "ExtraTrees": {
        "MSE": 497.0334981019168,
        "MAE": 15.699029296028655,
        "R2": 0.2597733237989758,
        "emission": 1.2173048088140474e-07
    },
    "RandomForest": {
        "MSE": 500.88549759834797,
        "MAE": 16.189266377328966,
        "R2": 0.25403658212087943,
        "emission": 3.3284182000442415e-07
    },
    "KNeighbors": {
        "MSE": 502.93291643192487,
        "MAE": 15.83305164319249,
        "R2": 0.2509873831357856,
        "emission": 4.4873352997129295e-09
    },
    "PLS": {
        "MSE": 515.9523517352827,
        "MAE": 16.441062017815355,
        "R2": 0.23159767729619507,
        "emission": 1.757416800536376e-08
    },
    "PLS-SKLEARN": {
        "MSE": 531.9312314664119,
        "MAE": 16.764578428584105,
        "R2": 0.20780050250222504,
        "emission": 4.121438174639913e-09
    },
    "XGBoost": {
        "MSE": 514.713232129512,
        "MAE": 15.484412677614063,
        "R2": 0.23344308488079024,
        "emission": 6.934926698093514e-07
    },
    "CatBoost": {
        "MSE": 481.93175832889335,
        "MAE": 15.420974798520252,
        "R2": 0.28226418342861326,
        "emission": 2.4416543205757437e-06
    },
    "DNN": {
        "MSE": 556.0674357780472,
        "MAE": 16.24240155502664,
        "R2": 0.17185471139973663,
        "emission": 4.527092307087175e-06
    }
}