{
    "Linear-SVR": {
        "MSE": 307.5248826684182,
        "MAE": 6.74353475272614,
        "R2": -0.13138162715941548,
        "emission": 2.7165706682942933e-09
    },
    "RBF-SVR": {
        "MSE": 306.80277515886627,
        "MAE": 6.7315958233160105,
        "R2": -0.12872499930526615,
        "emission": 3.2173191150114905e-09
    },
    "DecisionTree": {
        "MSE": 519.9808074587795,
        "MAE": 11.60246002876726,
        "R2": -0.9130053052282552,
        "emission": 1.5392319508383702e-09
    },
    "ExtraTrees": {
        "MSE": 260.44586535819036,
        "MAE": 9.574914947210845,
        "R2": 0.041821707632009986,
        "emission": 1.3224774974086242e-07
    },
    "RandomForest": {
        "MSE": 257.58233724711783,
        "MAE": 9.472873439735938,
        "R2": 0.052356605054327154,
        "emission": 3.551358067631496e-07
    },
    "KNeighbors": {
        "MSE": 288.8939399061033,
        "MAE": 9.952394366197181,
        "R2": -0.06283853511743143,
        "emission": 2.0145833550660086e-09
    },
    "PLS": {
        "MSE": 268.867729333097,
        "MAE": 9.83681370880741,
        "R2": 0.010837736237672813,
        "emission": 1.8341925989470827e-08
    },
    "PLS-SKLEARN": {
        "MSE": 268.867729333097,
        "MAE": 9.83681370880741,
        "R2": 0.010837736237672813,
        "emission": 3.811108027940464e-09
    },
    "XGBoost": {
        "MSE": 299.4382153087064,
        "MAE": 10.559045979779372,
        "R2": -0.10163084147878987,
        "emission": 7.050994832543525e-07
    },
    "CatBoost": {
        "MSE": 263.7402505289478,
        "MAE": 9.65279217825896,
        "R2": 0.02970169047229232,
        "emission": 2.432587619259968e-06
    },
    "DNN": {
        "MSE": 260.2227752913742,
        "MAE": 9.478368180458535,
        "R2": 0.04264245423504076,
        "emission": 4.441267102916589e-06
    }
}