{
    "Linear-SVR": {
        "MSE": 535.4999360863499,
        "MAE": 11.684618570847714,
        "R2": -0.1034793299509027,
        "emission": 2.4943572954285198e-09
    },
    "RBF-SVR": {
        "MSE": 573.4738390365876,
        "MAE": 11.662387911435008,
        "R2": -0.18173035139713467,
        "emission": 3.12799046604751e-09
    },
    "DecisionTree": {
        "MSE": 720.4841881675823,
        "MAE": 15.964745556599484,
        "R2": -0.4846676080110359,
        "emission": 1.4272186888266306e-09
    },
    "ExtraTrees": {
        "MSE": 439.49965942502973,
        "MAE": 13.866291433455077,
        "R2": 0.09434388873992616,
        "emission": 1.1607329181678075e-07
    },
    "RandomForest": {
        "MSE": 468.80026051655295,
        "MAE": 14.272100476199894,
        "R2": 0.03396552922800444,
        "emission": 3.54718323032181e-07
    },
    "KNeighbors": {
        "MSE": 469.42166009389666,
        "MAE": 14.31887323943662,
        "R2": 0.0326850405798631,
        "emission": 5.235342721838738e-09
    },
    "PLS": {
        "MSE": 501.68124626701774,
        "MAE": 15.43941331969368,
        "R2": -0.03379075920262076,
        "emission": 1.797211342022933e-08
    },
    "PLS-SKLEARN": {
        "MSE": 496.62462504665933,
        "MAE": 14.808953391939527,
        "R2": -0.023370819590981196,
        "emission": 4.043953408727188e-09
    },
    "XGBoost": {
        "MSE": 448.4659398718738,
        "MAE": 14.12728041360076,
        "R2": 0.07586749971933082,
        "emission": 7.132585718376159e-07
    },
    "CatBoost": {
        "MSE": 432.03319254213517,
        "MAE": 13.700158395396059,
        "R2": 0.10972968305626496,
        "emission": 2.489032611039733e-06
    },
    "DNN": {
        "MSE": 480.6266650498712,
        "MAE": 13.610691770512453,
        "R2": 0.00959541810244502,
        "emission": 4.5943956801655755e-06
    }
}