{
    "Linear-SVR": {
        "MSE": 724.2513904588805,
        "MAE": 18.36234454175846,
        "R2": -0.03562057096625404,
        "emission": 2.4314188597390197e-09
    },
    "RBF-SVR": {
        "MSE": 794.3086345640397,
        "MAE": 18.994931341493643,
        "R2": -0.1357967309243846,
        "emission": 3.1743614583543247e-09
    },
    "DecisionTree": {
        "MSE": 691.2583231906627,
        "MAE": 18.425459617345258,
        "R2": 0.011556831262260703,
        "emission": 1.5306362964066625e-09
    },
    "ExtraTrees": {
        "MSE": 555.0515215323579,
        "MAE": 17.120142165542227,
        "R2": 0.2063214772969577,
        "emission": 1.2029791753699014e-07
    },
    "RandomForest": {
        "MSE": 547.2378341515936,
        "MAE": 17.42088324150258,
        "R2": 0.21749441461295216,
        "emission": 3.3501224256290275e-07
    },
    "KNeighbors": {
        "MSE": 503.31513427230044,
        "MAE": 16.273521126760564,
        "R2": 0.2803003023566438,
        "emission": 4.624361472255045e-09
    },
    "PLS": {
        "MSE": 573.5432525865253,
        "MAE": 18.283219755903787,
        "R2": 0.1798798061800576,
        "emission": 1.794275354917263e-08
    },
    "PLS-SKLEARN": {
        "MSE": 600.5284955788926,
        "MAE": 18.414668262470155,
        "R2": 0.14129310393332561,
        "emission": 3.928187860582494e-09
    },
    "XGBoost": {
        "MSE": 583.3207037486101,
        "MAE": 18.182944634738664,
        "R2": 0.16589884640770947,
        "emission": 6.921635099087662e-07
    },
    "CatBoost": {
        "MSE": 513.0141777379378,
        "MAE": 17.24147764799969,
        "R2": 0.2664314592117991,
        "emission": 2.3887582388244932e-06
    },
    "DNN": {
        "MSE": 481.53801537348716,
        "MAE": 16.63762081581662,
        "R2": 0.311439810827176,
        "emission": 4.303675151875075e-06
    }
}