{
    "Linear-SVR": {
        "MSE": 550.3009216901303,
        "MAE": 9.170746154000271,
        "R2": -0.14156438203675892,
        "emission": 2.5441319760965836e-09
    },
    "RBF-SVR": {
        "MSE": 551.0054531221326,
        "MAE": 9.161001987963044,
        "R2": -0.14302588783676584,
        "emission": 2.9565838057170072e-09
    },
    "DecisionTree": {
        "MSE": 416.4808667070968,
        "MAE": 9.970204539606614,
        "R2": 0.13603684003942706,
        "emission": 1.5253060516100731e-09
    },
    "ExtraTrees": {
        "MSE": 288.0065573879129,
        "MAE": 9.8895836007894,
        "R2": 0.4025486515681338,
        "emission": 1.163801078522719e-07
    },
    "RandomForest": {
        "MSE": 320.66983440005276,
        "MAE": 10.318217292584492,
        "R2": 0.33479075371991784,
        "emission": 3.4585005121560484e-07
    },
    "KNeighbors": {
        "MSE": 323.69023661971835,
        "MAE": 10.009107981220657,
        "R2": 0.3285251207589458,
        "emission": 3.736718259586671e-09
    },
    "PLS": {
        "MSE": 342.30424306343474,
        "MAE": 12.081766907985878,
        "R2": 0.2899115442127038,
        "emission": 1.8171949880569006e-08
    },
    "PLS-SKLEARN": {
        "MSE": 364.2639875544625,
        "MAE": 12.45912662048257,
        "R2": 0.24435744615196853,
        "emission": 4.057455755255945e-09
    },
    "XGBoost": {
        "MSE": 273.8991885150506,
        "MAE": 9.621489336666489,
        "R2": 0.4318134941201911,
        "emission": 6.911197958863236e-07
    },
    "CatBoost": {
        "MSE": 272.7222423822224,
        "MAE": 9.30145012742232,
        "R2": 0.43425499427375447,
        "emission": 2.3017637628865138e-06
    },
    "DNN": {
        "MSE": 244.03596783516912,
        "MAE": 8.364636149988051,
        "R2": 0.4937628525845632,
        "emission": 4.160289588118633e-06
    }
}