{
    "Linear-SVR": {
        "MSE": 379.0256206223652,
        "MAE": 10.167716869386789,
        "R2": -0.1346194290868472,
        "emission": 2.3095134476443374e-09
    },
    "RBF-SVR": {
        "MSE": 406.5535588578068,
        "MAE": 10.069871903289826,
        "R2": -0.21702476494078904,
        "emission": 3.4014640930479465e-09
    },
    "DecisionTree": {
        "MSE": 528.3648740135039,
        "MAE": 13.504359699007587,
        "R2": -0.5816689402641702,
        "emission": 1.4614802216223882e-09
    },
    "ExtraTrees": {
        "MSE": 341.721035335512,
        "MAE": 12.133835130327558,
        "R2": -0.022947539490069335,
        "emission": 1.156018055301551e-07
    },
    "RandomForest": {
        "MSE": 330.317797297683,
        "MAE": 11.801009379912866,
        "R2": 0.011188241122803255,
        "emission": 3.427473916623911e-07
    },
    "KNeighbors": {
        "MSE": 361.76475868544605,
        "MAE": 12.068356807511739,
        "R2": -0.08294875499295329,
        "emission": 3.996380997934414e-09
    },
    "PLS": {
        "MSE": 353.76390774756067,
        "MAE": 12.832035722425418,
        "R2": -0.05899807612209895,
        "emission": 1.774204164636203e-08
    },
    "PLS-SKLEARN": {
        "MSE": 327.87574997176665,
        "MAE": 11.62778865781712,
        "R2": 0.01849854995676714,
        "emission": 3.802664363823225e-09
    },
    "XGBoost": {
        "MSE": 350.784559060057,
        "MAE": 12.228289152767527,
        "R2": -0.05007934682534243,
        "emission": 6.942563864257083e-07
    },
    "CatBoost": {
        "MSE": 325.40475451143453,
        "MAE": 11.50473164294117,
        "R2": 0.025895515507208366,
        "emission": 2.268499030904102e-06
    },
    "DNN": {
        "MSE": 403.938167161916,
        "MAE": 12.615780633883858,
        "R2": -0.20919554688434872,
        "emission": 4.1827242569692705e-06
    }
}