{
    "Linear-SVR": {
        "MSE": 678.1288435526833,
        "MAE": 17.341465430128025,
        "R2": 0.1371512315546276,
        "emission": 2.0893795040469984e-09
    },
    "RBF-SVR": {
        "MSE": 763.743327209623,
        "MAE": 18.7153549574429,
        "R2": 0.028215662028542754,
        "emission": 3.2210589101079383e-09
    },
    "DecisionTree": {
        "MSE": 816.169981823455,
        "MAE": 18.72940715971824,
        "R2": -0.03849182991394029,
        "emission": 1.5338225124416436e-09
    },
    "ExtraTrees": {
        "MSE": 485.58444858321155,
        "MAE": 16.23316144338539,
        "R2": 0.38214404619452136,
        "emission": 1.6850326590897678e-07
    },
    "RandomForest": {
        "MSE": 527.6500715838603,
        "MAE": 17.094314792820043,
        "R2": 0.3286198946338199,
        "emission": 3.436151788884832e-07
    },
    "KNeighbors": {
        "MSE": 514.6081953051643,
        "MAE": 16.845633802816902,
        "R2": 0.3452143323904193,
        "emission": 3.061223344456437e-09
    },
    "PLS": {
        "MSE": 565.405302520511,
        "MAE": 17.991963804170894,
        "R2": 0.28058027085762094,
        "emission": 1.775457615024767e-08
    },
    "PLS-SKLEARN": {
        "MSE": 510.67574231668914,
        "MAE": 17.073591324172355,
        "R2": 0.35021797181725556,
        "emission": 3.946563602067707e-09
    },
    "XGBoost": {
        "MSE": 477.98360379477555,
        "MAE": 15.99276060839774,
        "R2": 0.3918153345156129,
        "emission": 6.807863095402235e-07
    },
    "CatBoost": {
        "MSE": 435.0950908132032,
        "MAE": 15.501607960981021,
        "R2": 0.44638652840957693,
        "emission": 2.259969591987339e-06
    },
    "DNN": {
        "MSE": 493.48111146719725,
        "MAE": 15.320489281443924,
        "R2": 0.3720963599634224,
        "emission": 4.203937957867896e-06
    }
}