{
    "Linear-SVR": {
        "MSE": 167.33199904851898,
        "MAE": 6.025896460623567,
        "R2": -0.13072568501435344,
        "emission": 2.448828931078327e-09
    },
    "RBF-SVR": {
        "MSE": 173.39629549628648,
        "MAE": 5.855195595347676,
        "R2": -0.17170443261805457,
        "emission": 3.0028242297502504e-09
    },
    "DecisionTree": {
        "MSE": 340.948865613734,
        "MAE": 10.269807805603714,
        "R2": -1.30392059987386,
        "emission": 1.532580878561334e-09
    },
    "ExtraTrees": {
        "MSE": 158.0369572537917,
        "MAE": 8.753102795576185,
        "R2": -0.06791556764085249,
        "emission": 1.1430987452945523e-07
    },
    "RandomForest": {
        "MSE": 156.4941730483061,
        "MAE": 8.743826967333979,
        "R2": -0.0574903905229287,
        "emission": 3.44671155257223e-07
    },
    "KNeighbors": {
        "MSE": 181.75848262910802,
        "MAE": 8.767323943661971,
        "R2": -0.22821089777560144,
        "emission": 3.9434299121162975e-09
    },
    "PLS": {
        "MSE": 191.7831123945122,
        "MAE": 9.715459886241755,
        "R2": -0.2959511173567664,
        "emission": 1.7847565456542456e-08
    },
    "PLS-SKLEARN": {
        "MSE": 176.96501763788433,
        "MAE": 9.279306605071325,
        "R2": -0.19581963957864357,
        "emission": 3.6198553607531115e-09
    },
    "XGBoost": {
        "MSE": 179.33279666607896,
        "MAE": 9.410056141143919,
        "R2": -0.21181961913331127,
        "emission": 7.010019096700756e-07
    },
    "CatBoost": {
        "MSE": 150.71476931852806,
        "MAE": 8.927850598009142,
        "R2": -0.018436770901537836,
        "emission": 2.3174351647909065e-06
    },
    "DNN": {
        "MSE": 164.25745597364562,
        "MAE": 9.285873192576735,
        "R2": -0.10994983314973594,
        "emission": 4.090989608666563e-06
    }
}