{
    "Linear-SVR": {
        "MSE": 267.11891617725206,
        "MAE": 10.444130233483003,
        "R2": -0.061535870155718486,
        "emission": 2.3830864280684707e-09
    },
    "RBF-SVR": {
        "MSE": 273.5694502386303,
        "MAE": 10.18701323878643,
        "R2": -0.08717042043695145,
        "emission": 3.1202957886761877e-09
    },
    "DecisionTree": {
        "MSE": 401.2970556472481,
        "MAE": 12.759504501758023,
        "R2": -0.5947624573122869,
        "emission": 1.5483518952500069e-09
    },
    "ExtraTrees": {
        "MSE": 256.2678657001,
        "MAE": 12.152964085429053,
        "R2": -0.01841358037103058,
        "emission": 1.2231487550517277e-07
    },
    "RandomForest": {
        "MSE": 244.72055534591289,
        "MAE": 11.944285767954328,
        "R2": 0.027475659972608035,
        "emission": 3.3575284921121167e-07
    },
    "KNeighbors": {
        "MSE": 260.3430028169014,
        "MAE": 11.713145539906106,
        "R2": -0.034608256087733213,
        "emission": 3.111070085239178e-09
    },
    "PLS": {
        "MSE": 293.4402629436267,
        "MAE": 13.361134777473877,
        "R2": -0.16613742418708122,
        "emission": 1.7961215923701354e-08
    },
    "PLS-SKLEARN": {
        "MSE": 282.90833680939244,
        "MAE": 13.070941159881187,
        "R2": -0.12428334086974191,
        "emission": 3.945113482179603e-09
    },
    "XGBoost": {
        "MSE": 293.97080928393075,
        "MAE": 12.571297893097336,
        "R2": -0.16824582586477788,
        "emission": 6.886553984699394e-07
    },
    "CatBoost": {
        "MSE": 239.9897394649849,
        "MAE": 11.792284301436304,
        "R2": 0.046276016100793904,
        "emission": 2.2842454587655577e-06
    },
    "DNN": {
        "MSE": 317.674351583285,
        "MAE": 12.199083004619034,
        "R2": -0.26244417303020673,
        "emission": 4.189280822943781e-06
    }
}