{
    "Linear-SVR": {
        "MSE": 804.8689376071252,
        "MAE": 16.307779343678877,
        "R2": -0.08991533991485534,
        "emission": 2.2296474682119823e-09
    },
    "RBF-SVR": {
        "MSE": 893.0176664950076,
        "MAE": 16.16469546974223,
        "R2": -0.2092821676303449,
        "emission": 3.2405794455026358e-09
    },
    "DecisionTree": {
        "MSE": 925.6528059568865,
        "MAE": 18.049784654793005,
        "R2": -0.2534751255863452,
        "emission": 1.498480482259124e-09
    },
    "ExtraTrees": {
        "MSE": 535.6794256338892,
        "MAE": 16.81045461837899,
        "R2": 0.2746083293872339,
        "emission": 1.1505377153094727e-07
    },
    "RandomForest": {
        "MSE": 553.4022646691734,
        "MAE": 17.15445114982229,
        "R2": 0.25060890137001435,
        "emission": 3.3275942988774264e-07
    },
    "KNeighbors": {
        "MSE": 518.1198929577464,
        "MAE": 15.458685446009389,
        "R2": 0.2983866156786176,
        "emission": 3.3937069833593335e-09
    },
    "PLS": {
        "MSE": 586.9751274387739,
        "MAE": 18.059252934242014,
        "R2": 0.2051461229874485,
        "emission": 1.8153230784955144e-08
    },
    "PLS-SKLEARN": {
        "MSE": 571.9247251155197,
        "MAE": 18.100634444355563,
        "R2": 0.22552666396443433,
        "emission": 3.919721554392939e-09
    },
    "XGBoost": {
        "MSE": 493.6862992445859,
        "MAE": 16.04553400577339,
        "R2": 0.3314734293856957,
        "emission": 6.893633091044938e-07
    },
    "CatBoost": {
        "MSE": 432.73095706613987,
        "MAE": 14.713453567202935,
        "R2": 0.414016262617106,
        "emission": 2.2928820086907647e-06
    },
    "DNN": {
        "MSE": 534.5733118302574,
        "MAE": 15.303243870452535,
        "R2": 0.2761061762365036,
        "emission": 4.182970711356054e-06
    }
}