{
    "Linear-SVR": {
        "MSE": 532.9173151698265,
        "MAE": 13.35328462365562,
        "R2": 0.026489964651400633,
        "emission": 2.280372540417909e-09
    },
    "RBF-SVR": {
        "MSE": 599.1102901784967,
        "MAE": 13.467777639306965,
        "R2": -0.09442846604358324,
        "emission": 3.5515861960676398e-09
    },
    "DecisionTree": {
        "MSE": 580.0476087324683,
        "MAE": 14.92673278165657,
        "R2": -0.059605593601451456,
        "emission": 1.401317475436086e-09
    },
    "ExtraTrees": {
        "MSE": 354.4544978006293,
        "MAE": 13.185882519288434,
        "R2": 0.3524980313814766,
        "emission": 1.1786735091496636e-07
    },
    "RandomForest": {
        "MSE": 379.4469002508352,
        "MAE": 13.863684972579886,
        "R2": 0.3068430040439001,
        "emission": 3.387865587287296e-07
    },
    "KNeighbors": {
        "MSE": 359.5499549295775,
        "MAE": 13.475962441314554,
        "R2": 0.3431898732328925,
        "emission": 4.421076814344421e-09
    },
    "PLS": {
        "MSE": 413.8968696516381,
        "MAE": 14.861680118804744,
        "R2": 0.24391130718498621,
        "emission": 1.7677165742151074e-08
    },
    "PLS-SKLEARN": {
        "MSE": 443.42977949285984,
        "MAE": 15.398234185884805,
        "R2": 0.189961879600122,
        "emission": 3.807024555144208e-09
    },
    "XGBoost": {
        "MSE": 397.5880030948519,
        "MAE": 14.376061249349894,
        "R2": 0.2737036310713531,
        "emission": 7.056099457942381e-07
    },
    "CatBoost": {
        "MSE": 345.718680920468,
        "MAE": 13.129374950379365,
        "R2": 0.3684562394518873,
        "emission": 2.4059909714728874e-06
    },
    "DNN": {
        "MSE": 339.975033740219,
        "MAE": 12.0350404513274,
        "R2": 0.3789484828268137,
        "emission": 4.398485232168304e-06
    }
}