{
    "Linear-SVR": {
        "MSE": 340.50492767335163,
        "MAE": 11.862987479897129,
        "R2": 0.009121022283836377,
        "emission": 2.2240946469910306e-09
    },
    "RBF-SVR": {
        "MSE": 363.8645746821001,
        "MAE": 12.215052708985834,
        "R2": -0.0588562117197895,
        "emission": 3.312404579941448e-09
    },
    "DecisionTree": {
        "MSE": 380.8323150435528,
        "MAE": 12.731724248625659,
        "R2": -0.10823281645321159,
        "emission": 1.5899112554679024e-09
    },
    "ExtraTrees": {
        "MSE": 298.5420039073144,
        "MAE": 12.323082353979498,
        "R2": 0.13123431822756026,
        "emission": 1.1738778670415506e-07
    },
    "RandomForest": {
        "MSE": 289.78381197169,
        "MAE": 12.307005689503903,
        "R2": 0.15672090466585875,
        "emission": 3.4143054766717374e-07
    },
    "KNeighbors": {
        "MSE": 332.0099680751174,
        "MAE": 12.55849765258216,
        "R2": 0.03384159516938767,
        "emission": 5.167145989912358e-09
    },
    "PLS": {
        "MSE": 317.04424918189545,
        "MAE": 12.875636209200675,
        "R2": 0.07739226076189554,
        "emission": 1.8686363823522538e-08
    },
    "PLS-SKLEARN": {
        "MSE": 317.04424918189545,
        "MAE": 12.875636209200675,
        "R2": 0.07739226076189554,
        "emission": 4.011670798069326e-09
    },
    "XGBoost": {
        "MSE": 282.59637375711895,
        "MAE": 12.363440980443933,
        "R2": 0.17763655331480954,
        "emission": 6.932094314356698e-07
    },
    "CatBoost": {
        "MSE": 304.19566568523396,
        "MAE": 12.405604467265798,
        "R2": 0.11478200242368441,
        "emission": 2.2583252578863235e-06
    },
    "DNN": {
        "MSE": 329.63973202314975,
        "MAE": 12.957791229928603,
        "R2": 0.0407390491715004,
        "emission": 4.300947974241465e-06
    }
}