{
    "Linear-SVR": {
        "MSE": 285.4065387819379,
        "MAE": 9.966257430191607,
        "R2": 0.014722256120265231,
        "emission": 2.308524419199118e-09
    },
    "RBF-SVR": {
        "MSE": 307.2048726781197,
        "MAE": 10.208840023726614,
        "R2": -0.060529745229209064,
        "emission": 3.3876180162574087e-09
    },
    "DecisionTree": {
        "MSE": 381.248840489068,
        "MAE": 11.979358105821476,
        "R2": -0.316143628022604,
        "emission": 1.459471217740755e-09
    },
    "ExtraTrees": {
        "MSE": 254.67054731338433,
        "MAE": 10.633359011596665,
        "R2": 0.12082875409780824,
        "emission": 1.1550894448242558e-07
    },
    "RandomForest": {
        "MSE": 245.4505786986274,
        "MAE": 10.56167213787046,
        "R2": 0.1526578422264807,
        "emission": 3.37430868050024e-07
    },
    "KNeighbors": {
        "MSE": 279.37723568075114,
        "MAE": 10.639248826291082,
        "R2": 0.03553655905129649,
        "emission": 5.571934557787594e-09
    },
    "PLS": {
        "MSE": 271.3604557647674,
        "MAE": 11.069427772935667,
        "R2": 0.06321201057567749,
        "emission": 1.8779700200737214e-08
    },
    "PLS-SKLEARN": {
        "MSE": 273.62050648902795,
        "MAE": 11.175407093470017,
        "R2": 0.05540988491956367,
        "emission": 4.1282702030838715e-09
    },
    "XGBoost": {
        "MSE": 239.116014381205,
        "MAE": 10.787992582816473,
        "R2": 0.17452596503042117,
        "emission": 7.078849612211217e-07
    },
    "CatBoost": {
        "MSE": 225.48279300411474,
        "MAE": 9.989861705098427,
        "R2": 0.22159044245115556,
        "emission": 2.2702507120341617e-06
    },
    "DNN": {
        "MSE": 271.8576482590862,
        "MAE": 10.930051553109443,
        "R2": 0.061495607366532146,
        "emission": 4.3747297666248e-06
    }
}