{
    "Linear-SVR": {
        "MSE": 177.9626400247005,
        "MAE": 5.3088846344721015,
        "R2": -0.16193841331983627,
        "emission": 3.1962524994103517e-09
    },
    "RBF-SVR": {
        "MSE": 175.95266373212908,
        "MAE": 5.249174681175209,
        "R2": -0.14881504841652404,
        "emission": 2.7547585775841185e-09
    },
    "DecisionTree": {
        "MSE": 195.65543605888,
        "MAE": 7.340425230132052,
        "R2": -0.27745670046309656,
        "emission": 1.596641952507228e-09
    },
    "ExtraTrees": {
        "MSE": 145.34524919192444,
        "MAE": 6.66675419657181,
        "R2": 0.05102425876464456,
        "emission": 1.1800963643794125e-07
    },
    "RandomForest": {
        "MSE": 141.0905536090492,
        "MAE": 6.644690185830606,
        "R2": 0.07880365242861143,
        "emission": 3.7212188800090986e-07
    },
    "KNeighbors": {
        "MSE": 154.1115042253521,
        "MAE": 6.03906103286385,
        "R2": -0.006211622108353243,
        "emission": 2.87556950196315e-09
    },
    "PLS": {
        "MSE": 148.99273991920586,
        "MAE": 7.050949099974616,
        "R2": 0.02720937499090459,
        "emission": 1.9109582132507944e-08
    },
    "PLS-SKLEARN": {
        "MSE": 146.31991742474722,
        "MAE": 6.98316654096535,
        "R2": 0.04466053849278229,
        "emission": 3.9022809323328765e-09
    },
    "XGBoost": {
        "MSE": 152.1107659688438,
        "MAE": 6.904637725249877,
        "R2": 0.006851426601830579,
        "emission": 6.880930228775736e-07
    },
    "CatBoost": {
        "MSE": 142.10429276143432,
        "MAE": 6.333917742380001,
        "R2": 0.07218483365811512,
        "emission": 2.3283661686689685e-06
    },
    "DNN": {
        "MSE": 143.41814087417504,
        "MAE": 7.01764018658741,
        "R2": 0.06360656919064422,
        "emission": 4.140851197305176e-06
    }
}