{
    "Linear-SVR": {
        "MSE": 267.02168824135236,
        "MAE": 10.826524619701924,
        "R2": -0.03472592827284826,
        "emission": 2.3315920776498128e-09
    },
    "RBF-SVR": {
        "MSE": 269.2090195448532,
        "MAE": 10.909868156241695,
        "R2": -0.043201975399812076,
        "emission": 3.5106855247454615e-09
    },
    "DecisionTree": {
        "MSE": 404.7181084482013,
        "MAE": 13.71495636982828,
        "R2": -0.5683082644372373,
        "emission": 1.467865877877653e-09
    },
    "ExtraTrees": {
        "MSE": 261.56957661794735,
        "MAE": 11.91387081767679,
        "R2": -0.013598650942941548,
        "emission": 1.1900773188626424e-07
    },
    "RandomForest": {
        "MSE": 259.5507945290589,
        "MAE": 11.890133998204455,
        "R2": -0.0057757426815812085,
        "emission": 3.466053401200948e-07
    },
    "KNeighbors": {
        "MSE": 317.8477483568075,
        "MAE": 13.240938967136149,
        "R2": -0.23168012543858763,
        "emission": 3.1182080165148304e-09
    },
    "PLS": {
        "MSE": 258.0503630605392,
        "MAE": 11.490152073939766,
        "R2": 3.852414557836692e-05,
        "emission": 1.805292519476312e-08
    },
    "PLS-SKLEARN": {
        "MSE": 258.0503630605392,
        "MAE": 11.490152073939772,
        "R2": 3.852414557836692e-05,
        "emission": 3.965872991789711e-09
    },
    "XGBoost": {
        "MSE": 306.01129332439683,
        "MAE": 12.909196740051321,
        "R2": -0.18581311365563158,
        "emission": 6.848052913730546e-07
    },
    "CatBoost": {
        "MSE": 282.99209711713445,
        "MAE": 12.535398566827311,
        "R2": -0.09661227262834537,
        "emission": 2.3034694225380653e-06
    },
    "DNN": {
        "MSE": 275.224631248403,
        "MAE": 12.42646116829814,
        "R2": -0.06651285117578465,
        "emission": 4.384058002569115e-06
    }
}