{
    "Linear-SVR": {
        "MSE": 508.34922145411275,
        "MAE": 11.189422872411708,
        "R2": -0.17672041719737197,
        "emission": 2.424076895675428e-09
    },
    "RBF-SVR": {
        "MSE": 537.7595117019052,
        "MAE": 11.169439268237507,
        "R2": -0.24479898907220288,
        "emission": 3.2760312546624133e-09
    },
    "DecisionTree": {
        "MSE": 578.9039016971007,
        "MAE": 15.035266864343956,
        "R2": -0.34003950822159235,
        "emission": 1.5416765989628031e-09
    },
    "ExtraTrees": {
        "MSE": 390.1628940166026,
        "MAE": 13.521579326460751,
        "R2": 0.09685581477064686,
        "emission": 1.1342097879125009e-07
    },
    "RandomForest": {
        "MSE": 382.4616903770138,
        "MAE": 13.583880972241532,
        "R2": 0.1146824645956962,
        "emission": 3.6805713484370406e-07
    },
    "KNeighbors": {
        "MSE": 473.0869107981221,
        "MAE": 13.27605633802817,
        "R2": -0.09509566170395534,
        "emission": 3.2161326608098607e-09
    },
    "PLS": {
        "MSE": 413.9363895956823,
        "MAE": 14.4466685513677,
        "R2": 0.04182522466561278,
        "emission": 1.7495415240618226e-08
    },
    "PLS-SKLEARN": {
        "MSE": 413.9363895956821,
        "MAE": 14.4466685513677,
        "R2": 0.041825224665613114,
        "emission": 3.869907843591553e-09
    },
    "XGBoost": {
        "MSE": 460.80417944573605,
        "MAE": 14.770233803127013,
        "R2": -0.06666374885483206,
        "emission": 6.862880769639716e-07
    },
    "CatBoost": {
        "MSE": 400.9354103767089,
        "MAE": 13.568998506084249,
        "R2": 0.07191972868937013,
        "emission": 2.245466284907915e-06
    },
    "DNN": {
        "MSE": 387.83239787725597,
        "MAE": 13.95834798572209,
        "R2": 0.10225041807410917,
        "emission": 4.2733481684552764e-06
    }
}