{
    "Linear-SVR": {
        "MSE": 383.42566717771484,
        "MAE": 13.665937747254935,
        "R2": -0.1497126623777616,
        "emission": 2.1306069609755066e-09
    },
    "RBF-SVR": {
        "MSE": 409.10485077088555,
        "MAE": 13.661520481569905,
        "R2": -0.22671241764690375,
        "emission": 3.2833964518780914e-09
    },
    "DecisionTree": {
        "MSE": 508.2732879171373,
        "MAE": 16.09504247708473,
        "R2": -0.5240717695507335,
        "emission": 1.500245345777512e-09
    },
    "ExtraTrees": {
        "MSE": 302.43117882502094,
        "MAE": 14.057012432532986,
        "R2": 0.0931515921916638,
        "emission": 1.1718317376204945e-07
    },
    "RandomForest": {
        "MSE": 313.63907493541427,
        "MAE": 14.27605166992332,
        "R2": 0.05954440002953554,
        "emission": 3.3758225474343405e-07
    },
    "KNeighbors": {
        "MSE": 362.6383962441314,
        "MAE": 14.654835680751173,
        "R2": -0.08738144500117206,
        "emission": 3.94694616426693e-09
    },
    "PLS": {
        "MSE": 329.947308871288,
        "MAE": 14.722508716419691,
        "R2": 0.010643701244541726,
        "emission": 1.79215272503607e-08
    },
    "PLS-SKLEARN": {
        "MSE": 324.58245488412194,
        "MAE": 14.458280138586113,
        "R2": 0.0267303670284309,
        "emission": 3.858264666205375e-09
    },
    "XGBoost": {
        "MSE": 332.0730833575243,
        "MAE": 14.238370070980746,
        "R2": 0.004269506574228532,
        "emission": 6.845661172304124e-07
    },
    "CatBoost": {
        "MSE": 288.855628462428,
        "MAE": 13.677517919788768,
        "R2": 0.13385826231499154,
        "emission": 2.3012279648847165e-06
    },
    "DNN": {
        "MSE": 302.06557440802334,
        "MAE": 14.465330555741215,
        "R2": 0.09424786733343338,
        "emission": 4.0000670945918426e-06
    }
}