{
    "Linear-SVR": {
        "MSE": 933.7529790048824,
        "MAE": 17.3394980877588,
        "R2": -0.17488991007528853,
        "emission": 2.4433764193694577e-09
    },
    "RBF-SVR": {
        "MSE": 1004.9548405503077,
        "MAE": 17.20270636526265,
        "R2": -0.264479288196952,
        "emission": 3.1028661103141333e-09
    },
    "DecisionTree": {
        "MSE": 817.5859670053414,
        "MAE": 19.14024600540255,
        "R2": -0.02872336137275222,
        "emission": 1.6257752045951823e-09
    },
    "ExtraTrees": {
        "MSE": 772.792156231891,
        "MAE": 20.033211503083788,
        "R2": 0.02763822193125509,
        "emission": 1.1314304024227204e-07
    },
    "RandomForest": {
        "MSE": 713.727818880932,
        "MAE": 19.640126849649896,
        "R2": 0.10195562231361255,
        "emission": 3.407926195827892e-07
    },
    "KNeighbors": {
        "MSE": 752.3173014084507,
        "MAE": 17.507511737089203,
        "R2": 0.05340060329249374,
        "emission": 2.2127569474203533e-09
    },
    "PLS": {
        "MSE": 783.8890668781931,
        "MAE": 20.37417513171102,
        "R2": 0.013675590866621845,
        "emission": 1.7684680718962757e-08
    },
    "PLS-SKLEARN": {
        "MSE": 763.2307760410159,
        "MAE": 20.888844270270074,
        "R2": 0.03966877965394611,
        "emission": 3.7023495547455447e-09
    },
    "XGBoost": {
        "MSE": 720.3022369836752,
        "MAE": 18.848874591213995,
        "R2": 0.09368339436124629,
        "emission": 6.856668590535397e-07
    },
    "CatBoost": {
        "MSE": 667.0355801382001,
        "MAE": 18.1229399053596,
        "R2": 0.1607058929002998,
        "emission": 2.2393541154679842e-06
    },
    "DNN": {
        "MSE": 777.1640356801784,
        "MAE": 19.403249691860495,
        "R2": 0.022137326975790295,
        "emission": 4.2274677599514825e-06
    }
}