{
    "Linear-SVR": {
        "MSE": 356.44196672719073,
        "MAE": 6.928217121546199,
        "R2": -0.0917301947801652,
        "emission": 2.5481738293268493e-09
    },
    "RBF-SVR": {
        "MSE": 361.90844935006004,
        "MAE": 6.806447789428646,
        "R2": -0.10847324048105267,
        "emission": 3.0235021366178282e-09
    },
    "DecisionTree": {
        "MSE": 407.4004871250306,
        "MAE": 9.777447870405616,
        "R2": -0.24780877304202997,
        "emission": 1.5188264131307367e-09
    },
    "ExtraTrees": {
        "MSE": 322.04974278671415,
        "MAE": 9.689610872194862,
        "R2": 0.013608213281635306,
        "emission": 1.1216421993656956e-07
    },
    "RandomForest": {
        "MSE": 325.77770036526886,
        "MAE": 9.823186482286607,
        "R2": 0.002190018362733581,
        "emission": 3.453636563788336e-07
    },
    "KNeighbors": {
        "MSE": 370.51614272300463,
        "MAE": 9.220469483568072,
        "R2": -0.13483736042163508,
        "emission": 4.954934796401239e-09
    },
    "PLS": {
        "MSE": 366.50143630084136,
        "MAE": 11.43736190850248,
        "R2": -0.1225408952649154,
        "emission": 1.8191343345684784e-08
    },
    "PLS-SKLEARN": {
        "MSE": 358.87922005449377,
        "MAE": 11.17104166289914,
        "R2": -0.09919514924155082,
        "emission": 4.065438345315496e-09
    },
    "XGBoost": {
        "MSE": 387.4966198819145,
        "MAE": 10.709253115189467,
        "R2": -0.186846106210947,
        "emission": 9.154939105146778e-07
    },
    "CatBoost": {
        "MSE": 328.70388652027725,
        "MAE": 9.34879323709659,
        "R2": -0.00677246663953146,
        "emission": 2.2463586895807022e-06
    },
    "DNN": {
        "MSE": 320.2126714724803,
        "MAE": 9.478323809753562,
        "R2": 0.019234897036437326,
        "emission": 4.03217835485326e-06
    }
}