{
    "Linear-SVR": {
        "MSE": 380.59202592471746,
        "MAE": 6.917979685203877,
        "R2": -0.10476635944061274,
        "emission": 2.6861437399665833e-09
    },
    "RBF-SVR": {
        "MSE": 378.7654203221757,
        "MAE": 6.722696287180663,
        "R2": -0.09946416631990584,
        "emission": 3.173124677586206e-09
    },
    "DecisionTree": {
        "MSE": 520.8542058731742,
        "MAE": 11.327585331810683,
        "R2": -0.5119134548963427,
        "emission": 1.5327099381167446e-09
    },
    "ExtraTrees": {
        "MSE": 319.40816308180945,
        "MAE": 10.165231912151947,
        "R2": 0.07283555758652871,
        "emission": 1.1313594703257165e-07
    },
    "RandomForest": {
        "MSE": 315.6745354771843,
        "MAE": 10.299716299238225,
        "R2": 0.08367337313520395,
        "emission": 3.3581208124688207e-07
    },
    "KNeighbors": {
        "MSE": 324.3021953051644,
        "MAE": 9.762535211267604,
        "R2": 0.05862936882247305,
        "emission": 3.782000741889186e-09
    },
    "PLS": {
        "MSE": 337.0587864970523,
        "MAE": 11.426607723550585,
        "R2": 0.021600078007215973,
        "emission": 1.7497048708487464e-08
    },
    "PLS-SKLEARN": {
        "MSE": 333.816523239294,
        "MAE": 11.069581730437097,
        "R2": 0.031011582010535,
        "emission": 3.967796044198468e-09
    },
    "XGBoost": {
        "MSE": 392.24963101675587,
        "MAE": 11.686251418453427,
        "R2": -0.1386055601070899,
        "emission": 7.000256857109476e-07
    },
    "CatBoost": {
        "MSE": 335.46001971860227,
        "MAE": 10.45012526822353,
        "R2": 0.026240910271453255,
        "emission": 2.27098661620184e-06
    },
    "DNN": {
        "MSE": 334.56099619944223,
        "MAE": 11.266470657379974,
        "R2": 0.0288505575384993,
        "emission": 4.0416527284860066e-06
    }
}