{
    "Linear-SVR": {
        "MSE": 625.7870361884173,
        "MAE": 16.773394923113802,
        "R2": -0.025313075071349722,
        "emission": 2.242438616975609e-09
    },
    "RBF-SVR": {
        "MSE": 656.2632173159298,
        "MAE": 16.711072781540057,
        "R2": -0.0752463993194934,
        "emission": 3.1284521486271777e-09
    },
    "DecisionTree": {
        "MSE": 732.0417000049412,
        "MAE": 17.967265875957498,
        "R2": -0.19940472254611552,
        "emission": 1.4924208368462971e-09
    },
    "ExtraTrees": {
        "MSE": 478.83282064536655,
        "MAE": 15.742265412426528,
        "R2": 0.21546225250794704,
        "emission": 1.1614832594523076e-07
    },
    "RandomForest": {
        "MSE": 475.21595454055955,
        "MAE": 15.814139296208772,
        "R2": 0.22138826230615005,
        "emission": 3.2740008445058216e-07
    },
    "KNeighbors": {
        "MSE": 545.8426798122066,
        "MAE": 16.90431924882629,
        "R2": 0.10567077267651726,
        "emission": 3.0084696789023643e-09
    },
    "PLS": {
        "MSE": 568.6540829856134,
        "MAE": 17.41271537222395,
        "R2": 0.06829570962491394,
        "emission": 1.7646737048550765e-08
    },
    "PLS-SKLEARN": {
        "MSE": 568.6540829856134,
        "MAE": 17.41271537222395,
        "R2": 0.06829570962491394,
        "emission": 3.868833096525703e-09
    },
    "XGBoost": {
        "MSE": 549.9411509807907,
        "MAE": 17.50828702172763,
        "R2": 0.09895568298314916,
        "emission": 6.772190506343127e-07
    },
    "CatBoost": {
        "MSE": 461.88094160294605,
        "MAE": 15.818020357552706,
        "R2": 0.2432368502929808,
        "emission": 2.2470669359385075e-06
    },
    "DNN": {
        "MSE": 508.6861807733166,
        "MAE": 16.424834682753946,
        "R2": 0.16654938166863353,
        "emission": 4.038989825710296e-06
    }
}