{
    "Linear-SVR": {
        "MSE": 995.0259099830706,
        "MAE": 22.701333015262286,
        "R2": -0.005178503998353179,
        "emission": 2.332648819946412e-09
    },
    "RBF-SVR": {
        "MSE": 1109.097956250389,
        "MAE": 23.978716445989615,
        "R2": -0.12041446686585755,
        "emission": 3.2974662173623778e-09
    },
    "DecisionTree": {
        "MSE": 1001.5911508677826,
        "MAE": 22.989439949421758,
        "R2": -0.011810732309871064,
        "emission": 1.4843395192695286e-09
    },
    "ExtraTrees": {
        "MSE": 743.2223585497475,
        "MAE": 20.93963193613573,
        "R2": 0.24919428628961682,
        "emission": 1.198723424384476e-07
    },
    "RandomForest": {
        "MSE": 748.1539797778446,
        "MAE": 21.02088169762194,
        "R2": 0.2442123460219211,
        "emission": 3.238095907380512e-07
    },
    "KNeighbors": {
        "MSE": 828.2725577464788,
        "MAE": 21.17305164319249,
        "R2": 0.16327629045090863,
        "emission": 3.968923153808374e-09
    },
    "PLS": {
        "MSE": 892.6290291996951,
        "MAE": 22.620805038848342,
        "R2": 0.09826316762774778,
        "emission": 1.7557364306963165e-08
    },
    "PLS-SKLEARN": {
        "MSE": 940.4335644499482,
        "MAE": 23.414382840913017,
        "R2": 0.04997086614586632,
        "emission": 4.011398480950942e-09
    },
    "XGBoost": {
        "MSE": 785.630220682807,
        "MAE": 21.47028580150554,
        "R2": 0.20635372205003588,
        "emission": 6.657561190608719e-07
    },
    "CatBoost": {
        "MSE": 694.7512062816146,
        "MAE": 19.948559856748652,
        "R2": 0.29816000651371344,
        "emission": 2.260245598729268e-06
    },
    "DNN": {
        "MSE": 792.6597878782682,
        "MAE": 21.241170725660147,
        "R2": 0.19925242974558754,
        "emission": 4.37890637003829e-06
    }
}