{
    "Linear-SVR": {
        "MSE": 728.8145871753626,
        "MAE": 18.486507441869122,
        "R2": 0.03382623960373332,
        "emission": 2.228952641122664e-09
    },
    "RBF-SVR": {
        "MSE": 769.441353980349,
        "MAE": 19.133770068505417,
        "R2": -0.020031787866388262,
        "emission": 3.300280849780561e-09
    },
    "DecisionTree": {
        "MSE": 864.5299973686876,
        "MAE": 20.572940785796504,
        "R2": -0.14608874908824854,
        "emission": 1.4786704145945195e-09
    },
    "ExtraTrees": {
        "MSE": 604.1028752474223,
        "MAE": 18.09891363765179,
        "R2": 0.19915386311613392,
        "emission": 1.1841687610004e-07
    },
    "RandomForest": {
        "MSE": 608.2752411495883,
        "MAE": 18.32207394005581,
        "R2": 0.19362264773655635,
        "emission": 3.2501922735939876e-07
    },
    "KNeighbors": {
        "MSE": 625.3390366197183,
        "MAE": 18.23352112676056,
        "R2": 0.17100154255271982,
        "emission": 4.381089552468217e-09
    },
    "PLS": {
        "MSE": 667.2546988666796,
        "MAE": 19.688278373161776,
        "R2": 0.11543485422722644,
        "emission": 1.8431218405101307e-08
    },
    "PLS-SKLEARN": {
        "MSE": 668.5281995368476,
        "MAE": 19.578919207099332,
        "R2": 0.11374660188840857,
        "emission": 4.076802304950076e-09
    },
    "XGBoost": {
        "MSE": 562.0666085154032,
        "MAE": 17.55996443581693,
        "R2": 0.2548804342031681,
        "emission": 6.913959889615183e-07
    },
    "CatBoost": {
        "MSE": 564.9304682024908,
        "MAE": 17.277234557510596,
        "R2": 0.251083877257396,
        "emission": 2.296003715457698e-06
    },
    "DNN": {
        "MSE": 622.5235293141025,
        "MAE": 18.2035711266765,
        "R2": 0.17473399979048276,
        "emission": 4.258544607727843e-06
    }
}