{
    "Linear-SVR": {
        "MSE": 577.7803843261329,
        "MAE": 12.869811503967414,
        "R2": -0.11103521626893564,
        "emission": 2.3049424340507816e-09
    },
    "RBF-SVR": {
        "MSE": 624.5416080215541,
        "MAE": 12.933324292366919,
        "R2": -0.2009540984096574,
        "emission": 3.4450081777091974e-09
    },
    "DecisionTree": {
        "MSE": 691.5099220437864,
        "MAE": 16.12157949774195,
        "R2": -0.32972994001188605,
        "emission": 1.4703130429065112e-09
    },
    "ExtraTrees": {
        "MSE": 487.872929821745,
        "MAE": 14.989528750246667,
        "R2": 0.061851144828238724,
        "emission": 1.1694586381734158e-07
    },
    "RandomForest": {
        "MSE": 477.7670607572086,
        "MAE": 14.923544334305987,
        "R2": 0.08128409327420938,
        "emission": 3.5284788029576805e-07
    },
    "KNeighbors": {
        "MSE": 515.9382704225352,
        "MAE": 15.245352112676057,
        "R2": 0.007883266011398327,
        "emission": 4.9602102874739985e-09
    },
    "PLS": {
        "MSE": 553.7135167156182,
        "MAE": 15.664876070978234,
        "R2": -0.06475614867519952,
        "emission": 1.817657499856209e-08
    },
    "PLS-SKLEARN": {
        "MSE": 543.2256395992016,
        "MAE": 15.555449516903835,
        "R2": -0.044588622853376725,
        "emission": 4.192241122346425e-09
    },
    "XGBoost": {
        "MSE": 584.7325160775102,
        "MAE": 16.849371461276437,
        "R2": -0.12440372688898771,
        "emission": 7.055441614987991e-07
    },
    "CatBoost": {
        "MSE": 488.1665897991275,
        "MAE": 14.65741320234768,
        "R2": 0.06128645522414089,
        "emission": 2.2553844931992014e-06
    },
    "DNN": {
        "MSE": 548.5227710199362,
        "MAE": 15.884587864710692,
        "R2": -0.05477467228201016,
        "emission": 4.369734110551685e-06
    }
}