{
    "Linear-SVR": {
        "MSE": 565.2780171113086,
        "MAE": 13.004293635296868,
        "R2": -0.24329704866094448,
        "emission": 2.2423676004520236e-09
    },
    "RBF-SVR": {
        "MSE": 575.2560448963355,
        "MAE": 12.611896231684378,
        "R2": -0.2652431568078284,
        "emission": 3.2991032799200994e-09
    },
    "DecisionTree": {
        "MSE": 656.0263649590834,
        "MAE": 16.96617420040221,
        "R2": -0.4428929105813604,
        "emission": 1.5475479912977573e-09
    },
    "ExtraTrees": {
        "MSE": 455.536857162965,
        "MAE": 15.66663664557041,
        "R2": -0.0019275700145855446,
        "emission": 1.1680559256771855e-07
    },
    "RandomForest": {
        "MSE": 428.8692541187996,
        "MAE": 15.436379883502823,
        "R2": 0.05672631560634389,
        "emission": 3.4431248250941715e-07
    },
    "KNeighbors": {
        "MSE": 467.4765971830986,
        "MAE": 15.152863849765255,
        "R2": -0.02818835334500802,
        "emission": 2.5212620115074917e-09
    },
    "PLS": {
        "MSE": 440.3115884774771,
        "MAE": 15.808190827596567,
        "R2": 0.03155954791451954,
        "emission": 1.7678271913900307e-08
    },
    "PLS-SKLEARN": {
        "MSE": 440.3115884774771,
        "MAE": 15.808190827596569,
        "R2": 0.03155954791451954,
        "emission": 3.845479482766314e-09
    },
    "XGBoost": {
        "MSE": 503.29885304119966,
        "MAE": 16.475064329488177,
        "R2": -0.10697738040173244,
        "emission": 6.880952024095073e-07
    },
    "CatBoost": {
        "MSE": 406.13064753670534,
        "MAE": 14.789132750944285,
        "R2": 0.10673859557903798,
        "emission": 2.2635522017909386e-06
    },
    "DNN": {
        "MSE": 441.3405840534545,
        "MAE": 14.988554896323334,
        "R2": 0.029296330304827922,
        "emission": 4.023762744999528e-06
    }
}