{
    "Linear-SVR": {
        "MSE": 864.5026279056272,
        "MAE": 17.69126675086758,
        "R2": -0.1344575642821566,
        "emission": 2.1379349952886107e-09
    },
    "RBF-SVR": {
        "MSE": 992.3652035891432,
        "MAE": 17.858676809074403,
        "R2": -0.30224729850676946,
        "emission": 3.186466857529417e-09
    },
    "DecisionTree": {
        "MSE": 829.5467196662078,
        "MAE": 20.005700234216633,
        "R2": -0.0885861079805903,
        "emission": 1.4895778124412727e-09
    },
    "ExtraTrees": {
        "MSE": 514.2619010204259,
        "MAE": 16.768658587811842,
        "R2": 0.32515149774833163,
        "emission": 1.2016299986187644e-07
    },
    "RandomForest": {
        "MSE": 523.305561122269,
        "MAE": 17.325944525165706,
        "R2": 0.3132838084202054,
        "emission": 3.3145360604052145e-07
    },
    "KNeighbors": {
        "MSE": 574.9497539906102,
        "MAE": 16.933521126760564,
        "R2": 0.24551288053688136,
        "emission": 3.809047628321292e-09
    },
    "PLS": {
        "MSE": 542.0900808771624,
        "MAE": 18.09569523922299,
        "R2": 0.2886335183696437,
        "emission": 1.765325885178026e-08
    },
    "PLS-SKLEARN": {
        "MSE": 573.0690130314536,
        "MAE": 18.343210991181426,
        "R2": 0.24798091329779903,
        "emission": 4.01497069022009e-09
    },
    "XGBoost": {
        "MSE": 561.5536880205332,
        "MAE": 17.093414413607178,
        "R2": 0.2630920849034363,
        "emission": 6.909066656235173e-07
    },
    "CatBoost": {
        "MSE": 466.442732627915,
        "MAE": 15.78590811239537,
        "R2": 0.38790297536036744,
        "emission": 2.291759324034053e-06
    },
    "DNN": {
        "MSE": 516.1650984914888,
        "MAE": 17.2379345844714,
        "R2": 0.32265399606623635,
        "emission": 4.114398353696462e-06
    }
}