{
    "Linear-SVR": {
        "MSE": 624.7426667506435,
        "MAE": 15.383606811946597,
        "R2": 0.048478306032553764,
        "emission": 2.27776170753633e-09
    },
    "RBF-SVR": {
        "MSE": 666.514597046183,
        "MAE": 15.650986252731377,
        "R2": -0.015142925540807317,
        "emission": 3.129321535168651e-09
    },
    "DecisionTree": {
        "MSE": 738.8379550476951,
        "MAE": 17.847020421870354,
        "R2": -0.12529586975532525,
        "emission": 1.5281089681547286e-09
    },
    "ExtraTrees": {
        "MSE": 548.1326700801438,
        "MAE": 16.163868089057253,
        "R2": 0.165160065877603,
        "emission": 1.185664188156023e-07
    },
    "RandomForest": {
        "MSE": 556.7348243426399,
        "MAE": 16.40118299017355,
        "R2": 0.15205845327574374,
        "emission": 3.2938959278932127e-07
    },
    "KNeighbors": {
        "MSE": 590.4619267605634,
        "MAE": 16.386103286384976,
        "R2": 0.10068999177425764,
        "emission": 4.595337495453954e-09
    },
    "PLS": {
        "MSE": 593.1188967448219,
        "MAE": 16.788441838406406,
        "R2": 0.09664326227298703,
        "emission": 1.7527690446375058e-08
    },
    "PLS-SKLEARN": {
        "MSE": 616.286495401499,
        "MAE": 17.42649583069866,
        "R2": 0.06135757763483818,
        "emission": 6.582760415415313e-09
    },
    "XGBoost": {
        "MSE": 579.737395747379,
        "MAE": 16.29879620570882,
        "R2": 0.11702411534188117,
        "emission": 6.889402184999271e-07
    },
    "CatBoost": {
        "MSE": 544.078185366082,
        "MAE": 16.481445667263507,
        "R2": 0.17133529668640113,
        "emission": 2.2935582331936507e-06
    },
    "DNN": {
        "MSE": 610.3838230034856,
        "MAE": 17.77361115200419,
        "R2": 0.07034771251437932,
        "emission": 4.0538314055657066e-06
    }
}