{
    "Linear-SVR": {
        "MSE": 460.7374445379201,
        "MAE": 11.030988452106762,
        "R2": -0.07259513196629253,
        "emission": 2.386227700858164e-09
    },
    "RBF-SVR": {
        "MSE": 505.8624354521244,
        "MAE": 10.874416534988633,
        "R2": -0.17764595029763197,
        "emission": 3.319514063680827e-09
    },
    "DecisionTree": {
        "MSE": 438.68956518628454,
        "MAE": 12.173431406664067,
        "R2": -0.02126774726357583,
        "emission": 1.5481126081129777e-09
    },
    "ExtraTrees": {
        "MSE": 359.0306831957427,
        "MAE": 12.355500807076377,
        "R2": 0.16417784665081336,
        "emission": 1.1907003382355767e-07
    },
    "RandomForest": {
        "MSE": 363.5743933656397,
        "MAE": 12.406015625454362,
        "R2": 0.15360010553800896,
        "emission": 3.2922502799190777e-07
    },
    "KNeighbors": {
        "MSE": 401.55110985915496,
        "MAE": 11.819530516431925,
        "R2": 0.06519044463045931,
        "emission": 3.76675856210667e-09
    },
    "PLS": {
        "MSE": 435.5103723943446,
        "MAE": 14.427136183649901,
        "R2": -0.013866597752845156,
        "emission": 1.7838566683581485e-08
    },
    "PLS-SKLEARN": {
        "MSE": 393.02560645195507,
        "MAE": 13.551277576660022,
        "R2": 0.08503778623581915,
        "emission": 4.0041768090349e-09
    },
    "XGBoost": {
        "MSE": 363.7271274301822,
        "MAE": 12.237534991826667,
        "R2": 0.15324454117905395,
        "emission": 6.943926362995216e-07
    },
    "CatBoost": {
        "MSE": 359.23258622456774,
        "MAE": 11.846772798613912,
        "R2": 0.16370781711791071,
        "emission": 2.3460528749910233e-06
    },
    "DNN": {
        "MSE": 390.17753920721253,
        "MAE": 11.54589087974997,
        "R2": 0.09166807665054155,
        "emission": 4.105137614247462e-06
    }
}