{
    "Linear-SVR": {
        "MSE": 305.8517849408737,
        "MAE": 9.31945299613574,
        "R2": -0.1274330744107537,
        "emission": 2.4944932763391735e-09
    },
    "RBF-SVR": {
        "MSE": 325.0741808610646,
        "MAE": 9.163308712287206,
        "R2": -0.19829081007520677,
        "emission": 3.394421238937569e-09
    },
    "DecisionTree": {
        "MSE": 341.1273822613364,
        "MAE": 10.684230458278371,
        "R2": -0.2574662378476562,
        "emission": 1.5417397105738705e-09
    },
    "ExtraTrees": {
        "MSE": 271.4405489722584,
        "MAE": 9.747925665520858,
        "R2": -0.0005861260763837528,
        "emission": 1.2041311032371745e-07
    },
    "RandomForest": {
        "MSE": 272.392918718622,
        "MAE": 9.927143847851797,
        "R2": -0.004096758362953867,
        "emission": 3.435173045940122e-07
    },
    "KNeighbors": {
        "MSE": 279.9081164319249,
        "MAE": 9.779154929577466,
        "R2": -0.03179933483917652,
        "emission": 5.9427049616892334e-09
    },
    "PLS": {
        "MSE": 295.664661380867,
        "MAE": 11.240123465641412,
        "R2": -0.08988122544285959,
        "emission": 1.8399828938428107e-08
    },
    "PLS-SKLEARN": {
        "MSE": 291.62731917590617,
        "MAE": 11.145377039714138,
        "R2": -0.07499874523936101,
        "emission": 4.1573308567674e-09
    },
    "XGBoost": {
        "MSE": 321.51694780354416,
        "MAE": 11.071988708836775,
        "R2": -0.18517811170331044,
        "emission": 7.172993015632301e-07
    },
    "CatBoost": {
        "MSE": 308.1208160529032,
        "MAE": 10.15176760223489,
        "R2": -0.1357971934008182,
        "emission": 2.3133322928013467e-06
    },
    "DNN": {
        "MSE": 431.5892163111153,
        "MAE": 11.49127249347632,
        "R2": -0.5909273085400963,
        "emission": 4.396511185095029e-06
    }
}