{
    "Linear-SVR": {
        "MSE": 223.78352015151003,
        "MAE": 7.825187464839898,
        "R2": -0.17980269047202424,
        "emission": 2.4879539580321747e-09
    },
    "RBF-SVR": {
        "MSE": 222.51144333859364,
        "MAE": 7.1752180449658445,
        "R2": -0.17309621072163983,
        "emission": 3.12563793015699e-09
    },
    "DecisionTree": {
        "MSE": 407.4860672050803,
        "MAE": 13.13206815458772,
        "R2": -1.1482956300487608,
        "emission": 1.457948391401131e-09
    },
    "ExtraTrees": {
        "MSE": 198.4453359163552,
        "MAE": 10.724442843785097,
        "R2": -0.046217974707109644,
        "emission": 1.2025422590632891e-07
    },
    "RandomForest": {
        "MSE": 198.70840955326895,
        "MAE": 10.845598984180345,
        "R2": -0.047604917697428695,
        "emission": 3.3187087354571385e-07
    },
    "KNeighbors": {
        "MSE": 241.1708920187793,
        "MAE": 10.729577464788733,
        "R2": -0.27147015595542223,
        "emission": 2.4100872474616013e-09
    },
    "PLS": {
        "MSE": 234.9888130769873,
        "MAE": 11.53740795343695,
        "R2": -0.23887779453712588,
        "emission": 1.747140085158641e-08
    },
    "PLS-SKLEARN": {
        "MSE": 222.0534551122397,
        "MAE": 11.41331459743607,
        "R2": -0.17068166410403784,
        "emission": 3.845341742614994e-09
    },
    "XGBoost": {
        "MSE": 255.66215729403376,
        "MAE": 11.121383388061076,
        "R2": -0.34786914078019304,
        "emission": 7.417394202116262e-07
    },
    "CatBoost": {
        "MSE": 199.03115997928123,
        "MAE": 10.959861002379503,
        "R2": -0.04930648097922208,
        "emission": 2.266521203758436e-06
    },
    "DNN": {
        "MSE": 219.58242635100135,
        "MAE": 11.407670287738943,
        "R2": -0.15765422410859498,
        "emission": 4.117249823855444e-06
    }
}