{
    "Linear-SVR": {
        "MSE": 760.2507730833432,
        "MAE": 15.571954800607534,
        "R2": -0.16574046287130173,
        "emission": 2.4309223848358455e-09
    },
    "RBF-SVR": {
        "MSE": 824.9301915495163,
        "MAE": 15.469171083575883,
        "R2": -0.26491749483301397,
        "emission": 3.4281860990976695e-09
    },
    "DecisionTree": {
        "MSE": 829.8433271890908,
        "MAE": 17.9855945657844,
        "R2": -0.27245111560316904,
        "emission": 1.5595490932743673e-09
    },
    "ExtraTrees": {
        "MSE": 619.5481404067383,
        "MAE": 16.862994124235666,
        "R2": 0.050007758572012895,
        "emission": 1.1396503260696626e-07
    },
    "RandomForest": {
        "MSE": 614.4373585059485,
        "MAE": 16.83046568731622,
        "R2": 0.05784444282094525,
        "emission": 3.493000332394712e-07
    },
    "KNeighbors": {
        "MSE": 657.9193258215963,
        "MAE": 16.477652582159624,
        "R2": -0.008829200271215365,
        "emission": 4.757772749645252e-09
    },
    "PLS": {
        "MSE": 623.2288800171923,
        "MAE": 17.38949814081537,
        "R2": 0.04436384836617735,
        "emission": 1.84772006920041e-08
    },
    "PLS-SKLEARN": {
        "MSE": 623.2288800171922,
        "MAE": 17.389498140815373,
        "R2": 0.04436384836617757,
        "emission": 4.0377227606788145e-09
    },
    "XGBoost": {
        "MSE": 620.5444469289677,
        "MAE": 17.20458078119082,
        "R2": 0.048480058939857185,
        "emission": 7.026686459446095e-07
    },
    "CatBoost": {
        "MSE": 632.3032292083685,
        "MAE": 16.586735345797937,
        "R2": 0.030449576390530142,
        "emission": 2.2842177776753674e-06
    },
    "DNN": {
        "MSE": 624.3475226016009,
        "MAE": 17.172786017762665,
        "R2": 0.042648563133586004,
        "emission": 4.045693618123754e-06
    }
}