{
    "Linear-SVR": {
        "MSE": 348.4026498496362,
        "MAE": 12.8255285107186,
        "R2": -0.04812242711984305,
        "emission": 2.418659586616163e-09
    },
    "RBF-SVR": {
        "MSE": 348.20025718961887,
        "MAE": 12.499064610265746,
        "R2": -0.04751355607325336,
        "emission": 3.3628455669998773e-09
    },
    "DecisionTree": {
        "MSE": 502.05578321220344,
        "MAE": 14.638278055429348,
        "R2": -0.5103671750976435,
        "emission": 1.575945140560192e-09
    },
    "ExtraTrees": {
        "MSE": 328.0558434791106,
        "MAE": 12.8084580952952,
        "R2": 0.013088198248295324,
        "emission": 1.1612223258181402e-07
    },
    "RandomForest": {
        "MSE": 337.8850421375064,
        "MAE": 13.129540060495263,
        "R2": -0.016481621495977983,
        "emission": 3.519328743664546e-07
    },
    "KNeighbors": {
        "MSE": 364.5318723004695,
        "MAE": 12.932582159624413,
        "R2": -0.09664501955712601,
        "emission": 5.482022425435247e-09
    },
    "PLS": {
        "MSE": 364.02603633210396,
        "MAE": 13.922345272028313,
        "R2": -0.09512328020434957,
        "emission": 1.915182167343858e-08
    },
    "PLS-SKLEARN": {
        "MSE": 343.82027311127223,
        "MAE": 13.565590485385538,
        "R2": -0.03433696414743359,
        "emission": 4.327039321201716e-09
    },
    "XGBoost": {
        "MSE": 346.5417168383653,
        "MAE": 13.166009090071274,
        "R2": -0.04252406090384997,
        "emission": 7.472107332612389e-07
    },
    "CatBoost": {
        "MSE": 335.6530104864118,
        "MAE": 13.057684728061533,
        "R2": -0.009766855025162613,
        "emission": 2.2655585740617405e-06
    },
    "DNN": {
        "MSE": 428.3155882575958,
        "MAE": 13.952577070048857,
        "R2": -0.28852973458027065,
        "emission": 4.535893329619241e-06
    }
}