{
    "Linear-SVR": {
        "MSE": 730.8845765585036,
        "MAE": 14.288963549077398,
        "R2": -0.07928366686651511,
        "emission": 2.218152901683492e-09
    },
    "RBF-SVR": {
        "MSE": 810.9025659175436,
        "MAE": 13.759480740960678,
        "R2": -0.19744474419744118,
        "emission": 3.0916702958607064e-09
    },
    "DecisionTree": {
        "MSE": 1228.2057947039968,
        "MAE": 21.934449565113088,
        "R2": -0.813668664369094,
        "emission": 1.4336715167935795e-09
    },
    "ExtraTrees": {
        "MSE": 591.0477145915797,
        "MAE": 16.9083874306283,
        "R2": 0.12721082759582303,
        "emission": 1.1761648380813947e-07
    },
    "RandomForest": {
        "MSE": 598.9869670932112,
        "MAE": 16.64729753751418,
        "R2": 0.11548708101946603,
        "emission": 3.4141495181849704e-07
    },
    "KNeighbors": {
        "MSE": 628.934475117371,
        "MAE": 16.782535211267604,
        "R2": 0.07126415265227759,
        "emission": 2.2513224262522484e-09
    },
    "PLS": {
        "MSE": 684.4672589705563,
        "MAE": 18.79097945538764,
        "R2": -0.010740076894593775,
        "emission": 1.7822878813408956e-08
    },
    "PLS-SKLEARN": {
        "MSE": 693.715213285482,
        "MAE": 19.417152977793315,
        "R2": -0.024396359109529975,
        "emission": 4.066875456307013e-09
    },
    "XGBoost": {
        "MSE": 610.0616065829511,
        "MAE": 16.569828312861528,
        "R2": 0.09913336676544182,
        "emission": 7.519959463379296e-07
    },
    "CatBoost": {
        "MSE": 596.0003491845523,
        "MAE": 16.413884279971878,
        "R2": 0.11989736416316632,
        "emission": 2.308141693907702e-06
    },
    "DNN": {
        "MSE": 649.8404149827697,
        "MAE": 16.291010301332797,
        "R2": 0.04039273989999004,
        "emission": 4.171071381515993e-06
    }
}