{
    "Linear-SVR": {
        "MSE": 541.1299313610787,
        "MAE": 9.903570932853805,
        "R2": -0.1647560573787059,
        "emission": 2.6528749760524634e-09
    },
    "RBF-SVR": {
        "MSE": 545.2626861303387,
        "MAE": 9.812659804521754,
        "R2": -0.1736516125350227,
        "emission": 3.1445987922825063e-09
    },
    "DecisionTree": {
        "MSE": 492.2565065586741,
        "MAE": 11.065906665061595,
        "R2": -0.05955836956967819,
        "emission": 1.651544392636467e-09
    },
    "ExtraTrees": {
        "MSE": 346.8113612049193,
        "MAE": 10.090499891393117,
        "R2": 0.2535052852923029,
        "emission": 1.1690496175120921e-07
    },
    "RandomForest": {
        "MSE": 372.8983169223378,
        "MAE": 10.551445322551368,
        "R2": 0.19735437230545794,
        "emission": 3.4037772426181416e-07
    },
    "KNeighbors": {
        "MSE": 397.4693690140845,
        "MAE": 10.522723004694836,
        "R2": 0.14446636870150842,
        "emission": 3.7233952698447763e-09
    },
    "PLS": {
        "MSE": 404.74158441003095,
        "MAE": 12.728786100631146,
        "R2": 0.12881327608531146,
        "emission": 1.7723253439042148e-08
    },
    "PLS-SKLEARN": {
        "MSE": 395.44645265190087,
        "MAE": 12.412659140519208,
        "R2": 0.14882059852667706,
        "emission": 4.028942231991579e-09
    },
    "XGBoost": {
        "MSE": 333.86089006380075,
        "MAE": 10.231796051023153,
        "R2": 0.2813805493154655,
        "emission": 6.947622950202182e-07
    },
    "CatBoost": {
        "MSE": 347.4957603937017,
        "MAE": 10.176449726553308,
        "R2": 0.25203214907380844,
        "emission": 2.260193634793558e-06
    },
    "DNN": {
        "MSE": 324.1293251562195,
        "MAE": 9.826745397644775,
        "R2": 0.30232727304477236,
        "emission": 4.155977398473273e-06
    }
}