{
    "Linear-SVR": {
        "MSE": 619.0429531312845,
        "MAE": 16.487715295722086,
        "R2": -0.09544819744926225,
        "emission": 2.081323363117229e-09
    },
    "RBF-SVR": {
        "MSE": 645.1190778961908,
        "MAE": 16.687141191466022,
        "R2": -0.14159207765287163,
        "emission": 3.2606101494262254e-09
    },
    "DecisionTree": {
        "MSE": 660.462135774302,
        "MAE": 17.609805505333103,
        "R2": -0.168742899758058,
        "emission": 1.5324288708616703e-09
    },
    "ExtraTrees": {
        "MSE": 475.7073300229368,
        "MAE": 15.542977398816692,
        "R2": 0.1581961565815424,
        "emission": 2.3070351787014614e-07
    },
    "RandomForest": {
        "MSE": 462.63523954534145,
        "MAE": 15.571298307190935,
        "R2": 0.18132831223914603,
        "emission": 3.333750271434473e-07
    },
    "KNeighbors": {
        "MSE": 498.835220657277,
        "MAE": 15.304694835680754,
        "R2": 0.11726942285807718,
        "emission": 3.762883018894803e-09
    },
    "PLS": {
        "MSE": 475.80929583098555,
        "MAE": 15.859425509232008,
        "R2": 0.15801571956975913,
        "emission": 1.8874970466645994e-08
    },
    "PLS-SKLEARN": {
        "MSE": 488.4257294583516,
        "MAE": 15.743070849520047,
        "R2": 0.13568988675730587,
        "emission": 3.9653090389888905e-09
    },
    "XGBoost": {
        "MSE": 412.7774169284051,
        "MAE": 14.208474725496217,
        "R2": 0.2695558926327234,
        "emission": 7.126329027741312e-07
    },
    "CatBoost": {
        "MSE": 408.1922893013499,
        "MAE": 14.385650463968783,
        "R2": 0.2776696588402635,
        "emission": 2.2729455592102108e-06
    },
    "DNN": {
        "MSE": 477.9825038429021,
        "MAE": 16.2356377390069,
        "R2": 0.15417004652349586,
        "emission": 4.499983507038477e-06
    }
}