{
    "Linear-SVR": {
        "MSE": 577.8072969356518,
        "MAE": 17.954278472542175,
        "R2": 0.1704324855833984,
        "emission": 2.184582062649447e-09
    },
    "RBF-SVR": {
        "MSE": 672.0511535233738,
        "MAE": 18.249373599340185,
        "R2": 0.03512501841719884,
        "emission": 3.365541148594085e-09
    },
    "DecisionTree": {
        "MSE": 914.8937597983703,
        "MAE": 21.45916171714986,
        "R2": -0.31352813696936854,
        "emission": 1.5059648208466514e-09
    },
    "ExtraTrees": {
        "MSE": 500.7915725067389,
        "MAE": 17.55411317569418,
        "R2": 0.2810052378215938,
        "emission": 1.402608939354404e-07
    },
    "RandomForest": {
        "MSE": 532.8972092626615,
        "MAE": 18.028402682598337,
        "R2": 0.23491064292183594,
        "emission": 3.250414177997675e-07
    },
    "KNeighbors": {
        "MSE": 574.8109840375588,
        "MAE": 19.080845070422537,
        "R2": 0.1747343416805226,
        "emission": 4.845138273224525e-09
    },
    "PLS": {
        "MSE": 632.8167945472485,
        "MAE": 20.0980528869246,
        "R2": 0.09145443798002872,
        "emission": 1.8469105646145245e-08
    },
    "PLS-SKLEARN": {
        "MSE": 622.4730560068564,
        "MAE": 20.032797772049847,
        "R2": 0.1063051148687354,
        "emission": 4.124137260317718e-09
    },
    "XGBoost": {
        "MSE": 457.5200397349272,
        "MAE": 16.56623470711876,
        "R2": 0.3431308947263837,
        "emission": 6.867927574902631e-07
    },
    "CatBoost": {
        "MSE": 467.5046333067013,
        "MAE": 16.877774087637345,
        "R2": 0.32879584822260255,
        "emission": 2.282508003946703e-06
    },
    "DNN": {
        "MSE": 513.0627033666282,
        "MAE": 17.726746213044358,
        "R2": 0.2633873718297546,
        "emission": 4.24179837177442e-06
    }
}