{
    "Linear-SVR": {
        "MSE": 662.5950483168332,
        "MAE": 15.519758146142001,
        "R2": -0.06707392168501136,
        "emission": 2.283020879917826e-09
    },
    "RBF-SVR": {
        "MSE": 687.4508437249914,
        "MAE": 15.670168827645579,
        "R2": -0.10710285210059323,
        "emission": 3.2698481919679936e-09
    },
    "DecisionTree": {
        "MSE": 648.822304994239,
        "MAE": 16.574202176587942,
        "R2": -0.044893654466089616,
        "emission": 1.5282196443407078e-09
    },
    "ExtraTrees": {
        "MSE": 532.8832905662008,
        "MAE": 15.792270832200566,
        "R2": 0.14181993344298383,
        "emission": 1.1680690330217967e-07
    },
    "RandomForest": {
        "MSE": 596.8319963064275,
        "MAE": 16.8854231024741,
        "R2": 0.038833959741177426,
        "emission": 3.474528675033836e-07
    },
    "KNeighbors": {
        "MSE": 560.1349802816902,
        "MAE": 16.243849765258215,
        "R2": 0.09793254326232947,
        "emission": 5.189716599936341e-09
    },
    "PLS": {
        "MSE": 642.9257539345734,
        "MAE": 17.071870297827587,
        "R2": -0.03539757404768529,
        "emission": 1.815100989512225e-08
    },
    "PLS-SKLEARN": {
        "MSE": 636.8013643319189,
        "MAE": 17.45092839486925,
        "R2": -0.025534571829614494,
        "emission": 4.013492661548858e-09
    },
    "XGBoost": {
        "MSE": 644.393278329082,
        "MAE": 17.341837597626125,
        "R2": -0.03776094367260874,
        "emission": 6.939531035776619e-07
    },
    "CatBoost": {
        "MSE": 507.6019309492468,
        "MAE": 15.229358446810796,
        "R2": 0.18253421227818045,
        "emission": 2.306740651819858e-06
    },
    "DNN": {
        "MSE": 597.688636222544,
        "MAE": 15.897987536369811,
        "R2": 0.0374543869280628,
        "emission": 4.144831591993453e-06
    }
}