{
    "Linear-SVR": {
        "MSE": 386.281671582537,
        "MAE": 12.03285210793011,
        "R2": -0.06762876830300368,
        "emission": 2.357244857146825e-09
    },
    "RBF-SVR": {
        "MSE": 394.2293382469266,
        "MAE": 11.705611782169962,
        "R2": -0.08959501261644154,
        "emission": 3.335821590490775e-09
    },
    "DecisionTree": {
        "MSE": 504.5579441307172,
        "MAE": 13.46260396604224,
        "R2": -0.3945279210967514,
        "emission": 1.488066305526402e-09
    },
    "ExtraTrees": {
        "MSE": 342.5921592683031,
        "MAE": 12.111404590538505,
        "R2": 0.05312296197897004,
        "emission": 1.2162916667604124e-07
    },
    "RandomForest": {
        "MSE": 339.9174570213137,
        "MAE": 12.212677456414333,
        "R2": 0.06051546666041563,
        "emission": 3.4187443275928564e-07
    },
    "KNeighbors": {
        "MSE": 337.856103286385,
        "MAE": 12.407042253521128,
        "R2": 0.06621276143508747,
        "emission": 5.928830565554122e-09
    },
    "PLS": {
        "MSE": 341.95448921257076,
        "MAE": 12.228965453127996,
        "R2": 0.05488539324679609,
        "emission": 1.8861254655793012e-08
    },
    "PLS-SKLEARN": {
        "MSE": 341.95448921257076,
        "MAE": 12.228965453127998,
        "R2": 0.05488539324679609,
        "emission": 4.116564366255872e-09
    },
    "XGBoost": {
        "MSE": 410.09510448567096,
        "MAE": 13.70812870660718,
        "R2": -0.1334457819223176,
        "emission": 7.136383581481514e-07
    },
    "CatBoost": {
        "MSE": 329.03786084225663,
        "MAE": 11.794200539848935,
        "R2": 0.09058515601609829,
        "emission": 2.2993133667496815e-06
    },
    "DNN": {
        "MSE": 359.5212251222781,
        "MAE": 12.935221197431636,
        "R2": 0.006333380552148493,
        "emission": 4.146802671027307e-06
    }
}