{
    "Linear-SVR": {
        "MSE": 226.57748258308249,
        "MAE": 5.202857605981514,
        "R2": -0.10520784789301851,
        "emission": 2.7567774126093097e-09
    },
    "RBF-SVR": {
        "MSE": 226.23572071502988,
        "MAE": 5.159835370327006,
        "R2": -0.10354078947937495,
        "emission": 2.96833113748418e-09
    },
    "DecisionTree": {
        "MSE": 251.58596105230998,
        "MAE": 6.73138317081979,
        "R2": -0.2271951096144862,
        "emission": 1.5388609794794733e-09
    },
    "ExtraTrees": {
        "MSE": 201.25286826559594,
        "MAE": 6.899881024161244,
        "R2": 0.018321472714941445,
        "emission": 1.1762505921776759e-07
    },
    "RandomForest": {
        "MSE": 212.06264816113585,
        "MAE": 6.937320682194289,
        "R2": -0.03440686303292395,
        "emission": 3.507286766923205e-07
    },
    "KNeighbors": {
        "MSE": 205.8487906103287,
        "MAE": 6.291924882629108,
        "R2": -0.004096683695826275,
        "emission": 3.7663270133693145e-09
    },
    "PLS": {
        "MSE": 210.01089624932044,
        "MAE": 7.319103149195128,
        "R2": -0.024398753272782958,
        "emission": 1.7817119842330963e-08
    },
    "PLS-SKLEARN": {
        "MSE": 206.96013704421105,
        "MAE": 6.996379407413059,
        "R2": -0.009517649567862163,
        "emission": 4.057065106984147e-09
    },
    "XGBoost": {
        "MSE": 215.29468615851644,
        "MAE": 7.422434932939674,
        "R2": -0.050172214994073094,
        "emission": 6.706695769920085e-07
    },
    "CatBoost": {
        "MSE": 206.98085004639734,
        "MAE": 6.550267308874642,
        "R2": -0.009618684199850902,
        "emission": 2.288975446966524e-06
    },
    "DNN": {
        "MSE": 206.08429649506232,
        "MAE": 6.846197661001918,
        "R2": -0.005245442826986357,
        "emission": 4.104572258097167e-06
    }
}