{
    "Linear-SVR": {
        "MSE": 179.30399344446406,
        "MAE": 6.382482256088069,
        "R2": -0.1821830712447834,
        "emission": 2.2847251668062164e-09
    },
    "RBF-SVR": {
        "MSE": 180.7728008461885,
        "MAE": 6.175180268642557,
        "R2": -0.19186717928878783,
        "emission": 3.1516306991299913e-09
    },
    "DecisionTree": {
        "MSE": 178.0076443662022,
        "MAE": 8.184458335606983,
        "R2": -0.17363601155411534,
        "emission": 1.4299024638283985e-09
    },
    "ExtraTrees": {
        "MSE": 149.91581662899245,
        "MAE": 7.762687908205971,
        "R2": 0.011578397524509176,
        "emission": 1.1727738719798719e-07
    },
    "RandomForest": {
        "MSE": 155.92590711885987,
        "MAE": 7.831893847994087,
        "R2": -0.028047196402773755,
        "emission": 3.499156063240128e-07
    },
    "KNeighbors": {
        "MSE": 159.31962441314556,
        "MAE": 7.36431924882629,
        "R2": -0.05042257721177856,
        "emission": 3.6626376826241057e-09
    },
    "PLS": {
        "MSE": 155.50057761353537,
        "MAE": 7.941857115607037,
        "R2": -0.025242923440212728,
        "emission": 1.784086261268711e-08
    },
    "PLS-SKLEARN": {
        "MSE": 155.50057761353537,
        "MAE": 7.9418571156070366,
        "R2": -0.025242923440212728,
        "emission": 3.839665378672861e-09
    },
    "XGBoost": {
        "MSE": 142.34146383942908,
        "MAE": 7.662296762226473,
        "R2": 0.061517450589888445,
        "emission": 6.85223701973247e-07
    },
    "CatBoost": {
        "MSE": 152.18198021880065,
        "MAE": 7.828092587837074,
        "R2": -0.003362821469435673,
        "emission": 2.258114141595548e-06
    },
    "DNN": {
        "MSE": 154.3883036859589,
        "MAE": 8.090577837447045,
        "R2": -0.01790950390778545,
        "emission": 4.0095265539075394e-06
    }
}