{
    "Linear-SVR": {
        "MSE": 261.5601503353879,
        "MAE": 5.454234816471836,
        "R2": -0.10651939781108655,
        "emission": 2.518715410758143e-09
    },
    "RBF-SVR": {
        "MSE": 260.7050191648947,
        "MAE": 5.397870466468099,
        "R2": -0.10290180076271982,
        "emission": 3.0792599463767264e-09
    },
    "DecisionTree": {
        "MSE": 348.0281764851758,
        "MAE": 8.457130468586465,
        "R2": -0.4723188061020356,
        "emission": 1.51073490584081e-09
    },
    "ExtraTrees": {
        "MSE": 236.0209116351942,
        "MAE": 7.747472689476543,
        "R2": 0.0015232952018043866,
        "emission": 1.1518340974502909e-07
    },
    "RandomForest": {
        "MSE": 228.10338773792517,
        "MAE": 7.839513319149927,
        "R2": 0.03501805257874924,
        "emission": 3.5155503615725855e-07
    },
    "KNeighbors": {
        "MSE": 258.41639248826294,
        "MAE": 7.194835680751174,
        "R2": -0.09321986026530937,
        "emission": 4.379908999599749e-09
    },
    "PLS": {
        "MSE": 231.8086427676985,
        "MAE": 8.1138211110264,
        "R2": 0.019343124425419633,
        "emission": 2.537918093309807e-08
    },
    "PLS-SKLEARN": {
        "MSE": 233.74551705268655,
        "MAE": 8.109441880770053,
        "R2": 0.01114925787230503,
        "emission": 3.875200674963063e-09
    },
    "XGBoost": {
        "MSE": 247.11160736589733,
        "MAE": 8.04498115544002,
        "R2": -0.04539543437342952,
        "emission": 6.781433008265304e-07
    },
    "CatBoost": {
        "MSE": 236.38585248830083,
        "MAE": 7.9827446061806215,
        "R2": -2.0571983232908764e-05,
        "emission": 2.287078543135335e-06
    },
    "DNN": {
        "MSE": 250.53281326296113,
        "MAE": 6.931259356201255,
        "R2": -0.059868704419163254,
        "emission": 4.036012845851263e-06
    }
}