{
    "Linear-SVR": {
        "MSE": 212.1940445893963,
        "MAE": 7.871874786277686,
        "R2": -0.09484214711420358,
        "emission": 2.519009904244348e-09
    },
    "RBF-SVR": {
        "MSE": 224.14129577680114,
        "MAE": 7.572873018022528,
        "R2": -0.15648550834727692,
        "emission": 3.391737140079579e-09
    },
    "DecisionTree": {
        "MSE": 194.70095211638005,
        "MAE": 9.13085349705068,
        "R2": -0.004584312782025979,
        "emission": 1.547260777736395e-09
    },
    "ExtraTrees": {
        "MSE": 188.96708634441853,
        "MAE": 9.733986700646108,
        "R2": 0.025000296556028423,
        "emission": 1.1692594735595307e-07
    },
    "RandomForest": {
        "MSE": 182.16161454427092,
        "MAE": 9.57973023008196,
        "R2": 0.06011399341880597,
        "emission": 3.426678922178293e-07
    },
    "KNeighbors": {
        "MSE": 208.41309295774644,
        "MAE": 9.727323943661972,
        "R2": -0.07533384653705655,
        "emission": 3.264051423365077e-09
    },
    "PLS": {
        "MSE": 220.9702989158566,
        "MAE": 10.769004524443663,
        "R2": -0.1401243469468858,
        "emission": 1.8371295540347315e-08
    },
    "PLS-SKLEARN": {
        "MSE": 208.55406891566517,
        "MAE": 10.563353212604884,
        "R2": -0.07606122991276765,
        "emission": 4.14083202134333e-09
    },
    "XGBoost": {
        "MSE": 207.24429605663812,
        "MAE": 9.798999026147518,
        "R2": -0.06930329034861105,
        "emission": 7.467368363475377e-07
    },
    "CatBoost": {
        "MSE": 188.68294501603944,
        "MAE": 9.610349362693873,
        "R2": 0.026466359859776634,
        "emission": 2.2653761333353968e-06
    },
    "DNN": {
        "MSE": 194.09206060715778,
        "MAE": 8.783467592991574,
        "R2": -0.0014426596380534562,
        "emission": 4.224686001556945e-06
    }
}