{
    "Linear-SVR": {
        "MSE": 751.36367541119,
        "MAE": 14.041205413313667,
        "R2": -0.21181500312448276,
        "emission": 2.3367358841016162e-09
    },
    "RBF-SVR": {
        "MSE": 781.7259083919959,
        "MAE": 14.139693051917474,
        "R2": -0.2607838455886411,
        "emission": 3.2374075179660783e-09
    },
    "DecisionTree": {
        "MSE": 762.0016437302417,
        "MAE": 17.160088473636094,
        "R2": -0.22897214025216583,
        "emission": 1.5801608715579544e-09
    },
    "ExtraTrees": {
        "MSE": 579.9128268411714,
        "MAE": 16.228354221480423,
        "R2": 0.0647045005391329,
        "emission": 1.204883523295584e-07
    },
    "RandomForest": {
        "MSE": 566.8916114718022,
        "MAE": 16.287237781927928,
        "R2": 0.08570538820499107,
        "emission": 3.3368640487402206e-07
    },
    "KNeighbors": {
        "MSE": 676.0089746478874,
        "MAE": 17.3743661971831,
        "R2": -0.09028137043861673,
        "emission": 5.816893009988017e-09
    },
    "PLS": {
        "MSE": 591.6201668967677,
        "MAE": 16.25557956752013,
        "R2": 0.04582265837623123,
        "emission": 1.8478293443725177e-08
    },
    "PLS-SKLEARN": {
        "MSE": 591.6201668967676,
        "MAE": 16.25557956752013,
        "R2": 0.04582265837623134,
        "emission": 3.999187022976379e-09
    },
    "XGBoost": {
        "MSE": 733.5947609813588,
        "MAE": 18.289284069569533,
        "R2": -0.18315692741497958,
        "emission": 7.023639750709663e-07
    },
    "CatBoost": {
        "MSE": 583.6465367758175,
        "MAE": 15.978687845931058,
        "R2": 0.05868269530128589,
        "emission": 2.2547328176916203e-06
    },
    "DNN": {
        "MSE": 750.4611905555197,
        "MAE": 17.369727901225918,
        "R2": -0.2103594567306606,
        "emission": 3.999249080460816e-06
    }
}