{
    "Linear-SVR": {
        "MSE": 568.9262202934314,
        "MAE": 11.945219547652146,
        "R2": -0.11996789643261696,
        "emission": 2.5143532099020384e-09
    },
    "RBF-SVR": {
        "MSE": 602.985660130139,
        "MAE": 11.701654176443396,
        "R2": -0.1870160967562311,
        "emission": 3.485350562605652e-09
    },
    "DecisionTree": {
        "MSE": 538.7757320192057,
        "MAE": 14.500655862792808,
        "R2": -0.0606147189476971,
        "emission": 1.5703183196936228e-09
    },
    "ExtraTrees": {
        "MSE": 514.4366326994638,
        "MAE": 14.985475324049268,
        "R2": -0.012701634800974526,
        "emission": 1.1774296329300501e-07
    },
    "RandomForest": {
        "MSE": 470.00097383856104,
        "MAE": 14.599435838166576,
        "R2": 0.07477282077144565,
        "emission": 3.4438314753212886e-07
    },
    "KNeighbors": {
        "MSE": 521.1772638497653,
        "MAE": 13.996150234741783,
        "R2": -0.02597100123329965,
        "emission": 4.677796253944536e-09
    },
    "PLS": {
        "MSE": 524.0382759353174,
        "MAE": 15.38699531038818,
        "R2": -0.03160308773736609,
        "emission": 1.7912114415400503e-08
    },
    "PLS-SKLEARN": {
        "MSE": 496.8573662248994,
        "MAE": 14.977421041405428,
        "R2": 0.02190428314070847,
        "emission": 3.8265675342443025e-09
    },
    "XGBoost": {
        "MSE": 524.610145401802,
        "MAE": 15.513334411018892,
        "R2": -0.032728849603434584,
        "emission": 6.974134743967969e-07
    },
    "CatBoost": {
        "MSE": 455.5457456609265,
        "MAE": 13.930277270593985,
        "R2": 0.10322886817634269,
        "emission": 2.298231451799843e-06
    },
    "DNN": {
        "MSE": 531.5170573341069,
        "MAE": 14.836837707774741,
        "R2": -0.0463255504615514,
        "emission": 4.499511969451013e-06
    }
}