{
    "Linear-SVR": {
        "MSE": 529.3823240581685,
        "MAE": 16.753953867124114,
        "R2": 0.06481267214650777,
        "emission": 2.249733409348179e-09
    },
    "RBF-SVR": {
        "MSE": 610.7518712064237,
        "MAE": 16.86721269751424,
        "R2": -0.07893177474564839,
        "emission": 3.4428113723985257e-09
    },
    "DecisionTree": {
        "MSE": 937.4588657282936,
        "MAE": 20.866271390362037,
        "R2": -0.6560803256375389,
        "emission": 1.4907587612381045e-09
    },
    "ExtraTrees": {
        "MSE": 495.3502703584173,
        "MAE": 17.78223602753682,
        "R2": 0.1249324455398857,
        "emission": 1.1913090730069493e-07
    },
    "RandomForest": {
        "MSE": 496.9251458802014,
        "MAE": 17.928328735303,
        "R2": 0.12215032841208118,
        "emission": 3.346626641028164e-07
    },
    "KNeighbors": {
        "MSE": 529.6308882629107,
        "MAE": 17.575023474178405,
        "R2": 0.06437356777171288,
        "emission": 4.205529966907131e-09
    },
    "PLS": {
        "MSE": 528.3542975229475,
        "MAE": 17.969223202684372,
        "R2": 0.06662874598340096,
        "emission": 1.9053473080857726e-08
    },
    "PLS-SKLEARN": {
        "MSE": 522.1540571736539,
        "MAE": 17.844643611399647,
        "R2": 0.07758186236223219,
        "emission": 4.426763548289987e-09
    },
    "XGBoost": {
        "MSE": 546.7659959484686,
        "MAE": 17.788628409963817,
        "R2": 0.034103317253907806,
        "emission": 7.217519363514042e-07
    },
    "CatBoost": {
        "MSE": 429.36613547883815,
        "MAE": 16.37858919519166,
        "R2": 0.24149758943384314,
        "emission": 2.2712585780848126e-06
    },
    "DNN": {
        "MSE": 486.47264567123256,
        "MAE": 17.124829840660095,
        "R2": 0.14061533053923858,
        "emission": 4.424140935508694e-06
    }
}