{
    "Linear-SVR": {
        "MSE": 866.2087629013283,
        "MAE": 19.592404917897454,
        "R2": 0.01722352966707208,
        "emission": 2.384204338937325e-09
    },
    "RBF-SVR": {
        "MSE": 1022.028741995869,
        "MAE": 20.29935509879648,
        "R2": -0.15956550274696202,
        "emission": 3.324300035976046e-09
    },
    "DecisionTree": {
        "MSE": 1021.9920451241305,
        "MAE": 22.15991978400065,
        "R2": -0.1595238674927093,
        "emission": 1.518311950843507e-09
    },
    "ExtraTrees": {
        "MSE": 659.2035028261978,
        "MAE": 19.24367949840511,
        "R2": 0.25208596416331697,
        "emission": 1.2026953002039033e-07
    },
    "RandomForest": {
        "MSE": 650.7271787837735,
        "MAE": 19.308642560601168,
        "R2": 0.26170296664654025,
        "emission": 3.3064435065354315e-07
    },
    "KNeighbors": {
        "MSE": 739.8463624413146,
        "MAE": 18.84300469483568,
        "R2": 0.16059080927174008,
        "emission": 3.087612226778969e-09
    },
    "PLS": {
        "MSE": 733.0275567122173,
        "MAE": 20.7583493147513,
        "R2": 0.1683272373862308,
        "emission": 1.9320169974529264e-08
    },
    "PLS-SKLEARN": {
        "MSE": 750.2342554385735,
        "MAE": 21.341891110760372,
        "R2": 0.14880499359856703,
        "emission": 4.3600745303371e-09
    },
    "XGBoost": {
        "MSE": 655.7843697627085,
        "MAE": 19.16315967660275,
        "R2": 0.25596521783477566,
        "emission": 7.153714155811518e-07
    },
    "CatBoost": {
        "MSE": 629.5690942136079,
        "MAE": 18.483103193890404,
        "R2": 0.28570834336799655,
        "emission": 2.27989307692395e-06
    },
    "DNN": {
        "MSE": 725.320209987179,
        "MAE": 19.318225552681223,
        "R2": 0.17707177950410835,
        "emission": 4.5820276915586116e-06
    }
}