{
    "Linear-SVR": {
        "MSE": 541.4030300994974,
        "MAE": 12.582736687703976,
        "R2": -0.08035567854999814,
        "emission": 2.544849445486267e-09
    },
    "RBF-SVR": {
        "MSE": 572.3464082583048,
        "MAE": 12.343243996288047,
        "R2": -0.14210238562188882,
        "emission": 3.5479790723152196e-09
    },
    "DecisionTree": {
        "MSE": 565.1862242182267,
        "MAE": 14.124551228942279,
        "R2": -0.12781442442274327,
        "emission": 1.6146876053718306e-09
    },
    "ExtraTrees": {
        "MSE": 440.6854910340261,
        "MAE": 13.389378210824882,
        "R2": 0.12062355357392673,
        "emission": 1.2335764163812077e-07
    },
    "RandomForest": {
        "MSE": 441.75475085627596,
        "MAE": 13.312998633782186,
        "R2": 0.11848987338266381,
        "emission": 3.4209331494140313e-07
    },
    "KNeighbors": {
        "MSE": 482.73055586854457,
        "MAE": 13.467699530516434,
        "R2": 0.03672371921092532,
        "emission": 5.290478285527547e-09
    },
    "PLS": {
        "MSE": 477.87556581311827,
        "MAE": 14.069132365268583,
        "R2": 0.04641172571269847,
        "emission": 1.9499223313164488e-08
    },
    "PLS-SKLEARN": {
        "MSE": 484.3154025203994,
        "MAE": 14.174700777363089,
        "R2": 0.03356119889838183,
        "emission": 4.31395781198713e-09
    },
    "XGBoost": {
        "MSE": 511.80615979997003,
        "MAE": 14.268160396485541,
        "R2": -0.021295892923150372,
        "emission": 7.169630127002754e-07
    },
    "CatBoost": {
        "MSE": 454.3812680719137,
        "MAE": 12.980061608905963,
        "R2": 0.09329398637088138,
        "emission": 2.3170195218343202e-06
    },
    "DNN": {
        "MSE": 463.36059155819447,
        "MAE": 13.777325590458554,
        "R2": 0.0753759796760205,
        "emission": 4.482108918464401e-06
    }
}