{
    "Linear-SVR": {
        "MSE": 674.5475920710591,
        "MAE": 16.731853237805215,
        "R2": 0.006287345184533555,
        "emission": 2.4480047039333444e-09
    },
    "RBF-SVR": {
        "MSE": 749.8574970632088,
        "MAE": 16.495274188091525,
        "R2": -0.10465576172639612,
        "emission": 3.392170774844271e-09
    },
    "DecisionTree": {
        "MSE": 705.2392373502603,
        "MAE": 17.481380945606297,
        "R2": -0.03892618262216985,
        "emission": 1.4175340927723696e-09
    },
    "ExtraTrees": {
        "MSE": 575.437792627492,
        "MAE": 17.876600606845898,
        "R2": 0.15229136785239694,
        "emission": 1.1637224428375829e-07
    },
    "RandomForest": {
        "MSE": 594.719857683738,
        "MAE": 17.877422226932502,
        "R2": 0.12388591168801055,
        "emission": 3.421110913020885e-07
    },
    "KNeighbors": {
        "MSE": 569.4793258215963,
        "MAE": 17.049107981220658,
        "R2": 0.1610691085750896,
        "emission": 2.3009539049637847e-09
    },
    "PLS": {
        "MSE": 631.946388586342,
        "MAE": 19.379246241703697,
        "R2": 0.06904548932549215,
        "emission": 1.7878273629428056e-08
    },
    "PLS-SKLEARN": {
        "MSE": 648.8726778684181,
        "MAE": 19.709970387725743,
        "R2": 0.04411045426440119,
        "emission": 4.2078080369914404e-09
    },
    "XGBoost": {
        "MSE": 549.1316656969849,
        "MAE": 17.460308304621442,
        "R2": 0.1910443506475279,
        "emission": 6.957324211628253e-07
    },
    "CatBoost": {
        "MSE": 525.928835253426,
        "MAE": 16.578167003032032,
        "R2": 0.2252256990213476,
        "emission": 2.2759953494445427e-06
    },
    "DNN": {
        "MSE": 658.0907296481586,
        "MAE": 17.64114084806022,
        "R2": 0.030530842071067044,
        "emission": 4.1514406015377685e-06
    }
}