{
    "Linear-SVR": {
        "MSE": 724.4888634106591,
        "MAE": 16.397683681234263,
        "R2": 0.008830823394203824,
        "emission": 2.2887050272471463e-09
    },
    "RBF-SVR": {
        "MSE": 805.525848615426,
        "MAE": 17.273825573499245,
        "R2": -0.10203542446210956,
        "emission": 3.1664030366414834e-09
    },
    "DecisionTree": {
        "MSE": 900.1377961706751,
        "MAE": 18.900427006483344,
        "R2": -0.23147350265966504,
        "emission": 1.5469824776231884e-09
    },
    "ExtraTrees": {
        "MSE": 563.8441503026361,
        "MAE": 16.13175532723186,
        "R2": 0.22860796015758844,
        "emission": 1.1832579660693648e-07
    },
    "RandomForest": {
        "MSE": 587.7871911085393,
        "MAE": 16.531846466606858,
        "R2": 0.19585161946063778,
        "emission": 3.690108284854435e-07
    },
    "KNeighbors": {
        "MSE": 586.8553333333333,
        "MAE": 15.964976525821596,
        "R2": 0.19712648888984696,
        "emission": 3.952300362406576e-09
    },
    "PLS": {
        "MSE": 653.3734100377859,
        "MAE": 18.27887024629677,
        "R2": 0.10612347884194462,
        "emission": 1.7918714505431893e-08
    },
    "PLS-SKLEARN": {
        "MSE": 714.7916700313577,
        "MAE": 18.10752410402992,
        "R2": 0.022097499615976512,
        "emission": 3.682501840575564e-09
    },
    "XGBoost": {
        "MSE": 604.2406767937455,
        "MAE": 16.569400003468488,
        "R2": 0.173341697386574,
        "emission": 6.890837363267479e-07
    },
    "CatBoost": {
        "MSE": 587.4883349404466,
        "MAE": 16.314603374146298,
        "R2": 0.19626048291874187,
        "emission": 2.2668691150591315e-06
    },
    "DNN": {
        "MSE": 580.1107091761879,
        "MAE": 16.525620684342485,
        "R2": 0.20635377161284452,
        "emission": 4.0421642046497185e-06
    }
}