{
    "Linear-SVR": {
        "MSE": 533.4497793217062,
        "MAE": 12.721041658764083,
        "R2": -0.13146773494949215,
        "emission": 2.1551041103346984e-09
    },
    "RBF-SVR": {
        "MSE": 572.4266630890088,
        "MAE": 12.48847050964518,
        "R2": -0.21413922175309574,
        "emission": 3.5159070160792405e-09
    },
    "DecisionTree": {
        "MSE": 670.0999064919475,
        "MAE": 16.662023791098235,
        "R2": -0.4213079708316214,
        "emission": 1.577289795545019e-09
    },
    "ExtraTrees": {
        "MSE": 453.10045215645374,
        "MAE": 14.156920352891234,
        "R2": 0.038956313829722644,
        "emission": 1.1440663629616198e-07
    },
    "RandomForest": {
        "MSE": 456.6851458688176,
        "MAE": 14.37388472412972,
        "R2": 0.03135303900903885,
        "emission": 3.355046223720767e-07
    },
    "KNeighbors": {
        "MSE": 489.8693258215962,
        "MAE": 14.700281690140844,
        "R2": -0.039031897648106995,
        "emission": 5.6141452582410555e-09
    },
    "PLS": {
        "MSE": 498.5698530464987,
        "MAE": 15.140632805475985,
        "R2": -0.05748605437218357,
        "emission": 1.87725347534483e-08
    },
    "PLS-SKLEARN": {
        "MSE": 548.0365030593424,
        "MAE": 15.59496127641854,
        "R2": -0.16240674347011264,
        "emission": 4.274588106494313e-09
    },
    "XGBoost": {
        "MSE": 521.9412081537841,
        "MAE": 14.960263096184377,
        "R2": -0.10705760777982487,
        "emission": 7.240890186609632e-07
    },
    "CatBoost": {
        "MSE": 469.67981635898195,
        "MAE": 14.754823082925313,
        "R2": 0.003790837362584898,
        "emission": 2.3100709372135608e-06
    },
    "DNN": {
        "MSE": 497.9869814113852,
        "MAE": 14.126868927198956,
        "R2": -0.0562497609584216,
        "emission": 4.10860705435875e-06
    }
}