{
    "Linear-SVR": {
        "MSE": 519.1654730995056,
        "MAE": 13.227825906295674,
        "R2": -0.16619998382647494,
        "emission": 2.4067768160210186e-09
    },
    "RBF-SVR": {
        "MSE": 542.2413051251813,
        "MAE": 13.21297593059561,
        "R2": -0.21803516226093822,
        "emission": 3.2949029847456017e-09
    },
    "DecisionTree": {
        "MSE": 497.0148614754912,
        "MAE": 14.565466227315586,
        "R2": -0.1164431254524958,
        "emission": 1.583168644765554e-09
    },
    "ExtraTrees": {
        "MSE": 369.42226516781705,
        "MAE": 13.322493413500068,
        "R2": 0.1701677750413979,
        "emission": 1.1801065175516967e-07
    },
    "RandomForest": {
        "MSE": 390.6424341633183,
        "MAE": 13.74105994945971,
        "R2": 0.12250096740181216,
        "emission": 3.3326972685595404e-07
    },
    "KNeighbors": {
        "MSE": 388.45757370892017,
        "MAE": 13.698967136150234,
        "R2": 0.1274088134713327,
        "emission": 4.777457532505154e-09
    },
    "PLS": {
        "MSE": 423.5988899518609,
        "MAE": 14.703208185307366,
        "R2": 0.048470970803386804,
        "emission": 1.8916364667564178e-08
    },
    "PLS-SKLEARN": {
        "MSE": 435.0540223263586,
        "MAE": 14.318531700721397,
        "R2": 0.022739338246787644,
        "emission": 3.997107450427061e-09
    },
    "XGBoost": {
        "MSE": 405.2213403991495,
        "MAE": 13.838604076759356,
        "R2": 0.0897524101548719,
        "emission": 7.064132188089077e-07
    },
    "CatBoost": {
        "MSE": 381.19304447515896,
        "MAE": 13.42142958958197,
        "R2": 0.14372710564192082,
        "emission": 2.2661268146782488e-06
    },
    "DNN": {
        "MSE": 405.0650146319943,
        "MAE": 13.145413002189896,
        "R2": 0.0901035642985395,
        "emission": 4.503514994330468e-06
    }
}