{
    "Linear-SVR": {
        "MSE": 711.9238098520791,
        "MAE": 16.39619463915141,
        "R2": -0.3458453123426506,
        "emission": 2.461824543963083e-09
    },
    "RBF-SVR": {
        "MSE": 753.5531504022878,
        "MAE": 16.37895772795613,
        "R2": -0.424542852809874,
        "emission": 3.240195249495038e-09
    },
    "DecisionTree": {
        "MSE": 822.2820199595571,
        "MAE": 18.82270552827118,
        "R2": -0.554470277115966,
        "emission": 1.5098466703394373e-09
    },
    "ExtraTrees": {
        "MSE": 550.5588132249984,
        "MAE": 16.72865877898673,
        "R2": -0.04079535997223105,
        "emission": 1.1703037591748157e-07
    },
    "RandomForest": {
        "MSE": 523.4874233987858,
        "MAE": 16.389594563880717,
        "R2": 0.010381328589117556,
        "emission": 3.329951621669894e-07
    },
    "KNeighbors": {
        "MSE": 548.4234854460094,
        "MAE": 16.944413145539905,
        "R2": -0.03675866272752959,
        "emission": 3.816640289672876e-09
    },
    "PLS": {
        "MSE": 557.9722242221821,
        "MAE": 17.453087058999724,
        "R2": -0.05480992768433257,
        "emission": 1.8609103337383332e-08
    },
    "PLS-SKLEARN": {
        "MSE": 546.3733093095381,
        "MAE": 17.26213576784223,
        "R2": -0.03288293908328166,
        "emission": 4.319148286610598e-09
    },
    "XGBoost": {
        "MSE": 595.1035556925815,
        "MAE": 17.657678017775776,
        "R2": -0.12500427672690972,
        "emission": 7.015472128873922e-07
    },
    "CatBoost": {
        "MSE": 544.8995754024747,
        "MAE": 16.65688142204223,
        "R2": -0.03009694170123911,
        "emission": 2.264984863544715e-06
    },
    "DNN": {
        "MSE": 512.1950183201103,
        "MAE": 16.96203070561371,
        "R2": 0.03172888043369981,
        "emission": 4.430859794506133e-06
    }
}