{
    "Linear-SVR": {
        "MSE": 258.47215066786214,
        "MAE": 6.009952519807453,
        "R2": -0.12501590572951193,
        "emission": 2.584278091333656e-09
    },
    "RBF-SVR": {
        "MSE": 258.00414416639893,
        "MAE": 5.989624028407515,
        "R2": -0.12297887869673318,
        "emission": 3.0968800887061534e-09
    },
    "DecisionTree": {
        "MSE": 514.9889026368008,
        "MAE": 10.839937498679571,
        "R2": -1.2415208185623134,
        "emission": 1.5285822239044634e-09
    },
    "ExtraTrees": {
        "MSE": 248.34483296749846,
        "MAE": 9.133443471629798,
        "R2": -0.08093613363087027,
        "emission": 1.1963790458990794e-07
    },
    "RandomForest": {
        "MSE": 254.65044625434885,
        "MAE": 9.432156712146684,
        "R2": -0.10838170262062863,
        "emission": 3.4722793426408056e-07
    },
    "KNeighbors": {
        "MSE": 275.40904976525826,
        "MAE": 9.251737089201878,
        "R2": -0.19873479896064872,
        "emission": 5.306313185482396e-09
    },
    "PLS": {
        "MSE": 261.09246237568806,
        "MAE": 9.705403152422935,
        "R2": -0.1364209733225057,
        "emission": 1.8480992852860113e-08
    },
    "PLS-SKLEARN": {
        "MSE": 252.1923428558356,
        "MAE": 9.590705325535392,
        "R2": -0.0976826566533564,
        "emission": 4.02449691663031e-09
    },
    "XGBoost": {
        "MSE": 289.6215360551789,
        "MAE": 9.729304831158675,
        "R2": -0.26059551817085747,
        "emission": 7.093033409919895e-07
    },
    "CatBoost": {
        "MSE": 230.172961099841,
        "MAE": 8.76868940729292,
        "R2": -0.0018419455910010374,
        "emission": 2.280240983971644e-06
    },
    "DNN": {
        "MSE": 329.9305994970285,
        "MAE": 9.026688094991544,
        "R2": -0.436043191740199,
        "emission": 4.335884085129284e-06
    }
}