{
    "Linear-SVR": {
        "MSE": 457.84807313102453,
        "MAE": 10.242686914396314,
        "R2": -0.12605856225309586,
        "emission": 2.5423209837868165e-09
    },
    "RBF-SVR": {
        "MSE": 478.0327577379524,
        "MAE": 10.016180276097426,
        "R2": -0.17570196639057478,
        "emission": 3.3408505351593813e-09
    },
    "DecisionTree": {
        "MSE": 573.66588258375,
        "MAE": 14.85968205611236,
        "R2": -0.4109077156060177,
        "emission": 1.5164797003744343e-09
    },
    "ExtraTrees": {
        "MSE": 367.6632563363691,
        "MAE": 12.613677568657675,
        "R2": 0.09574729671310866,
        "emission": 1.1684578991188112e-07
    },
    "RandomForest": {
        "MSE": 362.10502220020436,
        "MAE": 12.628007809974754,
        "R2": 0.10941754566104867,
        "emission": 3.3880331599711294e-07
    },
    "KNeighbors": {
        "MSE": 412.86438497652586,
        "MAE": 12.651737089201877,
        "R2": -0.01542302574926424,
        "emission": 5.8299499716212775e-09
    },
    "PLS": {
        "MSE": 419.253087345836,
        "MAE": 13.990594014056686,
        "R2": -0.03113577726408745,
        "emission": 1.9262058134673447e-08
    },
    "PLS-SKLEARN": {
        "MSE": 411.1798991455583,
        "MAE": 13.698942339938574,
        "R2": -0.01128010191869433,
        "emission": 4.2385162276686195e-09
    },
    "XGBoost": {
        "MSE": 335.65345691035117,
        "MAE": 12.582062533109541,
        "R2": 0.17447408587086632,
        "emission": 7.192551901297194e-07
    },
    "CatBoost": {
        "MSE": 371.77892847818504,
        "MAE": 12.80377098895767,
        "R2": 0.08562496983942525,
        "emission": 2.278936185404373e-06
    },
    "DNN": {
        "MSE": 439.25764410022475,
        "MAE": 12.971563557059692,
        "R2": -0.08033616433421287,
        "emission": 4.198207032725341e-06
    }
}