{
    "Linear-SVR": {
        "MSE": 1298.9525473680228,
        "MAE": 22.679726289421616,
        "R2": -0.0004705025719731193,
        "emission": 2.3645252914231773e-09
    },
    "RBF-SVR": {
        "MSE": 1553.5686409598568,
        "MAE": 23.858365100896265,
        "R2": -0.1965791992559962,
        "emission": 3.3044199215248203e-09
    },
    "DecisionTree": {
        "MSE": 1107.895614090119,
        "MAE": 20.602315140564954,
        "R2": 0.14668408474818118,
        "emission": 1.5985443408809226e-09
    },
    "ExtraTrees": {
        "MSE": 991.4554837786941,
        "MAE": 23.43299289085615,
        "R2": 0.23636781948372843,
        "emission": 1.1844219306958845e-07
    },
    "RandomForest": {
        "MSE": 937.5936501569747,
        "MAE": 23.16856777246712,
        "R2": 0.2778529190450306,
        "emission": 3.32875234597333e-07
    },
    "KNeighbors": {
        "MSE": 853.9667699530518,
        "MAE": 20.06450704225352,
        "R2": 0.34226345277520587,
        "emission": 3.837809999199135e-09
    },
    "PLS": {
        "MSE": 766.9343770746314,
        "MAE": 20.855718769911174,
        "R2": 0.40929695759379625,
        "emission": 1.840203372543587e-08
    },
    "PLS-SKLEARN": {
        "MSE": 831.9888585092456,
        "MAE": 21.789201833432852,
        "R2": 0.3591911320443373,
        "emission": 4.178969455464454e-09
    },
    "XGBoost": {
        "MSE": 810.2179436259349,
        "MAE": 20.690952627406297,
        "R2": 0.3759593798135811,
        "emission": 7.028020310116436e-07
    },
    "CatBoost": {
        "MSE": 823.5014688884081,
        "MAE": 21.348567914213167,
        "R2": 0.36572823224610274,
        "emission": 2.315956125772412e-06
    },
    "DNN": {
        "MSE": 789.486967178586,
        "MAE": 20.29844072483515,
        "R2": 0.39192665318866504,
        "emission": 4.235503528190473e-06
    }
}