{
    "Linear-SVR": {
        "MSE": 628.977958514169,
        "MAE": 13.88247526218311,
        "R2": -0.27547827444858264,
        "emission": 2.5652330403054643e-09
    },
    "RBF-SVR": {
        "MSE": 661.4098483672658,
        "MAE": 13.918333330944801,
        "R2": -0.34124555666726875,
        "emission": 3.226633529039519e-09
    },
    "DecisionTree": {
        "MSE": 582.5040379915777,
        "MAE": 16.755471558495454,
        "R2": -0.18123574153845667,
        "emission": 1.4567656450853707e-09
    },
    "ExtraTrees": {
        "MSE": 493.17161473665334,
        "MAE": 16.71925122525618,
        "R2": -8.223127131667951e-05,
        "emission": 1.1418882753692006e-07
    },
    "RandomForest": {
        "MSE": 493.1378939101578,
        "MAE": 16.89403323231465,
        "R2": -1.3850208022914146e-05,
        "emission": 3.455005140654357e-07
    },
    "KNeighbors": {
        "MSE": 529.4245934272301,
        "MAE": 16.674553990610328,
        "R2": -0.07359814081623983,
        "emission": 3.02960197511757e-09
    },
    "PLS": {
        "MSE": 536.5410689321553,
        "MAE": 17.27539626367191,
        "R2": -0.08802934587566669,
        "emission": 1.7901665160766317e-08
    },
    "PLS-SKLEARN": {
        "MSE": 535.2808555502039,
        "MAE": 17.67149649817933,
        "R2": -0.08547381150742672,
        "emission": 4.042435845483778e-09
    },
    "XGBoost": {
        "MSE": 509.93302995169716,
        "MAE": 16.424380128346208,
        "R2": -0.034072008919969754,
        "emission": 6.905538480433466e-07
    },
    "CatBoost": {
        "MSE": 457.92101569540995,
        "MAE": 16.293371276029315,
        "R2": 0.07140099422137935,
        "emission": 2.2639459689893264e-06
    },
    "DNN": {
        "MSE": 569.4417157979988,
        "MAE": 17.269460692755143,
        "R2": -0.1547472009684263,
        "emission": 4.30303492024477e-06
    }
}