{
    "Linear-SVR": {
        "MSE": 610.4330767399097,
        "MAE": 14.055186188059896,
        "R2": -0.00705976031104516,
        "emission": 2.242699757201662e-09
    },
    "RBF-SVR": {
        "MSE": 704.8283160392898,
        "MAE": 13.881166956170087,
        "R2": -0.1627879649015065,
        "emission": 3.090740836265606e-09
    },
    "DecisionTree": {
        "MSE": 705.189442597322,
        "MAE": 16.872669841895195,
        "R2": -0.16338373213436364,
        "emission": 1.487776216262964e-09
    },
    "ExtraTrees": {
        "MSE": 477.37774534391923,
        "MAE": 15.563383561365747,
        "R2": 0.21244779137564795,
        "emission": 1.1737187126758426e-07
    },
    "RandomForest": {
        "MSE": 486.1071120982406,
        "MAE": 15.760618170498665,
        "R2": 0.19804655014831574,
        "emission": 3.3098080338266055e-07
    },
    "KNeighbors": {
        "MSE": 523.9943924882629,
        "MAE": 15.32131455399061,
        "R2": 0.1355421463696358,
        "emission": 3.839858356614212e-09
    },
    "PLS": {
        "MSE": 526.98150804493,
        "MAE": 16.90510066829132,
        "R2": 0.13061416328493092,
        "emission": 1.7502661369453695e-08
    },
    "PLS-SKLEARN": {
        "MSE": 523.8142995708622,
        "MAE": 16.967765621529466,
        "R2": 0.1358392540086908,
        "emission": 3.8698249301557035e-09
    },
    "XGBoost": {
        "MSE": 555.1605118346313,
        "MAE": 16.55288872926588,
        "R2": 0.0841259537111374,
        "emission": 6.912108956691685e-07
    },
    "CatBoost": {
        "MSE": 456.5468186943476,
        "MAE": 14.75296161716617,
        "R2": 0.2468135372667618,
        "emission": 2.2513797075167315e-06
    },
    "DNN": {
        "MSE": 515.2070380031245,
        "MAE": 16.213046629464543,
        "R2": 0.15003905264613193,
        "emission": 4.274103436471739e-06
    }
}