{
    "Linear-SVR": {
        "MSE": 405.54197343336534,
        "MAE": 14.453460293257587,
        "R2": -0.04534223782943814,
        "emission": 2.260118544192332e-09
    },
    "RBF-SVR": {
        "MSE": 398.47114469462343,
        "MAE": 14.451364571615299,
        "R2": -0.027116168960441778,
        "emission": 3.2588231648541007e-09
    },
    "DecisionTree": {
        "MSE": 661.693808704177,
        "MAE": 18.098130563167846,
        "R2": -0.7056101021867747,
        "emission": 1.5072413511906025e-09
    },
    "ExtraTrees": {
        "MSE": 387.5609976420307,
        "MAE": 14.480461159377224,
        "R2": 0.0010062900749346904,
        "emission": 1.1562155842271858e-07
    },
    "RandomForest": {
        "MSE": 388.2508030396433,
        "MAE": 14.588848899302675,
        "R2": -0.0007717816543673095,
        "emission": 3.360051391317285e-07
    },
    "KNeighbors": {
        "MSE": 418.8487323943662,
        "MAE": 14.985915492957746,
        "R2": -0.07964230564433006,
        "emission": 5.452296758897525e-09
    },
    "PLS": {
        "MSE": 383.26091100875766,
        "MAE": 14.510444179152344,
        "R2": 0.012090376257260949,
        "emission": 1.766955881382857e-08
    },
    "PLS-SKLEARN": {
        "MSE": 383.26091100875766,
        "MAE": 14.510444179152344,
        "R2": 0.012090376257260949,
        "emission": 3.817770906182802e-09
    },
    "XGBoost": {
        "MSE": 457.5717675478258,
        "MAE": 16.173080556941144,
        "R2": -0.1794564478899947,
        "emission": 6.82097418930138e-07
    },
    "CatBoost": {
        "MSE": 383.9894232302539,
        "MAE": 14.49039587437827,
        "R2": 0.010212532172571787,
        "emission": 2.2861670386988834e-06
    },
    "DNN": {
        "MSE": 393.3787032062271,
        "MAE": 14.55852281498797,
        "R2": -0.013989675205855479,
        "emission": 3.952147054755251e-06
    }
}