{
    "Linear-SVR": {
        "MSE": 643.9279455692143,
        "MAE": 12.488787037154237,
        "R2": -0.2097516305972842,
        "emission": 2.5672950912322334e-09
    },
    "RBF-SVR": {
        "MSE": 656.0379903362957,
        "MAE": 12.282413520954435,
        "R2": -0.23250285067460608,
        "emission": 3.0373407007453017e-09
    },
    "DecisionTree": {
        "MSE": 637.167529743414,
        "MAE": 14.993656949750031,
        "R2": -0.19705079329855812,
        "emission": 1.4948317564969462e-09
    },
    "ExtraTrees": {
        "MSE": 485.23774619182757,
        "MAE": 14.629664794720835,
        "R2": 0.08838068184164949,
        "emission": 1.1599670140345469e-07
    },
    "RandomForest": {
        "MSE": 482.05568116735185,
        "MAE": 14.519648053367348,
        "R2": 0.09435884815437756,
        "emission": 3.4659823529253373e-07
    },
    "KNeighbors": {
        "MSE": 513.5057615023475,
        "MAE": 13.36225352112676,
        "R2": 0.03527337713316847,
        "emission": 3.0841026247390445e-09
    },
    "PLS": {
        "MSE": 478.8939299697992,
        "MAE": 14.471645539997988,
        "R2": 0.1002988507479925,
        "emission": 1.7432101676368993e-08
    },
    "PLS-SKLEARN": {
        "MSE": 506.18368070903296,
        "MAE": 15.546179267702778,
        "R2": 0.04902941806915728,
        "emission": 3.8232723145090686e-09
    },
    "XGBoost": {
        "MSE": 502.1352735831133,
        "MAE": 14.626620619483466,
        "R2": 0.05663518693755709,
        "emission": 7.372940066044449e-07
    },
    "CatBoost": {
        "MSE": 453.8869620639308,
        "MAE": 13.591339372416988,
        "R2": 0.14727960443104016,
        "emission": 2.2672783431885955e-06
    },
    "DNN": {
        "MSE": 545.9794125462648,
        "MAE": 14.271858093013961,
        "R2": -0.025735082853918012,
        "emission": 4.185780944278319e-06
    }
}