{
    "Linear-SVR": {
        "MSE": 612.777045978272,
        "MAE": 11.157801682161821,
        "R2": -0.10817003506057032,
        "emission": 2.457823785722643e-09
    },
    "RBF-SVR": {
        "MSE": 646.15675281621,
        "MAE": 11.006487549993103,
        "R2": -0.1685352056224927,
        "emission": 3.1510979646789236e-09
    },
    "DecisionTree": {
        "MSE": 827.9198891762393,
        "MAE": 16.303873219511168,
        "R2": -0.4972427877925254,
        "emission": 1.5109531153441557e-09
    },
    "ExtraTrees": {
        "MSE": 502.1659565927058,
        "MAE": 13.919273336252996,
        "R2": 0.09186339570673863,
        "emission": 1.174735456030229e-07
    },
    "RandomForest": {
        "MSE": 490.7525045589459,
        "MAE": 13.861421906947154,
        "R2": 0.11250392985113011,
        "emission": 3.350948625871883e-07
    },
    "KNeighbors": {
        "MSE": 557.4391661971832,
        "MAE": 13.971830985915492,
        "R2": -0.008094843635463977,
        "emission": 4.527699000671147e-09
    },
    "PLS": {
        "MSE": 492.87200340941826,
        "MAE": 14.657391635178426,
        "R2": 0.1086709450308696,
        "emission": 1.844652064874702e-08
    },
    "PLS-SKLEARN": {
        "MSE": 487.3600912958128,
        "MAE": 14.301549432107553,
        "R2": 0.11863890300232649,
        "emission": 4.40616061057694e-09
    },
    "XGBoost": {
        "MSE": 541.2690726715206,
        "MAE": 14.688824851648278,
        "R2": 0.02114778747624646,
        "emission": 7.248239682640153e-07
    },
    "CatBoost": {
        "MSE": 512.4885679015367,
        "MAE": 14.185499302368449,
        "R2": 0.07319558069783683,
        "emission": 2.2501824223831114e-06
    },
    "DNN": {
        "MSE": 491.9578564469619,
        "MAE": 14.234096945797752,
        "R2": 0.11032412423868165,
        "emission": 4.502704536305136e-06
    }
}