{
    "Linear-SVR": {
        "MSE": 701.8896943232055,
        "MAE": 12.714803793165723,
        "R2": -0.22661094204717047,
        "emission": 2.5252329673294658e-09
    },
    "RBF-SVR": {
        "MSE": 708.3910627185134,
        "MAE": 12.627284790840882,
        "R2": -0.237972627047623,
        "emission": 3.2991544045271304e-09
    },
    "DecisionTree": {
        "MSE": 646.9604167181911,
        "MAE": 13.95424601859523,
        "R2": -0.13061743552614202,
        "emission": 1.542139919200794e-09
    },
    "ExtraTrees": {
        "MSE": 492.28063398323434,
        "MAE": 14.262381483339446,
        "R2": 0.13969842115433717,
        "emission": 1.1760043084132772e-07
    },
    "RandomForest": {
        "MSE": 511.16229623484213,
        "MAE": 14.508512349278396,
        "R2": 0.10670113723753383,
        "emission": 3.4125046673598736e-07
    },
    "KNeighbors": {
        "MSE": 514.5404525821597,
        "MAE": 14.506948356807511,
        "R2": 0.10079752649487816,
        "emission": 3.930951601759006e-09
    },
    "PLS": {
        "MSE": 538.3344190212728,
        "MAE": 14.91837213300778,
        "R2": 0.059215580179137306,
        "emission": 1.9115981263592336e-08
    },
    "PLS-SKLEARN": {
        "MSE": 538.3344190212728,
        "MAE": 14.918372133007777,
        "R2": 0.059215580179137306,
        "emission": 3.907678797851897e-09
    },
    "XGBoost": {
        "MSE": 544.0077435269444,
        "MAE": 16.117280257977722,
        "R2": 0.049300971127708704,
        "emission": 7.327337827383834e-07
    },
    "CatBoost": {
        "MSE": 480.2326727900206,
        "MAE": 14.291537883673902,
        "R2": 0.16075324094793086,
        "emission": 2.2653123697676037e-06
    },
    "DNN": {
        "MSE": 518.6379304884598,
        "MAE": 13.514800582665233,
        "R2": 0.093636841168802,
        "emission": 4.484596744580097e-06
    }
}