{
    "Linear-SVR": {
        "MSE": 326.19819445761226,
        "MAE": 8.20115826126256,
        "R2": -0.17899646183196416,
        "emission": 2.6564963876688714e-09
    },
    "RBF-SVR": {
        "MSE": 333.93883933083146,
        "MAE": 8.14626021196287,
        "R2": -0.20697390950912808,
        "emission": 3.0151852688968877e-09
    },
    "DecisionTree": {
        "MSE": 269.5570881651738,
        "MAE": 10.168290544957507,
        "R2": 0.02572467104883347,
        "emission": 1.4828815811668338e-09
    },
    "ExtraTrees": {
        "MSE": 278.2403788449457,
        "MAE": 10.958467756568371,
        "R2": -0.005659834329965863,
        "emission": 1.1501541329187735e-07
    },
    "RandomForest": {
        "MSE": 258.37524874870036,
        "MAE": 10.807449187274592,
        "R2": 0.06613982150886621,
        "emission": 3.4498813306549934e-07
    },
    "KNeighbors": {
        "MSE": 298.2630478873239,
        "MAE": 10.717652582159623,
        "R2": -0.07802889203320773,
        "emission": 3.124807012175143e-09
    },
    "PLS": {
        "MSE": 316.7782690093072,
        "MAE": 12.691688795696667,
        "R2": -0.14494949602107376,
        "emission": 1.8579854952445984e-08
    },
    "PLS-SKLEARN": {
        "MSE": 316.62393391542554,
        "MAE": 12.572299271191337,
        "R2": -0.1443916740198652,
        "emission": 4.2863502442706165e-09
    },
    "XGBoost": {
        "MSE": 291.60693087397794,
        "MAE": 11.81724198618051,
        "R2": -0.05397131433470781,
        "emission": 6.970413295346025e-07
    },
    "CatBoost": {
        "MSE": 256.1135655574403,
        "MAE": 10.471642900711325,
        "R2": 0.07431435014080467,
        "emission": 2.271321979791025e-06
    },
    "DNN": {
        "MSE": 327.73162418295067,
        "MAE": 12.031760912790824,
        "R2": -0.184538823044748,
        "emission": 4.29837258645002e-06
    }
}