{
    "Linear-SVR": {
        "MSE": 348.64941542627713,
        "MAE": 11.088766033125156,
        "R2": -0.12977737811104273,
        "emission": 2.3640872002231193e-09
    },
    "RBF-SVR": {
        "MSE": 383.92726001918135,
        "MAE": 10.775646016627988,
        "R2": -0.24409310332414824,
        "emission": 3.3171631647571804e-09
    },
    "DecisionTree": {
        "MSE": 375.85436792068356,
        "MAE": 14.05588943745735,
        "R2": -0.21793338394626582,
        "emission": 1.5359508001705366e-09
    },
    "ExtraTrees": {
        "MSE": 315.4059512421218,
        "MAE": 13.657913478369686,
        "R2": -0.02205393977002812,
        "emission": 1.1933175474712722e-07
    },
    "RandomForest": {
        "MSE": 309.23186111920216,
        "MAE": 13.466847255834672,
        "R2": -0.0020471735382103784,
        "emission": 3.348347333149503e-07
    },
    "KNeighbors": {
        "MSE": 402.696082629108,
        "MAE": 14.256525821596245,
        "R2": -0.30491233966948483,
        "emission": 3.0165685350877893e-09
    },
    "PLS": {
        "MSE": 365.9346174940594,
        "MAE": 14.437885981421882,
        "R2": -0.18578903167536098,
        "emission": 1.8219194905200184e-08
    },
    "PLS-SKLEARN": {
        "MSE": 321.4930815266836,
        "MAE": 14.081169733627064,
        "R2": -0.041778917896563295,
        "emission": 4.073025256289155e-09
    },
    "XGBoost": {
        "MSE": 401.2450878084808,
        "MAE": 14.633319529390153,
        "R2": -0.3002104785689963,
        "emission": 6.971986560286393e-07
    },
    "CatBoost": {
        "MSE": 313.33341164569697,
        "MAE": 14.369384851118495,
        "R2": -0.015338000354448544,
        "emission": 2.2876662181285e-06
    },
    "DNN": {
        "MSE": 311.33929607970526,
        "MAE": 13.839674491613684,
        "R2": -0.008876189273990809,
        "emission": 4.204003600543519e-06
    }
}