{
    "Linear-SVR": {
        "MSE": 461.09273889522535,
        "MAE": 9.411141343560674,
        "R2": -0.12426781659612574,
        "emission": 2.4629539546682878e-09
    },
    "RBF-SVR": {
        "MSE": 477.0008129681946,
        "MAE": 9.194466272102733,
        "R2": -0.1630559695978815,
        "emission": 2.9834428358050772e-09
    },
    "DecisionTree": {
        "MSE": 518.6606662771874,
        "MAE": 12.085934625516945,
        "R2": -0.2646338700255413,
        "emission": 1.599712548696165e-09
    },
    "ExtraTrees": {
        "MSE": 389.0032007401755,
        "MAE": 11.283008528059318,
        "R2": 0.05150582029781281,
        "emission": 1.1479280539357483e-07
    },
    "RandomForest": {
        "MSE": 394.82912381196724,
        "MAE": 11.510575626954392,
        "R2": 0.03730065665269933,
        "emission": 3.5208227399647333e-07
    },
    "KNeighbors": {
        "MSE": 400.0376769953051,
        "MAE": 10.846854460093896,
        "R2": 0.024600806446672285,
        "emission": 4.587730799755646e-09
    },
    "PLS": {
        "MSE": 406.82051164442385,
        "MAE": 12.076903494857282,
        "R2": 0.008062435620082353,
        "emission": 1.7937460158162202e-08
    },
    "PLS-SKLEARN": {
        "MSE": 408.36280833090984,
        "MAE": 11.848334016220287,
        "R2": 0.004301902473510588,
        "emission": 3.870958905514407e-09
    },
    "XGBoost": {
        "MSE": 410.95393145917217,
        "MAE": 12.21687421225396,
        "R2": -0.002015950956415491,
        "emission": 7.085178983504238e-07
    },
    "CatBoost": {
        "MSE": 411.9059591365425,
        "MAE": 11.640079056018307,
        "R2": -0.00433724987936257,
        "emission": 2.2726664480585445e-06
    },
    "DNN": {
        "MSE": 404.4462871715121,
        "MAE": 11.793392917604793,
        "R2": 0.013851431930597013,
        "emission": 4.36942952797267e-06
    }
}