{
    "Linear-SVR": {
        "MSE": 567.5340056484224,
        "MAE": 13.888192990827397,
        "R2": -0.05768704952403092,
        "emission": 2.3935261567758485e-09
    },
    "RBF-SVR": {
        "MSE": 653.4237018800908,
        "MAE": 14.2175084488804,
        "R2": -0.2177557299689965,
        "emission": 3.309824580029047e-09
    },
    "DecisionTree": {
        "MSE": 562.1124898845836,
        "MAE": 14.97060874016026,
        "R2": -0.047583219700386925,
        "emission": 1.5519767203451251e-09
    },
    "ExtraTrees": {
        "MSE": 419.36387694888697,
        "MAE": 14.280870154736753,
        "R2": 0.21845081127737354,
        "emission": 1.1872752183251156e-07
    },
    "RandomForest": {
        "MSE": 435.22142618708705,
        "MAE": 14.587489664672312,
        "R2": 0.1888978253778395,
        "emission": 3.409374748423633e-07
    },
    "KNeighbors": {
        "MSE": 468.7972863849766,
        "MAE": 14.928920187793429,
        "R2": 0.12632403745589293,
        "emission": 3.591701973082704e-09
    },
    "PLS": {
        "MSE": 494.766387420495,
        "MAE": 16.719744685258306,
        "R2": 0.07792661707283255,
        "emission": 1.7682800451293426e-08
    },
    "PLS-SKLEARN": {
        "MSE": 465.1059739297773,
        "MAE": 16.20027455609782,
        "R2": 0.13320336687184642,
        "emission": 3.943720254547625e-09
    },
    "XGBoost": {
        "MSE": 402.6216830611755,
        "MAE": 14.584554551571538,
        "R2": 0.24965246876293845,
        "emission": 6.893120488299672e-07
    },
    "CatBoost": {
        "MSE": 377.5526621537304,
        "MAE": 13.76520889915541,
        "R2": 0.29637245116779465,
        "emission": 2.2772361159647996e-06
    },
    "DNN": {
        "MSE": 484.28104521007543,
        "MAE": 15.481975849114463,
        "R2": 0.0974676675744982,
        "emission": 4.298763797695598e-06
    }
}