{
    "Linear-SVR": {
        "MSE": 789.9336248204236,
        "MAE": 19.82114607876504,
        "R2": -0.0029453812001278834,
        "emission": 2.3488656880332515e-09
    },
    "RBF-SVR": {
        "MSE": 932.5169067287305,
        "MAE": 20.71772956543622,
        "R2": -0.18397735595471731,
        "emission": 3.3292504861143685e-09
    },
    "DecisionTree": {
        "MSE": 870.5477161611007,
        "MAE": 20.761746691704676,
        "R2": -0.10529769034275671,
        "emission": 1.5888539045923117e-09
    },
    "ExtraTrees": {
        "MSE": 627.0818430724969,
        "MAE": 19.043983839455855,
        "R2": 0.20382065228961588,
        "emission": 1.2037896239462327e-07
    },
    "RandomForest": {
        "MSE": 669.4901934064903,
        "MAE": 19.533055305199884,
        "R2": 0.1499765598806304,
        "emission": 3.2449731273435413e-07
    },
    "KNeighbors": {
        "MSE": 576.4940638497652,
        "MAE": 17.99032863849765,
        "R2": 0.26804982031388436,
        "emission": 3.762882768486323e-09
    },
    "PLS": {
        "MSE": 625.8691516135696,
        "MAE": 19.734423216212253,
        "R2": 0.20536035544863562,
        "emission": 1.7989548542783347e-08
    },
    "PLS-SKLEARN": {
        "MSE": 618.2098624207965,
        "MAE": 19.413868397938124,
        "R2": 0.21508503164647952,
        "emission": 3.860436586885327e-09
    },
    "XGBoost": {
        "MSE": 621.1306608303993,
        "MAE": 18.796349161667443,
        "R2": 0.2113766171895134,
        "emission": 6.852258574651777e-07
    },
    "CatBoost": {
        "MSE": 592.0917357604707,
        "MAE": 18.28728074744085,
        "R2": 0.24824611464953406,
        "emission": 2.2774831615513236e-06
    },
    "DNN": {
        "MSE": 598.1978861999985,
        "MAE": 18.18578516051803,
        "R2": 0.24049339317039742,
        "emission": 4.139493377319791e-06
    }
}