{
    "Linear-SVR": {
        "MSE": 997.3468792760827,
        "MAE": 18.496641198180882,
        "R2": -0.1852125274553189,
        "emission": 2.4271431985051152e-09
    },
    "RBF-SVR": {
        "MSE": 1027.4669194899943,
        "MAE": 18.532653759657833,
        "R2": -0.2210061412227753,
        "emission": 3.269288536198033e-09
    },
    "DecisionTree": {
        "MSE": 960.2907430160968,
        "MAE": 19.84704900345289,
        "R2": -0.14117629710554813,
        "emission": 1.6276478171830512e-09
    },
    "ExtraTrees": {
        "MSE": 750.7104268078774,
        "MAE": 18.721077509126573,
        "R2": 0.10788170010634068,
        "emission": 1.195501007912543e-07
    },
    "RandomForest": {
        "MSE": 689.4567255374832,
        "MAE": 18.125594693618403,
        "R2": 0.18067347958367985,
        "emission": 3.3109498602275386e-07
    },
    "KNeighbors": {
        "MSE": 719.0183643192488,
        "MAE": 18.481971830985916,
        "R2": 0.14554345075991815,
        "emission": 2.299241925236081e-09
    },
    "PLS": {
        "MSE": 799.611177647981,
        "MAE": 20.258476362980236,
        "R2": 0.04976973956185071,
        "emission": 1.9030609847508733e-08
    },
    "PLS-SKLEARN": {
        "MSE": 895.8594129513821,
        "MAE": 20.97814975100484,
        "R2": -0.06460833350121287,
        "emission": 3.977800271537543e-09
    },
    "XGBoost": {
        "MSE": 707.9365892951764,
        "MAE": 18.448043199939907,
        "R2": 0.15871264881717329,
        "emission": 7.232466741297364e-07
    },
    "CatBoost": {
        "MSE": 652.2438993607518,
        "MAE": 17.35137685094027,
        "R2": 0.22489591480971938,
        "emission": 2.262781906978244e-06
    },
    "DNN": {
        "MSE": 740.4169841258739,
        "MAE": 20.23983127231329,
        "R2": 0.12011407128116103,
        "emission": 4.43657655556216e-06
    }
}