{
    "Linear-SVR": {
        "MSE": 553.7418110807604,
        "MAE": 11.163350879801875,
        "R2": -0.07804575472047515,
        "emission": 2.5757725392586644e-09
    },
    "RBF-SVR": {
        "MSE": 598.0760945151151,
        "MAE": 11.115482660356548,
        "R2": -0.16435743480057985,
        "emission": 3.122149729036844e-09
    },
    "DecisionTree": {
        "MSE": 487.2665613615914,
        "MAE": 11.673460208052811,
        "R2": 0.05137080606597744,
        "emission": 1.4511161821464867e-09
    },
    "ExtraTrees": {
        "MSE": 343.5993135305199,
        "MAE": 10.845821132915095,
        "R2": 0.3310677036406354,
        "emission": 1.1805245073488709e-07
    },
    "RandomForest": {
        "MSE": 360.7451594892157,
        "MAE": 11.790076902022365,
        "R2": 0.2976875143954215,
        "emission": 3.3462429311883875e-07
    },
    "KNeighbors": {
        "MSE": 422.6251774647887,
        "MAE": 11.757464788732394,
        "R2": 0.17721712667015022,
        "emission": 3.8019437315343486e-09
    },
    "PLS": {
        "MSE": 395.9758009918708,
        "MAE": 12.7773856073722,
        "R2": 0.22909915290996907,
        "emission": 1.9069030991164636e-08
    },
    "PLS-SKLEARN": {
        "MSE": 467.48756371043044,
        "MAE": 13.384922250377155,
        "R2": 0.0898773158215691,
        "emission": 4.0826968951463145e-09
    },
    "XGBoost": {
        "MSE": 450.7864386232029,
        "MAE": 13.060511388222167,
        "R2": 0.12239170545055711,
        "emission": 7.335417224103835e-07
    },
    "CatBoost": {
        "MSE": 338.33928603422976,
        "MAE": 11.172121209948298,
        "R2": 0.34130812652114906,
        "emission": 2.301924023233984e-06
    },
    "DNN": {
        "MSE": 404.23539927525223,
        "MAE": 12.903663920908468,
        "R2": 0.21301905079935346,
        "emission": 4.282180056255706e-06
    }
}