{
    "Linear-SVR": {
        "MSE": 424.5040652779083,
        "MAE": 10.906874092083486,
        "R2": -0.09409250990220897,
        "emission": 2.580523361344929e-09
    },
    "RBF-SVR": {
        "MSE": 458.50227864496867,
        "MAE": 11.226317539906153,
        "R2": -0.18171756143288453,
        "emission": 3.3993301802593936e-09
    },
    "DecisionTree": {
        "MSE": 506.21620758213874,
        "MAE": 13.993413435696922,
        "R2": -0.3046927141772715,
        "emission": 1.5221152364932778e-09
    },
    "ExtraTrees": {
        "MSE": 310.96651510906406,
        "MAE": 11.95839441426861,
        "R2": 0.19853268121593914,
        "emission": 1.1837010696156458e-07
    },
    "RandomForest": {
        "MSE": 304.9948595583061,
        "MAE": 12.043452636135479,
        "R2": 0.21392368484631186,
        "emission": 3.345689865257034e-07
    },
    "KNeighbors": {
        "MSE": 303.1150103286385,
        "MAE": 10.924788732394367,
        "R2": 0.21876870078409394,
        "emission": 3.953222885678572e-09
    },
    "PLS": {
        "MSE": 333.59523017177105,
        "MAE": 12.291667885767849,
        "R2": 0.14021072464619255,
        "emission": 1.8831868332280415e-08
    },
    "PLS-SKLEARN": {
        "MSE": 327.2479252394706,
        "MAE": 12.156684009603143,
        "R2": 0.15656990551752048,
        "emission": 4.175283729883117e-09
    },
    "XGBoost": {
        "MSE": 351.52949230068015,
        "MAE": 12.648891403755181,
        "R2": 0.09398798269667419,
        "emission": 7.066018781618678e-07
    },
    "CatBoost": {
        "MSE": 296.98170036381276,
        "MAE": 11.629418875722562,
        "R2": 0.23457634325986465,
        "emission": 2.2637611668886843e-06
    },
    "DNN": {
        "MSE": 312.3975991268038,
        "MAE": 12.248875969592394,
        "R2": 0.19484428708047952,
        "emission": 4.190884432412799e-06
    }
}