{
    "Linear-SVR": {
        "MSE": 530.3047850909378,
        "MAE": 9.51157379734388,
        "R2": -0.12620376641543563,
        "emission": 2.5272219882335565e-09
    },
    "RBF-SVR": {
        "MSE": 538.7346184635895,
        "MAE": 9.390334507505367,
        "R2": -0.14410613192569,
        "emission": 3.066072541731147e-09
    },
    "DecisionTree": {
        "MSE": 553.525042750629,
        "MAE": 12.118752645529375,
        "R2": -0.1755164303186978,
        "emission": 1.4994086831454548e-09
    },
    "ExtraTrees": {
        "MSE": 350.9399114571466,
        "MAE": 11.268733098378442,
        "R2": 0.2547118917647272,
        "emission": 1.2070256072124039e-07
    },
    "RandomForest": {
        "MSE": 354.2907840039697,
        "MAE": 11.139791776015556,
        "R2": 0.24759567220739642,
        "emission": 3.4466151591462147e-07
    },
    "KNeighbors": {
        "MSE": 342.5548488262911,
        "MAE": 11.432769953051645,
        "R2": 0.2725191780310191,
        "emission": 3.1079518683557697e-09
    },
    "PLS": {
        "MSE": 410.68383264776816,
        "MAE": 14.258562893818125,
        "R2": 0.1278342339405253,
        "emission": 1.8959268289711973e-08
    },
    "PLS-SKLEARN": {
        "MSE": 402.499559689631,
        "MAE": 13.586017578499746,
        "R2": 0.145215104884855,
        "emission": 4.316243642725648e-09
    },
    "XGBoost": {
        "MSE": 402.54496247875693,
        "MAE": 12.812195163199181,
        "R2": 0.14511868336734857,
        "emission": 7.239828059918226e-07
    },
    "CatBoost": {
        "MSE": 332.30101308658675,
        "MAE": 10.527191279037092,
        "R2": 0.29429516187072746,
        "emission": 2.2999841546844775e-06
    },
    "DNN": {
        "MSE": 358.57353540459013,
        "MAE": 11.5553000942887,
        "R2": 0.23850042944587269,
        "emission": 4.161045942372393e-06
    }
}