{
    "Linear-SVR": {
        "MSE": 353.43584771546784,
        "MAE": 10.386423979486892,
        "R2": -0.058631062990415206,
        "emission": 2.327586216401816e-09
    },
    "RBF-SVR": {
        "MSE": 379.2739916244622,
        "MAE": 10.18253098274456,
        "R2": -0.1360229346097832,
        "emission": 3.2069831965702575e-09
    },
    "DecisionTree": {
        "MSE": 435.65100084298876,
        "MAE": 12.386654586254854,
        "R2": -0.3048865447472482,
        "emission": 1.5493857421923756e-09
    },
    "ExtraTrees": {
        "MSE": 300.67270849664374,
        "MAE": 11.156954378771156,
        "R2": 0.0994080791027836,
        "emission": 1.1929860996557627e-07
    },
    "RandomForest": {
        "MSE": 310.02444747082427,
        "MAE": 11.039041070586,
        "R2": 0.07139722102192592,
        "emission": 3.458391055765127e-07
    },
    "KNeighbors": {
        "MSE": 326.99084507042255,
        "MAE": 11.591643192488265,
        "R2": 0.02057850627615876,
        "emission": 3.148262982568549e-09
    },
    "PLS": {
        "MSE": 332.49089550801773,
        "MAE": 12.551044142679288,
        "R2": 0.004104443786776879,
        "emission": 1.8979511700067978e-08
    },
    "PLS-SKLEARN": {
        "MSE": 333.6568968950749,
        "MAE": 12.27540539421291,
        "R2": 0.0006119704120263192,
        "emission": 4.359489986720908e-09
    },
    "XGBoost": {
        "MSE": 366.06756417766195,
        "MAE": 12.053420912257522,
        "R2": -0.09646629535917994,
        "emission": 7.093810043464966e-07
    },
    "CatBoost": {
        "MSE": 319.48508046188874,
        "MAE": 11.3200085828466,
        "R2": 0.04306019741600253,
        "emission": 2.2730893199272493e-06
    },
    "DNN": {
        "MSE": 325.24696981420584,
        "MAE": 11.718663019081795,
        "R2": 0.02580186018364805,
        "emission": 4.493820862093764e-06
    }
}