{
    "Linear-SVR": {
        "MSE": 433.8399533307066,
        "MAE": 15.58561652105303,
        "R2": -0.0015835270515913713,
        "emission": 2.2505703049465075e-09
    },
    "RBF-SVR": {
        "MSE": 433.1205145503623,
        "MAE": 15.635742993481493,
        "R2": 7.740349568263749e-05,
        "emission": 3.3104581274545426e-09
    },
    "DecisionTree": {
        "MSE": 442.1743916299163,
        "MAE": 15.468136245319934,
        "R2": -0.020824807260178213,
        "emission": 1.4303803575653485e-09
    },
    "ExtraTrees": {
        "MSE": 422.5336251325968,
        "MAE": 15.875151601874945,
        "R2": 0.024518799365619515,
        "emission": 1.2282624696107922e-07
    },
    "RandomForest": {
        "MSE": 406.21672530265687,
        "MAE": 15.563439467766372,
        "R2": 0.06218876949343077,
        "emission": 3.268377318311422e-07
    },
    "KNeighbors": {
        "MSE": 409.558779342723,
        "MAE": 15.127699530516432,
        "R2": 0.054473144762817616,
        "emission": 3.1271814532532612e-09
    },
    "PLS": {
        "MSE": 419.2434286182095,
        "MAE": 15.758192251040757,
        "R2": 0.03211470334881228,
        "emission": 1.8442710742720666e-08
    },
    "PLS-SKLEARN": {
        "MSE": 419.2434286182095,
        "MAE": 15.758192251040757,
        "R2": 0.03211470334881228,
        "emission": 3.982196565533275e-09
    },
    "XGBoost": {
        "MSE": 434.52241367185366,
        "MAE": 15.927492483918655,
        "R2": -0.0031590874173696992,
        "emission": 6.826638322277616e-07
    },
    "CatBoost": {
        "MSE": 424.72940531795365,
        "MAE": 15.892656229056907,
        "R2": 0.01944951691296526,
        "emission": 2.277531104615149e-06
    },
    "DNN": {
        "MSE": 390.1518619392796,
        "MAE": 15.268576011299526,
        "R2": 0.09927687626083126,
        "emission": 4.048961398105053e-06
    }
}