{
    "Linear-SVR": {
        "MSE": 543.9547516148082,
        "MAE": 12.155561576632573,
        "R2": -0.10250929441083301,
        "emission": 2.5617667473603775e-09
    },
    "RBF-SVR": {
        "MSE": 580.5105593572481,
        "MAE": 12.415335393960909,
        "R2": -0.176602070843229,
        "emission": 3.4223823303512843e-09
    },
    "DecisionTree": {
        "MSE": 569.5862725464979,
        "MAE": 14.33108136961595,
        "R2": -0.15446028844697812,
        "emission": 1.564435768136597e-09
    },
    "ExtraTrees": {
        "MSE": 425.685094802053,
        "MAE": 13.317926902583428,
        "R2": 0.13720438672854562,
        "emission": 1.1560585430767106e-07
    },
    "RandomForest": {
        "MSE": 429.00339929843096,
        "MAE": 13.480002550377996,
        "R2": 0.13047871416463985,
        "emission": 3.484724813715675e-07
    },
    "KNeighbors": {
        "MSE": 403.6138967136151,
        "MAE": 13.103661971830983,
        "R2": 0.18193917571429752,
        "emission": 3.0110836229836503e-09
    },
    "PLS": {
        "MSE": 465.53371678410576,
        "MAE": 14.430097106579737,
        "R2": 0.05643760240640483,
        "emission": 1.8923041813696933e-08
    },
    "PLS-SKLEARN": {
        "MSE": 465.53371678410576,
        "MAE": 14.430097106579735,
        "R2": 0.05643760240640483,
        "emission": 4.029931962608138e-09
    },
    "XGBoost": {
        "MSE": 424.6078828701065,
        "MAE": 13.75580143850699,
        "R2": 0.13938772305109015,
        "emission": 7.150162610556889e-07
    },
    "CatBoost": {
        "MSE": 385.58783066070424,
        "MAE": 12.71782602297986,
        "R2": 0.21847512894569998,
        "emission": 2.279367530226448e-06
    },
    "DNN": {
        "MSE": 365.692421616133,
        "MAE": 11.462927223130746,
        "R2": 0.25879994148319185,
        "emission": 4.29848615479802e-06
    }
}