{
    "Linear-SVR": {
        "MSE": 318.53580252809314,
        "MAE": 9.318182380519447,
        "R2": -0.10468789939247247,
        "emission": 2.4306549004569966e-09
    },
    "RBF-SVR": {
        "MSE": 334.42696215769354,
        "MAE": 9.190699565743765,
        "R2": -0.15979872715754162,
        "emission": 3.111646099621083e-09
    },
    "DecisionTree": {
        "MSE": 361.91551963818637,
        "MAE": 10.93546839161515,
        "R2": -0.2551295395166222,
        "emission": 1.5332832878544983e-09
    },
    "ExtraTrees": {
        "MSE": 277.21600991104793,
        "MAE": 10.478353916506583,
        "R2": 0.03860988549445721,
        "emission": 1.1807347932028941e-07
    },
    "RandomForest": {
        "MSE": 267.10260456870856,
        "MAE": 10.193267005992265,
        "R2": 0.0736833573449196,
        "emission": 3.661464289229011e-07
    },
    "KNeighbors": {
        "MSE": 287.49849765258216,
        "MAE": 10.015023474178404,
        "R2": 0.0029500328387341845,
        "emission": 3.005410457573588e-09
    },
    "PLS": {
        "MSE": 298.06361975742414,
        "MAE": 11.062618209961025,
        "R2": -0.03369000087864826,
        "emission": 1.829580062282829e-08
    },
    "PLS-SKLEARN": {
        "MSE": 285.8705222645284,
        "MAE": 10.959776998345635,
        "R2": 0.008595880801250622,
        "emission": 4.0006673325412915e-09
    },
    "XGBoost": {
        "MSE": 281.57630472146695,
        "MAE": 10.717746651998148,
        "R2": 0.023488304571292917,
        "emission": 6.822494920529433e-07
    },
    "CatBoost": {
        "MSE": 268.36987840371893,
        "MAE": 10.106295973479563,
        "R2": 0.06928842886390785,
        "emission": 2.262275448666444e-06
    },
    "DNN": {
        "MSE": 298.7366126595229,
        "MAE": 10.457360746360825,
        "R2": -0.036023952382451485,
        "emission": 4.429855255834943e-06
    }
}