{
    "Linear-SVR": {
        "MSE": 653.0776886912851,
        "MAE": 14.002554648974524,
        "R2": -0.08336567240344683,
        "emission": 2.3491898282013794e-09
    },
    "RBF-SVR": {
        "MSE": 690.7747505982828,
        "MAE": 13.788888577727967,
        "R2": -0.14589989080914445,
        "emission": 3.2552043577595446e-09
    },
    "DecisionTree": {
        "MSE": 437.7306224876609,
        "MAE": 11.936490096583995,
        "R2": 0.27386536337931344,
        "emission": 1.4338988902675859e-09
    },
    "ExtraTrees": {
        "MSE": 500.7231015915293,
        "MAE": 13.986109982754392,
        "R2": 0.16936954203610133,
        "emission": 1.1858269927844692e-07
    },
    "RandomForest": {
        "MSE": 511.75521887220225,
        "MAE": 14.427682033263746,
        "R2": 0.15106878339318952,
        "emission": 3.470354356919041e-07
    },
    "KNeighbors": {
        "MSE": 459.72447323943663,
        "MAE": 13.019530516431924,
        "R2": 0.23738060311107245,
        "emission": 3.277464351753135e-09
    },
    "PLS": {
        "MSE": 498.2857505645251,
        "MAE": 15.042850445227826,
        "R2": 0.17341277070548855,
        "emission": 1.785740074902564e-08
    },
    "PLS-SKLEARN": {
        "MSE": 500.30922572309726,
        "MAE": 14.962922034211608,
        "R2": 0.17005610493092937,
        "emission": 4.07530551694732e-09
    },
    "XGBoost": {
        "MSE": 496.27590012134266,
        "MAE": 14.122527522787871,
        "R2": 0.17674683495927124,
        "emission": 6.967038525775488e-07
    },
    "CatBoost": {
        "MSE": 434.6848387498772,
        "MAE": 12.936827778117193,
        "R2": 0.27891789786979937,
        "emission": 2.266705948779402e-06
    },
    "DNN": {
        "MSE": 427.3137612070812,
        "MAE": 12.541931023529159,
        "R2": 0.2911454973066927,
        "emission": 4.4345384162767605e-06
    }
}