{
    "Linear-SVR": {
        "MSE": 343.5442933989037,
        "MAE": 11.759883780224657,
        "R2": 0.08227574633420565,
        "emission": 2.1692314523481404e-09
    },
    "RBF-SVR": {
        "MSE": 382.13077561523227,
        "MAE": 12.10725319083263,
        "R2": -0.020801939058898933,
        "emission": 3.3232888141198846e-09
    },
    "DecisionTree": {
        "MSE": 367.8815497761146,
        "MAE": 12.798317452723893,
        "R2": 0.017262614478410265,
        "emission": 1.4457505191762292e-09
    },
    "ExtraTrees": {
        "MSE": 295.33532958213607,
        "MAE": 11.88315279516166,
        "R2": 0.2110583696781262,
        "emission": 1.1716602807564891e-07
    },
    "RandomForest": {
        "MSE": 290.79311961746765,
        "MAE": 11.765124825245115,
        "R2": 0.22319216531937258,
        "emission": 3.3350561728920686e-07
    },
    "KNeighbors": {
        "MSE": 336.97153239436625,
        "MAE": 12.680657276995305,
        "R2": 0.09983383797861778,
        "emission": 3.1045667266754175e-09
    },
    "PLS": {
        "MSE": 339.6502739470787,
        "MAE": 13.382172102228765,
        "R2": 0.0926780035215683,
        "emission": 1.791852948875797e-08
    },
    "PLS-SKLEARN": {
        "MSE": 328.3885114192774,
        "MAE": 12.901122496584948,
        "R2": 0.12276202124322844,
        "emission": 4.016333099679714e-09
    },
    "XGBoost": {
        "MSE": 335.64565847699924,
        "MAE": 12.83338712008906,
        "R2": 0.10337570048266964,
        "emission": 6.86978010492635e-07
    },
    "CatBoost": {
        "MSE": 287.14035009178065,
        "MAE": 11.893048190207377,
        "R2": 0.23294996147895486,
        "emission": 2.2996759171825237e-06
    },
    "DNN": {
        "MSE": 311.39132711757003,
        "MAE": 12.765089017124803,
        "R2": 0.168167311266754,
        "emission": 4.079835864446181e-06
    }
}