{
    "Linear-SVR": {
        "MSE": 345.1687440126411,
        "MAE": 9.629783372690369,
        "R2": -0.10491336513524074,
        "emission": 2.457888336560805e-09
    },
    "RBF-SVR": {
        "MSE": 375.7007869397691,
        "MAE": 9.394916898788816,
        "R2": -0.20264893036310228,
        "emission": 3.2496604846431147e-09
    },
    "DecisionTree": {
        "MSE": 327.2555947932804,
        "MAE": 11.192770486508447,
        "R2": -0.04757191018760287,
        "emission": 1.5932227033465255e-09
    },
    "ExtraTrees": {
        "MSE": 236.51501241104597,
        "MAE": 10.87111867990082,
        "R2": 0.24289611153632917,
        "emission": 1.1988773671040787e-07
    },
    "RandomForest": {
        "MSE": 258.8557031427057,
        "MAE": 11.123492441425705,
        "R2": 0.17138173428188164,
        "emission": 3.378282326998932e-07
    },
    "KNeighbors": {
        "MSE": 282.3712525821596,
        "MAE": 11.238497652582158,
        "R2": 0.0961065382658729,
        "emission": 2.8769920015765333e-09
    },
    "PLS": {
        "MSE": 287.5786237230393,
        "MAE": 12.652633198761706,
        "R2": 0.07943731757140937,
        "emission": 1.8067758342904403e-08
    },
    "PLS-SKLEARN": {
        "MSE": 278.45477454740757,
        "MAE": 11.976851769810851,
        "R2": 0.10864350460456784,
        "emission": 3.882084871605144e-09
    },
    "XGBoost": {
        "MSE": 293.05851427082456,
        "MAE": 12.196489140667687,
        "R2": 0.0618957399785538,
        "emission": 7.107388639884159e-07
    },
    "CatBoost": {
        "MSE": 225.2572232342027,
        "MAE": 10.597397852580205,
        "R2": 0.27893321495063317,
        "emission": 2.2709092553171956e-06
    },
    "DNN": {
        "MSE": 262.6461052347832,
        "MAE": 11.37254808048757,
        "R2": 0.15924834734166793,
        "emission": 4.23158793715914e-06
    }
}