{
    "Linear-SVR": {
        "MSE": 560.4694789741867,
        "MAE": 9.224036718103148,
        "R2": -0.15612164073530232,
        "emission": 2.516634653289872e-09
    },
    "RBF-SVR": {
        "MSE": 557.5850767280677,
        "MAE": 9.195678537483486,
        "R2": -0.15017177195131937,
        "emission": 2.9912713175688556e-09
    },
    "DecisionTree": {
        "MSE": 652.410623744421,
        "MAE": 12.537554525011029,
        "R2": -0.3457754062488043,
        "emission": 1.5495924862876864e-09
    },
    "ExtraTrees": {
        "MSE": 435.69580997053134,
        "MAE": 10.96983602226934,
        "R2": 0.10125818874817516,
        "emission": 1.1632711558963126e-07
    },
    "RandomForest": {
        "MSE": 444.04387402754224,
        "MAE": 11.144488378410786,
        "R2": 0.08403802266130889,
        "emission": 3.48078324226045e-07
    },
    "KNeighbors": {
        "MSE": 456.9757014084507,
        "MAE": 10.69962441314554,
        "R2": 0.05736259063477722,
        "emission": 8.609716259528566e-10
    },
    "PLS": {
        "MSE": 449.25596896134823,
        "MAE": 12.470259102275222,
        "R2": 0.07328665086927344,
        "emission": 1.7718532267195393e-08
    },
    "PLS-SKLEARN": {
        "MSE": 441.66611486005814,
        "MAE": 11.710564711084125,
        "R2": 0.08894280148176592,
        "emission": 3.883590680240663e-09
    },
    "XGBoost": {
        "MSE": 460.21271612781754,
        "MAE": 11.932279257658221,
        "R2": 0.05068536215252639,
        "emission": 6.898264712317519e-07
    },
    "CatBoost": {
        "MSE": 427.77315584909,
        "MAE": 10.435046687277694,
        "R2": 0.11760083045388137,
        "emission": 2.260456749112359e-06
    },
    "DNN": {
        "MSE": 422.5907644990539,
        "MAE": 11.257012500697877,
        "R2": 0.12829093047770834,
        "emission": 4.12406843887758e-06
    }
}