{
    "Linear-SVR": {
        "MSE": 311.0592130149246,
        "MAE": 11.41120909700936,
        "R2": 0.044531814474693676,
        "emission": 2.4235023260202806e-09
    },
    "RBF-SVR": {
        "MSE": 317.5001527732197,
        "MAE": 11.846494946476957,
        "R2": 0.024747436560637825,
        "emission": 3.3293847570094944e-09
    },
    "DecisionTree": {
        "MSE": 337.41328913882876,
        "MAE": 12.35950294301052,
        "R2": -0.036418950658549276,
        "emission": 1.4792110230946743e-09
    },
    "ExtraTrees": {
        "MSE": 278.9060314466642,
        "MAE": 11.461654011674657,
        "R2": 0.14329546064394383,
        "emission": 1.1836160544108711e-07
    },
    "RandomForest": {
        "MSE": 270.623360571066,
        "MAE": 11.31111377674334,
        "R2": 0.1687370106180045,
        "emission": 3.377633954054174e-07
    },
    "KNeighbors": {
        "MSE": 300.5960563380282,
        "MAE": 10.907042253521126,
        "R2": 0.07667107576852816,
        "emission": 4.0484942326439356e-09
    },
    "PLS": {
        "MSE": 307.4783105804494,
        "MAE": 12.358222303102686,
        "R2": 0.05553112974476415,
        "emission": 1.8919998313142243e-08
    },
    "PLS-SKLEARN": {
        "MSE": 307.47831058044954,
        "MAE": 12.35822230310269,
        "R2": 0.05553112974476371,
        "emission": 4.168338543005119e-09
    },
    "XGBoost": {
        "MSE": 265.5910407767072,
        "MAE": 10.805164466308597,
        "R2": 0.1841945867376623,
        "emission": 7.019892250356064e-07
    },
    "CatBoost": {
        "MSE": 280.2727602657764,
        "MAE": 11.525187720364356,
        "R2": 0.1390973342092846,
        "emission": 2.2648748875554924e-06
    },
    "DNN": {
        "MSE": 312.9322075388746,
        "MAE": 12.194332453678472,
        "R2": 0.038778611854678346,
        "emission": 4.445521073017582e-06
    }
}