{
    "Linear-SVR": {
        "MSE": 287.9397817037109,
        "MAE": 6.870219089544438,
        "R2": -0.11812049453345952,
        "emission": 2.732695511650621e-09
    },
    "RBF-SVR": {
        "MSE": 290.9230102372166,
        "MAE": 6.761266864181222,
        "R2": -0.1297048922969548,
        "emission": 3.100339967266214e-09
    },
    "DecisionTree": {
        "MSE": 323.440156676979,
        "MAE": 8.891146248560545,
        "R2": -0.25597465482478876,
        "emission": 1.4661219118166993e-09
    },
    "ExtraTrees": {
        "MSE": 235.42654236255376,
        "MAE": 8.599790068846923,
        "R2": 0.08579759137419474,
        "emission": 1.1781099593112381e-07
    },
    "RandomForest": {
        "MSE": 234.27254382881935,
        "MAE": 8.656917589959766,
        "R2": 0.09027876936077017,
        "emission": 3.471345382682702e-07
    },
    "KNeighbors": {
        "MSE": 284.6645746478873,
        "MAE": 8.731830985915492,
        "R2": -0.10540229313979022,
        "emission": 3.3111096952707426e-09
    },
    "PLS": {
        "MSE": 234.6022762774797,
        "MAE": 8.694677219187854,
        "R2": 0.08899836063649313,
        "emission": 1.8837295417218866e-08
    },
    "PLS-SKLEARN": {
        "MSE": 239.0029343274249,
        "MAE": 8.827122773414112,
        "R2": 0.07190983634171366,
        "emission": 4.199611656220083e-09
    },
    "XGBoost": {
        "MSE": 248.69622915970714,
        "MAE": 9.201655041150085,
        "R2": 0.03426907844643057,
        "emission": 6.903883879838837e-07
    },
    "CatBoost": {
        "MSE": 250.55723556433367,
        "MAE": 8.675933883267334,
        "R2": 0.02704246533601251,
        "emission": 2.2716338894036734e-06
    },
    "DNN": {
        "MSE": 237.24021691955073,
        "MAE": 8.717240987025516,
        "R2": 0.07875477610013537,
        "emission": 4.421108240654492e-06
    }
}