{
    "Linear-SVR": {
        "MSE": 0.8418487562183009,
        "MAE": 0.6970372244021711,
        "R2": 0.23654015362124947,
        "emission": 3.633090583095782e-09
    },
    "RBF-SVR": {
        "MSE": 0.8482657808715807,
        "MAE": 0.7190631759822634,
        "R2": 0.23072065146030396,
        "emission": 3.815911759849459e-09
    },
    "DecisionTree": {
        "MSE": 1.036473657616054,
        "MAE": 0.8182825366915739,
        "R2": 0.06003778757858047,
        "emission": 4.626804716287746e-09
    },
    "ExtraTrees": {
        "MSE": 0.8855234349017462,
        "MAE": 0.7287121742761486,
        "R2": 0.19693225109480328,
        "emission": 2.9463229135554333e-07
    },
    "RandomForest": {
        "MSE": 0.9779299905640144,
        "MAE": 0.778589309300881,
        "R2": 0.11313014974441449,
        "emission": 3.2176050041875345e-07
    },
    "KNeighbors": {
        "MSE": 2.475856807716423,
        "MAE": 1.2864333103766667,
        "R2": -1.2453169219683558,
        "emission": 6.866116529839103e-09
    },
    "PLS": {
        "MSE": 0.8429757885272499,
        "MAE": 0.6964200702142416,
        "R2": 0.23551806514383777,
        "emission": 2.46974547526608e-07
    },
    "PLS-SKLEARN": {
        "MSE": 0.8512300378083753,
        "MAE": 0.7021781703872474,
        "R2": 0.2280324118817859,
        "emission": 7.470682351096531e-07
    },
    "XGBoost": {
        "MSE": 1.2144773238653699,
        "MAE": 0.834874342392482,
        "R2": -0.10139103284283602,
        "emission": 9.03911548922853e-07
    },
    "CatBoost": {
        "MSE": 0.8628385796040263,
        "MAE": 0.6914692598551687,
        "R2": 0.21750480170178,
        "emission": 1.6827940773615997e-06
    },
    "DNN": {
        "MSE": 1.3220978225764437,
        "MAE": 0.8554363348496536,
        "R2": -0.19899042799102462,
        "emission": 9.67138454474004e-06
    }
}