{
    "Linear-SVR": {
        "MSE": 0.7622037477015566,
        "MAE": 0.6696777225758351,
        "R2": 0.3501290381730525,
        "emission": 5.820345467399198e-09
    },
    "RBF-SVR": {
        "MSE": 0.8919710262231211,
        "MAE": 0.7456207987371614,
        "R2": 0.2394867245387,
        "emission": 5.155094513647159e-09
    },
    "DecisionTree": {
        "MSE": 1.0804408283640807,
        "MAE": 0.8144614885597179,
        "R2": 0.07879340341291907,
        "emission": 4.807485022329453e-09
    },
    "ExtraTrees": {
        "MSE": 0.9508112827289098,
        "MAE": 0.7491341813871545,
        "R2": 0.18931828308866705,
        "emission": 4.3458412199366286e-07
    },
    "RandomForest": {
        "MSE": 0.9044938041762374,
        "MAE": 0.7354313776116339,
        "R2": 0.228809540416111,
        "emission": 4.1943663731561647e-07
    },
    "KNeighbors": {
        "MSE": 1.0300385782619819,
        "MAE": 0.7981803761900922,
        "R2": 0.12176742295935494,
        "emission": 6.129593809374105e-09
    },
    "PLS": {
        "MSE": 0.7553132980970708,
        "MAE": 0.6778911735916249,
        "R2": 0.356003980569217,
        "emission": 3.289961447411696e-07
    },
    "PLS-SKLEARN": {
        "MSE": 0.7570702356445004,
        "MAE": 0.6792260302767406,
        "R2": 0.35450597862779254,
        "emission": 1.0158162307524233e-06
    },
    "XGBoost": {
        "MSE": 0.9739500312260712,
        "MAE": 0.7639229431487105,
        "R2": 0.169589698984132,
        "emission": 1.137345776625252e-06
    },
    "CatBoost": {
        "MSE": 0.7709968051063205,
        "MAE": 0.693092454119581,
        "R2": 0.3426318923111157,
        "emission": 1.8279030823434063e-06
    },
    "DNN": {
        "MSE": 1.1555657364777052,
        "MAE": 0.8619130053973878,
        "R2": 0.014740325164242729,
        "emission": 1.0470477302003026e-05
    }
}