{
    "Linear-SVR": {
        "MSE": 0.8698417022612048,
        "MAE": 0.7327416721024937,
        "R2": 0.23302906183134287,
        "emission": 3.74848634292053e-09
    },
    "RBF-SVR": {
        "MSE": 0.8940818228948348,
        "MAE": 0.7554734884456769,
        "R2": 0.21165566939066427,
        "emission": 4.321541330543009e-09
    },
    "DecisionTree": {
        "MSE": 1.3469556564395566,
        "MAE": 0.8704621444082086,
        "R2": -0.18765959461989978,
        "emission": 6.064198308328015e-09
    },
    "ExtraTrees": {
        "MSE": 0.9010049907626178,
        "MAE": 0.7423009773668579,
        "R2": 0.2055512614956999,
        "emission": 3.1140982958419473e-07
    },
    "RandomForest": {
        "MSE": 0.8680532279707187,
        "MAE": 0.7563006221717455,
        "R2": 0.23460602439924327,
        "emission": 3.664993167348606e-07
    },
    "KNeighbors": {
        "MSE": 0.9257220242600793,
        "MAE": 0.7851932074585097,
        "R2": 0.18375735770721313,
        "emission": 5.9801855805172596e-09
    },
    "PLS": {
        "MSE": 0.778164100090826,
        "MAE": 0.6840974334933799,
        "R2": 0.31386452460909053,
        "emission": 3.471046988931956e-07
    },
    "PLS-SKLEARN": {
        "MSE": 0.7855116338400406,
        "MAE": 0.6829568875063192,
        "R2": 0.30738593794417035,
        "emission": 7.132242727985806e-07
    },
    "XGBoost": {
        "MSE": 1.2033623024863676,
        "MAE": 0.8547326891263172,
        "R2": -0.06104813289075195,
        "emission": 1.0046547252320363e-06
    },
    "CatBoost": {
        "MSE": 0.8362776690010202,
        "MAE": 0.7398887139555057,
        "R2": 0.262623685785757,
        "emission": 2.079277907367127e-06
    },
    "DNN": {
        "MSE": 1.041286637825845,
        "MAE": 0.8635065444910129,
        "R2": 0.08185985169523136,
        "emission": 9.156603279170997e-06
    }
}