{
    "Linear-SVR": {
        "MSE": 0.3819245173472644,
        "MAE": 0.4994317806450983,
        "R2": -0.25061692630541876,
        "emission": 7.54500606188369e-09
    },
    "RBF-SVR": {
        "MSE": 0.31815180526828546,
        "MAE": 0.4695552105987759,
        "R2": -0.04179232997855942,
        "emission": 6.430247753368244e-09
    },
    "DecisionTree": {
        "MSE": 0.3587118433382714,
        "MAE": 0.4525471654293555,
        "R2": -0.17460671564365882,
        "emission": 4.367615041894413e-09
    },
    "ExtraTrees": {
        "MSE": 0.488753847957591,
        "MAE": 0.5430156461251092,
        "R2": -0.600430994318429,
        "emission": 4.888863323655703e-07
    },
    "RandomForest": {
        "MSE": 0.3306196453081263,
        "MAE": 0.4645291265789489,
        "R2": -0.0826184384897235,
        "emission": 4.885754245907851e-07
    },
    "KNeighbors": {
        "MSE": 0.9727294770901426,
        "MAE": 0.8496620777536718,
        "R2": -2.1852156473605997,
        "emission": 5.857780193700416e-09
    },
    "PLS": {
        "MSE": 0.34907603716986824,
        "MAE": 0.4847807905656603,
        "R2": -0.14305413981924264,
        "emission": 5.891892808677024e-07
    },
    "PLS-SKLEARN": {
        "MSE": 0.34907603716986724,
        "MAE": 0.48478079056565937,
        "R2": -0.1430541398192393,
        "emission": 8.114778428081444e-07
    },
    "XGBoost": {
        "MSE": 0.4585528791874555,
        "MAE": 0.5290317632689657,
        "R2": -0.5015375192488236,
        "emission": 1.5795956290523608e-06
    },
    "CatBoost": {
        "MSE": 0.3080918221636846,
        "MAE": 0.435215957437188,
        "R2": -0.008850781118733275,
        "emission": 2.2613220711830857e-06
    },
    "DNN": {
        "MSE": 0.5162193655979596,
        "MAE": 0.590470833385051,
        "R2": -0.6903671981771442,
        "emission": 1.1583622554527141e-05
    }
}