{
    "Linear-SVR": {
        "MSE": 0.2811308424302887,
        "MAE": 0.4164226811587308,
        "R2": 0.15697443641258768,
        "emission": 3.556209961726226e-09
    },
    "RBF-SVR": {
        "MSE": 0.23652118994206106,
        "MAE": 0.36559717026935845,
        "R2": 0.2907451643242789,
        "emission": 3.741172349194044e-09
    },
    "DecisionTree": {
        "MSE": 1.0937789593463207,
        "MAE": 0.7729962250851021,
        "R2": -2.2799091542993266,
        "emission": 4.520088482029496e-09
    },
    "ExtraTrees": {
        "MSE": 0.3237841214860644,
        "MAE": 0.4553106376955617,
        "R2": 0.029070275118855404,
        "emission": 2.35035929037295e-07
    },
    "RandomForest": {
        "MSE": 0.3342159506053764,
        "MAE": 0.43366697325986164,
        "R2": -0.002211595438396996,
        "emission": 2.901718018855938e-07
    },
    "KNeighbors": {
        "MSE": 0.3258066954090785,
        "MAE": 0.44369156208828303,
        "R2": 0.023005193441561378,
        "emission": 6.166037008064542e-09
    },
    "PLS": {
        "MSE": 0.2713449617247244,
        "MAE": 0.4084561809069102,
        "R2": 0.1863193048933669,
        "emission": 1.1400736424184079e-07
    },
    "PLS-SKLEARN": {
        "MSE": 0.2765306438686,
        "MAE": 0.40915219894789634,
        "R2": 0.17076902739932098,
        "emission": 6.851660991120337e-07
    },
    "XGBoost": {
        "MSE": 0.5365310760143932,
        "MAE": 0.5044218716929088,
        "R2": -0.6088928871308479,
        "emission": 8.604197384469347e-07
    },
    "CatBoost": {
        "MSE": 0.2701625402795902,
        "MAE": 0.3860080082451867,
        "R2": 0.18986502579885356,
        "emission": 1.7840945196008277e-06
    },
    "DNN": {
        "MSE": 0.4669617790079714,
        "MAE": 0.5519192280066674,
        "R2": -0.40027580580949906,
        "emission": 9.520856336370712e-06
    }
}