{
    "Linear-SVR": {
        "MSE": 0.424381422630485,
        "MAE": 0.5191154585644142,
        "R2": 0.2022527425004632,
        "emission": 5.742163303965984e-09
    },
    "RBF-SVR": {
        "MSE": 0.394578807701742,
        "MAE": 0.5115520171543282,
        "R2": 0.2582753510735549,
        "emission": 6.312242917358081e-09
    },
    "DecisionTree": {
        "MSE": 0.2729650817843975,
        "MAE": 0.4090558411941022,
        "R2": 0.48688341719367834,
        "emission": 5.190652530634226e-09
    },
    "ExtraTrees": {
        "MSE": 0.6761871958151485,
        "MAE": 0.6979431017397162,
        "R2": -0.27108881834236986,
        "emission": 4.3107466791334075e-07
    },
    "RandomForest": {
        "MSE": 0.5269556592867555,
        "MAE": 0.592005722819978,
        "R2": 0.009434886630515504,
        "emission": 4.4137741550735907e-07
    },
    "KNeighbors": {
        "MSE": 0.5181741277801636,
        "MAE": 0.5926135716787797,
        "R2": 0.0259423073196845,
        "emission": 9.870316802109787e-09
    },
    "PLS": {
        "MSE": 0.3960918054785527,
        "MAE": 0.5099168110434339,
        "R2": 0.2554312354674281,
        "emission": 5.096541534673881e-07
    },
    "PLS-SKLEARN": {
        "MSE": 0.44111560529503774,
        "MAE": 0.5600575209606541,
        "R2": 0.17079602075143663,
        "emission": 9.033132772688296e-07
    },
    "XGBoost": {
        "MSE": 0.564829146873957,
        "MAE": 0.6138034869950507,
        "R2": -0.06175925440270347,
        "emission": 1.4691623999987602e-06
    },
    "CatBoost": {
        "MSE": 0.31749015054515717,
        "MAE": 0.46779640945368756,
        "R2": 0.4031857113098798,
        "emission": 2.2471471894761155e-06
    },
    "DNN": {
        "MSE": 0.7735161552188249,
        "MAE": 0.7128777078047546,
        "R2": -0.45404666309980235,
        "emission": 1.0857312264749409e-05
    }
}