{
    "Linear-SVR": {
        "MSE": 0.7083178792785356,
        "MAE": 0.6506756967782257,
        "R2": 0.2781668945914093,
        "emission": 6.4570365429713425e-09
    },
    "RBF-SVR": {
        "MSE": 0.706354781963674,
        "MAE": 0.6571404601346097,
        "R2": 0.28016744924696757,
        "emission": 7.907919108481433e-09
    },
    "DecisionTree": {
        "MSE": 1.1486085252865876,
        "MAE": 0.8116700118371986,
        "R2": -0.17052482079217213,
        "emission": 4.737207659177204e-09
    },
    "ExtraTrees": {
        "MSE": 1.0082849562711516,
        "MAE": 0.7850471492659181,
        "R2": -0.027523774866861084,
        "emission": 4.792632605445034e-07
    },
    "RandomForest": {
        "MSE": 0.7270542701225247,
        "MAE": 0.6450363402148452,
        "R2": 0.2590729996288237,
        "emission": 4.810773922206682e-07
    },
    "KNeighbors": {
        "MSE": 0.8826825264573381,
        "MAE": 0.7355364129616797,
        "R2": 0.10047524169293032,
        "emission": 9.216058632402834e-09
    },
    "PLS": {
        "MSE": 0.6559333665106661,
        "MAE": 0.6034053642195661,
        "R2": 0.3315509423935936,
        "emission": 5.550568625669463e-07
    },
    "PLS-SKLEARN": {
        "MSE": 0.5994662736932552,
        "MAE": 0.5764470643257463,
        "R2": 0.38909546887555,
        "emission": 8.6181765537001e-07
    },
    "XGBoost": {
        "MSE": 0.745249558676801,
        "MAE": 0.6560120265061894,
        "R2": 0.24053053158563897,
        "emission": 1.5102690787926346e-06
    },
    "CatBoost": {
        "MSE": 0.6696899366570672,
        "MAE": 0.6008438050646436,
        "R2": 0.3175318867703443,
        "emission": 2.553127481318379e-06
    },
    "DNN": {
        "MSE": 1.037004435158335,
        "MAE": 0.8028252404715788,
        "R2": -0.05679124253542733,
        "emission": 1.1793587290773468e-05
    }
}