{
    "Linear-SVR": {
        "MSE": 0.3831465688255846,
        "MAE": 0.4689533392143298,
        "R2": 0.28620154798046393,
        "emission": 7.067690027620288e-09
    },
    "RBF-SVR": {
        "MSE": 0.2604556382077332,
        "MAE": 0.40489409779870483,
        "R2": 0.5147735971059386,
        "emission": 9.572748737972509e-09
    },
    "DecisionTree": {
        "MSE": 0.38721843379577897,
        "MAE": 0.4614090553824407,
        "R2": 0.27861570186035833,
        "emission": 6.4168698395904245e-09
    },
    "ExtraTrees": {
        "MSE": 0.4163014186620733,
        "MAE": 0.5064242864014834,
        "R2": 0.22443437474760386,
        "emission": 5.775596630009344e-07
    },
    "RandomForest": {
        "MSE": 0.27712248691708513,
        "MAE": 0.4380504744199289,
        "R2": 0.4837234148082217,
        "emission": 5.699976841804114e-07
    },
    "KNeighbors": {
        "MSE": 0.38052352338609263,
        "MAE": 0.4646787736279942,
        "R2": 0.2910882569493718,
        "emission": 7.261910482893947e-09
    },
    "PLS": {
        "MSE": 0.25454462892440277,
        "MAE": 0.38927259543943393,
        "R2": 0.5257857517736608,
        "emission": 5.666243321008437e-07
    },
    "PLS-SKLEARN": {
        "MSE": 0.2545446289244024,
        "MAE": 0.38927259543943343,
        "R2": 0.5257857517736615,
        "emission": 1.0018359999228726e-06
    },
    "XGBoost": {
        "MSE": 0.32915911163456435,
        "MAE": 0.4350965655202207,
        "R2": 0.3867796726640327,
        "emission": 1.7416803218784662e-06
    },
    "CatBoost": {
        "MSE": 0.2568948008369107,
        "MAE": 0.40370392116859677,
        "R2": 0.5214074036175754,
        "emission": 2.3014218176097586e-06
    },
    "DNN": {
        "MSE": 0.32665622674358985,
        "MAE": 0.4544521645368442,
        "R2": 0.3914425236618553,
        "emission": 1.2179521795186049e-05
    }
}