{
    "Linear-SVR": {
        "MSE": 0.3933030687533503,
        "MAE": 0.4975288516675454,
        "R2": 0.3153460806897207,
        "emission": 4.806430880277629e-09
    },
    "RBF-SVR": {
        "MSE": 0.43488533904485743,
        "MAE": 0.5005112232990282,
        "R2": 0.2429605170094291,
        "emission": 5.6493724651425654e-09
    },
    "DecisionTree": {
        "MSE": 0.7180846600930628,
        "MAE": 0.5983610848145382,
        "R2": -0.25002705544009873,
        "emission": 4.939495008798547e-09
    },
    "ExtraTrees": {
        "MSE": 0.6563302212737174,
        "MAE": 0.6332247544785903,
        "R2": -0.14252619431921398,
        "emission": 4.277898219046795e-07
    },
    "RandomForest": {
        "MSE": 0.5550669411075287,
        "MAE": 0.5852287512317303,
        "R2": 0.03375084788071503,
        "emission": 4.4129538807213106e-07
    },
    "KNeighbors": {
        "MSE": 0.5530641435352432,
        "MAE": 0.5547040016179171,
        "R2": 0.037237276836880495,
        "emission": 5.72895288907043e-09
    },
    "PLS": {
        "MSE": 0.40310166481806375,
        "MAE": 0.5030292924790307,
        "R2": 0.29828888553304755,
        "emission": 5.093460016102391e-07
    },
    "PLS-SKLEARN": {
        "MSE": 0.4118408536535462,
        "MAE": 0.5013375920369505,
        "R2": 0.2830758847630027,
        "emission": 7.357697570347441e-07
    },
    "XGBoost": {
        "MSE": 0.5483803317429334,
        "MAE": 0.5530141813488034,
        "R2": 0.045390760386045614,
        "emission": 1.4174988126179752e-06
    },
    "CatBoost": {
        "MSE": 0.45192597466434165,
        "MAE": 0.5230797716605866,
        "R2": 0.2132965278587753,
        "emission": 2.4729922706012257e-06
    },
    "DNN": {
        "MSE": 0.5315136185835292,
        "MAE": 0.5898840642617372,
        "R2": 0.07475198888363033,
        "emission": 1.1327128724267363e-05
    }
}