{
    "Linear-SVR": {
        "MSE": 0.5774729501641749,
        "MAE": 0.5883627414532576,
        "R2": 0.17856477773034218,
        "emission": 6.224750225421739e-09
    },
    "RBF-SVR": {
        "MSE": 0.5748784317194642,
        "MAE": 0.5687199891208351,
        "R2": 0.1822553901386078,
        "emission": 8.256154458750704e-09
    },
    "DecisionTree": {
        "MSE": 0.8669333417633539,
        "MAE": 0.6783741509058553,
        "R2": -0.23318257951632249,
        "emission": 4.194363325373211e-09
    },
    "ExtraTrees": {
        "MSE": 0.7722162188324904,
        "MAE": 0.6202306846547858,
        "R2": -0.09845076064006708,
        "emission": 5.123423655472321e-07
    },
    "RandomForest": {
        "MSE": 0.6491806941601143,
        "MAE": 0.6082047618239241,
        "R2": 0.07656300152417683,
        "emission": 4.6859155798522354e-07
    },
    "KNeighbors": {
        "MSE": 0.6093453222335607,
        "MAE": 0.5391888239435975,
        "R2": 0.13322743504159118,
        "emission": 8.22217346833938e-09
    },
    "PLS": {
        "MSE": 0.5288543428683807,
        "MAE": 0.5735626149815485,
        "R2": 0.24772305861450805,
        "emission": 5.15312063601357e-07
    },
    "PLS-SKLEARN": {
        "MSE": 0.528854342868381,
        "MAE": 0.5735626149815485,
        "R2": 0.24772305861450772,
        "emission": 8.760252013180744e-07
    },
    "XGBoost": {
        "MSE": 0.6345187401460626,
        "MAE": 0.6228869473487965,
        "R2": 0.0974191220593742,
        "emission": 1.4189478581409237e-06
    },
    "CatBoost": {
        "MSE": 0.5371426366649281,
        "MAE": 0.556979606011847,
        "R2": 0.23593324845098862,
        "emission": 2.175634118068149e-06
    },
    "DNN": {
        "MSE": 0.6255494568489851,
        "MAE": 0.6070401403455347,
        "R2": 0.11017761614405774,
        "emission": 1.1143659814388866e-05
    }
}