{
    "Linear-SVR": {
        "MSE": 0.30458616823614787,
        "MAE": 0.4227483397242813,
        "R2": 0.2827785625406355,
        "emission": 5.545946587743205e-09
    },
    "RBF-SVR": {
        "MSE": 0.32795348587772194,
        "MAE": 0.4077347896832588,
        "R2": 0.2277545893723414,
        "emission": 3.3004104307987974e-09
    },
    "DecisionTree": {
        "MSE": 0.48790747907716436,
        "MAE": 0.507827795425007,
        "R2": -0.14889558353020615,
        "emission": 4.132605924269653e-09
    },
    "ExtraTrees": {
        "MSE": 0.41801306435473273,
        "MAE": 0.5210716508852595,
        "R2": 0.01568763732944034,
        "emission": 2.7267555612096827e-07
    },
    "RandomForest": {
        "MSE": 0.3777937765825416,
        "MAE": 0.4455986377407386,
        "R2": 0.11039362991147439,
        "emission": 3.2774808812582315e-07
    },
    "KNeighbors": {
        "MSE": 0.42559776190399445,
        "MAE": 0.49467157243374005,
        "R2": -0.002172358449351375,
        "emission": 5.430751200871696e-09
    },
    "PLS": {
        "MSE": 0.2947626994849932,
        "MAE": 0.41054089296406016,
        "R2": 0.3059102839163672,
        "emission": 2.0055780364235253e-07
    },
    "PLS-SKLEARN": {
        "MSE": 0.30291166023302574,
        "MAE": 0.4130562525444282,
        "R2": 0.2867215946355969,
        "emission": 6.61500861517389e-07
    },
    "XGBoost": {
        "MSE": 0.3038699060777183,
        "MAE": 0.43781366982080117,
        "R2": 0.28446517417451744,
        "emission": 1.070821338807971e-06
    },
    "CatBoost": {
        "MSE": 0.42076072811653886,
        "MAE": 0.4546378887605942,
        "R2": 0.009217601725690638,
        "emission": 2.278423004697882e-06
    },
    "DNN": {
        "MSE": 0.4395547955809452,
        "MAE": 0.5079056918585548,
        "R2": -0.035037553262434074,
        "emission": 9.742162010044353e-06
    }
}