{
    "Linear-SVR": {
        "MSE": 0.8533205682031747,
        "MAE": 0.7161157867940354,
        "R2": 0.20593125070061058,
        "emission": 1.1085632626465471e-08
    },
    "RBF-SVR": {
        "MSE": 0.7359717348150113,
        "MAE": 0.6667515943162184,
        "R2": 0.31513176084007144,
        "emission": 1.647337066263006e-08
    },
    "DecisionTree": {
        "MSE": 0.881546297570708,
        "MAE": 0.7167577850422691,
        "R2": 0.17966542464167068,
        "emission": 7.533441491434486e-09
    },
    "ExtraTrees": {
        "MSE": 0.8804194866141555,
        "MAE": 0.7604938327942682,
        "R2": 0.18071399349176964,
        "emission": 6.780292211121245e-07
    },
    "RandomForest": {
        "MSE": 0.710321012664772,
        "MAE": 0.6911302203073747,
        "R2": 0.339001379850142,
        "emission": 4.899889752254412e-07
    },
    "KNeighbors": {
        "MSE": 1.5524566268545668,
        "MAE": 1.0158315519586185,
        "R2": -0.44465906244795517,
        "emission": 7.808938403726191e-09
    },
    "PLS": {
        "MSE": 0.7139599302413395,
        "MAE": 0.6701536933062201,
        "R2": 0.3356151369345246,
        "emission": 8.850463780047473e-07
    },
    "PLS-SKLEARN": {
        "MSE": 0.7139599302413402,
        "MAE": 0.6701536933062203,
        "R2": 0.33561513693452405,
        "emission": 1.1864353641239319e-06
    },
    "XGBoost": {
        "MSE": 0.6281695566703629,
        "MAE": 0.6266450666960767,
        "R2": 0.4154485045830737,
        "emission": 2.118783545088622e-06
    },
    "CatBoost": {
        "MSE": 0.6109031913516938,
        "MAE": 0.64615213231152,
        "R2": 0.4315159493681119,
        "emission": 2.630191911361059e-06
    },
    "DNN": {
        "MSE": 0.7306372709929643,
        "MAE": 0.6666520683532198,
        "R2": 0.3200958167566835,
        "emission": 1.3513859982288387e-05
    }
}