{
    "Linear-SVR": {
        "MSE": 0.761205078276672,
        "MAE": 0.7215249372879364,
        "R2": 0.26888020703576854,
        "emission": 3.2261571330249633e-09
    },
    "RBF-SVR": {
        "MSE": 0.7124599132254636,
        "MAE": 0.6676840506192661,
        "R2": 0.3156988055939003,
        "emission": 4.595683950785203e-09
    },
    "DecisionTree": {
        "MSE": 0.566415538870215,
        "MAE": 0.5665036811009758,
        "R2": 0.45597103418167484,
        "emission": 4.226237742535236e-09
    },
    "ExtraTrees": {
        "MSE": 0.9879405873612932,
        "MAE": 0.8293692435864841,
        "R2": 0.05110601819971372,
        "emission": 2.649124747587931e-07
    },
    "RandomForest": {
        "MSE": 0.8350018873411086,
        "MAE": 0.7355834519861204,
        "R2": 0.19800008641602507,
        "emission": 3.235493160290486e-07
    },
    "KNeighbors": {
        "MSE": 1.0899229791905076,
        "MAE": 0.8913432360751785,
        "R2": -0.04684569984317588,
        "emission": 5.031483172682437e-09
    },
    "PLS": {
        "MSE": 0.7892534133678296,
        "MAE": 0.7055923647660997,
        "R2": 0.2419404328145237,
        "emission": 2.2013028387171114e-07
    },
    "PLS-SKLEARN": {
        "MSE": 0.7892534133678296,
        "MAE": 0.7055923647660997,
        "R2": 0.2419404328145237,
        "emission": 6.290226631039383e-07
    },
    "XGBoost": {
        "MSE": 0.7488132622007382,
        "MAE": 0.7003482626460222,
        "R2": 0.28078225848345295,
        "emission": 1.0020672126262432e-06
    },
    "CatBoost": {
        "MSE": 1.005423880894498,
        "MAE": 0.7287257735919082,
        "R2": 0.034313720942227954,
        "emission": 1.9476302315929145e-06
    },
    "DNN": {
        "MSE": 1.1959699721964898,
        "MAE": 0.8731389355281809,
        "R2": -0.14870137288537855,
        "emission": 8.431884270570901e-06
    }
}