{
    "Linear-SVR": {
        "MSE": 0.5220106521127256,
        "MAE": 0.5461635984480683,
        "R2": -0.16505079207054418,
        "emission": 6.007483312914709e-09
    },
    "RBF-SVR": {
        "MSE": 0.4053020553533156,
        "MAE": 0.46325474097909963,
        "R2": 0.09542558431311221,
        "emission": 8.809843999014001e-09
    },
    "DecisionTree": {
        "MSE": 0.6760553907871579,
        "MAE": 0.618454827792341,
        "R2": -0.508855931066428,
        "emission": 5.565193163353232e-09
    },
    "ExtraTrees": {
        "MSE": 0.8837216701338669,
        "MAE": 0.7700053094414252,
        "R2": -0.972336441013915,
        "emission": 5.278048001635715e-07
    },
    "RandomForest": {
        "MSE": 0.43266952905618195,
        "MAE": 0.5043090851434231,
        "R2": 0.03434541902252175,
        "emission": 4.931886811793596e-07
    },
    "KNeighbors": {
        "MSE": 0.6151523824016619,
        "MAE": 0.5958792529066921,
        "R2": -0.37292939801231184,
        "emission": 6.955550257713977e-09
    },
    "PLS": {
        "MSE": 0.4507139535225756,
        "MAE": 0.49638781813526844,
        "R2": -0.005927075287593064,
        "emission": 4.621322263839188e-07
    },
    "PLS-SKLEARN": {
        "MSE": 0.4138486992307528,
        "MAE": 0.4759274595903738,
        "R2": 0.07635073559373629,
        "emission": 7.926936209565288e-07
    },
    "XGBoost": {
        "MSE": 0.6030639999953866,
        "MAE": 0.5701182796605033,
        "R2": -0.3459499112139439,
        "emission": 1.3739202320951625e-06
    },
    "CatBoost": {
        "MSE": 0.47846084289454077,
        "MAE": 0.5294773518169905,
        "R2": -0.06785404039734155,
        "emission": 2.268787554331727e-06
    },
    "DNN": {
        "MSE": 0.5475137058051235,
        "MAE": 0.5452989341183917,
        "R2": -0.2219698468528395,
        "emission": 1.1143001676397553e-05
    }
}