{
    "Linear-SVR": {
        "MSE": 0.7139336218616152,
        "MAE": 0.647925928090929,
        "R2": 0.2133088644714456,
        "emission": 2.6798773618826255e-08
    },
    "RBF-SVR": {
        "MSE": 0.5800851752960959,
        "MAE": 0.6028927543264009,
        "R2": 0.3607979071401375,
        "emission": 2.5554391700830786e-08
    },
    "DecisionTree": {
        "MSE": 0.7711945408273898,
        "MAE": 0.6710999558918435,
        "R2": 0.1502124420825791,
        "emission": 6.164849753719239e-09
    },
    "ExtraTrees": {
        "MSE": 0.568324365724211,
        "MAE": 0.6042669860534803,
        "R2": 0.3737572696824364,
        "emission": 9.568373153543783e-07
    },
    "RandomForest": {
        "MSE": 0.6228612064887191,
        "MAE": 0.638162441762721,
        "R2": 0.31366253835811864,
        "emission": 9.28042872250417e-07
    },
    "KNeighbors": {
        "MSE": 0.6301340895921563,
        "MAE": 0.6178601658712024,
        "R2": 0.30564847025429354,
        "emission": 7.786611635710172e-09
    },
    "PLS": {
        "MSE": 0.5762525731495259,
        "MAE": 0.573748268841976,
        "R2": 0.3650210926610159,
        "emission": 1.6234536857220702e-06
    },
    "PLS-SKLEARN": {
        "MSE": 0.553128970738082,
        "MAE": 0.5723052489908226,
        "R2": 0.3905012388280159,
        "emission": 2.1578301737482956e-06
    },
    "XGBoost": {
        "MSE": 0.6730189877383677,
        "MAE": 0.6216140383547845,
        "R2": 0.25839313980536727,
        "emission": 2.988701321442051e-06
    },
    "CatBoost": {
        "MSE": 0.5525769439426451,
        "MAE": 0.5743623706207545,
        "R2": 0.3911095230903707,
        "emission": 2.71109905124179e-06
    },
    "DNN": {
        "MSE": 0.7232847714629516,
        "MAE": 0.6778882654944388,
        "R2": 0.2030047321640326,
        "emission": 1.809857153380266e-05
    }
}