{
    "Linear-SVR": {
        "MSE": 0.6115237972244358,
        "MAE": 0.5886856431600069,
        "R2": 0.18520755154948054,
        "emission": 7.573984623065035e-09
    },
    "RBF-SVR": {
        "MSE": 0.589292127874198,
        "MAE": 0.5608610761846998,
        "R2": 0.21482896020968112,
        "emission": 1.0668630358793671e-08
    },
    "DecisionTree": {
        "MSE": 0.7326862080300767,
        "MAE": 0.5854533616193768,
        "R2": 0.023771123713682618,
        "emission": 6.621651495486236e-09
    },
    "ExtraTrees": {
        "MSE": 0.7947694887327315,
        "MAE": 0.6542419264130053,
        "R2": -0.058948450767556615,
        "emission": 5.477125319704726e-07
    },
    "RandomForest": {
        "MSE": 0.6726431534070694,
        "MAE": 0.5865242906497147,
        "R2": 0.10377230716848318,
        "emission": 5.603278001327287e-07
    },
    "KNeighbors": {
        "MSE": 0.7061518208310005,
        "MAE": 0.6466929468222714,
        "R2": 0.05912546055584256,
        "emission": 7.997823249781598e-09
    },
    "PLS": {
        "MSE": 0.5918050852011005,
        "MAE": 0.5634659827767597,
        "R2": 0.21148070350645576,
        "emission": 5.613489181266477e-07
    },
    "PLS-SKLEARN": {
        "MSE": 0.5918050852011003,
        "MAE": 0.5634659827767593,
        "R2": 0.21148070350645598,
        "emission": 9.487846438135017e-07
    },
    "XGBoost": {
        "MSE": 0.5831104295114589,
        "MAE": 0.5617583210546299,
        "R2": 0.2230654363164486,
        "emission": 1.7854424065403873e-06
    },
    "CatBoost": {
        "MSE": 0.5053569972808353,
        "MAE": 0.5124446093480265,
        "R2": 0.3266638730578566,
        "emission": 2.2500626576217605e-06
    },
    "DNN": {
        "MSE": 0.6237991634517217,
        "MAE": 0.6103651492095926,
        "R2": 0.16885189090413322,
        "emission": 1.2440890077732152e-05
    }
}