{
    "Linear-SVR": {
        "MSE": 0.36475222939365065,
        "MAE": 0.49494692023361725,
        "R2": -1.5076623738637416,
        "emission": 3.3514497710709318e-09
    },
    "RBF-SVR": {
        "MSE": 0.2619439394312965,
        "MAE": 0.4522930415539018,
        "R2": -0.800857974371957,
        "emission": 4.340486022814492e-09
    },
    "DecisionTree": {
        "MSE": 0.35349609006361155,
        "MAE": 0.4649490559270479,
        "R2": -1.4302766999781298,
        "emission": 3.3067054057978026e-09
    },
    "ExtraTrees": {
        "MSE": 0.3992368723733993,
        "MAE": 0.5424339150469233,
        "R2": -1.7447434242529165,
        "emission": 2.7179113654742407e-07
    },
    "RandomForest": {
        "MSE": 0.26796505045901126,
        "MAE": 0.46572291206321204,
        "R2": -0.8422529607662996,
        "emission": 3.248751271332255e-07
    },
    "KNeighbors": {
        "MSE": 0.4052034180629284,
        "MAE": 0.5544099141901613,
        "R2": -1.7857632753239945,
        "emission": 5.938963877675961e-09
    },
    "PLS": {
        "MSE": 0.4391847534851132,
        "MAE": 0.5565132197993974,
        "R2": -2.0193840989540837,
        "emission": 1.977714376042959e-07
    },
    "PLS-SKLEARN": {
        "MSE": 0.4386985552914366,
        "MAE": 0.5441896161240503,
        "R2": -2.0160414986400292,
        "emission": 7.202001325973469e-07
    },
    "XGBoost": {
        "MSE": 0.5704339585918484,
        "MAE": 0.5758700426322014,
        "R2": -2.9217190724587416,
        "emission": 9.355336068434223e-07
    },
    "CatBoost": {
        "MSE": 0.3666358500986506,
        "MAE": 0.49464796968399966,
        "R2": -1.5206122186841862,
        "emission": 1.895460913458113e-06
    },
    "DNN": {
        "MSE": 1.45121900436675,
        "MAE": 0.9946312365202344,
        "R2": -8.977094038701573,
        "emission": 1.0362550027225297e-05
    }
}