{
    "Linear-SVR": {
        "MSE": 0.3144890475273619,
        "MAE": 0.43887049788186205,
        "R2": 0.45720087918233765,
        "emission": 4.996099584692527e-09
    },
    "RBF-SVR": {
        "MSE": 0.2957349541292097,
        "MAE": 0.393646573067606,
        "R2": 0.48956990916378285,
        "emission": 4.795949941829124e-09
    },
    "DecisionTree": {
        "MSE": 0.465827115742707,
        "MAE": 0.4937359460899592,
        "R2": 0.1959956924853805,
        "emission": 3.920793229044789e-09
    },
    "ExtraTrees": {
        "MSE": 0.6224789730586584,
        "MAE": 0.6185760064013178,
        "R2": -0.07438094254879912,
        "emission": 2.706896005676065e-07
    },
    "RandomForest": {
        "MSE": 0.591969052569959,
        "MAE": 0.5855878604189082,
        "R2": -0.021721690509053593,
        "emission": 3.383965529527083e-07
    },
    "KNeighbors": {
        "MSE": 0.3521912532064445,
        "MAE": 0.463280648697375,
        "R2": 0.39212794816488394,
        "emission": 5.182154194779106e-09
    },
    "PLS": {
        "MSE": 0.2978631555903579,
        "MAE": 0.4476173326979686,
        "R2": 0.4858966941786612,
        "emission": 2.2282207208226654e-07
    },
    "PLS-SKLEARN": {
        "MSE": 0.33512984632467635,
        "MAE": 0.47979064572184915,
        "R2": 0.42157544952669346,
        "emission": 7.534771687355132e-07
    },
    "XGBoost": {
        "MSE": 0.3348685688774478,
        "MAE": 0.43522770949617096,
        "R2": 0.4220264069440032,
        "emission": 1.0330850449673121e-06
    },
    "CatBoost": {
        "MSE": 0.3442032776054788,
        "MAE": 0.42129754985981305,
        "R2": 0.40591496608301947,
        "emission": 1.9064698590489123e-06
    },
    "DNN": {
        "MSE": 0.6494208567888511,
        "MAE": 0.6272808052349208,
        "R2": -0.12088186497169495,
        "emission": 9.465704817700514e-06
    }
}