{
    "Linear-SVR": {
        "MSE": 0.4167705208190778,
        "MAE": 0.5222955821894941,
        "R2": 0.42561942548688736,
        "emission": 9.820092649535103e-09
    },
    "RBF-SVR": {
        "MSE": 0.39112321426131386,
        "MAE": 0.5190125051828989,
        "R2": 0.4609657706324388,
        "emission": 1.0097607294285282e-08
    },
    "DecisionTree": {
        "MSE": 0.5138633464982448,
        "MAE": 0.5437324076299938,
        "R2": 0.2918090185389576,
        "emission": 6.7542297536809836e-09
    },
    "ExtraTrees": {
        "MSE": 0.5143240023646672,
        "MAE": 0.5883043978480187,
        "R2": 0.29117415650339773,
        "emission": 6.408123076629214e-07
    },
    "RandomForest": {
        "MSE": 0.4439371077934204,
        "MAE": 0.5601915270326997,
        "R2": 0.38817925384706764,
        "emission": 4.3358364935761334e-07
    },
    "KNeighbors": {
        "MSE": 0.3967430091879112,
        "MAE": 0.5160677342324186,
        "R2": 0.45322073858880707,
        "emission": 6.277885429455881e-09
    },
    "PLS": {
        "MSE": 0.39733279736223054,
        "MAE": 0.535543986805625,
        "R2": 0.45240791029725513,
        "emission": 6.655792364964432e-07
    },
    "PLS-SKLEARN": {
        "MSE": 0.39733279736223015,
        "MAE": 0.5355439868056244,
        "R2": 0.4524079102972557,
        "emission": 1.2797026308643378e-06
    },
    "XGBoost": {
        "MSE": 0.39371399519952777,
        "MAE": 0.48627854799686093,
        "R2": 0.45739523440352237,
        "emission": 3.3108076252881303e-06
    },
    "CatBoost": {
        "MSE": 0.34095292802239974,
        "MAE": 0.4725889085646602,
        "R2": 0.5301089474981182,
        "emission": 2.4130505372511845e-06
    },
    "DNN": {
        "MSE": 0.5910915791298683,
        "MAE": 0.6365086209283531,
        "R2": 0.1853753952097288,
        "emission": 1.3433029756341127e-05
    }
}