{
    "Linear-SVR": {
        "MSE": 0.7975483695691641,
        "MAE": 0.6894919643678651,
        "R2": 0.06275443620063292,
        "emission": 7.869165357139713e-09
    },
    "RBF-SVR": {
        "MSE": 0.7073379656043874,
        "MAE": 0.6428020009936808,
        "R2": 0.16876593863804534,
        "emission": 8.585716679823059e-09
    },
    "DecisionTree": {
        "MSE": 1.3161889718331383,
        "MAE": 0.8830652367597144,
        "R2": -0.5467303577319658,
        "emission": 4.999871027708374e-09
    },
    "ExtraTrees": {
        "MSE": 0.8297437150206752,
        "MAE": 0.7232591121213127,
        "R2": 0.02491980967419738,
        "emission": 5.109863518783634e-07
    },
    "RandomForest": {
        "MSE": 0.6963561733418503,
        "MAE": 0.6434477976069086,
        "R2": 0.1816712826564768,
        "emission": 4.995424081772318e-07
    },
    "KNeighbors": {
        "MSE": 1.159235790426352,
        "MAE": 0.8566699021339498,
        "R2": -0.36228552828898986,
        "emission": 7.72628361062081e-09
    },
    "PLS": {
        "MSE": 0.8182680098686451,
        "MAE": 0.7073449794125924,
        "R2": 0.038405579510351506,
        "emission": 5.626748285322843e-07
    },
    "PLS-SKLEARN": {
        "MSE": 0.8182680098686462,
        "MAE": 0.7073449794125928,
        "R2": 0.038405579510350174,
        "emission": 7.7245019682015e-07
    },
    "XGBoost": {
        "MSE": 0.8147305568994232,
        "MAE": 0.6881133473185592,
        "R2": 0.042562646628855116,
        "emission": 1.402299392361602e-06
    },
    "CatBoost": {
        "MSE": 0.8029063318699281,
        "MAE": 0.6530060672023851,
        "R2": 0.05645798248195988,
        "emission": 2.3888083164447757e-06
    },
    "DNN": {
        "MSE": 1.1795710166311268,
        "MAE": 0.8082860369390886,
        "R2": -0.38618263757601357,
        "emission": 1.156121554483109e-05
    }
}