{
    "Linear-SVR": {
        "MSE": 0.5284596820875544,
        "MAE": 0.5752118984747644,
        "R2": 0.5833918482269862,
        "emission": 4.041764107842763e-09
    },
    "RBF-SVR": {
        "MSE": 0.5988408422573297,
        "MAE": 0.6034675836487025,
        "R2": 0.5279072652931596,
        "emission": 4.349511798155113e-09
    },
    "DecisionTree": {
        "MSE": 0.669759739188318,
        "MAE": 0.6448209672041477,
        "R2": 0.4719987606755739,
        "emission": 4.31407009787103e-09
    },
    "ExtraTrees": {
        "MSE": 0.6131990634654121,
        "MAE": 0.625170379573417,
        "R2": 0.516588044162386,
        "emission": 3.314180540375183e-07
    },
    "RandomForest": {
        "MSE": 0.5473635946200174,
        "MAE": 0.6093521561041587,
        "R2": 0.568489057477997,
        "emission": 3.591156797942914e-07
    },
    "KNeighbors": {
        "MSE": 0.6719895767004868,
        "MAE": 0.6662401062626673,
        "R2": 0.4702408810942421,
        "emission": 5.1312021529831074e-09
    },
    "PLS": {
        "MSE": 0.46627850238695073,
        "MAE": 0.5399871899170114,
        "R2": 0.6324120237071701,
        "emission": 3.166426286538832e-07
    },
    "PLS-SKLEARN": {
        "MSE": 0.4632838044286448,
        "MAE": 0.5192702084783843,
        "R2": 0.6347728766233279,
        "emission": 9.11995757171238e-07
    },
    "XGBoost": {
        "MSE": 0.5812658246574821,
        "MAE": 0.6222750197968081,
        "R2": 0.5417624293630604,
        "emission": 1.1229561261090984e-06
    },
    "CatBoost": {
        "MSE": 0.44808490551854074,
        "MAE": 0.5422223939671256,
        "R2": 0.646754841186661,
        "emission": 1.7814954444135194e-06
    },
    "DNN": {
        "MSE": 0.8180568427942184,
        "MAE": 0.7306918569923562,
        "R2": 0.3550895917442921,
        "emission": 9.2637406975424e-06
    }
}