{
    "Linear-SVR": {
        "MSE": 0.5840439336278124,
        "MAE": 0.5677338981976997,
        "R2": 0.37712461856718515,
        "emission": 1.3111603085822051e-08
    },
    "RBF-SVR": {
        "MSE": 0.5566569049054328,
        "MAE": 0.5726295404137933,
        "R2": 0.4063325342385333,
        "emission": 1.629730182166745e-08
    },
    "DecisionTree": {
        "MSE": 0.8332132090112215,
        "MAE": 0.6778231986514878,
        "R2": 0.11138877489231092,
        "emission": 6.8253243917248495e-09
    },
    "ExtraTrees": {
        "MSE": 0.7244852161617474,
        "MAE": 0.6267709441866449,
        "R2": 0.22734578791677673,
        "emission": 8.219665238155484e-07
    },
    "RandomForest": {
        "MSE": 0.6125028804318957,
        "MAE": 0.5957595564906281,
        "R2": 0.3467735159786154,
        "emission": 5.226365113193065e-07
    },
    "KNeighbors": {
        "MSE": 0.6171427928241617,
        "MAE": 0.6283465963082052,
        "R2": 0.3418251087874036,
        "emission": 8.667701833536992e-09
    },
    "PLS": {
        "MSE": 0.5561627685570548,
        "MAE": 0.580170367812157,
        "R2": 0.4068595243308095,
        "emission": 8.538090758636537e-07
    },
    "PLS-SKLEARN": {
        "MSE": 0.5561627685570545,
        "MAE": 0.5801703678121569,
        "R2": 0.40685952433080974,
        "emission": 1.4925030810149433e-06
    },
    "XGBoost": {
        "MSE": 0.5676722206571586,
        "MAE": 0.536244155513242,
        "R2": 0.39458484094799495,
        "emission": 2.166937262982838e-06
    },
    "CatBoost": {
        "MSE": 0.5336868808885653,
        "MAE": 0.5394343640673498,
        "R2": 0.43082977091413066,
        "emission": 2.1548705275352933e-06
    },
    "DNN": {
        "MSE": 0.6428353338810056,
        "MAE": 0.5588513422931539,
        "R2": 0.31442434252765483,
        "emission": 1.4035508739450312e-05
    }
}