{
    "Linear-SVR": {
        "MSE": 0.6356544728222314,
        "MAE": 0.6072299267693456,
        "R2": -0.07537611409924883,
        "emission": 6.999368142162137e-09
    },
    "RBF-SVR": {
        "MSE": 0.4852639396155037,
        "MAE": 0.5052964076915467,
        "R2": 0.1790488826747355,
        "emission": 1.0903239025387212e-08
    },
    "DecisionTree": {
        "MSE": 0.8339089440006249,
        "MAE": 0.6918688011270157,
        "R2": -0.4107755047022088,
        "emission": 5.86733626432118e-09
    },
    "ExtraTrees": {
        "MSE": 0.6915403651441846,
        "MAE": 0.6439233186584942,
        "R2": -0.1699217458657043,
        "emission": 6.22522561072763e-07
    },
    "RandomForest": {
        "MSE": 0.5247909024401676,
        "MAE": 0.5415809935123649,
        "R2": 0.11217866701211421,
        "emission": 8.423019625903706e-07
    },
    "KNeighbors": {
        "MSE": 0.5482848814859136,
        "MAE": 0.5470596697714737,
        "R2": 0.07243244485659239,
        "emission": 8.067775747973069e-09
    },
    "PLS": {
        "MSE": 0.44688596146846166,
        "MAE": 0.49273033015591133,
        "R2": 0.24397528966360582,
        "emission": 6.545840592950906e-07
    },
    "PLS-SKLEARN": {
        "MSE": 0.4468859614684618,
        "MAE": 0.49273033015591133,
        "R2": 0.2439752896636055,
        "emission": 1.086865444730146e-06
    },
    "XGBoost": {
        "MSE": 0.7233619292898742,
        "MAE": 0.6513869556967987,
        "R2": -0.22375626046231867,
        "emission": 1.8095015080101495e-06
    },
    "CatBoost": {
        "MSE": 0.47109620957614956,
        "MAE": 0.5001898193022664,
        "R2": 0.20301731069142737,
        "emission": 2.362798696085302e-06
    },
    "DNN": {
        "MSE": 0.744944844260404,
        "MAE": 0.6916569748707749,
        "R2": -0.2602694169400732,
        "emission": 1.2748294448417433e-05
    }
}