{
    "Linear-SVR": {
        "MSE": 0.3952611835825937,
        "MAE": 0.48702344165071065,
        "R2": -0.37242131389416744,
        "emission": 3.3296280109929197e-09
    },
    "RBF-SVR": {
        "MSE": 0.33992130613024363,
        "MAE": 0.4438616309930983,
        "R2": -0.1802708309261729,
        "emission": 4.219613703879797e-09
    },
    "DecisionTree": {
        "MSE": 0.45055705710453037,
        "MAE": 0.4835597651352538,
        "R2": -0.5644190069235013,
        "emission": 4.9923313496983e-09
    },
    "ExtraTrees": {
        "MSE": 0.44589403505852915,
        "MAE": 0.4880251713306127,
        "R2": -0.5482281156624746,
        "emission": 2.3095970289763057e-07
    },
    "RandomForest": {
        "MSE": 0.32929524741473054,
        "MAE": 0.4482056118288355,
        "R2": -0.143375152651674,
        "emission": 2.868071493073339e-07
    },
    "KNeighbors": {
        "MSE": 0.4033729049725674,
        "MAE": 0.47779956717302446,
        "R2": -0.40058673916326626,
        "emission": 2.992843043045973e-09
    },
    "PLS": {
        "MSE": 0.40564923472689696,
        "MAE": 0.4932922682695459,
        "R2": -0.40849058503038904,
        "emission": 9.303559708464458e-08
    },
    "PLS-SKLEARN": {
        "MSE": 0.46626702344428744,
        "MAE": 0.5503903164127066,
        "R2": -0.6189669704999379,
        "emission": 5.487601757822629e-07
    },
    "XGBoost": {
        "MSE": 0.3885680054438872,
        "MAE": 0.4677215402664312,
        "R2": -0.3491813381090627,
        "emission": 7.029155246937595e-07
    },
    "CatBoost": {
        "MSE": 0.3723628546555715,
        "MAE": 0.46882014416964407,
        "R2": -0.29291400081282126,
        "emission": 1.6316743402443778e-06
    },
    "DNN": {
        "MSE": 1.0216326877933344,
        "MAE": 0.844176421848515,
        "R2": -2.547301212302252,
        "emission": 8.472749093569851e-06
    }
}