{
    "Linear-SVR": {
        "MSE": 0.8453004558500431,
        "MAE": 0.7220055532146811,
        "R2": 0.26997006077305297,
        "emission": 1.0092776777097149e-08
    },
    "RBF-SVR": {
        "MSE": 0.7556102179515674,
        "MAE": 0.692546292156465,
        "R2": 0.3474295705475162,
        "emission": 1.0594283819001091e-08
    },
    "DecisionTree": {
        "MSE": 1.157277394601688,
        "MAE": 0.8681339813941592,
        "R2": 0.0005362706208377199,
        "emission": 7.138501620523502e-09
    },
    "ExtraTrees": {
        "MSE": 0.8742186713320599,
        "MAE": 0.7283427300717966,
        "R2": 0.24499531605975589,
        "emission": 5.962024855067889e-07
    },
    "RandomForest": {
        "MSE": 0.7538395923830861,
        "MAE": 0.6939344198914815,
        "R2": 0.3489587424144025,
        "emission": 5.63395485723592e-07
    },
    "KNeighbors": {
        "MSE": 0.8506536566719379,
        "MAE": 0.7315246512852893,
        "R2": 0.26534685627383425,
        "emission": 1.9426959565375744e-08
    },
    "PLS": {
        "MSE": 0.7323373436652743,
        "MAE": 0.6769729950255698,
        "R2": 0.3675288084969075,
        "emission": 6.744351860953916e-07
    },
    "PLS-SKLEARN": {
        "MSE": 0.7093805181482398,
        "MAE": 0.6402838714567044,
        "R2": 0.38735509608620156,
        "emission": 1.2355339405105518e-06
    },
    "XGBoost": {
        "MSE": 0.9471494965099369,
        "MAE": 0.7362641757547334,
        "R2": 0.1820097994852543,
        "emission": 1.8321310106178693e-06
    },
    "CatBoost": {
        "MSE": 0.6870269779446676,
        "MAE": 0.6553576938210852,
        "R2": 0.4066603661631123,
        "emission": 2.3713098296054105e-06
    },
    "DNN": {
        "MSE": 1.1129206885872542,
        "MAE": 0.8238975780950952,
        "R2": 0.03884421565023133,
        "emission": 1.2053932645511269e-05
    }
}