{
    "Linear-SVR": {
        "MSE": 0.21091113528891187,
        "MAE": 0.3678195626431611,
        "R2": 0.24577755780336408,
        "emission": 7.398900711688001e-09
    },
    "RBF-SVR": {
        "MSE": 0.22524309216081148,
        "MAE": 0.3731713119467648,
        "R2": 0.19452619310621877,
        "emission": 5.480246783868079e-09
    },
    "DecisionTree": {
        "MSE": 0.32608510175300376,
        "MAE": 0.4008811991832399,
        "R2": -0.16608685203459106,
        "emission": 5.307690950975393e-09
    },
    "ExtraTrees": {
        "MSE": 0.28965552448955784,
        "MAE": 0.41538119574572047,
        "R2": -0.03581395442683899,
        "emission": 3.793473766162711e-07
    },
    "RandomForest": {
        "MSE": 0.2384344062746007,
        "MAE": 0.3942411542814498,
        "R2": 0.14735378974754176,
        "emission": 4.066101563583472e-07
    },
    "KNeighbors": {
        "MSE": 0.3324614414381311,
        "MAE": 0.4136555826707506,
        "R2": -0.1888887704017952,
        "emission": 6.303995893133616e-09
    },
    "PLS": {
        "MSE": 0.22972971983886287,
        "MAE": 0.37916337723906635,
        "R2": 0.17848192270801733,
        "emission": 4.4737988539327706e-07
    },
    "PLS-SKLEARN": {
        "MSE": 0.22972971983886284,
        "MAE": 0.3791633772390664,
        "R2": 0.17848192270801744,
        "emission": 9.16272456740218e-07
    },
    "XGBoost": {
        "MSE": 0.23549928042152224,
        "MAE": 0.3835015193811458,
        "R2": 0.1578498585588488,
        "emission": 1.304778182866366e-06
    },
    "CatBoost": {
        "MSE": 0.25470498079176923,
        "MAE": 0.3810685013882243,
        "R2": 0.0891698895401336,
        "emission": 2.150218629652332e-06
    },
    "DNN": {
        "MSE": 0.3959713498055557,
        "MAE": 0.49520736592440356,
        "R2": -0.4160014741807967,
        "emission": 1.1855149318070608e-05
    }
}