{
    "Linear-SVR": {
        "MSE": 0.7794201336360776,
        "MAE": 0.6886075255229539,
        "R2": 0.1492085771326388,
        "emission": 5.251340650639444e-09
    },
    "RBF-SVR": {
        "MSE": 0.7884179057710409,
        "MAE": 0.7335887936847909,
        "R2": 0.13938688145532907,
        "emission": 7.888161953912154e-09
    },
    "DecisionTree": {
        "MSE": 0.9876092790145938,
        "MAE": 0.7285819556065938,
        "R2": -0.07804439155296361,
        "emission": 5.809834136049022e-09
    },
    "ExtraTrees": {
        "MSE": 0.9893150260023308,
        "MAE": 0.7320799976626907,
        "R2": -0.07990633332752162,
        "emission": 4.037352652861965e-07
    },
    "RandomForest": {
        "MSE": 0.707963288793819,
        "MAE": 0.6576633967708111,
        "R2": 0.227208705783849,
        "emission": 4.293925835787908e-07
    },
    "KNeighbors": {
        "MSE": 1.260124347142029,
        "MAE": 0.9284864011690516,
        "R2": -0.37551359020365194,
        "emission": 7.1551797637671446e-09
    },
    "PLS": {
        "MSE": 0.6970655877381898,
        "MAE": 0.6609323514739386,
        "R2": 0.23910430635532576,
        "emission": 5.4813155601767e-07
    },
    "PLS-SKLEARN": {
        "MSE": 0.5916194612721427,
        "MAE": 0.607247907266716,
        "R2": 0.3542061058859345,
        "emission": 7.949558535491135e-07
    },
    "XGBoost": {
        "MSE": 0.6903854705402224,
        "MAE": 0.6010038126660395,
        "R2": 0.24639612006466105,
        "emission": 1.2923585949630047e-06
    },
    "CatBoost": {
        "MSE": 0.5910703206268573,
        "MAE": 0.5628692531935373,
        "R2": 0.3548055311904581,
        "emission": 2.235042373406126e-06
    },
    "DNN": {
        "MSE": 0.7103211652013273,
        "MAE": 0.6612695857169295,
        "R2": 0.22463491927626822,
        "emission": 1.1175311788459307e-05
    }
}