{
    "Linear-SVR": {
        "MSE": 0.32399444844349673,
        "MAE": 0.4528913372485105,
        "R2": -0.7298438326974028,
        "emission": 3.6400827890420396e-09
    },
    "RBF-SVR": {
        "MSE": 0.21271112535095407,
        "MAE": 0.3755149761549888,
        "R2": -0.13568929993145318,
        "emission": 4.072242919553692e-09
    },
    "DecisionTree": {
        "MSE": 0.35522000197646264,
        "MAE": 0.45725810473004136,
        "R2": -0.8965606744860786,
        "emission": 4.9018325393683446e-09
    },
    "ExtraTrees": {
        "MSE": 0.2386061405381538,
        "MAE": 0.40377648992459547,
        "R2": -0.2739457809741983,
        "emission": 3.3048887389347585e-07
    },
    "RandomForest": {
        "MSE": 0.20518254875171524,
        "MAE": 0.3895711489145871,
        "R2": -0.09549335873015052,
        "emission": 3.645629308220211e-07
    },
    "KNeighbors": {
        "MSE": 0.2565360293088488,
        "MAE": 0.43351824856553345,
        "R2": -0.3696755308509041,
        "emission": 6.669412082529679e-09
    },
    "PLS": {
        "MSE": 0.24880754529859445,
        "MAE": 0.42050173801965746,
        "R2": -0.3284122608613551,
        "emission": 3.7783796083530923e-07
    },
    "PLS-SKLEARN": {
        "MSE": 0.24880754529859503,
        "MAE": 0.420501738019658,
        "R2": -0.3284122608613582,
        "emission": 7.984890440422659e-07
    },
    "XGBoost": {
        "MSE": 0.39353280167387267,
        "MAE": 0.5303956072085684,
        "R2": -1.1011171432414182,
        "emission": 1.2408219251203658e-06
    },
    "CatBoost": {
        "MSE": 0.21445618817815754,
        "MAE": 0.3737029873894655,
        "R2": -0.14500639219587153,
        "emission": 2.256982420109789e-06
    },
    "DNN": {
        "MSE": 0.4903628719780155,
        "MAE": 0.583731188840531,
        "R2": -1.6181040877399098,
        "emission": 9.791052681525141e-06
    }
}