{
    "Linear-SVR": {
        "MSE": 1.689290425666737,
        "MAE": 0.8881784642099342,
        "R2": 0.615717170960078,
        "emission": 9.197411454072475e-08
    },
    "RBF-SVR": {
        "MSE": 1.1627456942174477,
        "MAE": 0.7174981960403689,
        "R2": 0.7354965149633672,
        "emission": 1.1695976357789345e-07
    },
    "DecisionTree": {
        "MSE": 1.8625175990638687,
        "MAE": 0.997108144338007,
        "R2": 0.5763111415123201,
        "emission": 5.874674902360705e-09
    },
    "ExtraTrees": {
        "MSE": 1.6590327393691002,
        "MAE": 0.9565133793744465,
        "R2": 0.622600243943854,
        "emission": 4.0648303012315627e-07
    },
    "RandomForest": {
        "MSE": 1.597376026070708,
        "MAE": 0.9157373469586877,
        "R2": 0.6366260241505098,
        "emission": 1.6991133837503172e-06
    },
    "KNeighbors": {
        "MSE": 1.3278016791316913,
        "MAE": 0.8189076081007115,
        "R2": 0.6979492821908958,
        "emission": 1.70460639437659e-08
    },
    "PLS": {
        "MSE": 1.5283733417135152,
        "MAE": 0.9022194126925775,
        "R2": 0.6523228790863123,
        "emission": 1.1133231537848043e-07
    },
    "PLS-SKLEARN": {
        "MSE": 1.5274944031364686,
        "MAE": 0.9022766764030733,
        "R2": 0.652522821617098,
        "emission": 7.172276762448768e-07
    },
    "XGBoost": {
        "MSE": 0.8001690744775092,
        "MAE": 0.5912125105040631,
        "R2": 0.8179760975504782,
        "emission": 1.5766963928166504e-06
    },
    "CatBoost": {
        "MSE": 0.7375678304833748,
        "MAE": 0.5659859090694008,
        "R2": 0.8322167413012351,
        "emission": 1.0775908200304244e-06
    },
    "DNN": {
        "MSE": 0.9482899549118392,
        "MAE": 0.664680417866862,
        "R2": 0.7842812928512076,
        "emission": 5.842542681225318e-06
    }
}