{
    "Linear-SVR": {
        "MSE": 3.110809368045406,
        "MAE": 1.2664811324839922,
        "R2": 0.384445089163703,
        "emission": 5.508469121018203e-06
    },
    "RBF-SVR": {
        "MSE": 2.1939023341581505,
        "MAE": 1.0999510561803667,
        "R2": 0.5658791022174419,
        "emission": 3.874554177313655e-06
    },
    "DecisionTree": {
        "MSE": 3.1019965956965616,
        "MAE": 1.3621781003944724,
        "R2": 0.38618892642777225,
        "emission": 2.7009330109609276e-08
    },
    "ExtraTrees": {
        "MSE": 3.0941632963833317,
        "MAE": 1.3572228614979893,
        "R2": 0.387738949360659,
        "emission": 6.78255622038046e-06
    },
    "RandomForest": {
        "MSE": 2.760426960263324,
        "MAE": 1.294058106211873,
        "R2": 0.453777403125591,
        "emission": 3.7411818812778858e-06
    },
    "KNeighbors": {
        "MSE": 2.987457343679211,
        "MAE": 1.3070780552941177,
        "R2": 0.40885351005254666,
        "emission": 7.502354012616207e-08
    },
    "PLS": {
        "MSE": 2.004774853778821,
        "MAE": 1.0618115845237157,
        "R2": 0.6033029156202991,
        "emission": 1.3440163163108965e-06
    },
    "PLS-SKLEARN": {
        "MSE": 2.011339819288321,
        "MAE": 1.0648573553406633,
        "R2": 0.6020038656687481,
        "emission": 1.3118076225827038e-07
    },
    "XGBoost": {
        "MSE": 1.3912720882450755,
        "MAE": 0.8684505422226965,
        "R2": 0.7247004670148511,
        "emission": 1.1556294842127632e-05
    },
    "CatBoost": {
        "MSE": 1.4097885742335745,
        "MAE": 0.8733279060225257,
        "R2": 0.7210364964743441,
        "emission": 1.1039716030634762e-06
    },
    "DNN": {
        "MSE": 3.484116407029843,
        "MAE": 1.4069782744007626,
        "R2": 0.31057653795736206,
        "emission": 3.3692375893013285e-05
    }
}