{
    "Linear-SVR": {
        "MSE": 850.6215985793502,
        "MAE": 21.032852653452355,
        "R2": 0.3103726576682485,
        "emission": 2.4292769695603723e-08
    },
    "RBF-SVR": {
        "MSE": 1297.6266605698056,
        "MAE": 27.896299969116715,
        "R2": -0.05202927689838366,
        "emission": 3.262986120457887e-08
    },
    "DecisionTree": {
        "MSE": 1059.5553092977773,
        "MAE": 24.641833320964913,
        "R2": 0.14098311960937115,
        "emission": 8.927621720881881e-09
    },
    "ExtraTrees": {
        "MSE": 1006.6239895731194,
        "MAE": 24.462206724218913,
        "R2": 0.1838963085159222,
        "emission": 1.0590180225900759e-06
    },
    "RandomForest": {
        "MSE": 858.7166891350778,
        "MAE": 23.521178978178675,
        "R2": 0.3038096973634491,
        "emission": 8.746343721107591e-07
    },
    "KNeighbors": {
        "MSE": 928.8914647887323,
        "MAE": 22.114460093896714,
        "R2": 0.24691666277135582,
        "emission": 1.1921316486819796e-08
    },
    "PLS": {
        "MSE": 772.793569417325,
        "MAE": 21.011735713592238,
        "R2": 0.37347044051265943,
        "emission": 5.908875860618506e-07
    },
    "PLS-SKLEARN": {
        "MSE": 762.9724794275038,
        "MAE": 21.05741949692698,
        "R2": 0.38143272621031044,
        "emission": 5.350767695083619e-08
    },
    "XGBoost": {
        "MSE": 786.5233882546169,
        "MAE": 21.94795778765925,
        "R2": 0.36233921777945866,
        "emission": 3.1681581088149762e-06
    },
    "CatBoost": {
        "MSE": 783.3671979054105,
        "MAE": 20.78390009781329,
        "R2": 0.3648980467182623,
        "emission": 2.883038849719261e-06
    },
    "DNN": {
        "MSE": 893.8547062273431,
        "MAE": 25.041897428091705,
        "R2": 0.275322133230799,
        "emission": 1.71999761967139e-05
    }
}