{
    "Linear-SVR": {
        "MSE": 802.2221373995822,
        "MAE": 18.770783681034953,
        "R2": 0.07407075919417128,
        "emission": 2.227400405301895e-08
    },
    "RBF-SVR": {
        "MSE": 1092.3310124030513,
        "MAE": 18.56413216113967,
        "R2": -0.2607745135300805,
        "emission": 3.268743149289272e-08
    },
    "DecisionTree": {
        "MSE": 1076.9740068650176,
        "MAE": 22.110106712461608,
        "R2": -0.24304937255481973,
        "emission": 6.479393324568929e-09
    },
    "ExtraTrees": {
        "MSE": 893.001062241918,
        "MAE": 20.523067475175008,
        "R2": -0.030706779397444706,
        "emission": 1.1434296115416118e-06
    },
    "RandomForest": {
        "MSE": 702.1724352821815,
        "MAE": 18.727491282013485,
        "R2": 0.18954868034043248,
        "emission": 8.658648748703046e-07
    },
    "KNeighbors": {
        "MSE": 764.9470985915494,
        "MAE": 17.815774647887324,
        "R2": 0.11709381574607292,
        "emission": 8.414364677894437e-09
    },
    "PLS": {
        "MSE": 773.4791704379595,
        "MAE": 19.324085710282855,
        "R2": 0.10724605109468144,
        "emission": 6.039643314043705e-07
    },
    "PLS-SKLEARN": {
        "MSE": 742.7605999503962,
        "MAE": 19.235622226628447,
        "R2": 0.14270159554324158,
        "emission": 5.6046109754234224e-08
    },
    "XGBoost": {
        "MSE": 704.4602904329457,
        "MAE": 19.39780845107607,
        "R2": 0.18690802523499295,
        "emission": 3.301628459696493e-06
    },
    "CatBoost": {
        "MSE": 759.1872291834022,
        "MAE": 18.110715675630765,
        "R2": 0.12374188896618399,
        "emission": 2.8629851456608968e-06
    },
    "DNN": {
        "MSE": 769.6822856919935,
        "MAE": 21.403846331773227,
        "R2": 0.11162843652928878,
        "emission": 1.7563555491455468e-05
    }
}