{
    "Linear-SVR": {
        "MSE": 280.05968922398796,
        "MAE": 8.27639835811938,
        "R2": -0.030337396267335004,
        "emission": 2.3059987292034995e-08
    },
    "RBF-SVR": {
        "MSE": 307.5882378543703,
        "MAE": 6.767571939613346,
        "R2": -0.13161471039076078,
        "emission": 3.268935216518351e-08
    },
    "DecisionTree": {
        "MSE": 356.11991003077765,
        "MAE": 10.472019924424597,
        "R2": -0.3101623510215654,
        "emission": 1.0470958972356557e-08
    },
    "ExtraTrees": {
        "MSE": 283.95959742065804,
        "MAE": 9.834109493042886,
        "R2": -0.04468512788188028,
        "emission": 1.2022810920327392e-06
    },
    "RandomForest": {
        "MSE": 272.3012229566527,
        "MAE": 9.948153982014299,
        "R2": -0.001794059826935035,
        "emission": 8.93517814851828e-07
    },
    "KNeighbors": {
        "MSE": 380.88476431924886,
        "MAE": 11.089483568075119,
        "R2": -0.4012720553750395,
        "emission": 8.466231775587406e-09
    },
    "PLS": {
        "MSE": 309.3624676541733,
        "MAE": 10.678182957316148,
        "R2": -0.1381420878843742,
        "emission": 6.042744920903573e-07
    },
    "PLS-SKLEARN": {
        "MSE": 309.3624676541733,
        "MAE": 10.678182957316144,
        "R2": -0.1381420878843742,
        "emission": 5.8010848791482006e-08
    },
    "XGBoost": {
        "MSE": 392.66366417606775,
        "MAE": 12.572166568997531,
        "R2": -0.4446065354031954,
        "emission": 3.3334959726168e-06
    },
    "CatBoost": {
        "MSE": 272.0234732428267,
        "MAE": 10.14900981137383,
        "R2": -0.0007722208120077845,
        "emission": 2.8874480314210693e-06
    },
    "DNN": {
        "MSE": 271.9306296732379,
        "MAE": 9.35365603675305,
        "R2": -0.00043065004894882186,
        "emission": 1.641269503992443e-05
    }
}