{
    "Linear-SVR": {
        "MSE": 483.18725382256815,
        "MAE": 16.040866770808087,
        "R2": 0.3090815340094889,
        "emission": 2.2731564173825376e-08
    },
    "RBF-SVR": {
        "MSE": 803.9588304976784,
        "MAE": 19.249331299791123,
        "R2": -0.14959572607218674,
        "emission": 3.500755231793901e-08
    },
    "DecisionTree": {
        "MSE": 595.6278046118852,
        "MAE": 17.273320986525214,
        "R2": 0.1483006933480533,
        "emission": 7.793295951265987e-09
    },
    "ExtraTrees": {
        "MSE": 565.0279298097544,
        "MAE": 17.313947029017598,
        "R2": 0.1920560250347485,
        "emission": 9.931591672022002e-07
    },
    "RandomForest": {
        "MSE": 523.9391517552397,
        "MAE": 17.024498157177703,
        "R2": 0.2508096351067448,
        "emission": 8.59839802760876e-07
    },
    "KNeighbors": {
        "MSE": 537.9303417840375,
        "MAE": 17.803098591549297,
        "R2": 0.23080337153997343,
        "emission": 1.123206128570377e-08
    },
    "PLS": {
        "MSE": 447.68229313492486,
        "MAE": 16.08562422738108,
        "R2": 0.3598507394868503,
        "emission": 5.93923905070343e-07
    },
    "PLS-SKLEARN": {
        "MSE": 447.6822931349247,
        "MAE": 16.08562422738108,
        "R2": 0.35985073948685053,
        "emission": 5.8464524135676535e-08
    },
    "XGBoost": {
        "MSE": 499.6694446824347,
        "MAE": 16.844101045501066,
        "R2": 0.2855133418956226,
        "emission": 3.3215395940940488e-06
    },
    "CatBoost": {
        "MSE": 457.27162951449657,
        "MAE": 15.755217707592706,
        "R2": 0.34613876855047776,
        "emission": 2.8973707312861415e-06
    },
    "DNN": {
        "MSE": 489.406421103037,
        "MAE": 17.042129584209462,
        "R2": 0.30018863072372093,
        "emission": 1.6965331886006512e-05
    }
}