{
    "Linear-SVR": {
        "MSE": 402.316245496585,
        "MAE": 12.67527699053374,
        "R2": 0.13278639819942561,
        "emission": 2.3419943658440296e-08
    },
    "RBF-SVR": {
        "MSE": 550.5397022056047,
        "MAE": 12.739265142298477,
        "R2": -0.18671697558380296,
        "emission": 3.547403780291057e-08
    },
    "DecisionTree": {
        "MSE": 430.1725298206231,
        "MAE": 13.214503082753549,
        "R2": 0.07274072782980845,
        "emission": 7.090402117517311e-09
    },
    "ExtraTrees": {
        "MSE": 430.3887699583581,
        "MAE": 13.696024879796637,
        "R2": 0.07227461096080745,
        "emission": 1.0938865673035574e-06
    },
    "RandomForest": {
        "MSE": 388.48036734156784,
        "MAE": 13.084684339062468,
        "R2": 0.1626103535161596,
        "emission": 8.515544132618457e-07
    },
    "KNeighbors": {
        "MSE": 443.1718253521127,
        "MAE": 13.41455399061033,
        "R2": 0.04472006988988708,
        "emission": 8.228837629853567e-09
    },
    "PLS": {
        "MSE": 368.7211866177887,
        "MAE": 12.902927984130963,
        "R2": 0.20520229574048232,
        "emission": 6.052657419382749e-07
    },
    "PLS-SKLEARN": {
        "MSE": 368.72118661778865,
        "MAE": 12.90292798413096,
        "R2": 0.20520229574048243,
        "emission": 5.345833950688203e-08
    },
    "XGBoost": {
        "MSE": 404.57747051819376,
        "MAE": 14.190120264349128,
        "R2": 0.12791221000190334,
        "emission": 3.332707866084878e-06
    },
    "CatBoost": {
        "MSE": 364.0229423982527,
        "MAE": 12.591572162454932,
        "R2": 0.21532960563007786,
        "emission": 2.8783144718032144e-06
    },
    "DNN": {
        "MSE": 382.65079348045987,
        "MAE": 13.831713924721372,
        "R2": 0.1751763033172019,
        "emission": 1.734298385621246e-05
    }
}