{
    "Linear-SVR": {
        "MSE": 433.30155772969295,
        "MAE": 15.875668591054737,
        "R2": 0.4266546681965758,
        "emission": 2.6224112338821904e-08
    },
    "RBF-SVR": {
        "MSE": 813.735288017489,
        "MAE": 20.706631970789566,
        "R2": -0.07673586763237861,
        "emission": 3.7000430804918885e-08
    },
    "DecisionTree": {
        "MSE": 605.7025549957659,
        "MAE": 17.97091505709767,
        "R2": 0.1985333858760986,
        "emission": 9.061271692981108e-09
    },
    "ExtraTrees": {
        "MSE": 524.110556701324,
        "MAE": 17.28286263032744,
        "R2": 0.30649605183035855,
        "emission": 1.2960083106062948e-06
    },
    "RandomForest": {
        "MSE": 495.8911989793622,
        "MAE": 17.713371504642907,
        "R2": 0.3438359522478661,
        "emission": 9.91362823099439e-07
    },
    "KNeighbors": {
        "MSE": 598.429357746479,
        "MAE": 18.39183098591549,
        "R2": 0.2081572924044145,
        "emission": 1.634255260812881e-08
    },
    "PLS": {
        "MSE": 456.3280359057524,
        "MAE": 16.616529615376535,
        "R2": 0.3961859945105398,
        "emission": 6.523764596948488e-07
    },
    "PLS-SKLEARN": {
        "MSE": 487.263723382533,
        "MAE": 16.98888716888918,
        "R2": 0.35525184210666927,
        "emission": 5.5067364634410693e-08
    },
    "XGBoost": {
        "MSE": 442.2833104413108,
        "MAE": 16.2484455232644,
        "R2": 0.4147699982784693,
        "emission": 3.375334753200774e-06
    },
    "CatBoost": {
        "MSE": 427.9460125870276,
        "MAE": 16.048086864892774,
        "R2": 0.4337411343124563,
        "emission": 2.8510996579903793e-06
    },
    "DNN": {
        "MSE": 525.5686969990553,
        "MAE": 18.864098640674715,
        "R2": 0.304566638197047,
        "emission": 1.636557710774964e-05
    }
}