{
    "Linear-SVR": {
        "MSE": 786.6865179168423,
        "MAE": 19.027832820701175,
        "R2": 0.27482433169320764,
        "emission": 2.8105970194681984e-08
    },
    "RBF-SVR": {
        "MSE": 1410.2392602618552,
        "MAE": 23.25490280652132,
        "R2": -0.2999729558616513,
        "emission": 3.683963582674753e-08
    },
    "DecisionTree": {
        "MSE": 1021.498614643307,
        "MAE": 21.011789178714487,
        "R2": 0.05837214229883836,
        "emission": 8.48177653596937e-09
    },
    "ExtraTrees": {
        "MSE": 958.0569040197959,
        "MAE": 21.392220750060325,
        "R2": 0.1168533592157831,
        "emission": 1.3376311271710785e-06
    },
    "RandomForest": {
        "MSE": 863.3440758590641,
        "MAE": 21.524884561978226,
        "R2": 0.20416061171651212,
        "emission": 1.0144147036030003e-06
    },
    "KNeighbors": {
        "MSE": 917.3923962441313,
        "MAE": 20.322159624413146,
        "R2": 0.15433831787590013,
        "emission": 2.200757036470071e-08
    },
    "PLS": {
        "MSE": 667.2256291927108,
        "MAE": 18.71267922990205,
        "R2": 0.38494459922549384,
        "emission": 6.736936117150588e-07
    },
    "PLS-SKLEARN": {
        "MSE": 667.2256291927114,
        "MAE": 18.712679229902058,
        "R2": 0.3849445992254933,
        "emission": 6.376254776756786e-08
    },
    "XGBoost": {
        "MSE": 710.1309413919586,
        "MAE": 19.671752167741456,
        "R2": 0.3453940441576492,
        "emission": 4.120845834497547e-06
    },
    "CatBoost": {
        "MSE": 669.8585304814482,
        "MAE": 18.525533434331674,
        "R2": 0.38251756392215375,
        "emission": 3.038456147212822e-06
    },
    "DNN": {
        "MSE": 674.5827693181744,
        "MAE": 20.958392465170558,
        "R2": 0.3781627123038297,
        "emission": 1.8673752867410472e-05
    }
}