{
    "Linear-SVR": {
        "MSE": 726.7297574805319,
        "MAE": 19.642114076548086,
        "R2": 0.15739479469770257,
        "emission": 2.7435973927049536e-08
    },
    "RBF-SVR": {
        "MSE": 1001.3655611345603,
        "MAE": 21.114216050139778,
        "R2": -0.16103107866068012,
        "emission": 3.705768838243162e-08
    },
    "DecisionTree": {
        "MSE": 886.2449505229149,
        "MAE": 21.464190941240012,
        "R2": -0.02755474204383268,
        "emission": 8.024477744956785e-09
    },
    "ExtraTrees": {
        "MSE": 802.6211149257781,
        "MAE": 21.431991395666834,
        "R2": 0.0694027286475728,
        "emission": 1.2358074609144039e-06
    },
    "RandomForest": {
        "MSE": 717.9385119573643,
        "MAE": 20.698052468252893,
        "R2": 0.1675877848190821,
        "emission": 9.833382342262302e-07
    },
    "KNeighbors": {
        "MSE": 887.5027154929576,
        "MAE": 23.343286384976526,
        "R2": -0.0290130548484151,
        "emission": 1.4149998550919949e-08
    },
    "PLS": {
        "MSE": 755.1308836079044,
        "MAE": 21.043763226135802,
        "R2": 0.1244651720077824,
        "emission": 7.050274801777203e-07
    },
    "PLS-SKLEARN": {
        "MSE": 737.7860978040959,
        "MAE": 21.242524062441063,
        "R2": 0.1445755454343638,
        "emission": 6.170850116187761e-08
    },
    "XGBoost": {
        "MSE": 693.2880369551717,
        "MAE": 19.93432150060582,
        "R2": 0.19616872338148583,
        "emission": 3.9304195922578745e-06
    },
    "CatBoost": {
        "MSE": 729.4810264263701,
        "MAE": 20.635951411256315,
        "R2": 0.15420484202122642,
        "emission": 3.0449010135295146e-06
    },
    "DNN": {
        "MSE": 679.3904792690582,
        "MAE": 21.371224190707498,
        "R2": 0.2122822158135359,
        "emission": 1.8398354650549822e-05
    }
}