{
    "Linear-SVR": {
        "MSE": 309.5154437828405,
        "MAE": 12.159726295076766,
        "R2": 0.0781207665661362,
        "emission": 2.3416619181069626e-08
    },
    "RBF-SVR": {
        "MSE": 368.6154868682549,
        "MAE": 11.83810359299294,
        "R2": -0.0979063219358387,
        "emission": 3.2585132419728356e-08
    },
    "DecisionTree": {
        "MSE": 369.21889690959256,
        "MAE": 12.991188534717077,
        "R2": -0.09970355434387645,
        "emission": 8.920593089962579e-09
    },
    "ExtraTrees": {
        "MSE": 340.7429842841187,
        "MAE": 13.146552386745068,
        "R2": -0.014889200069135411,
        "emission": 1.101107343894496e-06
    },
    "RandomForest": {
        "MSE": 297.85505316533374,
        "MAE": 12.3101740036218,
        "R2": 0.11285076850926545,
        "emission": 8.866858992101826e-07
    },
    "KNeighbors": {
        "MSE": 359.55923568075116,
        "MAE": 13.597840375586856,
        "R2": -0.07093264398140975,
        "emission": 1.0481854506094375e-08
    },
    "PLS": {
        "MSE": 299.52203651231383,
        "MAE": 12.977532060370526,
        "R2": 0.10788572601807656,
        "emission": 5.950977434618119e-07
    },
    "PLS-SKLEARN": {
        "MSE": 299.5220365123136,
        "MAE": 12.977532060370523,
        "R2": 0.10788572601807722,
        "emission": 6.634590214159624e-08
    },
    "XGBoost": {
        "MSE": 304.71478839952755,
        "MAE": 13.549016695689987,
        "R2": 0.09241932450127355,
        "emission": 3.2716503270653976e-06
    },
    "CatBoost": {
        "MSE": 274.3389511914286,
        "MAE": 12.133547987350369,
        "R2": 0.18289252731812966,
        "emission": 2.9174047999788338e-06
    },
    "DNN": {
        "MSE": 314.1890478930298,
        "MAE": 14.054009755900207,
        "R2": 0.0642006257104265,
        "emission": 1.73571823609185e-05
    }
}