{
    "Linear-SVR": {
        "MSE": 238.08002402349393,
        "MAE": 8.908518906459461,
        "R2": 0.06688219279440577,
        "emission": 2.2195232884341644e-08
    },
    "RBF-SVR": {
        "MSE": 309.1953432823607,
        "MAE": 8.501247000049036,
        "R2": -0.21184329472911334,
        "emission": 3.3494939079863395e-08
    },
    "DecisionTree": {
        "MSE": 326.3424944753588,
        "MAE": 10.214431516636049,
        "R2": -0.27904890001523475,
        "emission": 6.8463744517810125e-09
    },
    "ExtraTrees": {
        "MSE": 266.4124934207412,
        "MAE": 10.023685758998425,
        "R2": -0.04416253607402765,
        "emission": 1.1103215665020534e-06
    },
    "RandomForest": {
        "MSE": 250.23671323832494,
        "MAE": 9.360345319698732,
        "R2": 0.01923593087239084,
        "emission": 8.569338578523786e-07
    },
    "KNeighbors": {
        "MSE": 266.48652769953054,
        "MAE": 10.034929577464789,
        "R2": -0.04445270197167184,
        "emission": 7.947935105500027e-09
    },
    "PLS": {
        "MSE": 267.94436882145754,
        "MAE": 10.147174635420903,
        "R2": -0.050166484623224594,
        "emission": 5.931633535671099e-07
    },
    "PLS-SKLEARN": {
        "MSE": 242.15612112060657,
        "MAE": 9.361088049563667,
        "R2": 0.05090656106799307,
        "emission": 5.3384939876827306e-08
    },
    "XGBoost": {
        "MSE": 240.58388177864248,
        "MAE": 10.14125944488625,
        "R2": 0.05706870983790058,
        "emission": 3.2275743393902014e-06
    },
    "CatBoost": {
        "MSE": 269.36407429697545,
        "MAE": 9.498222815831639,
        "R2": -0.05573080051081991,
        "emission": 2.9120025441471814e-06
    },
    "DNN": {
        "MSE": 227.6846159864605,
        "MAE": 9.558162617011808,
        "R2": 0.1076253857284204,
        "emission": 1.706587133602825e-05
    }
}