{
    "Linear-SVR": {
        "MSE": 364.7187941580966,
        "MAE": 10.181538438675773,
        "R2": 0.02542360846517533,
        "emission": 2.568741186393917e-08
    },
    "RBF-SVR": {
        "MSE": 439.8871901416319,
        "MAE": 8.889286286307504,
        "R2": -0.17543619171101033,
        "emission": 3.223995339930091e-08
    },
    "DecisionTree": {
        "MSE": 598.579265552883,
        "MAE": 13.02907677687474,
        "R2": -0.5994822038625782,
        "emission": 7.939283679970533e-09
    },
    "ExtraTrees": {
        "MSE": 397.827400948213,
        "MAE": 11.594684207256805,
        "R2": -0.06304692568632264,
        "emission": 1.1250691513531605e-06
    },
    "RandomForest": {
        "MSE": 373.3600712983949,
        "MAE": 11.238985425319479,
        "R2": 0.0023329840483985453,
        "emission": 8.769960391619437e-07
    },
    "KNeighbors": {
        "MSE": 481.3714028169014,
        "MAE": 12.960751173708921,
        "R2": -0.2862874418859662,
        "emission": 8.83619637441414e-09
    },
    "PLS": {
        "MSE": 464.5857967471211,
        "MAE": 12.965976248933808,
        "R2": -0.2414341037656378,
        "emission": 5.851520410118139e-07
    },
    "PLS-SKLEARN": {
        "MSE": 442.32717071639627,
        "MAE": 12.54184838292686,
        "R2": -0.18195613941334376,
        "emission": 6.10563840472483e-08
    },
    "XGBoost": {
        "MSE": 448.8292814199874,
        "MAE": 12.571047831809436,
        "R2": -0.19933063090751935,
        "emission": 3.288766857070942e-06
    },
    "CatBoost": {
        "MSE": 362.0138338655678,
        "MAE": 11.514693575965113,
        "R2": 0.03265161668236349,
        "emission": 2.928886863726774e-06
    },
    "DNN": {
        "MSE": 364.9310279247544,
        "MAE": 10.813299264594422,
        "R2": 0.02485649204072915,
        "emission": 1.6946382617317783e-05
    }
}