{
    "Linear-SVR": {
        "MSE": 181.79505928764908,
        "MAE": 9.062873654537395,
        "R2": 0.11835090133545578,
        "emission": 2.2900621375179714e-08
    },
    "RBF-SVR": {
        "MSE": 221.25707112233755,
        "MAE": 8.320115884593955,
        "R2": -0.07302749641567785,
        "emission": 3.2413210128062807e-08
    },
    "DecisionTree": {
        "MSE": 238.92403934166344,
        "MAE": 10.103100547730829,
        "R2": -0.15870675892004704,
        "emission": 7.276567878946995e-09
    },
    "ExtraTrees": {
        "MSE": 240.71406174575577,
        "MAE": 10.071788210782067,
        "R2": -0.16738780693830058,
        "emission": 1.087305233352927e-06
    },
    "RandomForest": {
        "MSE": 209.4539907501329,
        "MAE": 9.630296488090089,
        "R2": -0.015786253378627046,
        "emission": 8.577595141229615e-07
    },
    "KNeighbors": {
        "MSE": 204.22272300469484,
        "MAE": 9.267605633802816,
        "R2": 0.009583756734467985,
        "emission": 9.039058285872133e-09
    },
    "PLS": {
        "MSE": 168.29680622837458,
        "MAE": 9.004375564868063,
        "R2": 0.18381320097048126,
        "emission": 6.06239919865753e-07
    },
    "PLS-SKLEARN": {
        "MSE": 168.29680622837458,
        "MAE": 9.004375564868061,
        "R2": 0.18381320097048126,
        "emission": 5.107140644514051e-08
    },
    "XGBoost": {
        "MSE": 241.93945110664012,
        "MAE": 10.800655430212545,
        "R2": -0.17333056154213944,
        "emission": 3.25944793395377e-06
    },
    "CatBoost": {
        "MSE": 170.03777576367298,
        "MAE": 9.085417148649405,
        "R2": 0.17537004400233946,
        "emission": 2.828300832321459e-06
    },
    "DNN": {
        "MSE": 178.824593261267,
        "MAE": 9.313106685513063,
        "R2": 0.13275673120253484,
        "emission": 1.7135462767160727e-05
    }
}