{
    "Linear-SVR": {
        "MSE": 227.91968923291466,
        "MAE": 11.200983437851011,
        "R2": 0.06206084880317675,
        "emission": 2.408483573817796e-08
    },
    "RBF-SVR": {
        "MSE": 258.0035470740656,
        "MAE": 11.10784618105724,
        "R2": -0.06174077703801917,
        "emission": 3.381921328411779e-08
    },
    "DecisionTree": {
        "MSE": 315.62273895260364,
        "MAE": 12.771363501954772,
        "R2": -0.2988562983213745,
        "emission": 6.7343319641529e-09
    },
    "ExtraTrees": {
        "MSE": 265.3312141696932,
        "MAE": 12.529309023519684,
        "R2": -0.09189572275182445,
        "emission": 1.01744674947082e-06
    },
    "RandomForest": {
        "MSE": 208.7745374118269,
        "MAE": 10.987229104550503,
        "R2": 0.14084731744500978,
        "emission": 8.38562179152981e-07
    },
    "KNeighbors": {
        "MSE": 260.8646009389671,
        "MAE": 12.589671361502349,
        "R2": -0.0735146366927324,
        "emission": 1.0655143842420055e-08
    },
    "PLS": {
        "MSE": 225.90677451995214,
        "MAE": 11.67170086035771,
        "R2": 0.07034443116353317,
        "emission": 6.199637091051302e-07
    },
    "PLS-SKLEARN": {
        "MSE": 224.6446876206079,
        "MAE": 11.573051075372732,
        "R2": 0.07553819357647606,
        "emission": 5.880360375592568e-08
    },
    "XGBoost": {
        "MSE": 254.19547464111466,
        "MAE": 12.365293847003453,
        "R2": -0.04606972976044954,
        "emission": 3.231318426128058e-06
    },
    "CatBoost": {
        "MSE": 202.08441893559942,
        "MAE": 11.133104927191535,
        "R2": 0.16837861176239788,
        "emission": 2.922800188264439e-06
    },
    "DNN": {
        "MSE": 216.25958735132826,
        "MAE": 11.75521805364761,
        "R2": 0.1100447070582109,
        "emission": 1.6875308666380274e-05
    }
}