{
    "Linear-SVR": {
        "MSE": 205.4721826339883,
        "MAE": 6.48693323391048,
        "R2": 0.1239085749556561,
        "emission": 2.5176072924188255e-08
    },
    "RBF-SVR": {
        "MSE": 256.6735141700257,
        "MAE": 5.421888733328116,
        "R2": -0.09440344633376441,
        "emission": 3.2924604984912644e-08
    },
    "DecisionTree": {
        "MSE": 305.0040718028887,
        "MAE": 8.412277438214192,
        "R2": -0.30047507397198014,
        "emission": 7.538350905387319e-09
    },
    "ExtraTrees": {
        "MSE": 272.6018563822658,
        "MAE": 8.864448821913593,
        "R2": -0.1623186446269227,
        "emission": 1.1043937346275863e-06
    },
    "RandomForest": {
        "MSE": 235.662521824196,
        "MAE": 8.620670643023523,
        "R2": -0.004816865854189167,
        "emission": 1.0664209672087293e-06
    },
    "KNeighbors": {
        "MSE": 243.2616882629108,
        "MAE": 7.496431924882628,
        "R2": -0.03721815964052144,
        "emission": 8.235134551362252e-09
    },
    "PLS": {
        "MSE": 261.4591662031208,
        "MAE": 10.242579733222863,
        "R2": -0.11480848927288112,
        "emission": 6.018741425915253e-07
    },
    "PLS-SKLEARN": {
        "MSE": 235.87661773914328,
        "MAE": 9.22663598438871,
        "R2": -0.005729727112671279,
        "emission": 5.7193548763478835e-08
    },
    "XGBoost": {
        "MSE": 295.2866768541497,
        "MAE": 10.725777484056815,
        "R2": -0.2590420864053642,
        "emission": 3.3989950738106535e-06
    },
    "CatBoost": {
        "MSE": 201.40615197741405,
        "MAE": 8.181643778359632,
        "R2": 0.1412452993069887,
        "emission": 2.9121570712494996e-06
    },
    "DNN": {
        "MSE": 225.23035216589147,
        "MAE": 9.058124162781407,
        "R2": 0.03966377510210439,
        "emission": 1.7175280850359523e-05
    }
}