{
    "Linear-SVR": {
        "MSE": 261.1269552608023,
        "MAE": 8.768038193329785,
        "R2": -0.09913320793873859,
        "emission": 2.2972081396669227e-08
    },
    "RBF-SVR": {
        "MSE": 285.21468788296835,
        "MAE": 7.675300632495426,
        "R2": -0.20052307327274566,
        "emission": 3.277778696720015e-08
    },
    "DecisionTree": {
        "MSE": 261.50980985117053,
        "MAE": 9.470657276995306,
        "R2": -0.10074471600256607,
        "emission": 9.149083162881964e-09
    },
    "ExtraTrees": {
        "MSE": 269.71109620729413,
        "MAE": 9.768037075715423,
        "R2": -0.13526549603014804,
        "emission": 1.1442808932974526e-06
    },
    "RandomForest": {
        "MSE": 238.25754449362486,
        "MAE": 8.998926484022038,
        "R2": -0.002871491889198108,
        "emission": 8.849727492194512e-07
    },
    "KNeighbors": {
        "MSE": 252.32507042253516,
        "MAE": 9.04319248826291,
        "R2": -0.062084394236110896,
        "emission": 1.2064014661028995e-08
    },
    "PLS": {
        "MSE": 234.00585529651983,
        "MAE": 8.824740261281272,
        "R2": 0.015024679655808448,
        "emission": 5.99672706817325e-07
    },
    "PLS-SKLEARN": {
        "MSE": 234.00585529651963,
        "MAE": 8.824740261281265,
        "R2": 0.015024679655809225,
        "emission": 5.719544772250585e-08
    },
    "XGBoost": {
        "MSE": 310.541811742802,
        "MAE": 10.655409899570852,
        "R2": -0.30712977294539123,
        "emission": 3.1641551503089776e-06
    },
    "CatBoost": {
        "MSE": 230.54430346974425,
        "MAE": 9.021169524104508,
        "R2": 0.02959501215943705,
        "emission": 2.903521262459112e-06
    },
    "DNN": {
        "MSE": 234.79032915884414,
        "MAE": 9.886672938933394,
        "R2": 0.011722679400877123,
        "emission": 1.6978506436807518e-05
    }
}