{
    "Linear-SVR": {
        "MSE": 205.2862978141926,
        "MAE": 6.229287276970948,
        "R2": 0.05717636485475208,
        "emission": 2.4222429674908465e-08
    },
    "RBF-SVR": {
        "MSE": 232.10784219738972,
        "MAE": 4.64247396814715,
        "R2": -0.06600762864521359,
        "emission": 3.0171775286489695e-08
    },
    "DecisionTree": {
        "MSE": 348.1487787327828,
        "MAE": 8.082284065840827,
        "R2": -0.598951808431549,
        "emission": 9.1662780377423e-09
    },
    "ExtraTrees": {
        "MSE": 259.99060732134,
        "MAE": 8.200545787228465,
        "R2": -0.19406551780768488,
        "emission": 1.145825558550392e-06
    },
    "RandomForest": {
        "MSE": 232.34981546296112,
        "MAE": 7.632448686332119,
        "R2": -0.0671189454563359,
        "emission": 8.916608727268031e-07
    },
    "KNeighbors": {
        "MSE": 259.22167323943665,
        "MAE": 7.86206572769953,
        "R2": -0.19053401456559627,
        "emission": 1.7855935963637823e-08
    },
    "PLS": {
        "MSE": 205.43267559558254,
        "MAE": 7.659578309557118,
        "R2": 0.05650409187100203,
        "emission": 6.070579934545005e-07
    },
    "PLS-SKLEARN": {
        "MSE": 214.23095265755074,
        "MAE": 7.884879266813262,
        "R2": 0.016096019579260212,
        "emission": 5.0299560479123425e-08
    },
    "XGBoost": {
        "MSE": 252.41040119963094,
        "MAE": 8.525919655916836,
        "R2": -0.15925171110496628,
        "emission": 3.3888878302175676e-06
    },
    "CatBoost": {
        "MSE": 181.02504909041156,
        "MAE": 6.468513148918877,
        "R2": 0.16860162293808445,
        "emission": 2.8258188645293155e-06
    },
    "DNN": {
        "MSE": 225.46950798794828,
        "MAE": 9.070507128484232,
        "R2": -0.0355195811851754,
        "emission": 1.758349369859062e-05
    }
}