{
    "Linear-SVR": {
        "MSE": 782.0972699764228,
        "MAE": 20.942097124103803,
        "R2": -0.04047380429312386,
        "emission": 2.208161510973469e-08
    },
    "RBF-SVR": {
        "MSE": 827.0069787868814,
        "MAE": 20.52843407937065,
        "R2": -0.10022004989390809,
        "emission": 3.893574107251775e-08
    },
    "DecisionTree": {
        "MSE": 816.6004233631327,
        "MAE": 20.98458288135386,
        "R2": -0.08637554649644508,
        "emission": 7.486249222751742e-09
    },
    "ExtraTrees": {
        "MSE": 738.9630812490128,
        "MAE": 20.4825712657718,
        "R2": 0.016910353871318784,
        "emission": 1.1500484623106614e-06
    },
    "RandomForest": {
        "MSE": 654.0654903297559,
        "MAE": 19.712174593522306,
        "R2": 0.129855025576596,
        "emission": 8.792996387896018e-07
    },
    "KNeighbors": {
        "MSE": 805.6759267605635,
        "MAE": 21.197089201877933,
        "R2": -0.07184199296491944,
        "emission": 1.1610278542833942e-08
    },
    "PLS": {
        "MSE": 655.9592474620317,
        "MAE": 19.73525947761723,
        "R2": 0.1273356398640162,
        "emission": 6.017121973463672e-07
    },
    "PLS-SKLEARN": {
        "MSE": 655.959247462032,
        "MAE": 19.735259477617234,
        "R2": 0.12733563986401586,
        "emission": 8.408852976781801e-08
    },
    "XGBoost": {
        "MSE": 739.2039161855034,
        "MAE": 20.663607324372993,
        "R2": 0.016589955818293256,
        "emission": 3.270682591467659e-06
    },
    "CatBoost": {
        "MSE": 768.2674021442687,
        "MAE": 20.78784113145572,
        "R2": -0.022075050393079776,
        "emission": 2.8334104010487503e-06
    },
    "DNN": {
        "MSE": 682.262379708251,
        "MAE": 20.908530383042887,
        "R2": 0.0923429079831416,
        "emission": 1.7178772410530797e-05
    }
}