{
    "Linear-SVR": {
        "MSE": 271.35701212284744,
        "MAE": 7.628918911259773,
        "R2": 0.06116442966293323,
        "emission": 2.5594109474863845e-08
    },
    "RBF-SVR": {
        "MSE": 323.95045462218417,
        "MAE": 6.7633060341177,
        "R2": -0.12079731217147716,
        "emission": 3.436020332758858e-08
    },
    "DecisionTree": {
        "MSE": 236.71580721647703,
        "MAE": 7.458138897162768,
        "R2": 0.18101537845917093,
        "emission": 8.070686016996466e-09
    },
    "ExtraTrees": {
        "MSE": 260.1733718710559,
        "MAE": 8.173858862906313,
        "R2": 0.0998573648190807,
        "emission": 1.1786368194690283e-06
    },
    "RandomForest": {
        "MSE": 266.85235309665677,
        "MAE": 8.263818553103942,
        "R2": 0.07674955898368618,
        "emission": 9.040857807370753e-07
    },
    "KNeighbors": {
        "MSE": 254.80614084507042,
        "MAE": 7.908169014084506,
        "R2": 0.11842680351532742,
        "emission": 1.1981117490409111e-08
    },
    "PLS": {
        "MSE": 230.0594666068394,
        "MAE": 8.438556363457312,
        "R2": 0.20404485274368955,
        "emission": 6.22400699116061e-07
    },
    "PLS-SKLEARN": {
        "MSE": 219.87996675662,
        "MAE": 8.412057605616388,
        "R2": 0.2392636829956245,
        "emission": 5.365266733219929e-08
    },
    "XGBoost": {
        "MSE": 248.53067829428412,
        "MAE": 8.839493902216494,
        "R2": 0.14013852349965983,
        "emission": 3.309814804248284e-06
    },
    "CatBoost": {
        "MSE": 203.28731440126015,
        "MAE": 7.478542690067666,
        "R2": 0.29667061018568597,
        "emission": 2.786104477749272e-06
    },
    "DNN": {
        "MSE": 348.00936881638347,
        "MAE": 10.778774083210505,
        "R2": -0.20403586293712306,
        "emission": 1.784230923372693e-05
    }
}