{
    "Linear-SVR": {
        "MSE": 390.7718764297135,
        "MAE": 9.361956297866854,
        "R2": -0.13431599688960816,
        "emission": 2.4613072175337908e-08
    },
    "RBF-SVR": {
        "MSE": 379.337667742245,
        "MAE": 6.720846604317609,
        "R2": -0.10112526181299497,
        "emission": 3.0312608736128914e-08
    },
    "DecisionTree": {
        "MSE": 422.4407915403206,
        "MAE": 10.680581715142928,
        "R2": -0.22624317788919046,
        "emission": 8.741448744750753e-09
    },
    "ExtraTrees": {
        "MSE": 440.9131144976496,
        "MAE": 11.703166820533097,
        "R2": -0.279863851980813,
        "emission": 1.0763581200814292e-06
    },
    "RandomForest": {
        "MSE": 325.91701064910905,
        "MAE": 10.22588533186619,
        "R2": 0.05394195146430836,
        "emission": 8.660249833121519e-07
    },
    "KNeighbors": {
        "MSE": 331.42822910798117,
        "MAE": 9.019530516431924,
        "R2": 0.037944220723374666,
        "emission": 1.9455662239018527e-08
    },
    "PLS": {
        "MSE": 356.5937899121565,
        "MAE": 11.517869220850347,
        "R2": -0.035105299758195985,
        "emission": 6.163209307558364e-07
    },
    "PLS-SKLEARN": {
        "MSE": 356.59378991215647,
        "MAE": 11.517869220850342,
        "R2": -0.03510529975819576,
        "emission": 4.8804543595092377e-08
    },
    "XGBoost": {
        "MSE": 393.0184928732348,
        "MAE": 11.927782176968536,
        "R2": -0.14083737963097787,
        "emission": 3.4319521532134543e-06
    },
    "CatBoost": {
        "MSE": 358.66942395929146,
        "MAE": 10.295835167500272,
        "R2": -0.04113036206530252,
        "emission": 2.8390716365526073e-06
    },
    "DNN": {
        "MSE": 328.608633624919,
        "MAE": 10.685724351999346,
        "R2": 0.04612882267174556,
        "emission": 1.695403750081175e-05
    }
}