{
    "Linear-SVR": {
        "MSE": 690.0377782172865,
        "MAE": 15.884451566457217,
        "R2": 0.18329952240848746,
        "emission": 2.3737623752515012e-08
    },
    "RBF-SVR": {
        "MSE": 1007.2759174484369,
        "MAE": 16.876711694365923,
        "R2": -0.1921705576350703,
        "emission": 3.199597154955801e-08
    },
    "DecisionTree": {
        "MSE": 803.4813912179274,
        "MAE": 19.16235203016204,
        "R2": 0.04903230423285343,
        "emission": 7.2486903131541435e-09
    },
    "ExtraTrees": {
        "MSE": 689.6751422898834,
        "MAE": 18.45591134348177,
        "R2": 0.18372872345291003,
        "emission": 1.113054291564433e-06
    },
    "RandomForest": {
        "MSE": 655.7169816772232,
        "MAE": 18.438281383148663,
        "R2": 0.22392021276837748,
        "emission": 8.810263257408685e-07
    },
    "KNeighbors": {
        "MSE": 776.352965258216,
        "MAE": 17.628544600938966,
        "R2": 0.0811403990894014,
        "emission": 1.676919283735534e-08
    },
    "PLS": {
        "MSE": 683.9651334204144,
        "MAE": 17.902339643392875,
        "R2": 0.19048685629426676,
        "emission": 6.170511989109206e-07
    },
    "PLS-SKLEARN": {
        "MSE": 647.7367834983709,
        "MAE": 17.317477436648254,
        "R2": 0.23336524877898746,
        "emission": 4.901298090245085e-08
    },
    "XGBoost": {
        "MSE": 656.7297962628479,
        "MAE": 18.793645369355946,
        "R2": 0.22272148686973403,
        "emission": 3.4002405264779145e-06
    },
    "CatBoost": {
        "MSE": 618.857961239777,
        "MAE": 17.16963005854879,
        "R2": 0.26754504106776167,
        "emission": 2.832666282125653e-06
    },
    "DNN": {
        "MSE": 760.8668734874739,
        "MAE": 21.666206087081086,
        "R2": 0.09946910361028427,
        "emission": 1.6857933311020304e-05
    }
}