{
    "Linear-SVR": {
        "MSE": 696.3696993781839,
        "MAE": 19.204152713090593,
        "R2": 0.4389833762969545,
        "emission": 2.2657047664993196e-08
    },
    "RBF-SVR": {
        "MSE": 1501.912242138029,
        "MAE": 24.522957735565875,
        "R2": -0.20998621268980666,
        "emission": 3.23493366422383e-08
    },
    "DecisionTree": {
        "MSE": 931.9886518029915,
        "MAE": 19.588829760867874,
        "R2": 0.2491615772039607,
        "emission": 7.145461445466591e-09
    },
    "ExtraTrees": {
        "MSE": 924.9005574859615,
        "MAE": 22.284184798497865,
        "R2": 0.25487196171060966,
        "emission": 1.1063529501524334e-06
    },
    "RandomForest": {
        "MSE": 801.7512485622664,
        "MAE": 22.08696575437903,
        "R2": 0.35408479300615125,
        "emission": 8.770683765911162e-07
    },
    "KNeighbors": {
        "MSE": 787.0003154929577,
        "MAE": 20.30798122065728,
        "R2": 0.3659685936287267,
        "emission": 1.0128209707709559e-08
    },
    "PLS": {
        "MSE": 671.0713522981114,
        "MAE": 19.658410438321862,
        "R2": 0.4593644946552108,
        "emission": 6.125410350286404e-07
    },
    "PLS-SKLEARN": {
        "MSE": 665.426734193911,
        "MAE": 19.825062416316815,
        "R2": 0.4639119707928705,
        "emission": 5.248458870283152e-08
    },
    "XGBoost": {
        "MSE": 644.9178692488707,
        "MAE": 19.222837876871296,
        "R2": 0.4804345365761351,
        "emission": 3.2944199745160133e-06
    },
    "CatBoost": {
        "MSE": 666.1758400502603,
        "MAE": 19.65439369971558,
        "R2": 0.4633084683160963,
        "emission": 2.812886057085415e-06
    },
    "DNN": {
        "MSE": 755.0022250655826,
        "MAE": 23.10284493316507,
        "R2": 0.39174722913302895,
        "emission": 1.659535874867245e-05
    }
}