{
    "Linear-SVR": {
        "MSE": 339.49037361429953,
        "MAE": 12.222201087820514,
        "R2": 0.1099477269207415,
        "emission": 2.2720393852672086e-08
    },
    "RBF-SVR": {
        "MSE": 381.63663099081685,
        "MAE": 13.016581173780818,
        "R2": -0.0005484022636788044,
        "emission": 3.475906733364048e-08
    },
    "DecisionTree": {
        "MSE": 374.7645577701374,
        "MAE": 13.296629023389587,
        "R2": 0.017468321821057398,
        "emission": 6.65919491430172e-09
    },
    "ExtraTrees": {
        "MSE": 380.381904841658,
        "MAE": 13.791079799861096,
        "R2": 0.002741151573330991,
        "emission": 1.0608697611019887e-06
    },
    "RandomForest": {
        "MSE": 317.79162390057525,
        "MAE": 12.202780336731848,
        "R2": 0.1668360012481308,
        "emission": 8.47230534170063e-07
    },
    "KNeighbors": {
        "MSE": 332.86109671361504,
        "MAE": 13.03737089201878,
        "R2": 0.12732790448368347,
        "emission": 1.0325538510594855e-08
    },
    "PLS": {
        "MSE": 322.1992110542796,
        "MAE": 12.367507943532715,
        "R2": 0.15528049549642298,
        "emission": 6.055350100662152e-07
    },
    "PLS-SKLEARN": {
        "MSE": 322.1992110542793,
        "MAE": 12.367507943532708,
        "R2": 0.15528049549642364,
        "emission": 5.388359505765372e-08
    },
    "XGBoost": {
        "MSE": 349.76153184627333,
        "MAE": 13.080100756086095,
        "R2": 0.083019517928544,
        "emission": 3.2685440319139484e-06
    },
    "CatBoost": {
        "MSE": 305.5817502254337,
        "MAE": 11.709464017372971,
        "R2": 0.19884699968344144,
        "emission": 2.844440769788745e-06
    },
    "DNN": {
        "MSE": 327.29495389309005,
        "MAE": 12.998077815687152,
        "R2": 0.14192083098392216,
        "emission": 1.688363083783926e-05
    }
}