{
    "Linear-SVR": {
        "MSE": 294.46026135417384,
        "MAE": 10.228944157196302,
        "R2": -0.08544155730367375,
        "emission": 2.206549049617889e-08
    },
    "RBF-SVR": {
        "MSE": 330.22590287823783,
        "MAE": 9.181360288342013,
        "R2": -0.21728112524846654,
        "emission": 3.3796220524061254e-08
    },
    "DecisionTree": {
        "MSE": 422.81041484226256,
        "MAE": 11.439261605133762,
        "R2": -0.5585668267087294,
        "emission": 6.606404478617284e-09
    },
    "ExtraTrees": {
        "MSE": 330.4977995636678,
        "MAE": 10.668981401855362,
        "R2": -0.21828339278807118,
        "emission": 1.0252719777408422e-06
    },
    "RandomForest": {
        "MSE": 286.1960666105623,
        "MAE": 9.827208189229577,
        "R2": -0.054978022526133374,
        "emission": 8.97485962663668e-07
    },
    "KNeighbors": {
        "MSE": 291.81077558685445,
        "MAE": 10.030046948356805,
        "R2": -0.07567500359585799,
        "emission": 8.568165325236343e-09
    },
    "PLS": {
        "MSE": 382.61551421857655,
        "MAE": 11.71524589993104,
        "R2": -0.4104000916525401,
        "emission": 6.135115339439012e-07
    },
    "PLS-SKLEARN": {
        "MSE": 361.30305160972085,
        "MAE": 11.621033348915157,
        "R2": -0.3318379369572144,
        "emission": 4.9958791313814716e-08
    },
    "XGBoost": {
        "MSE": 294.93857490352184,
        "MAE": 11.223065266705735,
        "R2": -0.08720472018852665,
        "emission": 3.378552127225769e-06
    },
    "CatBoost": {
        "MSE": 291.5925902620388,
        "MAE": 10.045415689748014,
        "R2": -0.07487072726444532,
        "emission": 2.846176529876623e-06
    },
    "DNN": {
        "MSE": 327.33315875843556,
        "MAE": 12.513600821450284,
        "R2": -0.20661787083227012,
        "emission": 1.7052864600715846e-05
    }
}