{
    "Linear-SVR": {
        "MSE": 340.3696970945172,
        "MAE": 11.216200179118742,
        "R2": 0.2076205559143054,
        "emission": 2.3981570779765516e-08
    },
    "RBF-SVR": {
        "MSE": 521.715409924979,
        "MAE": 10.998196939944362,
        "R2": -0.2145516184788303,
        "emission": 3.271201222413109e-08
    },
    "DecisionTree": {
        "MSE": 486.6414323783055,
        "MAE": 13.103627139179164,
        "R2": -0.13289952351401424,
        "emission": 8.443360341484404e-09
    },
    "ExtraTrees": {
        "MSE": 462.7537702198636,
        "MAE": 13.417894162784702,
        "R2": -0.07728913098145873,
        "emission": 1.0565244854564175e-06
    },
    "RandomForest": {
        "MSE": 369.1273840748797,
        "MAE": 12.394342256520613,
        "R2": 0.1406727629197887,
        "emission": 8.773352726478376e-07
    },
    "KNeighbors": {
        "MSE": 451.4520187793427,
        "MAE": 12.28544600938967,
        "R2": -0.050978693830093125,
        "emission": 8.95666842889849e-09
    },
    "PLS": {
        "MSE": 355.14825836376957,
        "MAE": 12.745308514688496,
        "R2": 0.17321611784923063,
        "emission": 6.086548402398795e-07
    },
    "PLS-SKLEARN": {
        "MSE": 336.7737141343217,
        "MAE": 12.285074485871752,
        "R2": 0.2159919914541446,
        "emission": 5.2909615936306734e-08
    },
    "XGBoost": {
        "MSE": 352.8368819739349,
        "MAE": 12.79730747007708,
        "R2": 0.17859699386282424,
        "emission": 3.3055076273551255e-06
    },
    "CatBoost": {
        "MSE": 333.4046420491536,
        "MAE": 12.009335246146843,
        "R2": 0.2238351792840788,
        "emission": 2.8094966508035207e-06
    },
    "DNN": {
        "MSE": 342.0992357880063,
        "MAE": 13.254205723995332,
        "R2": 0.20359419598811312,
        "emission": 1.6941288250597937e-05
    }
}