{
    "Linear-SVR": {
        "MSE": 474.2437582838472,
        "MAE": 15.204471293439815,
        "R2": 0.377665953194256,
        "emission": 2.3756057135889978e-08
    },
    "RBF-SVR": {
        "MSE": 979.6352519511864,
        "MAE": 17.868042935938266,
        "R2": -0.2855422134527046,
        "emission": 3.188488005361778e-08
    },
    "DecisionTree": {
        "MSE": 528.8654826578519,
        "MAE": 16.280382293762578,
        "R2": 0.30598771140528014,
        "emission": 8.750350577119658e-09
    },
    "ExtraTrees": {
        "MSE": 557.3785097919675,
        "MAE": 17.589051079277613,
        "R2": 0.2685710301035189,
        "emission": 1.1279913465711355e-06
    },
    "RandomForest": {
        "MSE": 550.3653090877337,
        "MAE": 17.53442345604461,
        "R2": 0.27777421622687615,
        "emission": 8.566747802690107e-07
    },
    "KNeighbors": {
        "MSE": 647.8549276995305,
        "MAE": 16.34018779342723,
        "R2": 0.14984188646511076,
        "emission": 9.793825264275779e-09
    },
    "PLS": {
        "MSE": 442.29698333396163,
        "MAE": 16.08425097723925,
        "R2": 0.41958862563785426,
        "emission": 5.964380411152344e-07
    },
    "PLS-SKLEARN": {
        "MSE": 454.76426071623763,
        "MAE": 16.495670160785973,
        "R2": 0.40322823912683614,
        "emission": 9.941069668898067e-08
    },
    "XGBoost": {
        "MSE": 448.56922297206535,
        "MAE": 15.471148180010173,
        "R2": 0.41135777766498505,
        "emission": 3.33185190387091e-06
    },
    "CatBoost": {
        "MSE": 422.0667281270485,
        "MAE": 14.972805392179012,
        "R2": 0.4461361054326136,
        "emission": 2.8171150563342367e-06
    },
    "DNN": {
        "MSE": 477.8247366774529,
        "MAE": 17.095296585391946,
        "R2": 0.3729667563439252,
        "emission": 1.7670020751410886e-05
    }
}