{
    "Linear-SVR": {
        "MSE": 221.24810252556313,
        "MAE": 9.708953686808133,
        "R2": -0.1664357877861733,
        "emission": 2.396302153025674e-08
    },
    "RBF-SVR": {
        "MSE": 221.64060269539044,
        "MAE": 7.120295395452925,
        "R2": -0.1685050766956493,
        "emission": 3.423628711719554e-08
    },
    "DecisionTree": {
        "MSE": 257.8391448885858,
        "MAE": 10.982050422191268,
        "R2": -0.35934637475809206,
        "emission": 9.02001569286209e-09
    },
    "ExtraTrees": {
        "MSE": 242.79650871017532,
        "MAE": 11.382740053298413,
        "R2": -0.28004052317856165,
        "emission": 1.2650286152511814e-06
    },
    "RandomForest": {
        "MSE": 195.83809881285762,
        "MAE": 10.626413296344586,
        "R2": -0.0324724346095977,
        "emission": 8.886183389026165e-07
    },
    "KNeighbors": {
        "MSE": 187.91981220657277,
        "MAE": 8.857276995305163,
        "R2": 0.00927333753527948,
        "emission": 1.0844471070251037e-08
    },
    "PLS": {
        "MSE": 235.77280823512953,
        "MAE": 11.75420730904313,
        "R2": -0.24301107296740088,
        "emission": 6.281332695206853e-07
    },
    "PLS-SKLEARN": {
        "MSE": 235.7728082351294,
        "MAE": 11.754207309043121,
        "R2": -0.2430110729674,
        "emission": 5.0846460252887535e-08
    },
    "XGBoost": {
        "MSE": 280.4324511578669,
        "MAE": 11.945766786699284,
        "R2": -0.47845989797512534,
        "emission": 3.3520429803244927e-06
    },
    "CatBoost": {
        "MSE": 187.90227335486966,
        "MAE": 10.95006785168385,
        "R2": 0.009365803613268997,
        "emission": 2.8614489834830046e-06
    },
    "DNN": {
        "MSE": 183.53723183095528,
        "MAE": 10.160319149214336,
        "R2": 0.03237861407603071,
        "emission": 1.7904373715316275e-05
    }
}