{
    "Linear-SVR": {
        "MSE": 337.67598280084866,
        "MAE": 12.92545283051323,
        "R2": -0.015852694651006027,
        "emission": 2.3453499488008184e-08
    },
    "RBF-SVR": {
        "MSE": 340.72429216730313,
        "MAE": 12.297366431508259,
        "R2": -0.025023122640458473,
        "emission": 3.3068301823574405e-08
    },
    "DecisionTree": {
        "MSE": 488.1038462408171,
        "MAE": 13.762355642370036,
        "R2": -0.46839465265045876,
        "emission": 8.874663616202788e-09
    },
    "ExtraTrees": {
        "MSE": 340.8832416332266,
        "MAE": 13.308131279258037,
        "R2": -0.025501300691299633,
        "emission": 1.1543247287959685e-06
    },
    "RandomForest": {
        "MSE": 331.65338701353085,
        "MAE": 12.766656869772177,
        "R2": 0.0022654732701895552,
        "emission": 8.896714674710547e-07
    },
    "KNeighbors": {
        "MSE": 341.9810798122066,
        "MAE": 12.482159624413143,
        "R2": -0.028803998926327345,
        "emission": 9.145802356662057e-09
    },
    "PLS": {
        "MSE": 336.9280120198343,
        "MAE": 12.763936377414655,
        "R2": -0.013602525340440375,
        "emission": 6.102717673159694e-07
    },
    "PLS-SKLEARN": {
        "MSE": 336.9280120198344,
        "MAE": 12.763936377414659,
        "R2": -0.013602525340440597,
        "emission": 5.390166047498309e-08
    },
    "XGBoost": {
        "MSE": 397.9215602406769,
        "MAE": 14.221071577477902,
        "R2": -0.1970933966856241,
        "emission": 3.3187373744733533e-06
    },
    "CatBoost": {
        "MSE": 303.2765789303468,
        "MAE": 12.31853306587332,
        "R2": 0.08763327680123933,
        "emission": 2.87147187240909e-06
    },
    "DNN": {
        "MSE": 320.631335149428,
        "MAE": 13.33600254685666,
        "R2": 0.03542383115475245,
        "emission": 1.7094321707938923e-05
    }
}