{
    "Linear-SVR": {
        "MSE": 531.7331236760103,
        "MAE": 15.943571521096485,
        "R2": 0.0913087763737751,
        "emission": 2.264933310528363e-08
    },
    "RBF-SVR": {
        "MSE": 748.443850499334,
        "MAE": 18.162267491252667,
        "R2": -0.2790332744817994,
        "emission": 3.246195232454734e-08
    },
    "DecisionTree": {
        "MSE": 603.9299918221475,
        "MAE": 17.474978919687583,
        "R2": -0.03207014725647084,
        "emission": 8.736593785296124e-09
    },
    "ExtraTrees": {
        "MSE": 561.7807809202124,
        "MAE": 17.27356066008925,
        "R2": 0.03995962919337115,
        "emission": 1.11917973359165e-06
    },
    "RandomForest": {
        "MSE": 533.5688815352313,
        "MAE": 16.262533404114603,
        "R2": 0.08817160665253465,
        "emission": 9.01039160987433e-07
    },
    "KNeighbors": {
        "MSE": 577.7182366197183,
        "MAE": 16.433896713615024,
        "R2": 0.012723736832644605,
        "emission": 9.472255748591331e-09
    },
    "PLS": {
        "MSE": 510.1525464429775,
        "MAE": 15.681213520018263,
        "R2": 0.12818833166059873,
        "emission": 6.145129698734911e-07
    },
    "PLS-SKLEARN": {
        "MSE": 510.1525464429778,
        "MAE": 15.681213520018265,
        "R2": 0.12818833166059818,
        "emission": 5.0717370445670285e-08
    },
    "XGBoost": {
        "MSE": 507.6458820441963,
        "MAE": 15.88499907676323,
        "R2": 0.13247202932457325,
        "emission": 3.3886807161217557e-06
    },
    "CatBoost": {
        "MSE": 469.03958354022177,
        "MAE": 15.648192536228114,
        "R2": 0.19844723956675325,
        "emission": 2.824771318553541e-06
    },
    "DNN": {
        "MSE": 433.4184494721917,
        "MAE": 15.663373087941201,
        "R2": 0.25932103219313574,
        "emission": 1.710702407072962e-05
    }
}