{
    "Linear-SVR": {
        "MSE": 466.98287262448184,
        "MAE": 13.001574292374071,
        "R2": 0.31041507333043805,
        "emission": 2.3467689075917742e-08
    },
    "RBF-SVR": {
        "MSE": 821.4604333521828,
        "MAE": 13.675876567761389,
        "R2": -0.2130353507646272,
        "emission": 3.34644764007496e-08
    },
    "DecisionTree": {
        "MSE": 754.0852900806415,
        "MAE": 16.66701485932337,
        "R2": -0.11354372921726053,
        "emission": 7.011317118225318e-09
    },
    "ExtraTrees": {
        "MSE": 619.6925299088944,
        "MAE": 15.189537799824826,
        "R2": 0.08491156133143118,
        "emission": 1.1502164966975443e-06
    },
    "RandomForest": {
        "MSE": 530.2155960297572,
        "MAE": 15.36326998318418,
        "R2": 0.21704048619090632,
        "emission": 8.780651949256329e-07
    },
    "KNeighbors": {
        "MSE": 546.2799004694836,
        "MAE": 13.74450704225352,
        "R2": 0.19331862646442732,
        "emission": 8.907229203528109e-09
    },
    "PLS": {
        "MSE": 498.3027215360577,
        "MAE": 14.802156730570115,
        "R2": 0.26416563468698206,
        "emission": 5.991160138848798e-07
    },
    "PLS-SKLEARN": {
        "MSE": 500.6635197025428,
        "MAE": 15.421510130146943,
        "R2": 0.26067948792239526,
        "emission": 5.281824678592778e-08
    },
    "XGBoost": {
        "MSE": 505.5205697191911,
        "MAE": 15.605789463354949,
        "R2": 0.2535071724566542,
        "emission": 3.3518376049040318e-06
    },
    "CatBoost": {
        "MSE": 530.456669617796,
        "MAE": 14.920335313178565,
        "R2": 0.21668449730507122,
        "emission": 2.8360075321383538e-06
    },
    "DNN": {
        "MSE": 502.31424875479405,
        "MAE": 16.711579645183726,
        "R2": 0.2582418870184252,
        "emission": 1.855603218298732e-05
    }
}