{
    "Linear-SVR": {
        "MSE": 652.3988365334693,
        "MAE": 18.363073662714104,
        "R2": -0.05360776427572378,
        "emission": 2.3655172851562933e-08
    },
    "RBF-SVR": {
        "MSE": 719.2607987799801,
        "MAE": 17.459039054485714,
        "R2": -0.16158815696304263,
        "emission": 3.2390579451444086e-08
    },
    "DecisionTree": {
        "MSE": 732.3858912391999,
        "MAE": 19.0178827899902,
        "R2": -0.18278485221674612,
        "emission": 8.326166867829904e-09
    },
    "ExtraTrees": {
        "MSE": 681.2495301911712,
        "MAE": 18.851226187685203,
        "R2": -0.10020091119795249,
        "emission": 1.1176180122250448e-06
    },
    "RandomForest": {
        "MSE": 566.2106015110072,
        "MAE": 17.760265800811606,
        "R2": 0.08558407440289761,
        "emission": 8.620447413193146e-07
    },
    "KNeighbors": {
        "MSE": 687.634379342723,
        "MAE": 18.187323943661973,
        "R2": -0.11051228249890244,
        "emission": 8.677268971651265e-09
    },
    "PLS": {
        "MSE": 623.2235119130048,
        "MAE": 18.604645711251308,
        "R2": -0.006490346487672438,
        "emission": 5.96162441931046e-07
    },
    "PLS-SKLEARN": {
        "MSE": 623.2235119130055,
        "MAE": 18.604645711251322,
        "R2": -0.006490346487673548,
        "emission": 4.91625309260551e-08
    },
    "XGBoost": {
        "MSE": 562.921697749682,
        "MAE": 18.099532077066215,
        "R2": 0.09089557151914063,
        "emission": 3.3529995837476e-06
    },
    "CatBoost": {
        "MSE": 597.2903781296437,
        "MAE": 17.879867431677447,
        "R2": 0.03539101438558323,
        "emission": 2.7662759765507584e-06
    },
    "DNN": {
        "MSE": 630.577566071978,
        "MAE": 20.265873650206085,
        "R2": -0.01836695957602341,
        "emission": 1.6578950145792454e-05
    }
}