{
    "Linear-SVR": {
        "MSE": 472.41129902159446,
        "MAE": 16.9214212688801,
        "R2": 0.3217512669188286,
        "emission": 2.2324692900425878e-08
    },
    "RBF-SVR": {
        "MSE": 709.102863577614,
        "MAE": 18.454884155899517,
        "R2": -0.018070735907107727,
        "emission": 3.1106941354349986e-08
    },
    "DecisionTree": {
        "MSE": 584.010713291547,
        "MAE": 17.205651653435048,
        "R2": 0.16152613788833914,
        "emission": 6.61752409500825e-09
    },
    "ExtraTrees": {
        "MSE": 667.2069248382617,
        "MAE": 18.643957160088096,
        "R2": 0.042079957842309,
        "emission": 1.0349365628911546e-06
    },
    "RandomForest": {
        "MSE": 479.2001744804035,
        "MAE": 16.693182778279674,
        "R2": 0.3120043658846672,
        "emission": 8.476809681099909e-07
    },
    "KNeighbors": {
        "MSE": 705.9476920187793,
        "MAE": 20.806948356807514,
        "R2": -0.01354080379738587,
        "emission": 9.641961808557555e-09
    },
    "PLS": {
        "MSE": 499.778382305865,
        "MAE": 17.615836512593276,
        "R2": 0.28245989178845743,
        "emission": 6.045343630710871e-07
    },
    "PLS-SKLEARN": {
        "MSE": 522.6006896578161,
        "MAE": 18.412525181667608,
        "R2": 0.24969352680203827,
        "emission": 4.8268100996250796e-08
    },
    "XGBoost": {
        "MSE": 494.18122683976685,
        "MAE": 17.42889120718683,
        "R2": 0.290495820674159,
        "emission": 3.252362169907906e-06
    },
    "CatBoost": {
        "MSE": 467.77550414233184,
        "MAE": 16.490618333473492,
        "R2": 0.3284069544737115,
        "emission": 2.833080450520007e-06
    },
    "DNN": {
        "MSE": 508.1287104393124,
        "MAE": 18.59124510590459,
        "R2": 0.27047118726540187,
        "emission": 1.688945329524316e-05
    }
}