{
    "Linear-SVR": {
        "MSE": 368.7182415949675,
        "MAE": 10.260805146807657,
        "R2": -0.008909387963836446,
        "emission": 2.4762559312580936e-08
    },
    "RBF-SVR": {
        "MSE": 427.5093258784079,
        "MAE": 9.412332983340844,
        "R2": -0.16977714597211224,
        "emission": 3.5697204160339344e-08
    },
    "DecisionTree": {
        "MSE": 443.22986211108537,
        "MAE": 10.45114762649974,
        "R2": -0.21279263801927994,
        "emission": 9.002965399466823e-09
    },
    "ExtraTrees": {
        "MSE": 440.8874363287788,
        "MAE": 11.17527687025884,
        "R2": -0.20638314942941594,
        "emission": 1.1332309238567241e-06
    },
    "RandomForest": {
        "MSE": 313.32124357766577,
        "MAE": 9.93852990929879,
        "R2": 0.14267126376335648,
        "emission": 8.946836940626562e-07
    },
    "KNeighbors": {
        "MSE": 420.3974291079812,
        "MAE": 10.743755868544602,
        "R2": -0.15031713936415314,
        "emission": 9.85023933016494e-09
    },
    "PLS": {
        "MSE": 374.9320767117877,
        "MAE": 10.997597690118928,
        "R2": -0.025912063387489415,
        "emission": 6.057715269528219e-07
    },
    "PLS-SKLEARN": {
        "MSE": 352.2866940523249,
        "MAE": 11.38339102671182,
        "R2": 0.03605161668522805,
        "emission": 5.106668583348886e-08
    },
    "XGBoost": {
        "MSE": 385.21739926374664,
        "MAE": 12.003516204027292,
        "R2": -0.054055391572229716,
        "emission": 3.3252643230101754e-06
    },
    "CatBoost": {
        "MSE": 384.2293523281267,
        "MAE": 10.185992902677881,
        "R2": -0.051351837159560265,
        "emission": 2.825910992064124e-06
    },
    "DNN": {
        "MSE": 342.3272950749115,
        "MAE": 11.294248388015049,
        "R2": 0.06330313286550848,
        "emission": 1.778237403607187e-05
    }
}