{
    "Linear-SVR": {
        "MSE": 582.5678241969815,
        "MAE": 16.033544732005645,
        "R2": 0.061805646763411715,
        "emission": 2.397662497195257e-08
    },
    "RBF-SVR": {
        "MSE": 699.883796164252,
        "MAE": 15.80134896351989,
        "R2": -0.12712545768931038,
        "emission": 3.3441422594036683e-08
    },
    "DecisionTree": {
        "MSE": 628.8442470426827,
        "MAE": 16.0096387850915,
        "R2": -0.012720059598196887,
        "emission": 9.54685507950539e-09
    },
    "ExtraTrees": {
        "MSE": 668.7291451519718,
        "MAE": 17.671778569972222,
        "R2": -0.07695255688232283,
        "emission": 1.1350684991415084e-06
    },
    "RandomForest": {
        "MSE": 523.6697488276459,
        "MAE": 15.747216011553542,
        "R2": 0.15665785011704136,
        "emission": 8.756964927965624e-07
    },
    "KNeighbors": {
        "MSE": 602.2703098591548,
        "MAE": 16.792112676056338,
        "R2": 0.030075846343253776,
        "emission": 8.349311530508523e-09
    },
    "PLS": {
        "MSE": 585.4533851821016,
        "MAE": 16.695422176939672,
        "R2": 0.05715860497752001,
        "emission": 6.078849431240333e-07
    },
    "PLS-SKLEARN": {
        "MSE": 549.9574778556504,
        "MAE": 16.34295261234366,
        "R2": 0.11432286711745132,
        "emission": 4.811021296950429e-08
    },
    "XGBoost": {
        "MSE": 556.3166107469239,
        "MAE": 16.683984806122773,
        "R2": 0.10408182337581051,
        "emission": 3.2714146708631437e-06
    },
    "CatBoost": {
        "MSE": 573.4840764526484,
        "MAE": 15.784580415554124,
        "R2": 0.07643453714489856,
        "emission": 2.817180212824453e-06
    },
    "DNN": {
        "MSE": 499.5955868001404,
        "MAE": 16.511000055662343,
        "R2": 0.1954280017371407,
        "emission": 1.7143076306500925e-05
    }
}