{
    "Linear-SVR": {
        "MSE": 577.1904939992336,
        "MAE": 15.631581887855967,
        "R2": 0.12103592912360439,
        "emission": 2.3546127242652535e-08
    },
    "RBF-SVR": {
        "MSE": 792.9801246556648,
        "MAE": 16.608028254897413,
        "R2": -0.2075753944976444,
        "emission": 3.1876600071570724e-08
    },
    "DecisionTree": {
        "MSE": 711.8389173729221,
        "MAE": 16.171737560255625,
        "R2": -0.08401097926463885,
        "emission": 7.380478445026494e-09
    },
    "ExtraTrees": {
        "MSE": 582.7788536642661,
        "MAE": 15.872619001958157,
        "R2": 0.11252579700645116,
        "emission": 1.1402396860992266e-06
    },
    "RandomForest": {
        "MSE": 554.906839371328,
        "MAE": 15.711564787893483,
        "R2": 0.15497018824495,
        "emission": 8.731393765826614e-07
    },
    "KNeighbors": {
        "MSE": 629.4324619718311,
        "MAE": 16.23924882629108,
        "R2": 0.04148019610792941,
        "emission": 9.495901328116328e-09
    },
    "PLS": {
        "MSE": 553.9503136880319,
        "MAE": 16.456795243240165,
        "R2": 0.156426816025949,
        "emission": 6.071794149642926e-07
    },
    "PLS-SKLEARN": {
        "MSE": 510.53557397718845,
        "MAE": 16.17562770200719,
        "R2": 0.222540164650039,
        "emission": 5.21513271978134e-08
    },
    "XGBoost": {
        "MSE": 598.4290319750546,
        "MAE": 16.995367725550288,
        "R2": 0.08869320693262639,
        "emission": 3.50960999167423e-06
    },
    "CatBoost": {
        "MSE": 614.231282557987,
        "MAE": 16.130770057064755,
        "R2": 0.06462903635846307,
        "emission": 2.8007643053276268e-06
    },
    "DNN": {
        "MSE": 542.6043089289429,
        "MAE": 17.103271945541454,
        "R2": 0.17370487350422248,
        "emission": 1.725250655240683e-05
    }
}