{
    "Linear-SVR": {
        "MSE": 369.2406360229409,
        "MAE": 12.75104290457252,
        "R2": 0.024485001143650487,
        "emission": 2.4955340024515734e-08
    },
    "RBF-SVR": {
        "MSE": 428.103780465677,
        "MAE": 11.920711226053815,
        "R2": -0.13102843557399502,
        "emission": 3.397062570373e-08
    },
    "DecisionTree": {
        "MSE": 501.46889993848424,
        "MAE": 13.6486163275952,
        "R2": -0.3248553534600451,
        "emission": 8.103033512838141e-09
    },
    "ExtraTrees": {
        "MSE": 533.5907350276586,
        "MAE": 15.204593068374136,
        "R2": -0.40971960962044496,
        "emission": 1.0733191673402442e-06
    },
    "RandomForest": {
        "MSE": 337.1167640780788,
        "MAE": 12.664009543218539,
        "R2": 0.10935463857328254,
        "emission": 8.778124468591659e-07
    },
    "KNeighbors": {
        "MSE": 406.0246122065727,
        "MAE": 13.668169014084505,
        "R2": -0.07269639489987201,
        "emission": 9.873854309167478e-09
    },
    "PLS": {
        "MSE": 348.50056611803666,
        "MAE": 13.561200794400342,
        "R2": 0.0792792120070136,
        "emission": 6.156412000823866e-07
    },
    "PLS-SKLEARN": {
        "MSE": 348.5005661180378,
        "MAE": 13.561200794400351,
        "R2": 0.07927921200701049,
        "emission": 5.208400833684221e-08
    },
    "XGBoost": {
        "MSE": 438.2966148144127,
        "MAE": 14.791714203966336,
        "R2": -0.15795738601441212,
        "emission": 3.457846009520179e-06
    },
    "CatBoost": {
        "MSE": 346.64433086595125,
        "MAE": 12.862030937063247,
        "R2": 0.08418329122570145,
        "emission": 2.8421991728539333e-06
    },
    "DNN": {
        "MSE": 324.91391599593544,
        "MAE": 13.024096043009154,
        "R2": 0.14159394316638996,
        "emission": 1.6642952017569874e-05
    }
}