{
    "Linear-SVR": {
        "MSE": 896.1538036979058,
        "MAE": 22.654913951229336,
        "R2": 0.1647661396747594,
        "emission": 2.3993317087332393e-08
    },
    "RBF-SVR": {
        "MSE": 1187.792213967433,
        "MAE": 25.041196320586668,
        "R2": -0.10704688418721009,
        "emission": 3.200893097214756e-08
    },
    "DecisionTree": {
        "MSE": 1064.2654440515346,
        "MAE": 24.454232230723242,
        "R2": 0.008082617539642678,
        "emission": 8.920935252342889e-09
    },
    "ExtraTrees": {
        "MSE": 1044.1862620383913,
        "MAE": 24.980791677434272,
        "R2": 0.026796830028400054,
        "emission": 1.0612166153418046e-06
    },
    "RandomForest": {
        "MSE": 854.6824631689567,
        "MAE": 23.14464005700289,
        "R2": 0.20341828587993616,
        "emission": 8.423070946437899e-07
    },
    "KNeighbors": {
        "MSE": 979.4132093896714,
        "MAE": 23.737276995305166,
        "R2": 0.08716665336184848,
        "emission": 9.068708316206094e-09
    },
    "PLS": {
        "MSE": 874.8580844036917,
        "MAE": 22.60185871523105,
        "R2": 0.18461419004414126,
        "emission": 5.761949871939934e-07
    },
    "PLS-SKLEARN": {
        "MSE": 894.0640868483704,
        "MAE": 23.38177576913086,
        "R2": 0.166713798953805,
        "emission": 4.961737757725642e-08
    },
    "XGBoost": {
        "MSE": 841.8502261227636,
        "MAE": 22.750665917544854,
        "R2": 0.215378195931619,
        "emission": 3.192849288347885e-06
    },
    "CatBoost": {
        "MSE": 791.7826434923365,
        "MAE": 21.697727448069458,
        "R2": 0.2620422173808451,
        "emission": 2.7412032618061797e-06
    },
    "DNN": {
        "MSE": 840.877898500809,
        "MAE": 24.127992651943867,
        "R2": 0.21628442536437364,
        "emission": 1.6579287849266848e-05
    }
}