{
    "Linear-SVR": {
        "MSE": 365.8128785801324,
        "MAE": 12.82998000132437,
        "R2": -0.050007650971528816,
        "emission": 2.3405568305230936e-08
    },
    "RBF-SVR": {
        "MSE": 369.0645419962561,
        "MAE": 12.19712117333809,
        "R2": -0.05934103332418483,
        "emission": 3.3739603471197426e-08
    },
    "DecisionTree": {
        "MSE": 487.8881672887989,
        "MAE": 13.341111791522078,
        "R2": -0.40040533963731995,
        "emission": 7.646844164838692e-09
    },
    "ExtraTrees": {
        "MSE": 397.70486740358086,
        "MAE": 13.265545638050236,
        "R2": -0.14154852946464058,
        "emission": 1.1298520445094428e-06
    },
    "RandomForest": {
        "MSE": 318.2598876554083,
        "MAE": 11.982175845395858,
        "R2": 0.08648564169586559,
        "emission": 8.77528786573741e-07
    },
    "KNeighbors": {
        "MSE": 366.16553615023474,
        "MAE": 12.92713615023474,
        "R2": -0.05101989840310561,
        "emission": 1.8543694178070134e-08
    },
    "PLS": {
        "MSE": 324.65246255653244,
        "MAE": 12.684699597229441,
        "R2": 0.06813677278331687,
        "emission": 6.13982527953625e-07
    },
    "PLS-SKLEARN": {
        "MSE": 324.65246255653267,
        "MAE": 12.68469959722944,
        "R2": 0.06813677278331631,
        "emission": 5.366509804450179e-08
    },
    "XGBoost": {
        "MSE": 401.2594412863461,
        "MAE": 13.831033637434103,
        "R2": -0.1517513681053515,
        "emission": 3.342147415972517e-06
    },
    "CatBoost": {
        "MSE": 339.1093424431035,
        "MAE": 12.34232600472221,
        "R2": 0.026640599797294384,
        "emission": 2.822245237897398e-06
    },
    "DNN": {
        "MSE": 312.6934368291461,
        "MAE": 12.218495651477939,
        "R2": 0.10246325292436631,
        "emission": 1.6854913840131007e-05
    }
}