{
    "Linear-SVR": {
        "MSE": 331.58586265196317,
        "MAE": 11.658574386569299,
        "R2": 0.15758871743694536,
        "emission": 2.3075238091229812e-08
    },
    "RBF-SVR": {
        "MSE": 443.2381313960619,
        "MAE": 11.863013933017308,
        "R2": -0.12606972976444997,
        "emission": 3.024806882453846e-08
    },
    "DecisionTree": {
        "MSE": 448.28143583799965,
        "MAE": 12.634392922606946,
        "R2": -0.13888250932419877,
        "emission": 1.0015177196516096e-08
    },
    "ExtraTrees": {
        "MSE": 408.67751926170735,
        "MAE": 13.656083575994625,
        "R2": -0.03826668122246635,
        "emission": 1.0198974604538878e-06
    },
    "RandomForest": {
        "MSE": 364.55615219149433,
        "MAE": 12.453821411868786,
        "R2": 0.07382596689222676,
        "emission": 8.444658719177397e-07
    },
    "KNeighbors": {
        "MSE": 377.0248976525821,
        "MAE": 12.266478873239437,
        "R2": 0.042148464806282426,
        "emission": 9.941006064742205e-09
    },
    "PLS": {
        "MSE": 317.8939139865582,
        "MAE": 12.228191877212156,
        "R2": 0.19237383144561426,
        "emission": 5.787929132785643e-07
    },
    "PLS-SKLEARN": {
        "MSE": 327.52777658414436,
        "MAE": 12.448072661774829,
        "R2": 0.16789849802228562,
        "emission": 4.657811503822926e-08
    },
    "XGBoost": {
        "MSE": 333.6744073360279,
        "MAE": 12.89783386845544,
        "R2": 0.15228266007997082,
        "emission": 3.2369446841478832e-06
    },
    "CatBoost": {
        "MSE": 294.5142981360231,
        "MAE": 11.798605760169318,
        "R2": 0.25177097225542355,
        "emission": 2.7332134171455603e-06
    },
    "DNN": {
        "MSE": 361.59758971664263,
        "MAE": 12.69589422924418,
        "R2": 0.08134235009701596,
        "emission": 1.6353473261249696e-05
    }
}