{
    "Linear-SVR": {
        "MSE": 447.9921439630249,
        "MAE": 12.384182018932071,
        "R2": 0.20260055140323874,
        "emission": 2.390588762081241e-08
    },
    "RBF-SVR": {
        "MSE": 695.7425454567365,
        "MAE": 13.39498427042,
        "R2": -0.2383804707037409,
        "emission": 3.379862221830594e-08
    },
    "DecisionTree": {
        "MSE": 626.2656232650533,
        "MAE": 15.094941873463,
        "R2": -0.11471566945128675,
        "emission": 8.354522530249981e-09
    },
    "ExtraTrees": {
        "MSE": 554.2305772515735,
        "MAE": 15.1969586088409,
        "R2": 0.01350244049738214,
        "emission": 1.0743079184869634e-06
    },
    "RandomForest": {
        "MSE": 489.2951986169495,
        "MAE": 13.873075001081748,
        "R2": 0.12908356354927375,
        "emission": 8.726090298940079e-07
    },
    "KNeighbors": {
        "MSE": 573.7502140845071,
        "MAE": 13.324976525821594,
        "R2": -0.021241355475689394,
        "emission": 1.004963255723512e-08
    },
    "PLS": {
        "MSE": 426.31463000662023,
        "MAE": 13.500199497463864,
        "R2": 0.24118524068567482,
        "emission": 6.763125247856714e-07
    },
    "PLS-SKLEARN": {
        "MSE": 426.31463000662023,
        "MAE": 13.500199497463859,
        "R2": 0.24118524068567482,
        "emission": 5.134710999831052e-08
    },
    "XGBoost": {
        "MSE": 436.5735796132696,
        "MAE": 13.581641535370002,
        "R2": 0.2229249187810135,
        "emission": 3.342645195568103e-06
    },
    "CatBoost": {
        "MSE": 408.6447433048581,
        "MAE": 12.981588843453073,
        "R2": 0.27263659112255945,
        "emission": 2.738544321631446e-06
    },
    "DNN": {
        "MSE": 474.5879801968159,
        "MAE": 14.433092214467939,
        "R2": 0.15526154014248528,
        "emission": 1.6650851813728235e-05
    }
}