{
    "Linear-SVR": {
        "MSE": 407.11060654764026,
        "MAE": 10.886487339467143,
        "R2": -0.07957155859354148,
        "emission": 2.4139209819659313e-08
    },
    "RBF-SVR": {
        "MSE": 476.94209533468154,
        "MAE": 10.689546975753466,
        "R2": -0.2647499547744616,
        "emission": 3.2170502990128355e-08
    },
    "DecisionTree": {
        "MSE": 482.8756080026962,
        "MAE": 11.811627032223011,
        "R2": -0.2804843802989252,
        "emission": 8.22217594346217e-09
    },
    "ExtraTrees": {
        "MSE": 426.07370361019355,
        "MAE": 12.23675979018603,
        "R2": -0.12985769686241921,
        "emission": 1.061658957847621e-06
    },
    "RandomForest": {
        "MSE": 381.42736869094307,
        "MAE": 11.173243943933988,
        "R2": -0.011465022736341757,
        "emission": 8.328511925194101e-07
    },
    "KNeighbors": {
        "MSE": 435.44626854460097,
        "MAE": 11.99774647887324,
        "R2": -0.15471176445860024,
        "emission": 9.901097596137025e-09
    },
    "PLS": {
        "MSE": 384.4222073990207,
        "MAE": 11.574309633631092,
        "R2": -0.019406704038219758,
        "emission": 5.874790680832927e-07
    },
    "PLS-SKLEARN": {
        "MSE": 384.4222073990211,
        "MAE": 11.574309633631104,
        "R2": -0.019406704038220868,
        "emission": 4.927728941957919e-08
    },
    "XGBoost": {
        "MSE": 438.63776138239564,
        "MAE": 13.015648208738703,
        "R2": -0.16317493108144032,
        "emission": 3.2989811587392727e-06
    },
    "CatBoost": {
        "MSE": 353.4460996091384,
        "MAE": 10.625194725471752,
        "R2": 0.06273540778114273,
        "emission": 2.706970703273551e-06
    },
    "DNN": {
        "MSE": 353.76432753975536,
        "MAE": 11.48691665309136,
        "R2": 0.061891534353335276,
        "emission": 1.645629750804402e-05
    }
}