{
    "Linear-SVR": {
        "MSE": 632.6822315341822,
        "MAE": 14.90307615401828,
        "R2": -0.0204030956963952,
        "emission": 2.380388235274258e-08
    },
    "RBF-SVR": {
        "MSE": 790.370951231113,
        "MAE": 14.2473688428096,
        "R2": -0.2747267509458411,
        "emission": 3.129183443118966e-08
    },
    "DecisionTree": {
        "MSE": 664.3847356027318,
        "MAE": 16.326076904528886,
        "R2": -0.07153355531817418,
        "emission": 6.737872027776751e-09
    },
    "ExtraTrees": {
        "MSE": 695.3736509419125,
        "MAE": 17.996147961875657,
        "R2": -0.1215131241574885,
        "emission": 1.0453709302634457e-06
    },
    "RandomForest": {
        "MSE": 600.5003481037559,
        "MAE": 16.546826848790676,
        "R2": 0.03150051695622813,
        "emission": 8.410262524454795e-07
    },
    "KNeighbors": {
        "MSE": 710.5333464788732,
        "MAE": 16.805164319248828,
        "R2": -0.1459629972291867,
        "emission": 9.227479994337475e-09
    },
    "PLS": {
        "MSE": 679.0244507830502,
        "MAE": 17.563380005969073,
        "R2": -0.09514479322805913,
        "emission": 5.963926698476218e-07
    },
    "PLS-SKLEARN": {
        "MSE": 620.1292889943949,
        "MAE": 17.005722816218697,
        "R2": -0.00015744821450303093,
        "emission": 4.975580536431086e-08
    },
    "XGBoost": {
        "MSE": 676.7781415145606,
        "MAE": 17.490566539918316,
        "R2": -0.0915218987998403,
        "emission": 3.345006151336388e-06
    },
    "CatBoost": {
        "MSE": 609.5285788029965,
        "MAE": 15.904160860252777,
        "R2": 0.016939598227994956,
        "emission": 2.7517064506509136e-06
    },
    "DNN": {
        "MSE": 584.9244151161746,
        "MAE": 17.103171850929797,
        "R2": 0.056621706467662625,
        "emission": 1.647625416861931e-05
    }
}