{
    "Linear-SVR": {
        "MSE": 497.5093456808327,
        "MAE": 17.09958616311557,
        "R2": 0.1211183025478687,
        "emission": 2.2963041488557204e-08
    },
    "RBF-SVR": {
        "MSE": 643.6509508364985,
        "MAE": 17.07588489695991,
        "R2": -0.13705007785073708,
        "emission": 3.4592512993620066e-08
    },
    "DecisionTree": {
        "MSE": 673.9196405675822,
        "MAE": 18.437711809768306,
        "R2": -0.19052163098126473,
        "emission": 7.308786062173043e-09
    },
    "ExtraTrees": {
        "MSE": 553.1645933215418,
        "MAE": 17.34481884508134,
        "R2": 0.022799790658113883,
        "emission": 1.1266513739454711e-06
    },
    "RandomForest": {
        "MSE": 487.35235967335154,
        "MAE": 17.389148923985942,
        "R2": 0.1390612601641451,
        "emission": 9.051459068197346e-07
    },
    "KNeighbors": {
        "MSE": 616.5395680751174,
        "MAE": 19.134272300469483,
        "R2": -0.08915610699680387,
        "emission": 1.7280262645970544e-08
    },
    "PLS": {
        "MSE": 515.0461417429484,
        "MAE": 17.647853370196838,
        "R2": 0.09013844412962746,
        "emission": 6.265513901592521e-07
    },
    "PLS-SKLEARN": {
        "MSE": 508.149067010387,
        "MAE": 17.410218153110982,
        "R2": 0.10232256248043425,
        "emission": 5.284516272313794e-08
    },
    "XGBoost": {
        "MSE": 493.5759488271361,
        "MAE": 16.996623220326196,
        "R2": 0.12806689664673732,
        "emission": 3.454962570947163e-06
    },
    "CatBoost": {
        "MSE": 452.52749088122,
        "MAE": 16.490155895240672,
        "R2": 0.20058159151730048,
        "emission": 2.8387961385723868e-06
    },
    "DNN": {
        "MSE": 530.7384265786072,
        "MAE": 18.725616012268784,
        "R2": 0.062417031350149754,
        "emission": 1.763116408883258e-05
    }
}