{
    "Linear-SVR": {
        "MSE": 553.0565171953853,
        "MAE": 17.70621684020653,
        "R2": 0.21934202801081448,
        "emission": 2.2760469258204594e-08
    },
    "RBF-SVR": {
        "MSE": 868.2856342111432,
        "MAE": 18.884743524796704,
        "R2": -0.22561452805581483,
        "emission": 3.1739718245317697e-08
    },
    "DecisionTree": {
        "MSE": 812.0849999544686,
        "MAE": 21.101733245678044,
        "R2": -0.1462854327477816,
        "emission": 8.859742258680735e-09
    },
    "ExtraTrees": {
        "MSE": 673.3981183324993,
        "MAE": 19.649709268912098,
        "R2": 0.049475789446191576,
        "emission": 1.0686587272548209e-06
    },
    "RandomForest": {
        "MSE": 564.3725216107076,
        "MAE": 18.526979224481895,
        "R2": 0.20336910520233908,
        "emission": 8.857689861834996e-07
    },
    "KNeighbors": {
        "MSE": 629.1361971830986,
        "MAE": 19.013615023474177,
        "R2": 0.11195298757426131,
        "emission": 1.2116147829655283e-08
    },
    "PLS": {
        "MSE": 510.9401749988915,
        "MAE": 17.039659056150484,
        "R2": 0.2787906689082186,
        "emission": 6.099666167151348e-07
    },
    "PLS-SKLEARN": {
        "MSE": 510.9401749988915,
        "MAE": 17.039659056150494,
        "R2": 0.2787906689082186,
        "emission": 4.8156732933210866e-08
    },
    "XGBoost": {
        "MSE": 594.0678001012975,
        "MAE": 18.911675270048665,
        "R2": 0.1614532156623768,
        "emission": 3.3923641292357366e-06
    },
    "CatBoost": {
        "MSE": 514.8693814122423,
        "MAE": 17.513709396537916,
        "R2": 0.27324446121550683,
        "emission": 2.813790153146462e-06
    },
    "DNN": {
        "MSE": 517.5045804005555,
        "MAE": 18.781222340310684,
        "R2": 0.2695247887515845,
        "emission": 1.67045325750976e-05
    }
}