{
    "Linear-SVR": {
        "MSE": 508.4921005400991,
        "MAE": 17.0756717853631,
        "R2": 0.23373656922910135,
        "emission": 2.2131481801348082e-08
    },
    "RBF-SVR": {
        "MSE": 710.5654344699618,
        "MAE": 21.27718102336788,
        "R2": -0.07077436803018733,
        "emission": 3.396867822758319e-08
    },
    "DecisionTree": {
        "MSE": 488.6930377953225,
        "MAE": 17.752123722728527,
        "R2": 0.26357242651920776,
        "emission": 6.700883683940367e-09
    },
    "ExtraTrees": {
        "MSE": 559.3776073404662,
        "MAE": 18.24604247904284,
        "R2": 0.1570555293939696,
        "emission": 1.041739123421565e-06
    },
    "RandomForest": {
        "MSE": 529.6623420696718,
        "MAE": 18.14175335650082,
        "R2": 0.2018344376375415,
        "emission": 8.737661103005205e-07
    },
    "KNeighbors": {
        "MSE": 548.4192300469483,
        "MAE": 18.468169014084506,
        "R2": 0.1735690677000591,
        "emission": 1.5082026917680677e-08
    },
    "PLS": {
        "MSE": 501.2105147131215,
        "MAE": 17.130959664914908,
        "R2": 0.24470942983265087,
        "emission": 6.060454691386918e-07
    },
    "PLS-SKLEARN": {
        "MSE": 470.3811664207436,
        "MAE": 16.62119721569502,
        "R2": 0.29116718633635397,
        "emission": 5.23677102620248e-08
    },
    "XGBoost": {
        "MSE": 478.32640197979555,
        "MAE": 16.890931017633893,
        "R2": 0.279194250176096,
        "emission": 3.2267852609056744e-06
    },
    "CatBoost": {
        "MSE": 477.9724543775285,
        "MAE": 16.607302754592265,
        "R2": 0.2797276254315586,
        "emission": 2.8321877065102597e-06
    },
    "DNN": {
        "MSE": 469.0936458843106,
        "MAE": 17.143709824790417,
        "R2": 0.29310739327838364,
        "emission": 1.6500637019076754e-05
    }
}