{
    "Linear-SVR": {
        "MSE": 327.326660952307,
        "MAE": 11.34718431698474,
        "R2": -0.15340919207674775,
        "emission": 2.435266388095559e-08
    },
    "RBF-SVR": {
        "MSE": 361.11175086484576,
        "MAE": 10.468075138653203,
        "R2": -0.27245856357276343,
        "emission": 3.390879221082248e-08
    },
    "DecisionTree": {
        "MSE": 352.64900059049035,
        "MAE": 12.934190528556726,
        "R2": -0.24263815747356765,
        "emission": 8.077331733153794e-09
    },
    "ExtraTrees": {
        "MSE": 303.5281082957098,
        "MAE": 12.325422577386819,
        "R2": -0.06954963321166274,
        "emission": 1.0225702965049091e-06
    },
    "RandomForest": {
        "MSE": 270.7947626064509,
        "MAE": 11.810146814300019,
        "R2": 0.04579368069859058,
        "emission": 8.683967572451451e-07
    },
    "KNeighbors": {
        "MSE": 296.50422535211266,
        "MAE": 11.769953051643192,
        "R2": -0.04479940013365358,
        "emission": 9.340733009874928e-09
    },
    "PLS": {
        "MSE": 300.3884206765433,
        "MAE": 12.28407535558836,
        "R2": -0.05848623694060917,
        "emission": 6.15952327985514e-07
    },
    "PLS-SKLEARN": {
        "MSE": 359.2695701265085,
        "MAE": 13.166778569373552,
        "R2": -0.26596722494827385,
        "emission": 5.478206807426487e-08
    },
    "XGBoost": {
        "MSE": 284.2627544082229,
        "MAE": 11.857714520608177,
        "R2": -0.0016638209231349954,
        "emission": 3.6340852180624475e-06
    },
    "CatBoost": {
        "MSE": 283.96305996662375,
        "MAE": 12.486244721834936,
        "R2": -0.0006077800777326559,
        "emission": 2.833900554591714e-06
    },
    "DNN": {
        "MSE": 291.47467082321026,
        "MAE": 11.307260529647971,
        "R2": -0.0270766322759739,
        "emission": 1.801550813743368e-05
    }
}