{
    "Linear-SVR": {
        "MSE": 245.65292886515698,
        "MAE": 9.048229071580513,
        "R2": -0.12571763130417635,
        "emission": 2.5054200131139174e-08
    },
    "RBF-SVR": {
        "MSE": 268.8990799446021,
        "MAE": 8.122659814600045,
        "R2": -0.23224435683919475,
        "emission": 3.489837248474406e-08
    },
    "DecisionTree": {
        "MSE": 389.1472712587534,
        "MAE": 10.682500482346132,
        "R2": -0.7832880985935713,
        "emission": 7.92605850859901e-09
    },
    "ExtraTrees": {
        "MSE": 228.31913531129058,
        "MAE": 9.3877364418926,
        "R2": -0.04628459905368332,
        "emission": 1.13541061615018e-06
    },
    "RandomForest": {
        "MSE": 219.8575412808787,
        "MAE": 9.233636371555152,
        "R2": -0.007508893699885277,
        "emission": 9.083610603292851e-07
    },
    "KNeighbors": {
        "MSE": 243.8046835680751,
        "MAE": 9.111549295774648,
        "R2": -0.11724794878293854,
        "emission": 1.8393025064170137e-08
    },
    "PLS": {
        "MSE": 259.98712421242215,
        "MAE": 10.425349501450832,
        "R2": -0.1914048449983885,
        "emission": 6.141362400352571e-07
    },
    "PLS-SKLEARN": {
        "MSE": 259.9480030254819,
        "MAE": 10.084411983665039,
        "R2": -0.19122557007543284,
        "emission": 6.272783829265871e-08
    },
    "XGBoost": {
        "MSE": 276.6233978931978,
        "MAE": 10.97743266208071,
        "R2": -0.2676414552768307,
        "emission": 3.51496171919309e-06
    },
    "CatBoost": {
        "MSE": 212.78857911226163,
        "MAE": 8.824695095289693,
        "R2": 0.024885001968269038,
        "emission": 2.824821564020005e-06
    },
    "DNN": {
        "MSE": 214.97291405834977,
        "MAE": 9.005715773586935,
        "R2": 0.014875170728540499,
        "emission": 1.6935426428262513e-05
    }
}