{
    "Linear-SVR": {
        "MSE": 369.69419379011407,
        "MAE": 10.270402004463016,
        "R2": -0.07402123451508591,
        "emission": 2.1846345361982687e-08
    },
    "RBF-SVR": {
        "MSE": 405.0880877807543,
        "MAE": 9.224957454207969,
        "R2": -0.1768462027094877,
        "emission": 3.2954733753431436e-08
    },
    "DecisionTree": {
        "MSE": 387.35287336404787,
        "MAE": 11.23637185431429,
        "R2": -0.12532254558374212,
        "emission": 6.9919370510389625e-09
    },
    "ExtraTrees": {
        "MSE": 406.8367536941936,
        "MAE": 11.891874358726056,
        "R2": -0.18192635910537858,
        "emission": 1.063903163672542e-06
    },
    "RandomForest": {
        "MSE": 346.41724780764224,
        "MAE": 11.477352333743447,
        "R2": -0.0063979537609701875,
        "emission": 8.415762255677973e-07
    },
    "KNeighbors": {
        "MSE": 400.4862910798122,
        "MAE": 10.849765258215962,
        "R2": -0.1634772413983474,
        "emission": 8.703750985854526e-09
    },
    "PLS": {
        "MSE": 353.3524207340414,
        "MAE": 11.461927067179413,
        "R2": -0.026545749190550527,
        "emission": 5.766228628760533e-07
    },
    "PLS-SKLEARN": {
        "MSE": 353.3524207340414,
        "MAE": 11.461927067179408,
        "R2": -0.026545749190550527,
        "emission": 4.910107338055184e-08
    },
    "XGBoost": {
        "MSE": 396.49908985099586,
        "MAE": 12.71404667837729,
        "R2": -0.15189377901791157,
        "emission": 3.2070419627057435e-06
    },
    "CatBoost": {
        "MSE": 339.3020730985501,
        "MAE": 10.810282121004619,
        "R2": 0.014272775866956078,
        "emission": 2.737524922286941e-06
    },
    "DNN": {
        "MSE": 344.436436081726,
        "MAE": 12.41284694985045,
        "R2": -0.0006433763536271009,
        "emission": 1.7338452671369616e-05
    }
}