{
    "Linear-SVR": {
        "MSE": 726.8101645757167,
        "MAE": 20.250530780223052,
        "R2": 0.04904020484307914,
        "emission": 2.1901123910008968e-08
    },
    "RBF-SVR": {
        "MSE": 924.5227408249164,
        "MAE": 21.65294296393093,
        "R2": -0.20964730418431965,
        "emission": 3.239741276676944e-08
    },
    "DecisionTree": {
        "MSE": 693.8810058772051,
        "MAE": 19.891957742861894,
        "R2": 0.09212477841794986,
        "emission": 6.544076899371125e-09
    },
    "ExtraTrees": {
        "MSE": 717.2836684198754,
        "MAE": 20.749707243188016,
        "R2": 0.061504690446703814,
        "emission": 1.0800190830665367e-06
    },
    "RandomForest": {
        "MSE": 642.3912730451742,
        "MAE": 19.375485456788464,
        "R2": 0.1594940423236305,
        "emission": 8.287192178437485e-07
    },
    "KNeighbors": {
        "MSE": 838.6604375586855,
        "MAE": 21.559906103286387,
        "R2": -0.09730490405646619,
        "emission": 1.0519999924985112e-08
    },
    "PLS": {
        "MSE": 635.5288194462853,
        "MAE": 19.272202193632275,
        "R2": 0.16847288960279994,
        "emission": 5.802946424196264e-07
    },
    "PLS-SKLEARN": {
        "MSE": 626.4341016766793,
        "MAE": 19.271307612170293,
        "R2": 0.18037243554853288,
        "emission": 4.9289311431070124e-08
    },
    "XGBoost": {
        "MSE": 643.0626273179424,
        "MAE": 19.340503507093505,
        "R2": 0.15861564112229054,
        "emission": 3.32574787601997e-06
    },
    "CatBoost": {
        "MSE": 631.8932178451389,
        "MAE": 19.468075458909777,
        "R2": 0.17322971761980566,
        "emission": 2.7529595547858325e-06
    },
    "DNN": {
        "MSE": 606.4683832427662,
        "MAE": 19.791005133687047,
        "R2": 0.2064956193418669,
        "emission": 1.638915652314642e-05
    }
}