{
    "Linear-SVR": {
        "MSE": 351.7223276147644,
        "MAE": 12.465989939676085,
        "R2": 0.38488235548210314,
        "emission": 2.256028511282553e-08
    },
    "RBF-SVR": {
        "MSE": 705.3856330343513,
        "MAE": 13.28340161798432,
        "R2": -0.23362981250395287,
        "emission": 3.576102910519363e-08
    },
    "DecisionTree": {
        "MSE": 475.02105438497654,
        "MAE": 13.797784037558687,
        "R2": 0.16924855453097776,
        "emission": 7.443319877698127e-09
    },
    "ExtraTrees": {
        "MSE": 352.79458854707906,
        "MAE": 12.788925330575232,
        "R2": 0.3830071074036918,
        "emission": 1.1059517749246725e-06
    },
    "RandomForest": {
        "MSE": 348.6946299107644,
        "MAE": 13.49345289525891,
        "R2": 0.3901774139238766,
        "emission": 8.513176467073345e-07
    },
    "KNeighbors": {
        "MSE": 481.5001427230048,
        "MAE": 13.885258215962441,
        "R2": 0.15791745256728196,
        "emission": 1.0919955177335624e-08
    },
    "PLS": {
        "MSE": 346.7800984251534,
        "MAE": 13.295155267174993,
        "R2": 0.3935256861412554,
        "emission": 5.829910490355628e-07
    },
    "PLS-SKLEARN": {
        "MSE": 346.08574264690344,
        "MAE": 12.889158074194789,
        "R2": 0.3947400261397168,
        "emission": 4.963905453365191e-08
    },
    "XGBoost": {
        "MSE": 341.9498774134248,
        "MAE": 13.251305129921212,
        "R2": 0.4019731287343502,
        "emission": 3.164351572306356e-06
    },
    "CatBoost": {
        "MSE": 314.6726786434267,
        "MAE": 12.011356817795402,
        "R2": 0.44967748225160853,
        "emission": 2.7794104053995852e-06
    },
    "DNN": {
        "MSE": 379.64997565597935,
        "MAE": 14.82634215063892,
        "R2": 0.3360404488663463,
        "emission": 1.657592766099586e-05
    }
}