{
    "Linear-SVR": {
        "MSE": 448.8184388065854,
        "MAE": 15.452386525061527,
        "R2": -0.1568934954602914,
        "emission": 2.2637141957341867e-08
    },
    "RBF-SVR": {
        "MSE": 400.4362044500876,
        "MAE": 14.310375499146193,
        "R2": -0.03218139055724656,
        "emission": 3.376904745457308e-08
    },
    "DecisionTree": {
        "MSE": 466.7216935768776,
        "MAE": 15.32935917686806,
        "R2": -0.2030416863554636,
        "emission": 7.292808651004667e-09
    },
    "ExtraTrees": {
        "MSE": 415.6073901319686,
        "MAE": 15.29792045001241,
        "R2": -0.07128728397922357,
        "emission": 1.1117902841010754e-06
    },
    "RandomForest": {
        "MSE": 372.64719855796466,
        "MAE": 14.140915908689154,
        "R2": 0.03944873285610784,
        "emission": 8.506962239673107e-07
    },
    "KNeighbors": {
        "MSE": 501.1679812206573,
        "MAE": 17.270422535211267,
        "R2": -0.2918319023363545,
        "emission": 1.100737825968312e-08
    },
    "PLS": {
        "MSE": 409.3141771205686,
        "MAE": 15.069695773877855,
        "R2": -0.05506563047988444,
        "emission": 5.949388861016096e-07
    },
    "PLS-SKLEARN": {
        "MSE": 409.3141771205683,
        "MAE": 15.069695773877843,
        "R2": -0.055065630479883554,
        "emission": 5.2078624305797474e-08
    },
    "XGBoost": {
        "MSE": 473.10392986485925,
        "MAE": 16.14829839123107,
        "R2": -0.2194928100385496,
        "emission": 3.224399529898194e-06
    },
    "CatBoost": {
        "MSE": 384.97137494911544,
        "MAE": 14.414477260553182,
        "R2": 0.007681411661062509,
        "emission": 2.7647394247856123e-06
    },
    "DNN": {
        "MSE": 379.29261449579843,
        "MAE": 14.156129664210647,
        "R2": 0.022319226114917212,
        "emission": 1.594822796932408e-05
    }
}