{
    "Linear-SVR": {
        "MSE": 366.88898771240576,
        "MAE": 14.053188446279593,
        "R2": 0.1164578060771978,
        "emission": 2.343474185836909e-08
    },
    "RBF-SVR": {
        "MSE": 451.2632594544646,
        "MAE": 13.872771698054326,
        "R2": -0.08673234588248357,
        "emission": 3.214091092313133e-08
    },
    "DecisionTree": {
        "MSE": 431.27234071103663,
        "MAE": 13.946684782743201,
        "R2": -0.038590208078810084,
        "emission": 6.577115374169345e-09
    },
    "ExtraTrees": {
        "MSE": 398.3527791128886,
        "MAE": 14.169380567267895,
        "R2": 0.040686692159482396,
        "emission": 1.0242102907807686e-06
    },
    "RandomForest": {
        "MSE": 356.78224415032605,
        "MAE": 13.750328590532444,
        "R2": 0.14079686960683113,
        "emission": 8.235596007740785e-07
    },
    "KNeighbors": {
        "MSE": 344.10604882629104,
        "MAE": 13.22338028169014,
        "R2": 0.17132368780604934,
        "emission": 7.652065306547853e-09
    },
    "PLS": {
        "MSE": 331.24735062721703,
        "MAE": 13.57070473460976,
        "R2": 0.2022900094954504,
        "emission": 5.65178832819582e-07
    },
    "PLS-SKLEARN": {
        "MSE": 331.24735062721675,
        "MAE": 13.570704734609757,
        "R2": 0.20229000949545106,
        "emission": 4.811398498962827e-08
    },
    "XGBoost": {
        "MSE": 395.06299073987185,
        "MAE": 14.94101873612285,
        "R2": 0.0486091617183545,
        "emission": 3.1293383359900817e-06
    },
    "CatBoost": {
        "MSE": 324.0913395974573,
        "MAE": 13.129205308257507,
        "R2": 0.21952311786534728,
        "emission": 2.7332119549607496e-06
    },
    "DNN": {
        "MSE": 364.9666288593902,
        "MAE": 13.810480411511632,
        "R2": 0.12108723136763933,
        "emission": 1.6689859036874345e-05
    }
}