{
    "Linear-SVR": {
        "MSE": 532.6191089763082,
        "MAE": 14.088014123587017,
        "R2": 0.23624835552732137,
        "emission": 2.231297562767806e-08
    },
    "RBF-SVR": {
        "MSE": 830.4741414439958,
        "MAE": 13.8868435282427,
        "R2": -0.1908622513356002,
        "emission": 3.258256754703719e-08
    },
    "DecisionTree": {
        "MSE": 682.6389220502272,
        "MAE": 15.849490524644578,
        "R2": 0.021126747970078963,
        "emission": 9.24219975669162e-09
    },
    "ExtraTrees": {
        "MSE": 693.5482757596205,
        "MAE": 16.927846604075608,
        "R2": 0.0054832295621543015,
        "emission": 1.084931826563739e-06
    },
    "RandomForest": {
        "MSE": 605.1171526895835,
        "MAE": 16.602057210371033,
        "R2": 0.13228944910827067,
        "emission": 8.50480021503384e-07
    },
    "KNeighbors": {
        "MSE": 630.8058197183099,
        "MAE": 16.096056338028166,
        "R2": 0.09545306574003243,
        "emission": 9.336381215200085e-09
    },
    "PLS": {
        "MSE": 537.8028596013427,
        "MAE": 15.47463091443158,
        "R2": 0.22881509224839824,
        "emission": 5.755616879409219e-07
    },
    "PLS-SKLEARN": {
        "MSE": 552.8022772273233,
        "MAE": 16.70682921860754,
        "R2": 0.20730660769553788,
        "emission": 5.1490606579720295e-08
    },
    "XGBoost": {
        "MSE": 507.40733236975,
        "MAE": 15.20625183487512,
        "R2": 0.27240089966030545,
        "emission": 3.3838728010046496e-06
    },
    "CatBoost": {
        "MSE": 516.7973584159266,
        "MAE": 14.740713788401576,
        "R2": 0.25893602820987527,
        "emission": 2.796376699848875e-06
    },
    "DNN": {
        "MSE": 571.0076811323621,
        "MAE": 18.252103343703936,
        "R2": 0.18120088423119018,
        "emission": 1.7786845322320953e-05
    }
}