{
    "Linear-SVR": {
        "MSE": 324.1545519167064,
        "MAE": 11.080116463377319,
        "R2": -0.03797250189590651,
        "emission": 2.289583825127211e-08
    },
    "RBF-SVR": {
        "MSE": 348.10951568386344,
        "MAE": 10.26921017854093,
        "R2": -0.11467848528314839,
        "emission": 3.294174635445308e-08
    },
    "DecisionTree": {
        "MSE": 430.9214813029768,
        "MAE": 12.863053684425394,
        "R2": -0.3798499679365095,
        "emission": 8.210133829280695e-09
    },
    "ExtraTrees": {
        "MSE": 346.1620448407775,
        "MAE": 12.43522988755167,
        "R2": -0.10844250565116531,
        "emission": 1.0489475880959482e-06
    },
    "RandomForest": {
        "MSE": 317.13004539479965,
        "MAE": 11.56143930110505,
        "R2": -0.015479389995996407,
        "emission": 8.357047035782101e-07
    },
    "KNeighbors": {
        "MSE": 370.38853708920186,
        "MAE": 12.51605633802817,
        "R2": -0.18601794805223437,
        "emission": 8.780522612202321e-09
    },
    "PLS": {
        "MSE": 348.87208073231864,
        "MAE": 12.813690366743367,
        "R2": -0.11712028826423637,
        "emission": 5.67203670379172e-07
    },
    "PLS-SKLEARN": {
        "MSE": 344.5200886574462,
        "MAE": 12.387383756894831,
        "R2": -0.1031848118827503,
        "emission": 5.175367185003504e-08
    },
    "XGBoost": {
        "MSE": 393.87104121245426,
        "MAE": 12.979439106023927,
        "R2": -0.2612110724784382,
        "emission": 3.2768939146996353e-06
    },
    "CatBoost": {
        "MSE": 313.8986672548263,
        "MAE": 11.534938633020206,
        "R2": -0.005132221854480701,
        "emission": 2.740261805945142e-06
    },
    "DNN": {
        "MSE": 303.7082710461709,
        "MAE": 11.69215167005297,
        "R2": 0.02749835817429047,
        "emission": 1.6875801223863332e-05
    }
}