{
    "Linear-SVR": {
        "MSE": 406.49143185687177,
        "MAE": 11.2490878982424,
        "R2": -0.0913998335170314,
        "emission": 2.3460914106950724e-08
    },
    "RBF-SVR": {
        "MSE": 458.68285488053743,
        "MAE": 10.244912093013305,
        "R2": -0.23152999601231916,
        "emission": 3.1224362921271565e-08
    },
    "DecisionTree": {
        "MSE": 603.343865688676,
        "MAE": 14.436533600022225,
        "R2": -0.6199342543534878,
        "emission": 7.379473796004153e-09
    },
    "ExtraTrees": {
        "MSE": 434.1672785864886,
        "MAE": 12.28739476992999,
        "R2": -0.16570746252452828,
        "emission": 9.964246871545892e-07
    },
    "RandomForest": {
        "MSE": 355.08105948718236,
        "MAE": 11.356970675352706,
        "R2": 0.04663326496432607,
        "emission": 8.252836241451545e-07
    },
    "KNeighbors": {
        "MSE": 445.3145539906103,
        "MAE": 11.100469483568073,
        "R2": -0.19563708358603882,
        "emission": 1.3298291077471309e-08
    },
    "PLS": {
        "MSE": 527.6629542104262,
        "MAE": 13.465234373758964,
        "R2": -0.4167365293474108,
        "emission": 5.91203042088035e-07
    },
    "PLS-SKLEARN": {
        "MSE": 502.73135304023765,
        "MAE": 13.118357805316965,
        "R2": -0.34979699942384346,
        "emission": 5.263286537355733e-08
    },
    "XGBoost": {
        "MSE": 443.352780251012,
        "MAE": 12.96733423580586,
        "R2": -0.19036986424265634,
        "emission": 3.307428211537885e-06
    },
    "CatBoost": {
        "MSE": 510.2334520038332,
        "MAE": 12.929740800419806,
        "R2": -0.36993958772513746,
        "emission": 2.7261551507848734e-06
    },
    "DNN": {
        "MSE": 418.6694731033342,
        "MAE": 12.999856063284573,
        "R2": -0.1240969856519194,
        "emission": 1.6824709692198455e-05
    }
}