{
    "Linear-SVR": {
        "MSE": 301.0070145202548,
        "MAE": 9.387154868276708,
        "R2": -0.1361138963888453,
        "emission": 2.4848179346966006e-08
    },
    "RBF-SVR": {
        "MSE": 306.8892742363943,
        "MAE": 7.1722012562625554,
        "R2": -0.158315761074044,
        "emission": 3.046732925191346e-08
    },
    "DecisionTree": {
        "MSE": 584.6165370829267,
        "MAE": 12.452196762665546,
        "R2": -1.206563102515155,
        "emission": 6.878800952181456e-09
    },
    "ExtraTrees": {
        "MSE": 310.24243864893896,
        "MAE": 10.782658563415737,
        "R2": -0.17097186708552758,
        "emission": 1.0629445535237221e-06
    },
    "RandomForest": {
        "MSE": 284.37000677767503,
        "MAE": 10.42195360649604,
        "R2": -0.07331956011465901,
        "emission": 8.332486435417395e-07
    },
    "KNeighbors": {
        "MSE": 379.6445615023474,
        "MAE": 11.600469483568075,
        "R2": -0.4329216304101875,
        "emission": 1.0925772206669104e-08
    },
    "PLS": {
        "MSE": 334.18847121771466,
        "MAE": 11.489570530931182,
        "R2": -0.2613532171950126,
        "emission": 5.782335503846888e-07
    },
    "PLS-SKLEARN": {
        "MSE": 327.7878244185448,
        "MAE": 11.139967626234245,
        "R2": -0.23719476432306363,
        "emission": 4.966236963283743e-08
    },
    "XGBoost": {
        "MSE": 397.2834360654936,
        "MAE": 11.94905010455511,
        "R2": -0.49949738958240975,
        "emission": 3.3008666125705208e-06
    },
    "CatBoost": {
        "MSE": 273.66506131730245,
        "MAE": 10.238543288787515,
        "R2": -0.032915062176304355,
        "emission": 2.765218681339668e-06
    },
    "DNN": {
        "MSE": 281.83191010933314,
        "MAE": 11.376358344297453,
        "R2": -0.06373982689855007,
        "emission": 1.6604814564449656e-05
    }
}