{
    "Linear-SVR": {
        "MSE": 314.3893709339503,
        "MAE": 12.667466918608795,
        "R2": 0.1668191428830389,
        "emission": 2.3190195357700654e-08
    },
    "RBF-SVR": {
        "MSE": 419.53027215787137,
        "MAE": 12.687908427894419,
        "R2": -0.11182064045174944,
        "emission": 3.1131690996690227e-08
    },
    "DecisionTree": {
        "MSE": 600.5356407273034,
        "MAE": 17.348543616008403,
        "R2": -0.5915130921381471,
        "emission": 6.8117381706194456e-09
    },
    "ExtraTrees": {
        "MSE": 471.06833591901545,
        "MAE": 16.47807295758154,
        "R2": -0.2484045459797768,
        "emission": 1.0832059184288114e-06
    },
    "RandomForest": {
        "MSE": 421.5983127741327,
        "MAE": 15.67576658659243,
        "R2": -0.1173012705636729,
        "emission": 8.679949994571357e-07
    },
    "KNeighbors": {
        "MSE": 589.2285502347418,
        "MAE": 16.13755868544601,
        "R2": -0.5615475391676212,
        "emission": 1.0790460623121404e-08
    },
    "PLS": {
        "MSE": 366.0407548695618,
        "MAE": 14.78962146022473,
        "R2": 0.02993492122215069,
        "emission": 5.933916718714321e-07
    },
    "PLS-SKLEARN": {
        "MSE": 366.0407548695617,
        "MAE": 14.789621460224724,
        "R2": 0.029934921222151023,
        "emission": 4.8174779072028636e-08
    },
    "XGBoost": {
        "MSE": 427.8283385471937,
        "MAE": 15.24507858870035,
        "R2": -0.13381181033809253,
        "emission": 3.241093603046958e-06
    },
    "CatBoost": {
        "MSE": 372.7220465369352,
        "MAE": 13.946063156911062,
        "R2": 0.012228456459892456,
        "emission": 2.7297643974255583e-06
    },
    "DNN": {
        "MSE": 391.88154688935697,
        "MAE": 16.046673713155755,
        "R2": -0.038547207100684044,
        "emission": 1.6627475199547763e-05
    }
}