{
    "Linear-SVR": {
        "MSE": 800.5821594240138,
        "MAE": 19.03286196104836,
        "R2": 0.04861585841097149,
        "emission": 2.4493621171936153e-08
    },
    "RBF-SVR": {
        "MSE": 1054.6220820146452,
        "MAE": 18.687113164251187,
        "R2": -0.25327639691622306,
        "emission": 3.245230523420379e-08
    },
    "DecisionTree": {
        "MSE": 880.0332009224492,
        "MAE": 19.13910406500911,
        "R2": -0.045801010644324514,
        "emission": 7.411725104460345e-09
    },
    "ExtraTrees": {
        "MSE": 703.5945843359073,
        "MAE": 17.78650155511371,
        "R2": 0.16387253729622908,
        "emission": 1.0726800559301124e-06
    },
    "RandomForest": {
        "MSE": 711.5337667439096,
        "MAE": 18.50380179535343,
        "R2": 0.15443788758383703,
        "emission": 8.258634093945849e-07
    },
    "KNeighbors": {
        "MSE": 905.7029276995304,
        "MAE": 21.934366197183095,
        "R2": -0.0763060258849948,
        "emission": 1.1296526730011254e-08
    },
    "PLS": {
        "MSE": 748.0482229302395,
        "MAE": 19.65112614271498,
        "R2": 0.11104537109381785,
        "emission": 5.916319480301268e-07
    },
    "PLS-SKLEARN": {
        "MSE": 748.0482229302395,
        "MAE": 19.651126142714975,
        "R2": 0.11104537109381785,
        "emission": 4.789514139506775e-08
    },
    "XGBoost": {
        "MSE": 734.8497613091457,
        "MAE": 19.227583061669353,
        "R2": 0.12672996627479727,
        "emission": 3.116617051718308e-06
    },
    "CatBoost": {
        "MSE": 652.8731697031851,
        "MAE": 17.371490889295902,
        "R2": 0.2241481117047962,
        "emission": 2.734318792256249e-06
    },
    "DNN": {
        "MSE": 722.6280610513552,
        "MAE": 21.484317840432894,
        "R2": 0.14125381204333398,
        "emission": 1.644426481277639e-05
    }
}