{
    "Linear-SVR": {
        "MSE": 495.99119015995825,
        "MAE": 13.170791824708772,
        "R2": 0.17721912945668905,
        "emission": 2.2746109668839694e-08
    },
    "RBF-SVR": {
        "MSE": 721.0343560931806,
        "MAE": 13.970314440143362,
        "R2": -0.19609639640304377,
        "emission": 3.0274801247219983e-08
    },
    "DecisionTree": {
        "MSE": 555.4988902546339,
        "MAE": 13.330318828393246,
        "R2": 0.07850407511845114,
        "emission": 6.488062461122135e-09
    },
    "ExtraTrees": {
        "MSE": 581.3916346294848,
        "MAE": 15.331637635374443,
        "R2": 0.035551588904684794,
        "emission": 1.098680685120034e-06
    },
    "RandomForest": {
        "MSE": 512.319172047875,
        "MAE": 14.419192477688693,
        "R2": 0.15013326297663543,
        "emission": 8.484459435530602e-07
    },
    "KNeighbors": {
        "MSE": 564.827372769953,
        "MAE": 13.576150234741785,
        "R2": 0.06302941121902406,
        "emission": 9.309212145515202e-09
    },
    "PLS": {
        "MSE": 466.5596890310629,
        "MAE": 13.583485526672076,
        "R2": 0.22604192429790249,
        "emission": 5.745483655388793e-07
    },
    "PLS-SKLEARN": {
        "MSE": 443.6352064672332,
        "MAE": 13.540929058112694,
        "R2": 0.2640704741891611,
        "emission": 5.072134795785326e-08
    },
    "XGBoost": {
        "MSE": 483.66722610381123,
        "MAE": 14.105317153312932,
        "R2": 0.19766288345036576,
        "emission": 3.2616132924809434e-06
    },
    "CatBoost": {
        "MSE": 501.3757155454511,
        "MAE": 13.463872942486482,
        "R2": 0.1682869456356223,
        "emission": 2.697343950334626e-06
    },
    "DNN": {
        "MSE": 464.471008977373,
        "MAE": 14.718499820780867,
        "R2": 0.22950675598635883,
        "emission": 1.6391690462863634e-05
    }
}