{
    "Linear-SVR": {
        "MSE": 504.59208949167703,
        "MAE": 13.062078478713818,
        "R2": 0.3444126980557616,
        "emission": 2.2311769102665208e-08
    },
    "RBF-SVR": {
        "MSE": 880.9655053830542,
        "MAE": 14.208113319548863,
        "R2": -0.14458750108793628,
        "emission": 3.139833750021771e-08
    },
    "DecisionTree": {
        "MSE": 708.5920253443059,
        "MAE": 15.156454281243011,
        "R2": 0.0793673865504797,
        "emission": 6.410516598774467e-09
    },
    "ExtraTrees": {
        "MSE": 573.2784483823123,
        "MAE": 14.029432005013208,
        "R2": 0.25517248671822745,
        "emission": 1.1321740026945012e-06
    },
    "RandomForest": {
        "MSE": 504.8635657980292,
        "MAE": 13.805237811069516,
        "R2": 0.3440599846008153,
        "emission": 8.88842157381615e-07
    },
    "KNeighbors": {
        "MSE": 668.1208507042254,
        "MAE": 14.247981220657275,
        "R2": 0.13194924175858047,
        "emission": 1.0725159398359315e-08
    },
    "PLS": {
        "MSE": 428.06931642453594,
        "MAE": 13.413391930050713,
        "R2": 0.4438343088521507,
        "emission": 6.036327605613576e-07
    },
    "PLS-SKLEARN": {
        "MSE": 481.0601760094533,
        "MAE": 14.076129710674365,
        "R2": 0.3749863514892461,
        "emission": 4.992230150232494e-08
    },
    "XGBoost": {
        "MSE": 410.240431899879,
        "MAE": 13.157993363130823,
        "R2": 0.4669983467861778,
        "emission": 3.4091992140650104e-06
    },
    "CatBoost": {
        "MSE": 451.98832360801197,
        "MAE": 12.207988069522012,
        "R2": 0.41275772697311885,
        "emission": 2.791407961949149e-06
    },
    "DNN": {
        "MSE": 451.5191344146774,
        "MAE": 14.651570159224837,
        "R2": 0.4133673173407947,
        "emission": 1.6994121464361247e-05
    }
}