{
    "Linear-SVR": {
        "MSE": 330.10864934965474,
        "MAE": 12.518233124572951,
        "R2": 0.11816694477509815,
        "emission": 2.08919372268981e-08
    },
    "RBF-SVR": {
        "MSE": 390.0531359078867,
        "MAE": 12.253918698404767,
        "R2": -0.041965271783525715,
        "emission": 3.450645986915352e-08
    },
    "DecisionTree": {
        "MSE": 408.890399535751,
        "MAE": 13.265150691719816,
        "R2": -0.09228604274715346,
        "emission": 8.30231488728562e-09
    },
    "ExtraTrees": {
        "MSE": 345.73514984917466,
        "MAE": 12.550258817864442,
        "R2": 0.076423219776941,
        "emission": 1.0694305306023904e-06
    },
    "RandomForest": {
        "MSE": 295.9340455870641,
        "MAE": 11.98301307715863,
        "R2": 0.20945899454852002,
        "emission": 8.211389008477739e-07
    },
    "KNeighbors": {
        "MSE": 358.7315154929577,
        "MAE": 13.32976525821596,
        "R2": 0.041705484131250636,
        "emission": 9.164082008156446e-09
    },
    "PLS": {
        "MSE": 300.0652276835364,
        "MAE": 12.243151996973381,
        "R2": 0.19842319485953974,
        "emission": 5.736653458226555e-07
    },
    "PLS-SKLEARN": {
        "MSE": 292.31215796953444,
        "MAE": 12.174670785710566,
        "R2": 0.21913429457395017,
        "emission": 4.997971691834958e-08
    },
    "XGBoost": {
        "MSE": 321.5061940149655,
        "MAE": 13.136264253530143,
        "R2": 0.1411470438581418,
        "emission": 3.0927353488299444e-06
    },
    "CatBoost": {
        "MSE": 290.0422069852661,
        "MAE": 12.186071256969942,
        "R2": 0.2251981096712271,
        "emission": 2.672514025959755e-06
    },
    "DNN": {
        "MSE": 315.311291594902,
        "MAE": 13.613971253515968,
        "R2": 0.1576957460465488,
        "emission": 1.6414588475542864e-05
    }
}