{
    "Linear-SVR": {
        "MSE": 367.49057150668733,
        "MAE": 13.87626568601403,
        "R2": 0.212855245129427,
        "emission": 2.3163477705519034e-08
    },
    "RBF-SVR": {
        "MSE": 489.07454604227036,
        "MAE": 14.613182988802569,
        "R2": -0.047570995031294805,
        "emission": 3.1612540117229114e-08
    },
    "DecisionTree": {
        "MSE": 348.0153707900785,
        "MAE": 13.287925111645482,
        "R2": 0.25457006254985504,
        "emission": 6.2608580717143555e-09
    },
    "ExtraTrees": {
        "MSE": 383.0789985534417,
        "MAE": 14.081959074709703,
        "R2": 0.17946568485791403,
        "emission": 1.0855126505376238e-06
    },
    "RandomForest": {
        "MSE": 352.52265274525536,
        "MAE": 13.640371657682,
        "R2": 0.24491571050704175,
        "emission": 8.904615530757977e-07
    },
    "KNeighbors": {
        "MSE": 441.1674234741784,
        "MAE": 14.01549295774648,
        "R2": 0.05504344782585746,
        "emission": 1.5914563546252858e-08
    },
    "PLS": {
        "MSE": 332.29260538973034,
        "MAE": 13.57365935905588,
        "R2": 0.2882473682456269,
        "emission": 6.051047244910319e-07
    },
    "PLS-SKLEARN": {
        "MSE": 317.12514134250347,
        "MAE": 13.286648298321296,
        "R2": 0.3207352487387606,
        "emission": 4.525421583751227e-08
    },
    "XGBoost": {
        "MSE": 394.528569926632,
        "MAE": 14.945988790110244,
        "R2": 0.15494132763434654,
        "emission": 3.311266434148064e-06
    },
    "CatBoost": {
        "MSE": 287.63840378646194,
        "MAE": 12.662141873054445,
        "R2": 0.3838942318667423,
        "emission": 2.8232169780961106e-06
    },
    "DNN": {
        "MSE": 335.05796297531987,
        "MAE": 14.057966006641658,
        "R2": 0.2823241231677631,
        "emission": 1.662660551352731e-05
    }
}