{
    "Linear-SVR": {
        "MSE": 425.96607950063543,
        "MAE": 10.310195597801325,
        "R2": 0.12132841982544385,
        "emission": 2.312588795877553e-08
    },
    "RBF-SVR": {
        "MSE": 558.0522247648574,
        "MAE": 9.247753873076078,
        "R2": -0.15113539258548503,
        "emission": 2.9535742468541623e-08
    },
    "DecisionTree": {
        "MSE": 520.5564082982967,
        "MAE": 11.110495370979775,
        "R2": -0.07379001254200457,
        "emission": 8.760123801856359e-09
    },
    "ExtraTrees": {
        "MSE": 451.7150038569268,
        "MAE": 11.222260569992708,
        "R2": 0.06821421862317678,
        "emission": 1.1113677147147508e-06
    },
    "RandomForest": {
        "MSE": 430.4478706914985,
        "MAE": 10.679297014528528,
        "R2": 0.11208349930899175,
        "emission": 9.075675946015394e-07
    },
    "KNeighbors": {
        "MSE": 450.143896713615,
        "MAE": 11.121596244131457,
        "R2": 0.07145505694968313,
        "emission": 1.0174203137978179e-08
    },
    "PLS": {
        "MSE": 404.27103953467883,
        "MAE": 11.045800752591319,
        "R2": 0.16608037535952014,
        "emission": 6.082512983150361e-07
    },
    "PLS-SKLEARN": {
        "MSE": 404.2710395346783,
        "MAE": 11.045800752591312,
        "R2": 0.16608037535952114,
        "emission": 4.9323823787595724e-08
    },
    "XGBoost": {
        "MSE": 396.6357322643144,
        "MAE": 12.09358738029087,
        "R2": 0.18183028556888314,
        "emission": 3.3486285973096146e-06
    },
    "CatBoost": {
        "MSE": 421.5671658232301,
        "MAE": 10.807573821158526,
        "R2": 0.1304023827957076,
        "emission": 2.8408279389143563e-06
    },
    "DNN": {
        "MSE": 390.48851090535015,
        "MAE": 12.004015820742772,
        "R2": 0.19451061145655935,
        "emission": 1.6728890725999025e-05
    }
}