{
    "Linear-SVR": {
        "MSE": 345.97410921071315,
        "MAE": 10.222822987298315,
        "R2": 0.26659046467627157,
        "emission": 2.366134512805616e-08
    },
    "RBF-SVR": {
        "MSE": 542.4720147459351,
        "MAE": 10.2849833506654,
        "R2": -0.1499535302470647,
        "emission": 3.091410616603568e-08
    },
    "DecisionTree": {
        "MSE": 535.4986314765958,
        "MAE": 11.840043869776034,
        "R2": -0.13517107789862748,
        "emission": 6.701613082673568e-09
    },
    "ExtraTrees": {
        "MSE": 438.15710707975086,
        "MAE": 12.585725085594985,
        "R2": 0.07117731718348308,
        "emission": 1.0820558331787559e-06
    },
    "RandomForest": {
        "MSE": 415.0858282397659,
        "MAE": 12.119463665710482,
        "R2": 0.1200847222258995,
        "emission": 8.765147411094998e-07
    },
    "KNeighbors": {
        "MSE": 331.5139248826291,
        "MAE": 9.99333333333333,
        "R2": 0.29724373261285153,
        "emission": 8.262676938528745e-09
    },
    "PLS": {
        "MSE": 342.8377711913512,
        "MAE": 11.680858674662439,
        "R2": 0.273238997465751,
        "emission": 6.002406289581019e-07
    },
    "PLS-SKLEARN": {
        "MSE": 342.83777119135107,
        "MAE": 11.680858674662442,
        "R2": 0.2732389974657513,
        "emission": 4.7356126148109056e-08
    },
    "XGBoost": {
        "MSE": 368.53121118078843,
        "MAE": 12.766305133105723,
        "R2": 0.21877303200229326,
        "emission": 3.4265405856967505e-06
    },
    "CatBoost": {
        "MSE": 378.24197787987634,
        "MAE": 11.72004564186133,
        "R2": 0.19818776650753456,
        "emission": 2.8049765885748466e-06
    },
    "DNN": {
        "MSE": 345.51476696622757,
        "MAE": 13.471326725024014,
        "R2": 0.2675641964472739,
        "emission": 1.668682097656125e-05
    }
}