{
    "Linear-SVR": {
        "MSE": 206.80510264826086,
        "MAE": 8.202585623324977,
        "R2": -0.11508168022540022,
        "emission": 2.292705736715311e-08
    },
    "RBF-SVR": {
        "MSE": 230.05157077624546,
        "MAE": 7.60459662798065,
        "R2": -0.24042535118668984,
        "emission": 3.06186254063151e-08
    },
    "DecisionTree": {
        "MSE": 197.98685843796932,
        "MAE": 8.465663040116949,
        "R2": -0.06753419496158597,
        "emission": 6.400972239681786e-09
    },
    "ExtraTrees": {
        "MSE": 215.99782610380973,
        "MAE": 9.16782631473477,
        "R2": -0.16464833687649572,
        "emission": 1.0336609267941996e-06
    },
    "RandomForest": {
        "MSE": 196.49095884918975,
        "MAE": 8.775321645273774,
        "R2": -0.05946838707994062,
        "emission": 8.352454589998933e-07
    },
    "KNeighbors": {
        "MSE": 203.44699530516434,
        "MAE": 8.447417840375586,
        "R2": -0.09697495108493914,
        "emission": 8.867547650091868e-09
    },
    "PLS": {
        "MSE": 214.1025164772979,
        "MAE": 9.146774107225157,
        "R2": -0.1544289321528476,
        "emission": 5.80152528979586e-07
    },
    "PLS-SKLEARN": {
        "MSE": 214.10251647729797,
        "MAE": 9.146774107225156,
        "R2": -0.1544289321528478,
        "emission": 4.87304586512055e-08
    },
    "XGBoost": {
        "MSE": 229.9660233252855,
        "MAE": 9.459662256124888,
        "R2": -0.23996408406061853,
        "emission": 3.260770494998391e-06
    },
    "CatBoost": {
        "MSE": 190.57809130731215,
        "MAE": 8.52584714710717,
        "R2": -0.027586532187988677,
        "emission": 2.724814819581983e-06
    },
    "DNN": {
        "MSE": 183.6478391882686,
        "MAE": 8.56198197877463,
        "R2": 0.009781004097769164,
        "emission": 1.663775944403574e-05
    }
}