{
    "Linear-SVR": {
        "MSE": 276.66228312945816,
        "MAE": 11.469080910662335,
        "R2": 0.22573792991911945,
        "emission": 2.3245220842174205e-08
    },
    "RBF-SVR": {
        "MSE": 424.53748183891736,
        "MAE": 10.802870114422264,
        "R2": -0.18810293111661602,
        "emission": 3.238318559464819e-08
    },
    "DecisionTree": {
        "MSE": 305.37581528215816,
        "MAE": 11.168019924191348,
        "R2": 0.1453807572954824,
        "emission": 7.397232637585835e-09
    },
    "ExtraTrees": {
        "MSE": 366.9584830420253,
        "MAE": 12.71574016626646,
        "R2": -0.026963384744820518,
        "emission": 1.086044495444275e-06
    },
    "RandomForest": {
        "MSE": 322.143593902221,
        "MAE": 11.889513492221857,
        "R2": 0.09845475481269061,
        "emission": 8.651765710534753e-07
    },
    "KNeighbors": {
        "MSE": 325.9720450704226,
        "MAE": 11.959436619718309,
        "R2": 0.08774052050085901,
        "emission": 8.598606199134122e-09
    },
    "PLS": {
        "MSE": 272.85559538264204,
        "MAE": 11.999523910597473,
        "R2": 0.23639125751282763,
        "emission": 5.898720908016409e-07
    },
    "PLS-SKLEARN": {
        "MSE": 306.0842789462559,
        "MAE": 12.603436867837692,
        "R2": 0.1433980636773402,
        "emission": 4.814620322595678e-08
    },
    "XGBoost": {
        "MSE": 300.0054201162892,
        "MAE": 13.10162204915369,
        "R2": 0.1604102482374491,
        "emission": 3.51186839657345e-06
    },
    "CatBoost": {
        "MSE": 269.2114634998535,
        "MAE": 11.363538748537104,
        "R2": 0.2465896592006187,
        "emission": 2.7910158418037972e-06
    },
    "DNN": {
        "MSE": 328.8789356543924,
        "MAE": 14.309615441107413,
        "R2": 0.07960534900012384,
        "emission": 1.760197449828038e-05
    }
}