{
    "Linear-SVR": {
        "MSE": 384.1689663396294,
        "MAE": 10.533616777081813,
        "R2": 0.1546971195043284,
        "emission": 2.3629658306005473e-08
    },
    "RBF-SVR": {
        "MSE": 528.5616174053072,
        "MAE": 10.26444866728321,
        "R2": -0.16301600821437212,
        "emission": 3.1310769283683613e-08
    },
    "DecisionTree": {
        "MSE": 436.1815052921076,
        "MAE": 11.265915492957744,
        "R2": 0.040251776827808894,
        "emission": 6.52599666166392e-09
    },
    "ExtraTrees": {
        "MSE": 316.04259026322245,
        "MAE": 10.633592938647894,
        "R2": 0.30459840508658786,
        "emission": 1.0290531017630863e-06
    },
    "RandomForest": {
        "MSE": 324.1210207702475,
        "MAE": 10.406928996520133,
        "R2": 0.28682310001044753,
        "emission": 8.388433184829296e-07
    },
    "KNeighbors": {
        "MSE": 432.5411230046949,
        "MAE": 10.943661971830986,
        "R2": 0.04826186067964955,
        "emission": 9.643987070021454e-09
    },
    "PLS": {
        "MSE": 419.0023161653679,
        "MAE": 12.215336701935563,
        "R2": 0.07805185784886404,
        "emission": 5.952872131620628e-07
    },
    "PLS-SKLEARN": {
        "MSE": 396.9888206504828,
        "MAE": 11.801019947274465,
        "R2": 0.12648906334677046,
        "emission": 5.4355837681040005e-08
    },
    "XGBoost": {
        "MSE": 386.6241883497648,
        "MAE": 12.024022703734992,
        "R2": 0.14929479287394398,
        "emission": 3.306457155365717e-06
    },
    "CatBoost": {
        "MSE": 309.75861766362397,
        "MAE": 10.243437620617875,
        "R2": 0.3184252901419008,
        "emission": 2.739681798587071e-06
    },
    "DNN": {
        "MSE": 391.9204846172925,
        "MAE": 12.722368745813625,
        "R2": 0.13764113293999258,
        "emission": 1.6610931697841858e-05
    }
}