{
    "Linear-SVR": {
        "MSE": 307.1100420025521,
        "MAE": 11.456776022700247,
        "R2": 0.038626389192672805,
        "emission": 2.3094250295279178e-08
    },
    "RBF-SVR": {
        "MSE": 349.839188776497,
        "MAE": 10.691767815143287,
        "R2": -0.09513242199085159,
        "emission": 3.2925845145356876e-08
    },
    "DecisionTree": {
        "MSE": 259.24732584858265,
        "MAE": 10.913594386833823,
        "R2": 0.18845526470565732,
        "emission": 1.0401937146198981e-08
    },
    "ExtraTrees": {
        "MSE": 328.75099988587465,
        "MAE": 11.934393809244602,
        "R2": -0.02911820712842772,
        "emission": 1.0713372845770594e-06
    },
    "RandomForest": {
        "MSE": 310.72161176522474,
        "MAE": 11.600978709547046,
        "R2": 0.027320774303680517,
        "emission": 8.367082781365332e-07
    },
    "KNeighbors": {
        "MSE": 284.67985915492955,
        "MAE": 11.369483568075118,
        "R2": 0.10884156592436778,
        "emission": 9.529163730095461e-09
    },
    "PLS": {
        "MSE": 274.3265226464381,
        "MAE": 11.92119239378774,
        "R2": 0.1412515269864325,
        "emission": 5.75951487001016e-07
    },
    "PLS-SKLEARN": {
        "MSE": 265.0771265020748,
        "MAE": 11.416245442626519,
        "R2": 0.17020572630571107,
        "emission": 5.376669454682808e-08
    },
    "XGBoost": {
        "MSE": 294.81551811435975,
        "MAE": 12.045504318492512,
        "R2": 0.07711302006438558,
        "emission": 3.437984099059386e-06
    },
    "CatBoost": {
        "MSE": 278.97443405754836,
        "MAE": 11.205087507595735,
        "R2": 0.12670176056761084,
        "emission": 2.7146296313207195e-06
    },
    "DNN": {
        "MSE": 298.5019597980183,
        "MAE": 13.27895758275135,
        "R2": 0.06557302700736933,
        "emission": 1.637016480370477e-05
    }
}