{
    "Linear-SVR": {
        "MSE": 270.240854459357,
        "MAE": 8.710652256511333,
        "R2": 0.170078607057067,
        "emission": 2.2804329834287857e-08
    },
    "RBF-SVR": {
        "MSE": 362.8334007506386,
        "MAE": 7.270845226715465,
        "R2": -0.11427712127249401,
        "emission": 3.4104101245416455e-08
    },
    "DecisionTree": {
        "MSE": 353.69084675666454,
        "MAE": 9.828668876001103,
        "R2": -0.08619994115509622,
        "emission": 7.439699333929888e-09
    },
    "ExtraTrees": {
        "MSE": 268.3587090953558,
        "MAE": 8.778614227754693,
        "R2": 0.17585875715812416,
        "emission": 1.0568790957945593e-06
    },
    "RandomForest": {
        "MSE": 290.7726071542885,
        "MAE": 9.21210880134339,
        "R2": 0.1070247034190438,
        "emission": 8.317674155280802e-07
    },
    "KNeighbors": {
        "MSE": 302.2653840375587,
        "MAE": 8.469201877934273,
        "R2": 0.07172988680507242,
        "emission": 1.0828469815856828e-08
    },
    "PLS": {
        "MSE": 251.5076134803091,
        "MAE": 9.117914600869115,
        "R2": 0.22760920315724065,
        "emission": 5.803389323477142e-07
    },
    "PLS-SKLEARN": {
        "MSE": 251.50761348030932,
        "MAE": 9.117914600869117,
        "R2": 0.2276092031572401,
        "emission": 4.7557041494336895e-08
    },
    "XGBoost": {
        "MSE": 272.9194477444988,
        "MAE": 9.78096380430348,
        "R2": 0.16185253082303563,
        "emission": 3.337748821402256e-06
    },
    "CatBoost": {
        "MSE": 268.0900443233224,
        "MAE": 8.997331202184034,
        "R2": 0.1766838383335323,
        "emission": 2.7297433785724714e-06
    },
    "DNN": {
        "MSE": 271.0630944837833,
        "MAE": 10.031855396149863,
        "R2": 0.16755347225548245,
        "emission": 1.6132259652055774e-05
    }
}