{
    "Linear-SVR": {
        "MSE": 247.4391102923109,
        "MAE": 8.266365091892967,
        "R2": 0.16960243510598583,
        "emission": 2.254877613148455e-08
    },
    "RBF-SVR": {
        "MSE": 339.01883776917333,
        "MAE": 7.2994436946564205,
        "R2": -0.13773613639391025,
        "emission": 3.456902359376329e-08
    },
    "DecisionTree": {
        "MSE": 377.65675035924687,
        "MAE": 9.81224697343308,
        "R2": -0.26740370790061974,
        "emission": 8.582719066968418e-09
    },
    "ExtraTrees": {
        "MSE": 304.4446466813569,
        "MAE": 9.837697091640768,
        "R2": -0.02170628139812436,
        "emission": 1.0574576119823762e-06
    },
    "RandomForest": {
        "MSE": 263.60053794445247,
        "MAE": 9.5237858185078,
        "R2": 0.11536521225267438,
        "emission": 8.54391874618292e-07
    },
    "KNeighbors": {
        "MSE": 273.9403286384977,
        "MAE": 8.171361502347418,
        "R2": 0.08066521271054161,
        "emission": 8.583190018473751e-09
    },
    "PLS": {
        "MSE": 240.49845479793785,
        "MAE": 9.346006684350627,
        "R2": 0.19289504804210145,
        "emission": 5.812970955442178e-07
    },
    "PLS-SKLEARN": {
        "MSE": 242.2752138654838,
        "MAE": 9.572826214185211,
        "R2": 0.1869323026969919,
        "emission": 4.670086962114357e-08
    },
    "XGBoost": {
        "MSE": 260.0439926982786,
        "MAE": 9.564613617274542,
        "R2": 0.1273008618287227,
        "emission": 3.3180782256445524e-06
    },
    "CatBoost": {
        "MSE": 240.64795127626013,
        "MAE": 8.905359183591564,
        "R2": 0.19239334274817121,
        "emission": 2.713594273316717e-06
    },
    "DNN": {
        "MSE": 253.70815938398363,
        "MAE": 10.380476365423819,
        "R2": 0.14856371130126378,
        "emission": 1.6541961000393913e-05
    }
}