{
    "Linear-SVR": {
        "MSE": 201.6172592109975,
        "MAE": 8.375586970180516,
        "R2": 0.25500923100390305,
        "emission": 2.1755373177479245e-08
    },
    "RBF-SVR": {
        "MSE": 322.64984392746163,
        "MAE": 8.228218526546284,
        "R2": -0.19221517187889092,
        "emission": 3.055523980497797e-08
    },
    "DecisionTree": {
        "MSE": 315.4810689209408,
        "MAE": 9.94847959552185,
        "R2": -0.16572601501916595,
        "emission": 6.494132401556861e-09
    },
    "ExtraTrees": {
        "MSE": 274.7178543809444,
        "MAE": 9.79588307732789,
        "R2": -0.015102905342212702,
        "emission": 1.063862974346941e-06
    },
    "RandomForest": {
        "MSE": 232.8053248082043,
        "MAE": 9.661918342754634,
        "R2": 0.1397670088663232,
        "emission": 8.393731109351707e-07
    },
    "KNeighbors": {
        "MSE": 255.36763192488266,
        "MAE": 8.83830985915493,
        "R2": 0.05639760589477705,
        "emission": 9.060463580533032e-09
    },
    "PLS": {
        "MSE": 188.45290399443846,
        "MAE": 8.869383945268302,
        "R2": 0.303652502688588,
        "emission": 5.846622294710764e-07
    },
    "PLS-SKLEARN": {
        "MSE": 184.70674928070432,
        "MAE": 8.77418036249144,
        "R2": 0.31749482299333176,
        "emission": 5.248634266424169e-08
    },
    "XGBoost": {
        "MSE": 217.19026129934568,
        "MAE": 10.193582257383587,
        "R2": 0.19746582997376216,
        "emission": 3.3712768690839364e-06
    },
    "CatBoost": {
        "MSE": 189.5096568906725,
        "MAE": 8.530963523684136,
        "R2": 0.29974772213614365,
        "emission": 2.75627232967086e-06
    },
    "DNN": {
        "MSE": 192.57441835314057,
        "MAE": 9.957666593874004,
        "R2": 0.28842320057658677,
        "emission": 1.615116923360863e-05
    }
}