{
    "Linear-SVR": {
        "MSE": 355.3099446846359,
        "MAE": 10.443431280417967,
        "R2": -0.049071038404104206,
        "emission": 2.1394580817184736e-08
    },
    "RBF-SVR": {
        "MSE": 394.9376727076897,
        "MAE": 8.349046100208806,
        "R2": -0.16607396052506807,
        "emission": 3.20940910123596e-08
    },
    "DecisionTree": {
        "MSE": 412.5406226961638,
        "MAE": 12.560018443997315,
        "R2": -0.21804758327231366,
        "emission": 9.113371872822402e-09
    },
    "ExtraTrees": {
        "MSE": 334.42949165204993,
        "MAE": 11.912646753186063,
        "R2": 0.0125795820554091,
        "emission": 1.0659049913760827e-06
    },
    "RandomForest": {
        "MSE": 319.494512120697,
        "MAE": 12.001056066434423,
        "R2": 0.05667588366443632,
        "emission": 8.313675969930534e-07
    },
    "KNeighbors": {
        "MSE": 364.7521596244131,
        "MAE": 11.239906103286385,
        "R2": -0.07694966769633726,
        "emission": 1.0200245083651075e-08
    },
    "PLS": {
        "MSE": 341.04884352897466,
        "MAE": 11.633868013640148,
        "R2": -0.006964397647301057,
        "emission": 5.930873503248205e-07
    },
    "PLS-SKLEARN": {
        "MSE": 341.0488435289748,
        "MAE": 11.633868013640145,
        "R2": -0.006964397647301501,
        "emission": 4.926507609469282e-08
    },
    "XGBoost": {
        "MSE": 338.11598057439045,
        "MAE": 12.377834556500117,
        "R2": 0.0016950323272623136,
        "emission": 3.3046510679465512e-06
    },
    "CatBoost": {
        "MSE": 334.08479881656365,
        "MAE": 11.832061256398754,
        "R2": 0.013597305528291415,
        "emission": 2.715070893941985e-06
    },
    "DNN": {
        "MSE": 329.25639313073646,
        "MAE": 12.044837787789358,
        "R2": 0.027853423721557413,
        "emission": 1.6342401013162693e-05
    }
}