{
    "Linear-SVR": {
        "MSE": 502.4879320928263,
        "MAE": 14.38586158903369,
        "R2": 0.05943462489003182,
        "emission": 2.2427970703223622e-08
    },
    "RBF-SVR": {
        "MSE": 674.966220389496,
        "MAE": 14.287058735321475,
        "R2": -0.26341314033771823,
        "emission": 3.12059006578794e-08
    },
    "DecisionTree": {
        "MSE": 711.231784300847,
        "MAE": 17.512255537313862,
        "R2": -0.33129563371778437,
        "emission": 7.199665055819267e-09
    },
    "ExtraTrees": {
        "MSE": 572.4271217252491,
        "MAE": 16.480971437712768,
        "R2": -0.07147872830738322,
        "emission": 1.0736082959593837e-06
    },
    "RandomForest": {
        "MSE": 513.061068119914,
        "MAE": 15.91803300179313,
        "R2": 0.03964365078247989,
        "emission": 8.422375642738076e-07
    },
    "KNeighbors": {
        "MSE": 513.0749633802816,
        "MAE": 14.269483568075119,
        "R2": 0.03961764140007451,
        "emission": 1.4914383928579e-08
    },
    "PLS": {
        "MSE": 501.8178958454174,
        "MAE": 15.613593295070828,
        "R2": 0.060688810023904916,
        "emission": 5.946624876542575e-07
    },
    "PLS-SKLEARN": {
        "MSE": 501.81789584541673,
        "MAE": 15.61359329507081,
        "R2": 0.06068881002390614,
        "emission": 5.095210570977108e-08
    },
    "XGBoost": {
        "MSE": 544.0473771262256,
        "MAE": 16.58718054638782,
        "R2": -0.018357044343489504,
        "emission": 3.298139463620597e-06
    },
    "CatBoost": {
        "MSE": 496.33291807344926,
        "MAE": 15.244492579747668,
        "R2": 0.07095568380547868,
        "emission": 2.6999775471178637e-06
    },
    "DNN": {
        "MSE": 477.48720284019987,
        "MAE": 15.774936560509909,
        "R2": 0.10623141101299771,
        "emission": 1.7905061723611515e-05
    }
}