{
    "Linear-SVR": {
        "MSE": 294.3018939192291,
        "MAE": 11.582672049311693,
        "R2": -0.056979341885841306,
        "emission": 2.198611716075212e-08
    },
    "RBF-SVR": {
        "MSE": 393.9884012136544,
        "MAE": 12.016752243660651,
        "R2": -0.41500143094476405,
        "emission": 3.140825576231729e-08
    },
    "DecisionTree": {
        "MSE": 342.44645794827136,
        "MAE": 11.658615727428778,
        "R2": -0.22988957676446575,
        "emission": 8.597903194857242e-09
    },
    "ExtraTrees": {
        "MSE": 319.87814138555626,
        "MAE": 11.93423317683882,
        "R2": -0.14883592104291354,
        "emission": 1.053804803153808e-06
    },
    "RandomForest": {
        "MSE": 276.08432901349795,
        "MAE": 10.874589924884214,
        "R2": 0.008448676630773866,
        "emission": 8.366210165802176e-07
    },
    "KNeighbors": {
        "MSE": 295.74122065727704,
        "MAE": 11.2018779342723,
        "R2": -0.06214865496120381,
        "emission": 8.214011609898057e-09
    },
    "PLS": {
        "MSE": 262.47670881045457,
        "MAE": 11.210649242837897,
        "R2": 0.05732017132388212,
        "emission": 5.939869050865405e-07
    },
    "PLS-SKLEARN": {
        "MSE": 262.4767088104543,
        "MAE": 11.210649242837894,
        "R2": 0.05732017132388312,
        "emission": 4.8099086503849807e-08
    },
    "XGBoost": {
        "MSE": 294.45891530442003,
        "MAE": 12.379848903639706,
        "R2": -0.05754328103747541,
        "emission": 3.3895009240252004e-06
    },
    "CatBoost": {
        "MSE": 259.9739933137313,
        "MAE": 10.709257289200854,
        "R2": 0.0663086237712186,
        "emission": 2.737319720716107e-06
    },
    "DNN": {
        "MSE": 253.82557850423947,
        "MAE": 11.441188381311479,
        "R2": 0.08839053208799408,
        "emission": 1.7993253854040936e-05
    }
}