{
    "Linear-SVR": {
        "MSE": 668.9587783603276,
        "MAE": 20.578717214932635,
        "R2": -0.10301801868355742,
        "emission": 2.419998919176044e-08
    },
    "RBF-SVR": {
        "MSE": 599.0611796068416,
        "MAE": 20.699042029211714,
        "R2": 0.012233194667409686,
        "emission": 3.183379976581936e-08
    },
    "DecisionTree": {
        "MSE": 568.1045208124336,
        "MAE": 19.710241565413703,
        "R2": 0.0632763284942276,
        "emission": 8.118335732212072e-09
    },
    "ExtraTrees": {
        "MSE": 530.5455162379019,
        "MAE": 19.176386352301858,
        "R2": 0.12520579283442324,
        "emission": 1.0479642389965224e-06
    },
    "RandomForest": {
        "MSE": 538.5212749975541,
        "MAE": 19.339724272094877,
        "R2": 0.11205489937259772,
        "emission": 8.391326524293954e-07
    },
    "KNeighbors": {
        "MSE": 706.1393596244133,
        "MAE": 21.781877934272305,
        "R2": -0.16432351672924517,
        "emission": 9.56978624104759e-09
    },
    "PLS": {
        "MSE": 578.9919445547507,
        "MAE": 19.597560321154834,
        "R2": 0.045324512996336885,
        "emission": 5.938824249093013e-07
    },
    "PLS-SKLEARN": {
        "MSE": 578.9919445547505,
        "MAE": 19.597560321154834,
        "R2": 0.04532451299633733,
        "emission": 5.382303505081953e-08
    },
    "XGBoost": {
        "MSE": 628.606455208034,
        "MAE": 20.223666824085612,
        "R2": -0.03648276872119438,
        "emission": 3.2430820672907603e-06
    },
    "CatBoost": {
        "MSE": 546.9924226714662,
        "MAE": 19.517060661789987,
        "R2": 0.09808717994725902,
        "emission": 2.7462719248016664e-06
    },
    "DNN": {
        "MSE": 566.7488650263233,
        "MAE": 19.699076997282358,
        "R2": 0.06551161235264036,
        "emission": 1.6975969398007067e-05
    }
}