{
    "Linear-SVR": {
        "MSE": 409.5498696030951,
        "MAE": 15.126190930593944,
        "R2": -0.2580643393353439,
        "emission": 2.115637828850818e-08
    },
    "RBF-SVR": {
        "MSE": 443.94265087923907,
        "MAE": 12.999249068191675,
        "R2": -0.3637128448421565,
        "emission": 3.164658906279581e-08
    },
    "DecisionTree": {
        "MSE": 485.31922599654183,
        "MAE": 15.702111601723232,
        "R2": -0.4908143225922432,
        "emission": 8.639389941559922e-09
    },
    "ExtraTrees": {
        "MSE": 357.0218867573831,
        "MAE": 14.294964639511713,
        "R2": -0.09670772091070057,
        "emission": 9.51271854763607e-07
    },
    "RandomForest": {
        "MSE": 302.55388754585374,
        "MAE": 13.860663985903164,
        "R2": 0.07060828265531005,
        "emission": 8.354016483446089e-07
    },
    "KNeighbors": {
        "MSE": 400.7815962441315,
        "MAE": 14.627230046948359,
        "R2": -0.23112976347734948,
        "emission": 1.001050623381508e-08
    },
    "PLS": {
        "MSE": 374.46958698592823,
        "MAE": 15.176443018685658,
        "R2": -0.15030395201735058,
        "emission": 6.037962282407986e-07
    },
    "PLS-SKLEARN": {
        "MSE": 374.4695869859285,
        "MAE": 15.176443018685662,
        "R2": -0.15030395201735125,
        "emission": 4.995108818902003e-08
    },
    "XGBoost": {
        "MSE": 387.39082841123417,
        "MAE": 14.882736031228388,
        "R2": -0.1899957069503304,
        "emission": 3.441026376127174e-06
    },
    "CatBoost": {
        "MSE": 326.75068405495864,
        "MAE": 14.24832016874179,
        "R2": -0.003719971541816358,
        "emission": 2.7563579205408583e-06
    },
    "DNN": {
        "MSE": 371.47623770735623,
        "MAE": 16.06336232977854,
        "R2": -0.14110891555891847,
        "emission": 1.6956586005901957e-05
    }
}