{
    "Linear-SVR": {
        "MSE": 278.7230975582762,
        "MAE": 9.607938784482956,
        "R2": 0.44082503442170407,
        "emission": 2.3246510827944298e-08
    },
    "RBF-SVR": {
        "MSE": 566.2211556336309,
        "MAE": 10.016369630988331,
        "R2": -0.13595427858266906,
        "emission": 3.0977139568774486e-08
    },
    "DecisionTree": {
        "MSE": 309.1215896784806,
        "MAE": 10.435022020668905,
        "R2": 0.37983950457556925,
        "emission": 1.008878531372584e-08
    },
    "ExtraTrees": {
        "MSE": 432.9746562003269,
        "MAE": 12.480281905003912,
        "R2": 0.13136517713078444,
        "emission": 1.138311143488884e-06
    },
    "RandomForest": {
        "MSE": 347.98288262094894,
        "MAE": 12.695316368905534,
        "R2": 0.3018758828527969,
        "emission": 8.902251481638413e-07
    },
    "KNeighbors": {
        "MSE": 305.2796938967136,
        "MAE": 8.988450704225354,
        "R2": 0.3875471253660414,
        "emission": 2.319646643966173e-08
    },
    "PLS": {
        "MSE": 287.66628602653896,
        "MAE": 11.153310742495051,
        "R2": 0.42288318766515576,
        "emission": 6.309757184732194e-07
    },
    "PLS-SKLEARN": {
        "MSE": 288.711849005642,
        "MAE": 11.508461973996807,
        "R2": 0.42078557663839955,
        "emission": 4.976414264472311e-08
    },
    "XGBoost": {
        "MSE": 322.83040050883614,
        "MAE": 12.362419548527525,
        "R2": 0.3523368544854357,
        "emission": 3.363406476501309e-06
    },
    "CatBoost": {
        "MSE": 270.54399462297494,
        "MAE": 10.495625813753623,
        "R2": 0.45723397089799367,
        "emission": 2.8276936780225224e-06
    },
    "DNN": {
        "MSE": 323.006238607292,
        "MAE": 13.360259069523341,
        "R2": 0.35198408765874367,
        "emission": 1.6692947461160254e-05
    }
}