{
    "Linear-SVR": {
        "MSE": 279.4963663925974,
        "MAE": 9.60768475625073,
        "R2": 0.4402474655475854,
        "emission": 2.4631443175182037e-08
    },
    "RBF-SVR": {
        "MSE": 576.1153630490226,
        "MAE": 10.459496977434217,
        "R2": -0.15379687673894704,
        "emission": 3.369187755458821e-08
    },
    "DecisionTree": {
        "MSE": 340.65974277634245,
        "MAE": 10.878714337305885,
        "R2": 0.31775444215572557,
        "emission": 6.875233994662965e-09
    },
    "ExtraTrees": {
        "MSE": 463.55868537179515,
        "MAE": 12.92257508179867,
        "R2": 0.0716224602368778,
        "emission": 1.1333267493500276e-06
    },
    "RandomForest": {
        "MSE": 359.21349141149926,
        "MAE": 12.66406176948104,
        "R2": 0.2805965071307889,
        "emission": 9.105199175298449e-07
    },
    "KNeighbors": {
        "MSE": 312.8497220657277,
        "MAE": 9.599718309859155,
        "R2": 0.37345008420237313,
        "emission": 8.547464585406272e-09
    },
    "PLS": {
        "MSE": 295.6692967153307,
        "MAE": 11.351751054902852,
        "R2": 0.40785763932366914,
        "emission": 6.125141725343526e-07
    },
    "PLS-SKLEARN": {
        "MSE": 295.66929671533074,
        "MAE": 11.351751054902854,
        "R2": 0.40785763932366903,
        "emission": 5.301206495821621e-08
    },
    "XGBoost": {
        "MSE": 318.48975412367,
        "MAE": 12.046243591337275,
        "R2": 0.36215468784508553,
        "emission": 3.4657233909153483e-06
    },
    "CatBoost": {
        "MSE": 288.0951390871372,
        "MAE": 11.207798051859692,
        "R2": 0.4230265446781242,
        "emission": 2.836610100827059e-06
    },
    "DNN": {
        "MSE": 361.7456787664411,
        "MAE": 12.808356132865512,
        "R2": 0.2755252487529749,
        "emission": 1.6722150769060685e-05
    }
}