{
    "Linear-SVR": {
        "MSE": 539.1374319107083,
        "MAE": 13.387422410971954,
        "R2": 0.18813482746663812,
        "emission": 2.271600841389085e-08
    },
    "RBF-SVR": {
        "MSE": 806.0735499225409,
        "MAE": 13.04319627402837,
        "R2": -0.21383343642670405,
        "emission": 3.185530044119112e-08
    },
    "DecisionTree": {
        "MSE": 774.9344686852216,
        "MAE": 17.279725798554107,
        "R2": -0.1669423580764744,
        "emission": 7.248198839977609e-09
    },
    "ExtraTrees": {
        "MSE": 657.3599771393338,
        "MAE": 16.37583222337426,
        "R2": 0.010108295828472391,
        "emission": 1.0899701195322995e-06
    },
    "RandomForest": {
        "MSE": 589.9243089491706,
        "MAE": 16.036872863958816,
        "R2": 0.11165693101798135,
        "emission": 8.439354314364735e-07
    },
    "KNeighbors": {
        "MSE": 647.8300600938967,
        "MAE": 14.781126760563382,
        "R2": 0.024459011042035406,
        "emission": 9.409476932832957e-09
    },
    "PLS": {
        "MSE": 549.5752616014585,
        "MAE": 15.832868802136488,
        "R2": 0.1724169234570383,
        "emission": 5.826071821987048e-07
    },
    "PLS-SKLEARN": {
        "MSE": 538.5907695149972,
        "MAE": 16.212989278563814,
        "R2": 0.18895802417668406,
        "emission": 4.919885797009052e-08
    },
    "XGBoost": {
        "MSE": 518.5806390863509,
        "MAE": 15.348603630352747,
        "R2": 0.2190904672817635,
        "emission": 3.3965186986868343e-06
    },
    "CatBoost": {
        "MSE": 529.3807708184265,
        "MAE": 14.894172316645625,
        "R2": 0.20282698733571347,
        "emission": 2.748337188287493e-06
    },
    "DNN": {
        "MSE": 609.182926372023,
        "MAE": 18.30437422321296,
        "R2": 0.08265616084080052,
        "emission": 1.655446456506271e-05
    }
}