{
    "Linear-SVR": {
        "MSE": 268.28746556710973,
        "MAE": 10.395986375683695,
        "R2": 0.3791567825897646,
        "emission": 2.3814721882706318e-08
    },
    "RBF-SVR": {
        "MSE": 529.1090572919014,
        "MAE": 11.046504957219145,
        "R2": -0.22440967860956929,
        "emission": 3.050648248002549e-08
    },
    "DecisionTree": {
        "MSE": 345.5179266754471,
        "MAE": 10.192181016783678,
        "R2": 0.20043800474741158,
        "emission": 7.08303665855262e-09
    },
    "ExtraTrees": {
        "MSE": 309.31943065256206,
        "MAE": 10.55461780569111,
        "R2": 0.2842048355561285,
        "emission": 1.0705380214511026e-06
    },
    "RandomForest": {
        "MSE": 236.39397309645898,
        "MAE": 10.080335230355182,
        "R2": 0.4529614176220893,
        "emission": 8.548849172975045e-07
    },
    "KNeighbors": {
        "MSE": 357.27095962441314,
        "MAE": 10.622159624413147,
        "R2": 0.17324034653799603,
        "emission": 1.1193036315785173e-08
    },
    "PLS": {
        "MSE": 238.185212153028,
        "MAE": 10.462385416987669,
        "R2": 0.4488163167069926,
        "emission": 5.882919564899046e-07
    },
    "PLS-SKLEARN": {
        "MSE": 238.18521215302846,
        "MAE": 10.462385416987674,
        "R2": 0.4488163167069916,
        "emission": 5.008999229148306e-08
    },
    "XGBoost": {
        "MSE": 210.37170611425145,
        "MAE": 10.288682088879387,
        "R2": 0.5131794674045926,
        "emission": 3.2903389690800034e-06
    },
    "CatBoost": {
        "MSE": 223.93883541342262,
        "MAE": 9.590890431421245,
        "R2": 0.481783814285602,
        "emission": 2.7576851242152257e-06
    },
    "DNN": {
        "MSE": 247.05960149708443,
        "MAE": 11.46730386931012,
        "R2": 0.42828011900849483,
        "emission": 1.617482573614942e-05
    }
}