{
    "Linear-SVR": {
        "MSE": 473.03531182971847,
        "MAE": 12.54458405215063,
        "R2": 0.3327990970202187,
        "emission": 2.2035638920360573e-08
    },
    "RBF-SVR": {
        "MSE": 846.3639771675416,
        "MAE": 13.34448485401427,
        "R2": -0.19376882802148931,
        "emission": 2.8870810401972965e-08
    },
    "DecisionTree": {
        "MSE": 571.4882999531471,
        "MAE": 12.972908840179795,
        "R2": 0.193934363385586,
        "emission": 7.690090965593817e-09
    },
    "ExtraTrees": {
        "MSE": 521.1585791652157,
        "MAE": 13.882991646527975,
        "R2": 0.2649227955737439,
        "emission": 1.0351532500218353e-06
    },
    "RandomForest": {
        "MSE": 477.18294893277175,
        "MAE": 13.821466429320163,
        "R2": 0.32694898995382327,
        "emission": 8.308458435749521e-07
    },
    "KNeighbors": {
        "MSE": 684.1723211267606,
        "MAE": 14.128544600938968,
        "R2": 0.03499722106608871,
        "emission": 8.384365291400003e-09
    },
    "PLS": {
        "MSE": 445.50294515865227,
        "MAE": 13.821266511799084,
        "R2": 0.37163260362050066,
        "emission": 5.754896029938272e-07
    },
    "PLS-SKLEARN": {
        "MSE": 443.1156136895296,
        "MAE": 13.71909062593497,
        "R2": 0.37499985691444526,
        "emission": 5.1523767425506876e-08
    },
    "XGBoost": {
        "MSE": 487.42092533821926,
        "MAE": 15.0776767078105,
        "R2": 0.31250865763279945,
        "emission": 3.2873522007257144e-06
    },
    "CatBoost": {
        "MSE": 386.69370709724484,
        "MAE": 11.54413375584079,
        "R2": 0.4545811187881137,
        "emission": 2.7244686366269836e-06
    },
    "DNN": {
        "MSE": 415.61098983339895,
        "MAE": 14.6667964489807,
        "R2": 0.41379423317770303,
        "emission": 1.65999418593765e-05
    }
}