{
    "Linear-SVR": {
        "MSE": 599.0723803364411,
        "MAE": 16.09258948422546,
        "R2": 0.2555943647551575,
        "emission": 2.1910521000995e-08
    },
    "RBF-SVR": {
        "MSE": 883.6538434426175,
        "MAE": 17.500112929354867,
        "R2": -0.098025751571166,
        "emission": 3.262254430216752e-08
    },
    "DecisionTree": {
        "MSE": 641.2965442113291,
        "MAE": 14.762425022929726,
        "R2": 0.20312673886608545,
        "emission": 6.57495972836208e-09
    },
    "ExtraTrees": {
        "MSE": 586.0162891590259,
        "MAE": 16.498554295671685,
        "R2": 0.271817826503269,
        "emission": 1.0652645675014824e-06
    },
    "RandomForest": {
        "MSE": 520.7233220169262,
        "MAE": 15.867807061690877,
        "R2": 0.35295068169372024,
        "emission": 8.486592862856369e-07
    },
    "KNeighbors": {
        "MSE": 661.3802723004694,
        "MAE": 18.19089201877934,
        "R2": 0.17817075548744088,
        "emission": 8.292625237657837e-09
    },
    "PLS": {
        "MSE": 514.4775615509562,
        "MAE": 16.135931276722754,
        "R2": 0.36071164587745774,
        "emission": 5.83689520024947e-07
    },
    "PLS-SKLEARN": {
        "MSE": 487.26365346293926,
        "MAE": 15.751991350911146,
        "R2": 0.39452757063496025,
        "emission": 4.8041479740797774e-08
    },
    "XGBoost": {
        "MSE": 580.0229614396047,
        "MAE": 17.16908448391327,
        "R2": 0.2792651184744006,
        "emission": 3.2794160941431393e-06
    },
    "CatBoost": {
        "MSE": 438.29476657784926,
        "MAE": 14.461455848000478,
        "R2": 0.45537617014551734,
        "emission": 2.748569676387697e-06
    },
    "DNN": {
        "MSE": 543.003261577747,
        "MAE": 17.75144499747406,
        "R2": 0.32526569218932144,
        "emission": 1.9490707552165686e-05
    }
}