{
    "Linear-SVR": {
        "MSE": 931.522035689407,
        "MAE": 21.096139506682633,
        "R2": 0.1456680977124275,
        "emission": 2.2707901864961447e-08
    },
    "RBF-SVR": {
        "MSE": 1260.5015896236002,
        "MAE": 22.822909519527737,
        "R2": -0.1560507209071551,
        "emission": 3.081384891916438e-08
    },
    "DecisionTree": {
        "MSE": 1301.3614687684624,
        "MAE": 24.610401311981473,
        "R2": -0.1935247654704011,
        "emission": 7.196197644184549e-09
    },
    "ExtraTrees": {
        "MSE": 1174.3538835933516,
        "MAE": 24.802068020353563,
        "R2": -0.07704160383773084,
        "emission": 1.0941625495484892e-06
    },
    "RandomForest": {
        "MSE": 881.887396601638,
        "MAE": 21.959674469420825,
        "R2": 0.19118978588143332,
        "emission": 8.577855630856408e-07
    },
    "KNeighbors": {
        "MSE": 1087.323641314554,
        "MAE": 23.2962441314554,
        "R2": 0.0027769185309496347,
        "emission": 8.385608282647386e-09
    },
    "PLS": {
        "MSE": 937.7746170466701,
        "MAE": 22.783180261662572,
        "R2": 0.13993363355538246,
        "emission": 6.002029634680566e-07
    },
    "PLS-SKLEARN": {
        "MSE": 813.8694083171225,
        "MAE": 20.946530207262953,
        "R2": 0.2535714957009735,
        "emission": 5.049272598569207e-08
    },
    "XGBoost": {
        "MSE": 771.0769639404697,
        "MAE": 20.541399953552812,
        "R2": 0.2928179643910932,
        "emission": 3.3886116735441902e-06
    },
    "CatBoost": {
        "MSE": 788.6298996025971,
        "MAE": 20.46526542237658,
        "R2": 0.27671954444995006,
        "emission": 2.8224268598500827e-06
    },
    "DNN": {
        "MSE": 852.5639426944495,
        "MAE": 23.677672446165843,
        "R2": 0.21808336563409025,
        "emission": 1.8026902010164955e-05
    }
}