{
    "Linear-SVR": {
        "MSE": 366.28882516525067,
        "MAE": 12.019475276501058,
        "R2": 0.04011359512288226,
        "emission": 2.3353145827862713e-08
    },
    "RBF-SVR": {
        "MSE": 450.1385614001086,
        "MAE": 10.71428541500079,
        "R2": -0.17962071380139655,
        "emission": 3.032384680799535e-08
    },
    "DecisionTree": {
        "MSE": 419.49191256482936,
        "MAE": 13.048094899764564,
        "R2": -0.09930895010301977,
        "emission": 8.49411369408801e-09
    },
    "ExtraTrees": {
        "MSE": 417.211289867829,
        "MAE": 13.846891974023373,
        "R2": -0.0933324130887736,
        "emission": 9.8307642384803e-07
    },
    "RandomForest": {
        "MSE": 359.37728929334617,
        "MAE": 12.896115605497252,
        "R2": 0.058225775633080956,
        "emission": 8.26579734739834e-07
    },
    "KNeighbors": {
        "MSE": 386.3769014084507,
        "MAE": 12.429107981220655,
        "R2": -0.012528664103244935,
        "emission": 8.965142827192728e-09
    },
    "PLS": {
        "MSE": 329.3153642310695,
        "MAE": 12.545980999543943,
        "R2": 0.1370052283196207,
        "emission": 5.729982422734706e-07
    },
    "PLS-SKLEARN": {
        "MSE": 329.3153642310695,
        "MAE": 12.545980999543941,
        "R2": 0.1370052283196207,
        "emission": 5.090075305230703e-08
    },
    "XGBoost": {
        "MSE": 361.01579577372286,
        "MAE": 12.86745931490766,
        "R2": 0.05393195068740586,
        "emission": 3.3314213845657444e-06
    },
    "CatBoost": {
        "MSE": 347.7614705076973,
        "MAE": 12.226087353682068,
        "R2": 0.0886658703556823,
        "emission": 2.7164961357140244e-06
    },
    "DNN": {
        "MSE": 336.27660586899395,
        "MAE": 13.784321227991525,
        "R2": 0.11876279024826097,
        "emission": 1.702618947364991e-05
    }
}