{
    "Linear-SVR": {
        "MSE": 558.0894709559143,
        "MAE": 17.09903509207207,
        "R2": 0.286989850698395,
        "emission": 2.2357249929439588e-08
    },
    "RBF-SVR": {
        "MSE": 912.1258696923544,
        "MAE": 19.445958211750686,
        "R2": -0.16532390660811447,
        "emission": 3.018605266729648e-08
    },
    "DecisionTree": {
        "MSE": 680.20694151219,
        "MAE": 17.85729436739703,
        "R2": 0.130973655365904,
        "emission": 8.153681253048809e-09
    },
    "ExtraTrees": {
        "MSE": 739.9239036699785,
        "MAE": 19.65496084362988,
        "R2": 0.054679795116161944,
        "emission": 1.0347312878983222e-06
    },
    "RandomForest": {
        "MSE": 638.7015262494875,
        "MAE": 18.945123518595164,
        "R2": 0.18400060511751892,
        "emission": 8.253648933006287e-07
    },
    "KNeighbors": {
        "MSE": 828.4237352112675,
        "MAE": 21.200845070422535,
        "R2": -0.05838680331354751,
        "emission": 1.068334491460704e-08
    },
    "PLS": {
        "MSE": 628.6476522592462,
        "MAE": 18.453475905356832,
        "R2": 0.19684534519577734,
        "emission": 5.797376406596377e-07
    },
    "PLS-SKLEARN": {
        "MSE": 611.0673494305427,
        "MAE": 19.33951965065249,
        "R2": 0.21930578388348643,
        "emission": 4.794622425209151e-08
    },
    "XGBoost": {
        "MSE": 563.0684733450402,
        "MAE": 16.914878004411577,
        "R2": 0.2806287214859715,
        "emission": 3.2281417726514937e-06
    },
    "CatBoost": {
        "MSE": 575.8578275839269,
        "MAE": 17.29879122578204,
        "R2": 0.26428915614760284,
        "emission": 2.7233430104953256e-06
    },
    "DNN": {
        "MSE": 618.7205571209041,
        "MAE": 20.05564485290241,
        "R2": 0.20952811373931735,
        "emission": 1.7111380657410557e-05
    }
}