{
    "Linear-SVR": {
        "MSE": 258.9242191044506,
        "MAE": 10.88330009595447,
        "R2": 0.10984409748187463,
        "emission": 2.265245077016055e-08
    },
    "RBF-SVR": {
        "MSE": 328.4194692209278,
        "MAE": 11.160837594117437,
        "R2": -0.12907371137400747,
        "emission": 3.241141224258844e-08
    },
    "DecisionTree": {
        "MSE": 342.4112491236514,
        "MAE": 11.698665422486611,
        "R2": -0.1771760693157325,
        "emission": 8.536453060715704e-09
    },
    "ExtraTrees": {
        "MSE": 268.91065402841866,
        "MAE": 11.266656976608367,
        "R2": 0.075511720142166,
        "emission": 1.0989324235068505e-06
    },
    "RandomForest": {
        "MSE": 226.40042163909726,
        "MAE": 10.162120049702223,
        "R2": 0.22165770219688696,
        "emission": 8.407312285912072e-07
    },
    "KNeighbors": {
        "MSE": 288.4143192488263,
        "MAE": 10.732863849765259,
        "R2": 0.008460044649114762,
        "emission": 1.0472021128341709e-08
    },
    "PLS": {
        "MSE": 235.50223622436442,
        "MAE": 10.752485923170441,
        "R2": 0.19036656224588544,
        "emission": 5.823234135217545e-07
    },
    "PLS-SKLEARN": {
        "MSE": 235.50223622436425,
        "MAE": 10.752485923170436,
        "R2": 0.190366562245886,
        "emission": 5.004488413091679e-08
    },
    "XGBoost": {
        "MSE": 267.111046041789,
        "MAE": 11.35461802860206,
        "R2": 0.08169859473063767,
        "emission": 3.2951973526778885e-06
    },
    "CatBoost": {
        "MSE": 254.32900132788376,
        "MAE": 10.987315459508862,
        "R2": 0.12564200252650481,
        "emission": 2.790355312408931e-06
    },
    "DNN": {
        "MSE": 244.14010302178158,
        "MAE": 11.699492570939759,
        "R2": 0.16067042898542583,
        "emission": 1.6679718507945585e-05
    }
}