{
    "Linear-SVR": {
        "MSE": 332.6274327948619,
        "MAE": 10.651538278021066,
        "R2": 0.018488841739685014,
        "emission": 2.3578588674942405e-08
    },
    "RBF-SVR": {
        "MSE": 367.9738145655182,
        "MAE": 10.711301169440071,
        "R2": -0.08581063777264952,
        "emission": 3.2993629739520804e-08
    },
    "DecisionTree": {
        "MSE": 567.3430493531371,
        "MAE": 13.38570417551309,
        "R2": -0.6741058571827403,
        "emission": 8.35790533626705e-09
    },
    "ExtraTrees": {
        "MSE": 371.9764495698023,
        "MAE": 12.698589714927744,
        "R2": -0.09762154250211919,
        "emission": 1.0327627267439842e-06
    },
    "RandomForest": {
        "MSE": 324.0001688354695,
        "MAE": 11.601297711420697,
        "R2": 0.04394601997135228,
        "emission": 8.317862237261291e-07
    },
    "KNeighbors": {
        "MSE": 396.68349107981226,
        "MAE": 12.508638497652584,
        "R2": -0.17052664454351074,
        "emission": 1.0268189007393503e-08
    },
    "PLS": {
        "MSE": 344.4966076474206,
        "MAE": 12.409739176581184,
        "R2": -0.016534509940131947,
        "emission": 5.925981299510197e-07
    },
    "PLS-SKLEARN": {
        "MSE": 344.49660764742055,
        "MAE": 12.409739176581182,
        "R2": -0.016534509940131725,
        "emission": 4.882053882059835e-08
    },
    "XGBoost": {
        "MSE": 446.7840459546732,
        "MAE": 14.383879730339762,
        "R2": -0.31836247766024606,
        "emission": 3.2317108876878468e-06
    },
    "CatBoost": {
        "MSE": 398.77773877489165,
        "MAE": 12.407505611281948,
        "R2": -0.17670631368147105,
        "emission": 2.8003656767923785e-06
    },
    "DNN": {
        "MSE": 329.7375427252518,
        "MAE": 12.8459189121712,
        "R2": 0.02701627835438336,
        "emission": 1.64223853721315e-05
    }
}