{
    "Linear-SVR": {
        "MSE": 296.12097862928266,
        "MAE": 10.897549878500753,
        "R2": 0.2245592458969201,
        "emission": 2.1299562290087713e-08
    },
    "RBF-SVR": {
        "MSE": 446.2125525384485,
        "MAE": 11.382329022203384,
        "R2": -0.16847985520083797,
        "emission": 3.054138478258578e-08
    },
    "DecisionTree": {
        "MSE": 489.52235347351484,
        "MAE": 12.659681593836522,
        "R2": -0.2818935851317612,
        "emission": 7.083536629600824e-09
    },
    "ExtraTrees": {
        "MSE": 322.60088738187926,
        "MAE": 11.461806058743543,
        "R2": 0.15521731508626813,
        "emission": 1.0354567930572863e-06
    },
    "RandomForest": {
        "MSE": 311.8613284965105,
        "MAE": 11.152971907146535,
        "R2": 0.18334058983483148,
        "emission": 8.340794159545826e-07
    },
    "KNeighbors": {
        "MSE": 392.1211267605633,
        "MAE": 11.430046948356805,
        "R2": -0.02683269399708843,
        "emission": 7.2219165016736394e-09
    },
    "PLS": {
        "MSE": 295.9610459078508,
        "MAE": 11.172170397293412,
        "R2": 0.22497805563707085,
        "emission": 5.689781102397579e-07
    },
    "PLS-SKLEARN": {
        "MSE": 295.961045907851,
        "MAE": 11.172170397293417,
        "R2": 0.2249780556370703,
        "emission": 4.7771501527624005e-08
    },
    "XGBoost": {
        "MSE": 300.3287408842908,
        "MAE": 11.595817765798158,
        "R2": 0.21354053877521073,
        "emission": 3.278197584437577e-06
    },
    "CatBoost": {
        "MSE": 286.5643136159192,
        "MAE": 10.619556890625038,
        "R2": 0.24958492141297517,
        "emission": 2.723769202844679e-06
    },
    "DNN": {
        "MSE": 296.27372407783724,
        "MAE": 12.613396181746827,
        "R2": 0.22415925719513596,
        "emission": 1.638010170859688e-05
    }
}