{
    "Linear-SVR": {
        "MSE": 557.6582992548954,
        "MAE": 15.301193292337421,
        "R2": -0.03647235801251525,
        "emission": 2.3516211002219496e-08
    },
    "RBF-SVR": {
        "MSE": 679.3874372329113,
        "MAE": 15.643319947286638,
        "R2": -0.2627200205102904,
        "emission": 3.1193957150725514e-08
    },
    "DecisionTree": {
        "MSE": 546.2883265058489,
        "MAE": 15.426140490743203,
        "R2": -0.015339950440551808,
        "emission": 6.843681037105019e-09
    },
    "ExtraTrees": {
        "MSE": 510.9771022274949,
        "MAE": 15.329203631321866,
        "R2": 0.05029003828371792,
        "emission": 9.995940347825857e-07
    },
    "RandomForest": {
        "MSE": 505.17967429538606,
        "MAE": 15.274569958387962,
        "R2": 0.061065227691333934,
        "emission": 8.168993008255557e-07
    },
    "KNeighbors": {
        "MSE": 582.7827699530517,
        "MAE": 16.60704225352113,
        "R2": -0.08316908865048522,
        "emission": 1.1224039629574641e-08
    },
    "PLS": {
        "MSE": 514.3607301161575,
        "MAE": 15.257752050377425,
        "R2": 0.04400117504778145,
        "emission": 5.821496305920904e-07
    },
    "PLS-SKLEARN": {
        "MSE": 486.4942468626,
        "MAE": 15.14063180997532,
        "R2": 0.09579425271904041,
        "emission": 4.840393857278193e-08
    },
    "XGBoost": {
        "MSE": 516.3774156451899,
        "MAE": 15.979245497783024,
        "R2": 0.04025293206737801,
        "emission": 3.31959559089619e-06
    },
    "CatBoost": {
        "MSE": 499.07156810863756,
        "MAE": 14.963939177246637,
        "R2": 0.0724178485181538,
        "emission": 2.7420488297423792e-06
    },
    "DNN": {
        "MSE": 443.66577451779375,
        "MAE": 15.281447604004764,
        "R2": 0.1753959152077127,
        "emission": 1.6288092311769327e-05
    }
}