{
    "Linear-SVR": {
        "MSE": 273.9065215544722,
        "MAE": 8.788401710502251,
        "R2": 0.046673999743578,
        "emission": 2.296032521126199e-08
    },
    "RBF-SVR": {
        "MSE": 350.95902587025756,
        "MAE": 8.486145419743414,
        "R2": -0.22150565268758893,
        "emission": 2.906950741922154e-08
    },
    "DecisionTree": {
        "MSE": 409.43542653558615,
        "MAE": 10.986956316442717,
        "R2": -0.42503155940676596,
        "emission": 8.216015753104324e-09
    },
    "ExtraTrees": {
        "MSE": 286.97177156179316,
        "MAE": 10.143541992696932,
        "R2": 0.0012006665014834272,
        "emission": 1.055169324353457e-06
    },
    "RandomForest": {
        "MSE": 272.6389086876799,
        "MAE": 10.490352681194114,
        "R2": 0.0510859001879872,
        "emission": 8.426259179761012e-07
    },
    "KNeighbors": {
        "MSE": 326.1307286384977,
        "MAE": 11.262253521126759,
        "R2": -0.13509127613750738,
        "emission": 8.185699972449183e-09
    },
    "PLS": {
        "MSE": 304.0910415573842,
        "MAE": 12.215738558233362,
        "R2": -0.05838259971498361,
        "emission": 5.857007114833923e-07
    },
    "PLS-SKLEARN": {
        "MSE": 304.0910415573843,
        "MAE": 12.21573855823337,
        "R2": -0.05838259971498405,
        "emission": 5.2104185507301106e-08
    },
    "XGBoost": {
        "MSE": 339.16180935787486,
        "MAE": 12.327193718043292,
        "R2": -0.18044568387749216,
        "emission": 3.349302171600773e-06
    },
    "CatBoost": {
        "MSE": 284.1814812465379,
        "MAE": 10.331398827993368,
        "R2": 0.010912214407317267,
        "emission": 2.740618479467133e-06
    },
    "DNN": {
        "MSE": 295.3309369273703,
        "MAE": 12.583707550993548,
        "R2": -0.027893236185542847,
        "emission": 1.720507821267741e-05
    }
}