{
    "Linear-SVR": {
        "MSE": 408.40986413792217,
        "MAE": 11.559739542595052,
        "R2": 0.28800011156459004,
        "emission": 2.2134338362926404e-08
    },
    "RBF-SVR": {
        "MSE": 700.3370101957562,
        "MAE": 12.328407600689747,
        "R2": -0.2209300433502106,
        "emission": 3.031208744164809e-08
    },
    "DecisionTree": {
        "MSE": 516.4266711701387,
        "MAE": 12.883696319330124,
        "R2": 0.09968939404941479,
        "emission": 8.548440922222098e-09
    },
    "ExtraTrees": {
        "MSE": 503.69801218169147,
        "MAE": 13.612737691015383,
        "R2": 0.1218798565614716,
        "emission": 1.0403936954566572e-06
    },
    "RandomForest": {
        "MSE": 416.0938169322459,
        "MAE": 13.281079240352629,
        "R2": 0.2746043197076776,
        "emission": 8.211080622507626e-07
    },
    "KNeighbors": {
        "MSE": 583.8926253521126,
        "MAE": 12.53699530516432,
        "R2": -0.01792713794142875,
        "emission": 1.5474909944082358e-08
    },
    "PLS": {
        "MSE": 422.26971039963047,
        "MAE": 13.053764827939776,
        "R2": 0.26383759773085047,
        "emission": 5.756061243651181e-07
    },
    "PLS-SKLEARN": {
        "MSE": 397.8429672262002,
        "MAE": 13.06977090658564,
        "R2": 0.30642187382573305,
        "emission": 4.9698139643302803e-08
    },
    "XGBoost": {
        "MSE": 375.16226137745895,
        "MAE": 12.548574019793616,
        "R2": 0.3459622019420163,
        "emission": 3.3626127011888752e-06
    },
    "CatBoost": {
        "MSE": 423.56851838443094,
        "MAE": 11.971629072371414,
        "R2": 0.2615733254360837,
        "emission": 2.7207533366215587e-06
    },
    "DNN": {
        "MSE": 437.7192529594708,
        "MAE": 14.63822884901029,
        "R2": 0.23690369249277898,
        "emission": 1.7170552502333337e-05
    }
}