{
    "Linear-SVR": {
        "MSE": 554.845320889337,
        "MAE": 15.840070457116935,
        "R2": 0.12684146279442765,
        "emission": 2.191691567615658e-08
    },
    "RBF-SVR": {
        "MSE": 795.1618091214211,
        "MAE": 15.596600109101596,
        "R2": -0.2513439258734853,
        "emission": 3.152214924466466e-08
    },
    "DecisionTree": {
        "MSE": 639.6522891277564,
        "MAE": 16.7235627873826,
        "R2": -0.006619027082654494,
        "emission": 6.668605362862443e-09
    },
    "ExtraTrees": {
        "MSE": 593.973812565143,
        "MAE": 17.190451804138863,
        "R2": 0.06526506434892032,
        "emission": 9.574216586905914e-07
    },
    "RandomForest": {
        "MSE": 575.0274263170206,
        "MAE": 17.64465041379925,
        "R2": 0.09508093965489928,
        "emission": 8.104453507754128e-07
    },
    "KNeighbors": {
        "MSE": 702.9638291079813,
        "MAE": 16.964976525821594,
        "R2": -0.10625222133714995,
        "emission": 1.023077410472167e-08
    },
    "PLS": {
        "MSE": 548.3108202833569,
        "MAE": 16.719582968696187,
        "R2": 0.13712478821085394,
        "emission": 5.760395860090092e-07
    },
    "PLS-SKLEARN": {
        "MSE": 527.0696903234813,
        "MAE": 16.349734805223637,
        "R2": 0.17055189530915393,
        "emission": 5.240587369796559e-08
    },
    "XGBoost": {
        "MSE": 620.7483136181175,
        "MAE": 18.10691551310426,
        "R2": 0.023130106562212926,
        "emission": 3.2717204048938026e-06
    },
    "CatBoost": {
        "MSE": 576.4143255538719,
        "MAE": 16.765077591294634,
        "R2": 0.09289838018596541,
        "emission": 2.7322326698564914e-06
    },
    "DNN": {
        "MSE": 589.9674238791507,
        "MAE": 19.418410813416678,
        "R2": 0.07156990707325084,
        "emission": 1.6938088987557655e-05
    }
}