{
    "Linear-SVR": {
        "MSE": 342.5774075959268,
        "MAE": 14.066825286868298,
        "R2": 0.00830311979860232,
        "emission": 2.335170262562032e-08
    },
    "RBF-SVR": {
        "MSE": 349.13925108406244,
        "MAE": 13.49826504627426,
        "R2": -0.010692177530605917,
        "emission": 3.115346737592105e-08
    },
    "DecisionTree": {
        "MSE": 378.28389597003275,
        "MAE": 13.824459967351281,
        "R2": -0.09506041888902406,
        "emission": 8.395567034498235e-09
    },
    "ExtraTrees": {
        "MSE": 357.26673071239674,
        "MAE": 14.262817694927179,
        "R2": -0.034219695728263666,
        "emission": 1.0624802734239143e-06
    },
    "RandomForest": {
        "MSE": 314.9173463885396,
        "MAE": 13.456837289296779,
        "R2": 0.08837377185368456,
        "emission": 8.640869772497642e-07
    },
    "KNeighbors": {
        "MSE": 360.69511737089204,
        "MAE": 14.290140845070423,
        "R2": -0.0441442274631878,
        "emission": 9.642873739382534e-09
    },
    "PLS": {
        "MSE": 346.6566487005395,
        "MAE": 14.241484093574174,
        "R2": -0.0035055126077860876,
        "emission": 5.802100245505906e-07
    },
    "PLS-SKLEARN": {
        "MSE": 331.4581697876211,
        "MAE": 14.021669453944629,
        "R2": 0.040491212767419626,
        "emission": 4.936012551612256e-08
    },
    "XGBoost": {
        "MSE": 385.69053840114196,
        "MAE": 15.159888541553292,
        "R2": -0.11650124957089458,
        "emission": 3.288431002860361e-06
    },
    "CatBoost": {
        "MSE": 321.8998563766444,
        "MAE": 13.562959242115964,
        "R2": 0.068160724473321,
        "emission": 2.7582334346117874e-06
    },
    "DNN": {
        "MSE": 334.6626256687378,
        "MAE": 14.788488410448245,
        "R2": 0.031214918331229913,
        "emission": 1.6456723505436012e-05
    }
}