{
    "Linear-SVR": {
        "MSE": 269.01681525908594,
        "MAE": 9.681552834893145,
        "R2": 0.10909244040717714,
        "emission": 2.286156807104111e-08
    },
    "RBF-SVR": {
        "MSE": 355.0418133038447,
        "MAE": 9.093035751586822,
        "R2": -0.17579800779109722,
        "emission": 3.228262493461244e-08
    },
    "DecisionTree": {
        "MSE": 437.51086287561077,
        "MAE": 11.166481615873998,
        "R2": -0.4489121609906346,
        "emission": 9.913242710185342e-09
    },
    "ExtraTrees": {
        "MSE": 249.25366286942187,
        "MAE": 9.563824721495424,
        "R2": 0.17454240809183474,
        "emission": 1.053296781544551e-06
    },
    "RandomForest": {
        "MSE": 255.19309887217136,
        "MAE": 10.44828651336874,
        "R2": 0.15487267692848306,
        "emission": 8.419913255426098e-07
    },
    "KNeighbors": {
        "MSE": 399.79934272300466,
        "MAE": 13.08488262910798,
        "R2": -0.32402227871566724,
        "emission": 9.065088442177195e-09
    },
    "PLS": {
        "MSE": 303.586033540912,
        "MAE": 12.026609639776789,
        "R2": -0.005391027352383615,
        "emission": 5.807765636975291e-07
    },
    "PLS-SKLEARN": {
        "MSE": 306.6393538152298,
        "MAE": 12.182378542413622,
        "R2": -0.01550276000235895,
        "emission": 5.0966519803248224e-08
    },
    "XGBoost": {
        "MSE": 284.3524114538828,
        "MAE": 11.411474068718196,
        "R2": 0.05830528582857153,
        "emission": 3.3118400306579874e-06
    },
    "CatBoost": {
        "MSE": 300.77136640737706,
        "MAE": 10.996469455847235,
        "R2": 0.003930353634855943,
        "emission": 2.7526866812275975e-06
    },
    "DNN": {
        "MSE": 318.2270920044836,
        "MAE": 12.997329545972493,
        "R2": -0.05387806952137986,
        "emission": 1.6742590850110073e-05
    }
}