{
    "Linear-SVR": {
        "MSE": 473.57431649512444,
        "MAE": 14.54451388967904,
        "R2": 0.12396708387276112,
        "emission": 2.1193774547441535e-08
    },
    "RBF-SVR": {
        "MSE": 642.4773304292089,
        "MAE": 14.682220896594423,
        "R2": -0.18847511302344455,
        "emission": 3.167955451145707e-08
    },
    "DecisionTree": {
        "MSE": 619.3951956673611,
        "MAE": 15.9106445526743,
        "R2": -0.14577704194662844,
        "emission": 6.6170778350211775e-09
    },
    "ExtraTrees": {
        "MSE": 486.4866594082031,
        "MAE": 15.750739610637124,
        "R2": 0.10008141899993728,
        "emission": 1.0943065536333621e-06
    },
    "RandomForest": {
        "MSE": 494.26529332556737,
        "MAE": 16.014040329969,
        "R2": 0.08569225320955587,
        "emission": 8.349426343756253e-07
    },
    "KNeighbors": {
        "MSE": 474.27947042253516,
        "MAE": 14.28413145539906,
        "R2": 0.12266266758616862,
        "emission": 1.0543506267847653e-08
    },
    "PLS": {
        "MSE": 496.05062746214793,
        "MAE": 15.73697092537056,
        "R2": 0.0823896850265825,
        "emission": 5.832680025636013e-07
    },
    "PLS-SKLEARN": {
        "MSE": 469.69493777708817,
        "MAE": 16.07622785893985,
        "R2": 0.13114328269256825,
        "emission": 4.7906115179010976e-08
    },
    "XGBoost": {
        "MSE": 554.5060454429635,
        "MAE": 16.42904224383859,
        "R2": -0.0257430166286976,
        "emission": 3.2689697698793416e-06
    },
    "CatBoost": {
        "MSE": 465.18828830892875,
        "MAE": 15.074197855787958,
        "R2": 0.13947982700682393,
        "emission": 2.76170942831577e-06
    },
    "DNN": {
        "MSE": 487.63584389151407,
        "MAE": 16.477473661485412,
        "R2": 0.09795562079041065,
        "emission": 1.6700838701798088e-05
    }
}