{
    "Linear-SVR": {
        "MSE": 324.49352436942803,
        "MAE": 11.248621974716112,
        "R2": -0.08256427977124381,
        "emission": 2.6531949968326824e-08
    },
    "RBF-SVR": {
        "MSE": 352.2542375108591,
        "MAE": 9.972144479175924,
        "R2": -0.17517862850528854,
        "emission": 3.2682284515722984e-08
    },
    "DecisionTree": {
        "MSE": 594.9126781828991,
        "MAE": 14.332599461503317,
        "R2": -0.984727480264407,
        "emission": 6.903526763668242e-09
    },
    "ExtraTrees": {
        "MSE": 317.16532569865154,
        "MAE": 11.56502986496153,
        "R2": -0.05811619215080199,
        "emission": 1.1046575233937358e-06
    },
    "RandomForest": {
        "MSE": 288.1741988674462,
        "MAE": 11.03944260283005,
        "R2": 0.03860302096375556,
        "emission": 8.641707634749992e-07
    },
    "KNeighbors": {
        "MSE": 316.67723004694835,
        "MAE": 11.226760563380283,
        "R2": -0.05648782400794827,
        "emission": 1.0911511199241384e-08
    },
    "PLS": {
        "MSE": 318.29534201591645,
        "MAE": 11.97157174290986,
        "R2": -0.06188611422553936,
        "emission": 5.788089554998217e-07
    },
    "PLS-SKLEARN": {
        "MSE": 296.93668076911496,
        "MAE": 11.31408369686622,
        "R2": 0.009369926320889732,
        "emission": 5.00886585559452e-08
    },
    "XGBoost": {
        "MSE": 350.1032274069923,
        "MAE": 12.794180919613007,
        "R2": -0.16800250162140595,
        "emission": 3.344370675414062e-06
    },
    "CatBoost": {
        "MSE": 294.4792035940156,
        "MAE": 11.120438719856818,
        "R2": 0.01756847824356833,
        "emission": 2.7536817323309093e-06
    },
    "DNN": {
        "MSE": 289.58433852219633,
        "MAE": 11.040482263609837,
        "R2": 0.03389856092040655,
        "emission": 1.6579691896809152e-05
    }
}