{
    "Linear-SVR": {
        "MSE": 679.634698386026,
        "MAE": 16.306056318989736,
        "R2": 0.15066036537869576,
        "emission": 2.2797825867574205e-08
    },
    "RBF-SVR": {
        "MSE": 1005.8617536614993,
        "MAE": 17.96592951058597,
        "R2": -0.25702565858277815,
        "emission": 3.008641829622456e-08
    },
    "DecisionTree": {
        "MSE": 817.5481992529208,
        "MAE": 19.82160596247468,
        "R2": -0.021690167508754854,
        "emission": 6.487124297291281e-09
    },
    "ExtraTrees": {
        "MSE": 798.5974032564775,
        "MAE": 19.763867863514523,
        "R2": 0.0019926464876839356,
        "emission": 1.0092472755880347e-06
    },
    "RandomForest": {
        "MSE": 701.1226538863998,
        "MAE": 18.84673711148406,
        "R2": 0.12380686258258011,
        "emission": 8.337388647736039e-07
    },
    "KNeighbors": {
        "MSE": 817.6377877934272,
        "MAE": 18.43267605633803,
        "R2": -0.021802126327868487,
        "emission": 1.5982917177610294e-08
    },
    "PLS": {
        "MSE": 667.5900963842287,
        "MAE": 17.816302599129276,
        "R2": 0.16571250719496755,
        "emission": 5.869697032823298e-07
    },
    "PLS-SKLEARN": {
        "MSE": 678.9845411473176,
        "MAE": 18.92707034507917,
        "R2": 0.15147286702536322,
        "emission": 4.707428052823924e-08
    },
    "XGBoost": {
        "MSE": 642.5297881212023,
        "MAE": 17.6775102274711,
        "R2": 0.19703038003777895,
        "emission": 3.2503020691967965e-06
    },
    "CatBoost": {
        "MSE": 630.6224371918441,
        "MAE": 17.63178567539253,
        "R2": 0.21191099915811762,
        "emission": 2.7807763783141427e-06
    },
    "DNN": {
        "MSE": 677.9441815975745,
        "MAE": 19.979604260686415,
        "R2": 0.15277300458742704,
        "emission": 1.6474461527495778e-05
    }
}