{
    "Linear-SVR": {
        "MSE": 766.3193288983784,
        "MAE": 19.58939589680466,
        "R2": 0.014041123262911404,
        "emission": 2.5330026222457508e-08
    },
    "RBF-SVR": {
        "MSE": 976.0161237382645,
        "MAE": 21.479681617624806,
        "R2": -0.25575817384332034,
        "emission": 3.400600846449125e-08
    },
    "DecisionTree": {
        "MSE": 820.3069071063924,
        "MAE": 21.00394626171797,
        "R2": -0.05542017043073599,
        "emission": 7.440269324282222e-09
    },
    "ExtraTrees": {
        "MSE": 762.4072157161246,
        "MAE": 20.287874449914394,
        "R2": 0.019074511529899474,
        "emission": 1.0804768630863121e-06
    },
    "RandomForest": {
        "MSE": 658.2837000870443,
        "MAE": 19.7360057520437,
        "R2": 0.15304151541474953,
        "emission": 8.652236053240745e-07
    },
    "KNeighbors": {
        "MSE": 928.3143230046948,
        "MAE": 21.547887323943662,
        "R2": -0.19438426339111037,
        "emission": 8.700608278907749e-09
    },
    "PLS": {
        "MSE": 667.5476391781178,
        "MAE": 19.646168461995465,
        "R2": 0.14112238113749453,
        "emission": 5.773344217696864e-07
    },
    "PLS-SKLEARN": {
        "MSE": 667.5476391781178,
        "MAE": 19.646168461995458,
        "R2": 0.14112238113749453,
        "emission": 4.098729798367587e-08
    },
    "XGBoost": {
        "MSE": 707.8993654499172,
        "MAE": 19.454418713833807,
        "R2": 0.0892051956913974,
        "emission": 3.321828102675275e-06
    },
    "CatBoost": {
        "MSE": 681.8675676673002,
        "MAE": 18.83891229213286,
        "R2": 0.12269812890253362,
        "emission": 2.739325202086338e-06
    },
    "DNN": {
        "MSE": 645.7545735433445,
        "MAE": 19.76897868841467,
        "R2": 0.1691616928234042,
        "emission": 1.6655974914841946e-05
    }
}