{
    "Linear-SVR": {
        "MSE": 386.78402351868584,
        "MAE": 13.486664775444694,
        "R2": -0.10840627305616213,
        "emission": 2.2522356915482016e-08
    },
    "RBF-SVR": {
        "MSE": 437.44060190949045,
        "MAE": 11.431889306299295,
        "R2": -0.2535727376612249,
        "emission": 3.099148372535834e-08
    },
    "DecisionTree": {
        "MSE": 331.2428664147064,
        "MAE": 12.294237905149254,
        "R2": 0.050757919887486014,
        "emission": 7.286206654271964e-09
    },
    "ExtraTrees": {
        "MSE": 373.32028043167753,
        "MAE": 13.962004253997295,
        "R2": -0.06982324896769287,
        "emission": 1.1173130711870522e-06
    },
    "RandomForest": {
        "MSE": 347.74510800773396,
        "MAE": 13.964841599793912,
        "R2": 0.0034674761540559595,
        "emission": 8.500563412002403e-07
    },
    "KNeighbors": {
        "MSE": 365.3966197183099,
        "MAE": 14.678873239436621,
        "R2": -0.04711642886595446,
        "emission": 9.59108353683419e-09
    },
    "PLS": {
        "MSE": 383.1449074783046,
        "MAE": 14.07317206627859,
        "R2": -0.09797766483485337,
        "emission": 8.890123552682215e-07
    },
    "PLS-SKLEARN": {
        "MSE": 354.5942353197624,
        "MAE": 13.276152658961383,
        "R2": -0.016160055532877582,
        "emission": 6.237369845786828e-08
    },
    "XGBoost": {
        "MSE": 418.68713941810734,
        "MAE": 14.471415783213057,
        "R2": -0.19983097429191066,
        "emission": 4.1762304353044265e-06
    },
    "CatBoost": {
        "MSE": 332.51873937725446,
        "MAE": 13.167012655450856,
        "R2": 0.04710165305814329,
        "emission": 2.956675032547369e-06
    },
    "DNN": {
        "MSE": 335.5398576898952,
        "MAE": 14.236383780627184,
        "R2": 0.03844403980175182,
        "emission": 1.7747470749107804e-05
    }
}