{
    "Linear-SVR": {
        "MSE": 630.7622950723302,
        "MAE": 18.091563185124645,
        "R2": 0.11903812333544272,
        "emission": 2.2242451491072066e-08
    },
    "RBF-SVR": {
        "MSE": 816.6736158902559,
        "MAE": 19.06229220748631,
        "R2": -0.1406171974731123,
        "emission": 3.3689651163001793e-08
    },
    "DecisionTree": {
        "MSE": 718.3559017590084,
        "MAE": 18.56422580496121,
        "R2": -0.0033005591339403395,
        "emission": 7.270330005053038e-09
    },
    "ExtraTrees": {
        "MSE": 618.530563618191,
        "MAE": 17.693125980867634,
        "R2": 0.13612172072367867,
        "emission": 1.0805171429078156e-06
    },
    "RandomForest": {
        "MSE": 597.4201315490404,
        "MAE": 17.210822026708808,
        "R2": 0.1656058639550142,
        "emission": 8.567568017911594e-07
    },
    "KNeighbors": {
        "MSE": 725.2597615023475,
        "MAE": 18.875023474178406,
        "R2": -0.012942919311832002,
        "emission": 7.851930393147754e-09
    },
    "PLS": {
        "MSE": 605.093878192919,
        "MAE": 17.854583090623084,
        "R2": 0.15488823181807043,
        "emission": 5.995248411486957e-07
    },
    "PLS-SKLEARN": {
        "MSE": 605.0938781929191,
        "MAE": 17.854583090623084,
        "R2": 0.15488823181807032,
        "emission": 4.086831015330497e-08
    },
    "XGBoost": {
        "MSE": 614.9699777987515,
        "MAE": 18.429553705695227,
        "R2": 0.14109465647146124,
        "emission": 3.3069108907590694e-06
    },
    "CatBoost": {
        "MSE": 565.5162069017658,
        "MAE": 17.24031713866081,
        "R2": 0.2101648706518312,
        "emission": 2.7927193251881913e-06
    },
    "DNN": {
        "MSE": 583.6309060983349,
        "MAE": 18.79661064058402,
        "R2": 0.18486475438918526,
        "emission": 1.6865135573023726e-05
    }
}