{
    "Linear-SVR": {
        "MSE": 628.2007301080009,
        "MAE": 18.423465239972405,
        "R2": 0.009909315988169132,
        "emission": 2.268861154196905e-08
    },
    "RBF-SVR": {
        "MSE": 696.1265806835684,
        "MAE": 18.117230172802536,
        "R2": -0.09714683443509875,
        "emission": 3.118216815588583e-08
    },
    "DecisionTree": {
        "MSE": 744.0139440021153,
        "MAE": 19.704575820938704,
        "R2": -0.17262085098938074,
        "emission": 6.950820313405784e-09
    },
    "ExtraTrees": {
        "MSE": 741.442125402899,
        "MAE": 20.12340145251865,
        "R2": -0.16856747519082882,
        "emission": 1.0408766819799945e-06
    },
    "RandomForest": {
        "MSE": 580.0416739940963,
        "MAE": 18.074173847403234,
        "R2": 0.08581154042681705,
        "emission": 8.462605877670832e-07
    },
    "KNeighbors": {
        "MSE": 646.5153107981221,
        "MAE": 18.86469483568075,
        "R2": -0.018955813983511094,
        "emission": 1.027532993795438e-08
    },
    "PLS": {
        "MSE": 584.9217176132212,
        "MAE": 18.78624721127068,
        "R2": 0.0781202317522216,
        "emission": 5.974262748233558e-07
    },
    "PLS-SKLEARN": {
        "MSE": 584.9217176132215,
        "MAE": 18.78624721127069,
        "R2": 0.07812023175222105,
        "emission": 4.2208736766776476e-08
    },
    "XGBoost": {
        "MSE": 620.5540479276253,
        "MAE": 18.84174282624968,
        "R2": 0.02196105109055846,
        "emission": 3.422116421580136e-06
    },
    "CatBoost": {
        "MSE": 567.6493703226838,
        "MAE": 17.836310850252858,
        "R2": 0.10534272501554198,
        "emission": 2.7815744794095523e-06
    },
    "DNN": {
        "MSE": 575.4157225022867,
        "MAE": 19.303979819929097,
        "R2": 0.09310238116803027,
        "emission": 1.7108654452456207e-05
    }
}