{
    "Linear-SVR": {
        "MSE": 391.360540982295,
        "MAE": 10.160474574817233,
        "R2": 0.07065440732562189,
        "emission": 2.2474505819171018e-08
    },
    "RBF-SVR": {
        "MSE": 477.44371909389946,
        "MAE": 8.33645691261747,
        "R2": -0.13376329401091192,
        "emission": 3.059449182493732e-08
    },
    "DecisionTree": {
        "MSE": 387.43723105775496,
        "MAE": 10.532863849765258,
        "R2": 0.07997090811007856,
        "emission": 6.650980677900064e-09
    },
    "ExtraTrees": {
        "MSE": 414.6977789931956,
        "MAE": 11.398187077133889,
        "R2": 0.015236558514940213,
        "emission": 1.1303610530938374e-06
    },
    "RandomForest": {
        "MSE": 395.7108457475084,
        "MAE": 11.976839871975848,
        "R2": 0.06032394184181544,
        "emission": 8.884023183107527e-07
    },
    "KNeighbors": {
        "MSE": 425.2460093896713,
        "MAE": 12.076056338028168,
        "R2": -0.009811831404170634,
        "emission": 7.975176041198692e-09
    },
    "PLS": {
        "MSE": 383.2469638253162,
        "MAE": 12.877175740254318,
        "R2": 0.089921339941608,
        "emission": 6.059762353354412e-07
    },
    "PLS-SKLEARN": {
        "MSE": 383.2469638253163,
        "MAE": 12.877175740254318,
        "R2": 0.08992133994160789,
        "emission": 4.0503210618958404e-08
    },
    "XGBoost": {
        "MSE": 355.8402064244943,
        "MAE": 11.658055943187694,
        "R2": 0.15500288632341863,
        "emission": 3.447974058954554e-06
    },
    "CatBoost": {
        "MSE": 322.22996657607854,
        "MAE": 10.758172868513613,
        "R2": 0.23481555265266674,
        "emission": 2.786839743414152e-06
    },
    "DNN": {
        "MSE": 383.34170931760656,
        "MAE": 13.686617480197423,
        "R2": 0.08969635224748651,
        "emission": 1.645247514869308e-05
    }
}