{
    "Linear-SVR": {
        "MSE": 554.713596282812,
        "MAE": 16.21304043773938,
        "R2": 0.3128553650467092,
        "emission": 2.2784521036381542e-08
    },
    "RBF-SVR": {
        "MSE": 991.2919138843323,
        "MAE": 17.923381199430672,
        "R2": -0.227950648519744,
        "emission": 3.3365422963297765e-08
    },
    "DecisionTree": {
        "MSE": 616.1978200516882,
        "MAE": 16.842655025173666,
        "R2": 0.23669254015804164,
        "emission": 7.0169042841139394e-09
    },
    "ExtraTrees": {
        "MSE": 577.9477684067065,
        "MAE": 16.952476167505964,
        "R2": 0.2840743205049854,
        "emission": 1.0717903713107948e-06
    },
    "RandomForest": {
        "MSE": 630.8238218789164,
        "MAE": 18.40283764083381,
        "R2": 0.21857476054394143,
        "emission": 9.277768000792163e-07
    },
    "KNeighbors": {
        "MSE": 609.3607586854461,
        "MAE": 16.931455399061033,
        "R2": 0.24516186571296184,
        "emission": 9.178263081001874e-09
    },
    "PLS": {
        "MSE": 500.21350709347485,
        "MAE": 16.625208725597822,
        "R2": 0.38036667924899514,
        "emission": 6.053824670301593e-07
    },
    "PLS-SKLEARN": {
        "MSE": 565.25099048404,
        "MAE": 17.446402308881353,
        "R2": 0.29980229776968104,
        "emission": 5.3423741620102765e-08
    },
    "XGBoost": {
        "MSE": 544.8019370599523,
        "MAE": 17.528676954079682,
        "R2": 0.32513331082650043,
        "emission": 3.4975392432410234e-06
    },
    "CatBoost": {
        "MSE": 458.0733144256809,
        "MAE": 15.88211180408549,
        "R2": 0.43256732387283736,
        "emission": 2.8023660531459197e-06
    },
    "DNN": {
        "MSE": 592.0560274697757,
        "MAE": 19.24503121711838,
        "R2": 0.2665978883629172,
        "emission": 1.82709008403572e-05
    }
}