{
    "Linear-SVR": {
        "MSE": 383.2845457460806,
        "MAE": 12.823390031271197,
        "R2": -0.17627948108709646,
        "emission": 2.265142643146174e-08
    },
    "RBF-SVR": {
        "MSE": 418.05685369039145,
        "MAE": 10.603517798045075,
        "R2": -0.28299380807702823,
        "emission": 3.3111159554249046e-08
    },
    "DecisionTree": {
        "MSE": 594.7848836264817,
        "MAE": 15.35586297209568,
        "R2": -0.8253625460132743,
        "emission": 7.444864117769812e-09
    },
    "ExtraTrees": {
        "MSE": 355.01026255119336,
        "MAE": 13.297019030931883,
        "R2": -0.08950723959258888,
        "emission": 1.0792252387170715e-06
    },
    "RandomForest": {
        "MSE": 311.89378987609695,
        "MAE": 12.512788341312474,
        "R2": 0.042814876358748255,
        "emission": 8.955708391002707e-07
    },
    "KNeighbors": {
        "MSE": 366.0388657276996,
        "MAE": 12.381596244131456,
        "R2": -0.12335342453679066,
        "emission": 1.0692442215137211e-08
    },
    "PLS": {
        "MSE": 363.57043211012444,
        "MAE": 13.580419658753831,
        "R2": -0.11577793565521488,
        "emission": 6.150777203039956e-07
    },
    "PLS-SKLEARN": {
        "MSE": 363.5704321101255,
        "MAE": 13.580419658753852,
        "R2": -0.11577793565521821,
        "emission": 4.966067665329323e-08
    },
    "XGBoost": {
        "MSE": 455.92266890615105,
        "MAE": 15.433875133397994,
        "R2": -0.3992019410875385,
        "emission": 3.5564685632745036e-06
    },
    "CatBoost": {
        "MSE": 382.27161730458624,
        "MAE": 13.391322012671857,
        "R2": -0.1731708586425884,
        "emission": 2.809737872757465e-06
    },
    "DNN": {
        "MSE": 427.2278503280943,
        "MAE": 16.047809048661605,
        "R2": -0.3111390993124208,
        "emission": 1.8210156968396546e-05
    }
}