{
    "Linear-SVR": {
        "MSE": 240.90189658024497,
        "MAE": 10.180600561011127,
        "R2": -0.015615676397985778,
        "emission": 2.600345494777523e-08
    },
    "RBF-SVR": {
        "MSE": 305.1488096253172,
        "MAE": 9.48526491365789,
        "R2": -0.28647353586286006,
        "emission": 3.192786219306237e-08
    },
    "DecisionTree": {
        "MSE": 315.32071381144334,
        "MAE": 11.334128270112318,
        "R2": -0.3293571556969064,
        "emission": 6.690874445097207e-09
    },
    "ExtraTrees": {
        "MSE": 245.22822112864733,
        "MAE": 10.959970417507474,
        "R2": -0.03385498084065253,
        "emission": 1.1328689540623717e-06
    },
    "RandomForest": {
        "MSE": 233.91997161318116,
        "MAE": 10.830575424993787,
        "R2": 0.013819344864382965,
        "emission": 9.042241463115164e-07
    },
    "KNeighbors": {
        "MSE": 249.0026741784037,
        "MAE": 10.987981220657275,
        "R2": -0.04976765625574142,
        "emission": 7.819810797798514e-09
    },
    "PLS": {
        "MSE": 278.120861419324,
        "MAE": 11.982946496918082,
        "R2": -0.17252670402571058,
        "emission": 6.370653016522676e-07
    },
    "PLS-SKLEARN": {
        "MSE": 266.66644110426233,
        "MAE": 11.602608734213844,
        "R2": -0.1242361384420847,
        "emission": 5.873440988430614e-08
    },
    "XGBoost": {
        "MSE": 277.3320777077265,
        "MAE": 11.98421285314739,
        "R2": -0.16920127938539875,
        "emission": 3.508441285346197e-06
    },
    "CatBoost": {
        "MSE": 274.06069250588297,
        "MAE": 10.75367449994385,
        "R2": -0.1554094822194434,
        "emission": 2.955425477538921e-06
    },
    "DNN": {
        "MSE": 224.84723490201867,
        "MAE": 11.476504977768016,
        "R2": 0.05206899653791719,
        "emission": 1.7893874640600122e-05
    }
}