{
    "Linear-SVR": {
        "MSE": 351.54233968908767,
        "MAE": 11.161972990469748,
        "R2": 0.1353332316266267,
        "emission": 2.4489293562718688e-08
    },
    "RBF-SVR": {
        "MSE": 514.4809080111014,
        "MAE": 11.59783146256247,
        "R2": -0.2654366029229871,
        "emission": 3.21282787306686e-08
    },
    "DecisionTree": {
        "MSE": 456.7044343185796,
        "MAE": 12.677416029311377,
        "R2": -0.12332741391347657,
        "emission": 8.118309553511672e-09
    },
    "ExtraTrees": {
        "MSE": 407.295280561695,
        "MAE": 12.398684553716063,
        "R2": -0.00179879990694376,
        "emission": 1.0862020949271788e-06
    },
    "RandomForest": {
        "MSE": 368.2862912561794,
        "MAE": 11.509375381185547,
        "R2": 0.09414917822320978,
        "emission": 8.584804140380549e-07
    },
    "KNeighbors": {
        "MSE": 356.0617145539906,
        "MAE": 11.754460093896713,
        "R2": 0.12421720713023288,
        "emission": 8.25020911658601e-09
    },
    "PLS": {
        "MSE": 333.6928751859062,
        "MAE": 11.857770064075591,
        "R2": 0.17923644625167356,
        "emission": 5.979212734500803e-07
    },
    "PLS-SKLEARN": {
        "MSE": 306.17041208616286,
        "MAE": 11.38302478192168,
        "R2": 0.24693173225101517,
        "emission": 5.593563959314663e-08
    },
    "XGBoost": {
        "MSE": 380.763431446995,
        "MAE": 12.638843884647873,
        "R2": 0.06345993465478006,
        "emission": 3.4458819828723554e-06
    },
    "CatBoost": {
        "MSE": 318.8286133225213,
        "MAE": 11.159782913262728,
        "R2": 0.21579714412105622,
        "emission": 2.892282951080324e-06
    },
    "DNN": {
        "MSE": 314.97401568278747,
        "MAE": 12.855495609168155,
        "R2": 0.22527805753670904,
        "emission": 1.7372203346020624e-05
    }
}