{
    "Linear-SVR": {
        "MSE": 348.8315929431898,
        "MAE": 9.774395271941273,
        "R2": 0.19705721677151444,
        "emission": 2.4748234027757713e-08
    },
    "RBF-SVR": {
        "MSE": 520.5999692359005,
        "MAE": 10.199451760439535,
        "R2": -0.19832032620684892,
        "emission": 3.3692311259616715e-08
    },
    "DecisionTree": {
        "MSE": 540.6254908966459,
        "MAE": 12.188380295326818,
        "R2": -0.24441519955881597,
        "emission": 8.540766749020482e-09
    },
    "ExtraTrees": {
        "MSE": 443.6249989363762,
        "MAE": 11.5386207248859,
        "R2": -0.02113884912287456,
        "emission": 1.087521786348815e-06
    },
    "RandomForest": {
        "MSE": 400.1485249756416,
        "MAE": 11.23669169651415,
        "R2": 0.07893557565171372,
        "emission": 9.086726224735962e-07
    },
    "KNeighbors": {
        "MSE": 392.5396657276995,
        "MAE": 10.246197183098591,
        "R2": 0.09644969634872114,
        "emission": 9.240576367004793e-09
    },
    "PLS": {
        "MSE": 346.8792222098035,
        "MAE": 11.067663360718864,
        "R2": 0.20155119616521666,
        "emission": 6.029784075029463e-07
    },
    "PLS-SKLEARN": {
        "MSE": 346.8792222098038,
        "MAE": 11.06766336071888,
        "R2": 0.201551196165216,
        "emission": 5.720384329743339e-08
    },
    "XGBoost": {
        "MSE": 392.9699547215446,
        "MAE": 11.8609608570175,
        "R2": 0.09545925440108827,
        "emission": 3.4505487989532276e-06
    },
    "CatBoost": {
        "MSE": 383.26929945855363,
        "MAE": 10.816057961509754,
        "R2": 0.11778828449348167,
        "emission": 2.9083529839529923e-06
    },
    "DNN": {
        "MSE": 340.6058741930954,
        "MAE": 11.775659261413024,
        "R2": 0.21599122860091646,
        "emission": 1.7607893793622697e-05
    }
}