{
    "Linear-SVR": {
        "MSE": 1016.504876701685,
        "MAE": 25.227689842553165,
        "R2": 0.17722549770869822,
        "emission": 2.3925644524635946e-08
    },
    "RBF-SVR": {
        "MSE": 1319.442804186287,
        "MAE": 29.809110670243403,
        "R2": -0.06797706670993708,
        "emission": 3.139418015543738e-08
    },
    "DecisionTree": {
        "MSE": 1042.6732106937604,
        "MAE": 24.815225325709218,
        "R2": 0.15604445030833136,
        "emission": 6.354304237671204e-09
    },
    "ExtraTrees": {
        "MSE": 1111.5229384755341,
        "MAE": 26.268414150676254,
        "R2": 0.10031643384042321,
        "emission": 1.0294862211750664e-06
    },
    "RandomForest": {
        "MSE": 992.6536475326546,
        "MAE": 25.99996386791135,
        "R2": 0.19653104523569143,
        "emission": 8.973611493485682e-07
    },
    "KNeighbors": {
        "MSE": 1063.21101971831,
        "MAE": 26.277934272300474,
        "R2": 0.13942083542400607,
        "emission": 9.142502149129596e-09
    },
    "PLS": {
        "MSE": 938.3924494033374,
        "MAE": 24.514504106926275,
        "R2": 0.24045088399676073,
        "emission": 6.28787121930503e-07
    },
    "PLS-SKLEARN": {
        "MSE": 872.6614897427039,
        "MAE": 24.225578321773277,
        "R2": 0.29365452212921095,
        "emission": 4.886014632477596e-08
    },
    "XGBoost": {
        "MSE": 820.3197479550521,
        "MAE": 22.84113672193787,
        "R2": 0.3360207237436412,
        "emission": 3.2844200497943166e-06
    },
    "CatBoost": {
        "MSE": 870.1503637294823,
        "MAE": 23.432805044034083,
        "R2": 0.29568706570384007,
        "emission": 2.860719550102933e-06
    },
    "DNN": {
        "MSE": 916.436227200867,
        "MAE": 25.213818912774745,
        "R2": 0.258222584073057,
        "emission": 1.6978873452879088e-05
    }
}