{
    "Linear-SVR": {
        "MSE": 0.9578045283556101,
        "MAE": 0.7603182998560355,
        "R2": 0.41362768512768844,
        "emission": 5.369413369619125e-10
    },
    "RBF-SVR": {
        "MSE": 0.5751702667114407,
        "MAE": 0.5861988341362918,
        "R2": 0.6478781309205773,
        "emission": 6.042334972534481e-10
    },
    "DecisionTree": {
        "MSE": 0.7778842935492316,
        "MAE": 0.6461178977277513,
        "R2": 0.5237756761346972,
        "emission": 6.814573941846538e-10
    },
    "ExtraTrees": {
        "MSE": 0.6156310164663685,
        "MAE": 0.6544378355087711,
        "R2": 0.6231078747849144,
        "emission": 5.9526426306441284e-08
    },
    "RandomForest": {
        "MSE": 0.6276576469695814,
        "MAE": 0.6464979702275174,
        "R2": 0.6157451165607597,
        "emission": 9.888990247665836e-08
    },
    "KNeighbors": {
        "MSE": 0.8043210737254272,
        "MAE": 0.6673238221772158,
        "R2": 0.5075909583444189,
        "emission": 4.013629921179705e-10
    },
    "PLS": {
        "MSE": 0.9725026068615124,
        "MAE": 0.7748006548703784,
        "R2": 0.40462945421257945,
        "emission": 4.064332301795818e-09
    },
    "PLS-SKLEARN": {
        "MSE": 0.9215887787888105,
        "MAE": 0.7354435738295643,
        "R2": 0.4357991327243904,
        "emission": 2.4214779477184137e-09
    },
    "XGBoost": {
        "MSE": 0.48936027340260096,
        "MAE": 0.5484431407065063,
        "R2": 0.7004114014638552,
        "emission": 1.937141410915979e-07
    },
    "CatBoost": {
        "MSE": 0.5380011553106262,
        "MAE": 0.5844660432357066,
        "R2": 0.6706332309943478,
        "emission": 9.284782531985678e-07
    },
    "DNN": {
        "MSE": 0.7619391490385672,
        "MAE": 0.7057792027920364,
        "R2": 0.5335373665641044,
        "emission": 1.9617197455961157e-06
    }
}