{
    "Linear-SVR": {
        "MSE": 0.9373246823531577,
        "MAE": 0.7773415149554558,
        "R2": 0.14995448682377432,
        "emission": 4.2027616072841316e-10
    },
    "RBF-SVR": {
        "MSE": 0.7297539979940384,
        "MAE": 0.6814305848672926,
        "R2": 0.3381971867422521,
        "emission": 3.705616261056178e-10
    },
    "DecisionTree": {
        "MSE": 1.3586143843542458,
        "MAE": 0.8021775765692478,
        "R2": -0.23210674305264778,
        "emission": 4.840166334814903e-10
    },
    "ExtraTrees": {
        "MSE": 0.6409404964516516,
        "MAE": 0.6165288877949091,
        "R2": 0.418740801902416,
        "emission": 5.0472456182085114e-08
    },
    "RandomForest": {
        "MSE": 0.6652610271989153,
        "MAE": 0.610645531539876,
        "R2": 0.3966848820818957,
        "emission": 6.554897805643431e-08
    },
    "KNeighbors": {
        "MSE": 0.9961501429597946,
        "MAE": 0.7666847406012982,
        "R2": 0.09660657036470854,
        "emission": 3.8563163457128065e-10
    },
    "PLS": {
        "MSE": 0.9930184628643949,
        "MAE": 0.7651349076380899,
        "R2": 0.0994466434620207,
        "emission": 2.412209438629756e-09
    },
    "PLS-SKLEARN": {
        "MSE": 0.9685546559302912,
        "MAE": 0.7668782539897994,
        "R2": 0.12163249827951839,
        "emission": 1.4743099524924003e-09
    },
    "XGBoost": {
        "MSE": 0.7289116264645767,
        "MAE": 0.6591822467845281,
        "R2": 0.3389611206837424,
        "emission": 1.3830107945171143e-07
    },
    "CatBoost": {
        "MSE": 0.6519412929235775,
        "MAE": 0.6323936402313972,
        "R2": 0.4087643467227132,
        "emission": 6.326318686697138e-07
    },
    "DNN": {
        "MSE": 1.0805761285169204,
        "MAE": 0.8377469258137438,
        "R2": 0.020041926789819642,
        "emission": 1.6853703284704077e-06
    }
}