{
    "Linear-SVR": {
        "MSE": 0.7169940448769612,
        "MAE": 0.6617054131616157,
        "R2": 0.38867578259293734,
        "emission": 4.4195896618512615e-10
    },
    "RBF-SVR": {
        "MSE": 0.6868274812908404,
        "MAE": 0.6623438092181866,
        "R2": 0.4143964297976298,
        "emission": 3.626170232797471e-10
    },
    "DecisionTree": {
        "MSE": 0.7258630449104393,
        "MAE": 0.7145709125022952,
        "R2": 0.38111388644695254,
        "emission": 4.736892879311465e-10
    },
    "ExtraTrees": {
        "MSE": 0.6699429048205398,
        "MAE": 0.6706081884755951,
        "R2": 0.4287925751641195,
        "emission": 5.185439373171991e-08
    },
    "RandomForest": {
        "MSE": 0.6444415637004689,
        "MAE": 0.6617782820330945,
        "R2": 0.45053555547817936,
        "emission": 7.362148452187123e-08
    },
    "KNeighbors": {
        "MSE": 0.7174885635603747,
        "MAE": 0.689075769250261,
        "R2": 0.3882541455524473,
        "emission": 4.1705513866363985e-10
    },
    "PLS": {
        "MSE": 0.7649192541001442,
        "MAE": 0.7155260117942054,
        "R2": 0.3478137402485555,
        "emission": 2.859683471711413e-09
    },
    "PLS-SKLEARN": {
        "MSE": 0.7649192541001439,
        "MAE": 0.7155260117942055,
        "R2": 0.3478137402485556,
        "emission": 1.198016120633106e-09
    },
    "XGBoost": {
        "MSE": 0.7499756889782738,
        "MAE": 0.670154873574406,
        "R2": 0.36055493847561537,
        "emission": 1.584805900214827e-07
    },
    "CatBoost": {
        "MSE": 0.7388974218133678,
        "MAE": 0.6825753558690295,
        "R2": 0.37000050228915393,
        "emission": 7.206988098066945e-07
    },
    "DNN": {
        "MSE": 0.92390078151888,
        "MAE": 0.7977583348858857,
        "R2": 0.21226274296221648,
        "emission": 1.8552388206983397e-06
    }
}