{
    "Linear-SVR": {
        "MSE": 0.3549478035455903,
        "MAE": 0.4610186820944522,
        "R2": 0.2516567465739378,
        "emission": 4.093080502103059e-09
    },
    "RBF-SVR": {
        "MSE": 0.39564805917625806,
        "MAE": 0.4363918664797459,
        "R2": 0.165847617993109,
        "emission": 4.209651504867198e-09
    },
    "DecisionTree": {
        "MSE": 0.5651932785906415,
        "MAE": 0.5693546230322775,
        "R2": -0.19160781582562358,
        "emission": 5.442574374280662e-09
    },
    "ExtraTrees": {
        "MSE": 0.37383838673671727,
        "MAE": 0.4751641141718174,
        "R2": 0.21182936817307985,
        "emission": 2.5670910346715323e-07
    },
    "RandomForest": {
        "MSE": 0.38963306014824756,
        "MAE": 0.4880689822446135,
        "R2": 0.17852915566431726,
        "emission": 4.000274516829206e-07
    },
    "KNeighbors": {
        "MSE": 0.49709387664567417,
        "MAE": 0.5496651614440001,
        "R2": -0.04803254222537334,
        "emission": 5.923927235653764e-09
    },
    "PLS": {
        "MSE": 0.4108362326630076,
        "MAE": 0.49366928997933845,
        "R2": 0.13382610089358504,
        "emission": 6.864673669764934e-08
    },
    "PLS-SKLEARN": {
        "MSE": 0.4509872281844572,
        "MAE": 0.4923183074154869,
        "R2": 0.049174987922385616,
        "emission": 2.334971183346326e-07
    },
    "XGBoost": {
        "MSE": 0.41145208882815865,
        "MAE": 0.4909718320765026,
        "R2": 0.13252767954355005,
        "emission": 7.058724906782024e-07
    },
    "CatBoost": {
        "MSE": 0.42696641318848294,
        "MAE": 0.5043495505424304,
        "R2": 0.09981853230967774,
        "emission": 2.28830232974083e-06
    },
    "DNN": {
        "MSE": 17.951197788533708,
        "MAE": 1.4727984464608324,
        "R2": -36.84685416215175,
        "emission": 8.446215148195417e-06
    }
}