{
    "Linear-SVR": {
        "MSE": 0.40643558961847626,
        "MAE": 0.5088745474361837,
        "R2": 0.22826472126984487,
        "emission": 4.4644468582626985e-09
    },
    "RBF-SVR": {
        "MSE": 0.40384383374275595,
        "MAE": 0.4625728627978304,
        "R2": 0.23318591787328968,
        "emission": 3.2312324898989396e-09
    },
    "DecisionTree": {
        "MSE": 0.8417585062984665,
        "MAE": 0.6530148046999522,
        "R2": -0.5983214858017813,
        "emission": 3.977311309965418e-09
    },
    "ExtraTrees": {
        "MSE": 0.39216942402769833,
        "MAE": 0.47139372506961547,
        "R2": 0.2553531543692801,
        "emission": 2.4758977480284275e-07
    },
    "RandomForest": {
        "MSE": 0.43828663605243745,
        "MAE": 0.507036419248059,
        "R2": 0.16778631626443163,
        "emission": 3.8516040253408023e-07
    },
    "KNeighbors": {
        "MSE": 0.5347928171898175,
        "MAE": 0.5781856160434113,
        "R2": -0.015458523758439258,
        "emission": 3.393675675210034e-09
    },
    "PLS": {
        "MSE": 0.45588393392969145,
        "MAE": 0.5516757478483423,
        "R2": 0.13437276703527024,
        "emission": 5.492854436836098e-08
    },
    "PLS-SKLEARN": {
        "MSE": 0.49782478378371475,
        "MAE": 0.548245180510306,
        "R2": 0.054735957958935155,
        "emission": 2.3815348230373223e-07
    },
    "XGBoost": {
        "MSE": 0.4360642077609174,
        "MAE": 0.5634425782943425,
        "R2": 0.17200623784812952,
        "emission": 7.674807425768003e-07
    },
    "CatBoost": {
        "MSE": 0.35820384623537455,
        "MAE": 0.4702229731269689,
        "R2": 0.3198466074878801,
        "emission": 2.219353449123525e-06
    },
    "DNN": {
        "MSE": 0.5114891663069803,
        "MAE": 0.5596420456719909,
        "R2": 0.028790183709276773,
        "emission": 1.0206362211628714e-05
    }
}