{
    "Linear-SVR": {
        "MSE": 0.7380041627148618,
        "MAE": 0.6834412605361935,
        "R2": 0.03378811102924717,
        "emission": 3.459818168701624e-09
    },
    "RBF-SVR": {
        "MSE": 0.6751697533607445,
        "MAE": 0.587849984766176,
        "R2": 0.11605235345718568,
        "emission": 3.732482708889027e-09
    },
    "DecisionTree": {
        "MSE": 1.338465691910437,
        "MAE": 0.8910554503196252,
        "R2": -0.752349823808502,
        "emission": 4.889529201841953e-09
    },
    "ExtraTrees": {
        "MSE": 0.5934114536833638,
        "MAE": 0.6004037154150411,
        "R2": 0.2230921848853995,
        "emission": 2.6035981029689017e-07
    },
    "RandomForest": {
        "MSE": 0.610452702672789,
        "MAE": 0.6150858639654019,
        "R2": 0.2007813928758766,
        "emission": 3.8721427297195275e-07
    },
    "KNeighbors": {
        "MSE": 0.700265385646782,
        "MAE": 0.6552769464389339,
        "R2": 0.08319657905774491,
        "emission": 5.112917816499942e-09
    },
    "PLS": {
        "MSE": 0.7279484054974522,
        "MAE": 0.7092541667471735,
        "R2": 0.04695333782190214,
        "emission": 5.929162521388182e-08
    },
    "PLS-SKLEARN": {
        "MSE": 0.7645425165346693,
        "MAE": 0.7135268371957137,
        "R2": -0.0009565073209849562,
        "emission": 2.147820650281227e-07
    },
    "XGBoost": {
        "MSE": 0.7042368481425271,
        "MAE": 0.6453632408635656,
        "R2": 0.07799704974089883,
        "emission": 6.901259692013629e-07
    },
    "CatBoost": {
        "MSE": 0.5381027259262654,
        "MAE": 0.5171050220046244,
        "R2": 0.2955036332519888,
        "emission": 2.2119037013045136e-06
    },
    "DNN": {
        "MSE": 3.385525944227473,
        "MAE": 1.0707328670424736,
        "R2": -3.43240781420276,
        "emission": 8.29300376363345e-06
    }
}