{
    "Linear-SVR": {
        "MSE": 0.6495254874517689,
        "MAE": 0.6472598242151442,
        "R2": 0.19142675735057613,
        "emission": 4.686574518130985e-09
    },
    "RBF-SVR": {
        "MSE": 0.5278442768005617,
        "MAE": 0.6187365838668301,
        "R2": 0.342903755507727,
        "emission": 4.108512149195564e-09
    },
    "DecisionTree": {
        "MSE": 0.7407543950712149,
        "MAE": 0.6791966424290821,
        "R2": 0.0778588449556098,
        "emission": 6.622945606026958e-09
    },
    "ExtraTrees": {
        "MSE": 0.49785440407074155,
        "MAE": 0.5880482409075195,
        "R2": 0.38023717676410973,
        "emission": 3.2328840679777784e-07
    },
    "RandomForest": {
        "MSE": 0.48000982400744147,
        "MAE": 0.5854629409340261,
        "R2": 0.4024513165388345,
        "emission": 6.224465871333722e-07
    },
    "KNeighbors": {
        "MSE": 0.5969598364131808,
        "MAE": 0.6481509005750917,
        "R2": 0.2568640338445263,
        "emission": 5.090500077784086e-09
    },
    "PLS": {
        "MSE": 0.5301058497549864,
        "MAE": 0.6081516755098182,
        "R2": 0.34008839658405865,
        "emission": 1.0048843092370612e-07
    },
    "PLS-SKLEARN": {
        "MSE": 0.5301058497549859,
        "MAE": 0.6081516755098179,
        "R2": 0.3400883965840592,
        "emission": 5.253356573959698e-07
    },
    "XGBoost": {
        "MSE": 0.5605309473927893,
        "MAE": 0.6235784210100384,
        "R2": 0.3022131779356906,
        "emission": 7.661408627997186e-07
    },
    "CatBoost": {
        "MSE": 0.476650056172177,
        "MAE": 0.5824516108041947,
        "R2": 0.4066337827015819,
        "emission": 2.8223850939345195e-06
    },
    "DNN": {
        "MSE": 15.690576754461972,
        "MAE": 1.229931687759357,
        "R2": -18.532690818906588,
        "emission": 9.449480520090756e-06
    }
}