{
    "Linear-SVR": {
        "MSE": 0.4414578875275392,
        "MAE": 0.5389631543081053,
        "R2": 0.43429943613798294,
        "emission": 4.3097832336905443e-10
    },
    "RBF-SVR": {
        "MSE": 0.4043828488849736,
        "MAE": 0.5195143873727445,
        "R2": 0.4818087702281958,
        "emission": 4.025657558680949e-10
    },
    "DecisionTree": {
        "MSE": 0.5372428443377408,
        "MAE": 0.5989680084147003,
        "R2": 0.31155702829358856,
        "emission": 5.321046186883496e-10
    },
    "ExtraTrees": {
        "MSE": 0.35018948693396784,
        "MAE": 0.48681335026481515,
        "R2": 0.5512541607839367,
        "emission": 5.3815172417296966e-08
    },
    "RandomForest": {
        "MSE": 0.39496546250150133,
        "MAE": 0.5243609805348641,
        "R2": 0.4938765595638307,
        "emission": 7.707496466596127e-08
    },
    "KNeighbors": {
        "MSE": 0.4415518527216151,
        "MAE": 0.5463103155389885,
        "R2": 0.4341790256418202,
        "emission": 5.064251191413051e-10
    },
    "PLS": {
        "MSE": 0.4704445166384096,
        "MAE": 0.581331323617055,
        "R2": 0.3971548909938992,
        "emission": 2.9581963794298397e-09
    },
    "PLS-SKLEARN": {
        "MSE": 0.4704445166384096,
        "MAE": 0.581331323617055,
        "R2": 0.3971548909938992,
        "emission": 1.4179809868421284e-09
    },
    "XGBoost": {
        "MSE": 0.4146851591486955,
        "MAE": 0.5346301603479482,
        "R2": 0.46860700650411824,
        "emission": 1.689914042478205e-07
    },
    "CatBoost": {
        "MSE": 0.37312727527743966,
        "MAE": 0.48525778307279516,
        "R2": 0.5218608252784291,
        "emission": 7.381168062843808e-07
    },
    "DNN": {
        "MSE": 0.6419317655406245,
        "MAE": 0.6640361985662896,
        "R2": 0.17740474915714854,
        "emission": 1.8361233289647943e-06
    }
}