{
    "Linear-SVR": {
        "MSE": 0.6145863632865453,
        "MAE": 0.6419880394475415,
        "R2": 0.45809694061552697,
        "emission": 4.824737340725507e-10
    },
    "RBF-SVR": {
        "MSE": 0.8708404031711675,
        "MAE": 0.7533934454872341,
        "R2": 0.23214847106192726,
        "emission": 3.478150172810629e-10
    },
    "DecisionTree": {
        "MSE": 1.0344358303738903,
        "MAE": 0.6842182314942986,
        "R2": 0.08790045679036462,
        "emission": 4.828528094593459e-10
    },
    "ExtraTrees": {
        "MSE": 0.7322988684262692,
        "MAE": 0.7219243817473069,
        "R2": 0.3543055607972182,
        "emission": 5.337131422635e-08
    },
    "RandomForest": {
        "MSE": 0.6743247155122052,
        "MAE": 0.6863525192934358,
        "R2": 0.40542347148653646,
        "emission": 7.440911088207752e-08
    },
    "KNeighbors": {
        "MSE": 0.8492531299015059,
        "MAE": 0.7586753318963708,
        "R2": 0.2511827518846277,
        "emission": 4.2554814766056254e-10
    },
    "PLS": {
        "MSE": 0.6509065627738122,
        "MAE": 0.667719783178712,
        "R2": 0.42607210505888804,
        "emission": 2.9482057553681515e-09
    },
    "PLS-SKLEARN": {
        "MSE": 0.6509065627738122,
        "MAE": 0.667719783178712,
        "R2": 0.42607210505888804,
        "emission": 1.2300888237833516e-09
    },
    "XGBoost": {
        "MSE": 0.691879039621768,
        "MAE": 0.6658399710955957,
        "R2": 0.38994518802849076,
        "emission": 1.5001629659117304e-07
    },
    "CatBoost": {
        "MSE": 0.7059161979448488,
        "MAE": 0.6960675173560018,
        "R2": 0.377568117050762,
        "emission": 7.2504811650971e-07
    },
    "DNN": {
        "MSE": 0.9532755888210339,
        "MAE": 0.7448448575379467,
        "R2": 0.15946238172908966,
        "emission": 1.76727917690763e-06
    }
}