{
    "Linear-SVR": {
        "MSE": 0.6145863632865453,
        "MAE": 0.6419880394475415,
        "R2": 0.45809694061552697,
        "emission": 3.5462769481636894e-09
    },
    "RBF-SVR": {
        "MSE": 0.8708404031711675,
        "MAE": 0.7533934454872341,
        "R2": 0.23214847106192726,
        "emission": 3.349852142065101e-09
    },
    "DecisionTree": {
        "MSE": 1.0344358303738903,
        "MAE": 0.6842182314942986,
        "R2": 0.08790045679036462,
        "emission": 5.014537450785997e-09
    },
    "ExtraTrees": {
        "MSE": 0.7322988684262692,
        "MAE": 0.7219243817473069,
        "R2": 0.3543055607972182,
        "emission": 2.631709643236036e-07
    },
    "RandomForest": {
        "MSE": 0.6743247155122052,
        "MAE": 0.6863525192934358,
        "R2": 0.40542347148653646,
        "emission": 3.9340060175939783e-07
    },
    "KNeighbors": {
        "MSE": 0.8492531299015059,
        "MAE": 0.7586753318963708,
        "R2": 0.2511827518846277,
        "emission": 5.336398347071289e-09
    },
    "PLS": {
        "MSE": 0.6509065627738122,
        "MAE": 0.667719783178712,
        "R2": 0.42607210505888804,
        "emission": 6.043867798384328e-08
    },
    "PLS-SKLEARN": {
        "MSE": 0.6509065627738122,
        "MAE": 0.667719783178712,
        "R2": 0.42607210505888804,
        "emission": 2.731459483529014e-07
    },
    "XGBoost": {
        "MSE": 0.691879039621768,
        "MAE": 0.6658399710955957,
        "R2": 0.38994518802849076,
        "emission": 6.480906748373689e-07
    },
    "CatBoost": {
        "MSE": 0.7059161979448488,
        "MAE": 0.6960675173560018,
        "R2": 0.377568117050762,
        "emission": 2.2916706414297732e-06
    },
    "DNN": {
        "MSE": 1.0433882064930695,
        "MAE": 0.8117095688684557,
        "R2": 0.08000682247377988,
        "emission": 8.782761017333225e-06
    }
}