{
    "Linear-SVR": {
        "MSE": 0.5440105539657705,
        "MAE": 0.5469795743716904,
        "R2": -0.6313215579262372,
        "emission": 4.3266225143183473e-10
    },
    "RBF-SVR": {
        "MSE": 0.3051902434969151,
        "MAE": 0.3931226915367556,
        "R2": 0.08482763825828077,
        "emission": 4.740736123584957e-10
    },
    "DecisionTree": {
        "MSE": 0.5379351199259647,
        "MAE": 0.5458615559658077,
        "R2": -0.6131031861489908,
        "emission": 4.732343248889437e-10
    },
    "ExtraTrees": {
        "MSE": 0.28430535654057026,
        "MAE": 0.3797572598538762,
        "R2": 0.14745503781582947,
        "emission": 4.734986514277244e-08
    },
    "RandomForest": {
        "MSE": 0.2823536690354769,
        "MAE": 0.3948363085017545,
        "R2": 0.1533075527683142,
        "emission": 5.85891629867936e-08
    },
    "KNeighbors": {
        "MSE": 0.37180347351702187,
        "MAE": 0.4749696635408178,
        "R2": -0.11492510069636985,
        "emission": 3.533891873232195e-10
    },
    "PLS": {
        "MSE": 0.5404441710490525,
        "MAE": 0.5652421379947596,
        "R2": -0.6206270644215617,
        "emission": 1.7354215350333704e-09
    },
    "PLS-SKLEARN": {
        "MSE": 0.5135208855243772,
        "MAE": 0.5592695617491769,
        "R2": -0.5398923511583156,
        "emission": 1.3362494002296895e-09
    },
    "XGBoost": {
        "MSE": 0.3155401599914379,
        "MAE": 0.4291243431058332,
        "R2": 0.053791398653793454,
        "emission": 1.2224396420878792e-07
    },
    "CatBoost": {
        "MSE": 0.22692846978896883,
        "MAE": 0.362963579718955,
        "R2": 0.31951080328259496,
        "emission": 4.987967076424419e-07
    },
    "DNN": {
        "MSE": 0.5180661641949474,
        "MAE": 0.5750680515410141,
        "R2": -0.5535222541593334,
        "emission": 1.598743170343309e-06
    }
}