{
    "Linear-SVR": {
        "MSE": 0.250839611749571,
        "MAE": 0.3834796491443794,
        "R2": -0.5991868781252931,
        "emission": 5.477596925657496e-10
    },
    "RBF-SVR": {
        "MSE": 0.16036000966302147,
        "MAE": 0.30819696369296334,
        "R2": -0.022348988026560157,
        "emission": 4.355816120966276e-10
    },
    "DecisionTree": {
        "MSE": 0.25599196015766074,
        "MAE": 0.3789842085676481,
        "R2": -0.6320348318766047,
        "emission": 6.717350787474011e-10
    },
    "ExtraTrees": {
        "MSE": 0.17950570951551734,
        "MAE": 0.33320134085504655,
        "R2": -0.14440926296911671,
        "emission": 5.770574079200486e-08
    },
    "RandomForest": {
        "MSE": 0.20053361664240363,
        "MAE": 0.34974957194357575,
        "R2": -0.2784692422411561,
        "emission": 9.207653933307758e-08
    },
    "KNeighbors": {
        "MSE": 0.21960955953552191,
        "MAE": 0.38385152393125566,
        "R2": -0.40008479310956635,
        "emission": 5.408253972301735e-10
    },
    "PLS": {
        "MSE": 0.20482763012242325,
        "MAE": 0.3794505561201995,
        "R2": -0.3058450221821496,
        "emission": 3.859906155920438e-09
    },
    "PLS-SKLEARN": {
        "MSE": 0.2048276301224232,
        "MAE": 0.3794505561201995,
        "R2": -0.30584502218214915,
        "emission": 2.4271421992812324e-09
    },
    "XGBoost": {
        "MSE": 0.2353349612732741,
        "MAE": 0.37893863164632907,
        "R2": -0.5003395173808216,
        "emission": 2.033036367108213e-07
    },
    "CatBoost": {
        "MSE": 0.16198091274976553,
        "MAE": 0.3317207008825474,
        "R2": -0.03268279028751153,
        "emission": 9.392599248804224e-07
    },
    "DNN": {
        "MSE": 0.5942420764054871,
        "MAE": 0.6354557019607976,
        "R2": -2.788493070888387,
        "emission": 1.8960996054773957e-06
    }
}