{
    "Linear-SVR": {
        "MSE": 0.250839611749571,
        "MAE": 0.3834796491443794,
        "R2": -0.5991868781252931,
        "emission": 5.203975573240945e-09
    },
    "RBF-SVR": {
        "MSE": 0.16036000966302147,
        "MAE": 0.30819696369296334,
        "R2": -0.022348988026560157,
        "emission": 4.068267826113221e-09
    },
    "DecisionTree": {
        "MSE": 0.25599196015766074,
        "MAE": 0.3789842085676481,
        "R2": -0.6320348318766047,
        "emission": 4.5209594999539714e-09
    },
    "ExtraTrees": {
        "MSE": 0.17950570951551734,
        "MAE": 0.33320134085504655,
        "R2": -0.14440926296911671,
        "emission": 2.933839438940325e-07
    },
    "RandomForest": {
        "MSE": 0.20053361664240363,
        "MAE": 0.34974957194357575,
        "R2": -0.2784692422411561,
        "emission": 5.005440243214458e-07
    },
    "KNeighbors": {
        "MSE": 0.21960955953552191,
        "MAE": 0.38385152393125566,
        "R2": -0.40008479310956635,
        "emission": 2.040233184768491e-08
    },
    "PLS": {
        "MSE": 0.31648196728208855,
        "MAE": 0.45617567399022907,
        "R2": -1.0176789690859502,
        "emission": 8.230097880866343e-08
    },
    "PLS-SKLEARN": {
        "MSE": 0.29640193963152656,
        "MAE": 0.4433623201566631,
        "R2": -0.8896620402317028,
        "emission": 4.929389348702761e-07
    },
    "XGBoost": {
        "MSE": 0.2353349612732741,
        "MAE": 0.37893863164632907,
        "R2": -0.5003395173808216,
        "emission": 8.027316658686102e-07
    },
    "CatBoost": {
        "MSE": 0.16198091274976553,
        "MAE": 0.3317207008825474,
        "R2": -0.03268279028751153,
        "emission": 2.5309548613272394e-06
    },
    "DNN": {
        "MSE": 0.8140404000210639,
        "MAE": 0.7260901632538543,
        "R2": -4.189781298486548,
        "emission": 8.041378830037291e-06
    }
}