{
    "Linear-SVR": {
        "MSE": 0.3568311593933827,
        "MAE": 0.46209113671990104,
        "R2": -0.1684483909808565,
        "emission": 6.26487243191496e-10
    },
    "RBF-SVR": {
        "MSE": 0.3563554089290986,
        "MAE": 0.4680611352127487,
        "R2": -0.16689053973982082,
        "emission": 6.211938726677508e-10
    },
    "DecisionTree": {
        "MSE": 0.5175651931422728,
        "MAE": 0.5063974430449764,
        "R2": -0.694774128422148,
        "emission": 6.465709559389719e-10
    },
    "ExtraTrees": {
        "MSE": 0.3575060085419225,
        "MAE": 0.4835474104445282,
        "R2": -0.1706581935191398,
        "emission": 6.139462489777844e-08
    },
    "RandomForest": {
        "MSE": 0.36100062852113174,
        "MAE": 0.4926752403807654,
        "R2": -0.18210137325360654,
        "emission": 1.0573259711897108e-07
    },
    "KNeighbors": {
        "MSE": 0.5153469527340858,
        "MAE": 0.5886356190082875,
        "R2": -0.6875104706178212,
        "emission": 3.8469324408581635e-10
    },
    "PLS": {
        "MSE": 0.3859478740464501,
        "MAE": 0.5055847658938394,
        "R2": -0.2637914614819361,
        "emission": 4.4237869748232265e-09
    },
    "PLS-SKLEARN": {
        "MSE": 0.35756325818308526,
        "MAE": 0.49507851663116526,
        "R2": -0.17084565823274445,
        "emission": 2.31477512884952e-09
    },
    "XGBoost": {
        "MSE": 0.4030678985478919,
        "MAE": 0.5024076820458167,
        "R2": -0.3198512100651858,
        "emission": 1.8937933591870863e-07
    },
    "CatBoost": {
        "MSE": 0.35165094974628275,
        "MAE": 0.4685539380588143,
        "R2": -0.15148572539585725,
        "emission": 1.0093153367574664e-06
    },
    "DNN": {
        "MSE": 0.6430399741992203,
        "MAE": 0.6384595733467163,
        "R2": -1.1056429726225976,
        "emission": 2.0824281168588292e-06
    }
}