{
    "Linear-SVR": {
        "MSE": 0.7182274212532568,
        "MAE": 0.731250275240356,
        "R2": -0.14456254576727434,
        "emission": 3.764026306248956e-10
    },
    "RBF-SVR": {
        "MSE": 0.33044522254432046,
        "MAE": 0.4779845259501186,
        "R2": 0.4734046432089688,
        "emission": 3.6942998672662943e-10
    },
    "DecisionTree": {
        "MSE": 1.0016892782820324,
        "MAE": 0.6735527782629873,
        "R2": -0.5962855169435206,
        "emission": 4.95190956467264e-10
    },
    "ExtraTrees": {
        "MSE": 0.18917345816835843,
        "MAE": 0.3323159863919905,
        "R2": 0.6985344078133893,
        "emission": 4.897884986942501e-08
    },
    "RandomForest": {
        "MSE": 0.18223751824372392,
        "MAE": 0.3331639112119129,
        "R2": 0.709587476552503,
        "emission": 6.187549409532972e-08
    },
    "KNeighbors": {
        "MSE": 0.7357801566240844,
        "MAE": 0.6595990848443901,
        "R2": -0.17253447065724536,
        "emission": 3.9762624957031156e-10
    },
    "PLS": {
        "MSE": 0.4510860834542422,
        "MAE": 0.5850352064249799,
        "R2": 0.2811521521446846,
        "emission": 2.0386660951526273e-09
    },
    "PLS-SKLEARN": {
        "MSE": 0.4510860834542421,
        "MAE": 0.5850352064249799,
        "R2": 0.2811521521446847,
        "emission": 1.3330193392274575e-09
    },
    "XGBoost": {
        "MSE": 0.30644770415090766,
        "MAE": 0.4377383120843589,
        "R2": 0.5116469323943833,
        "emission": 1.2639337331818217e-07
    },
    "CatBoost": {
        "MSE": 0.2121203167214674,
        "MAE": 0.3750535904446926,
        "R2": 0.6619664433139569,
        "emission": 5.83343374495094e-07
    },
    "DNN": {
        "MSE": 0.7376368312279845,
        "MAE": 0.7125651137961609,
        "R2": -0.17549325522661396,
        "emission": 1.6463217271462197e-06
    }
}