{
    "Linear-SVR": {
        "MSE": 0.5275900258878257,
        "MAE": 0.48485208737087293,
        "R2": -0.08896971615369709,
        "emission": 5.391111891992678e-10
    },
    "RBF-SVR": {
        "MSE": 0.43829258352797146,
        "MAE": 0.44594427628978534,
        "R2": 0.0953442505408455,
        "emission": 5.692577490852e-10
    },
    "DecisionTree": {
        "MSE": 0.7083566606098078,
        "MAE": 0.6375010206210221,
        "R2": -0.4620802399396593,
        "emission": 6.066870415548662e-10
    },
    "ExtraTrees": {
        "MSE": 0.4769320419671139,
        "MAE": 0.4980540721149078,
        "R2": 0.01559065774310786,
        "emission": 5.877205296626212e-08
    },
    "RandomForest": {
        "MSE": 0.46987317803665885,
        "MAE": 0.5090694461459023,
        "R2": 0.03016047270081057,
        "emission": 9.579870614395455e-08
    },
    "KNeighbors": {
        "MSE": 0.4999527322354258,
        "MAE": 0.5151156001406632,
        "R2": -0.03192508993419163,
        "emission": 4.127378051022288e-10
    },
    "PLS": {
        "MSE": 0.559487051942901,
        "MAE": 0.5613179461611483,
        "R2": -0.154806623041561,
        "emission": 3.813141351615949e-09
    },
    "PLS-SKLEARN": {
        "MSE": 0.5597493544293927,
        "MAE": 0.5463683277471858,
        "R2": -0.1553480272574208,
        "emission": 2.261626913978163e-09
    },
    "XGBoost": {
        "MSE": 0.46680623593468046,
        "MAE": 0.49316209196523464,
        "R2": 0.036490780148588864,
        "emission": 1.849288837713077e-07
    },
    "CatBoost": {
        "MSE": 0.4070916788125576,
        "MAE": 0.4754164167517502,
        "R2": 0.15974433144553424,
        "emission": 9.043842993479453e-07
    },
    "DNN": {
        "MSE": 0.8110374366789194,
        "MAE": 0.6785565739336987,
        "R2": -0.6740180137485137,
        "emission": 1.8131298684418202e-06
    }
}