{
    "Linear-SVR": {
        "MSE": 0.8551084515009082,
        "MAE": 0.6615958113840544,
        "R2": -0.5228612771746222,
        "emission": 4.55982411736866e-09
    },
    "RBF-SVR": {
        "MSE": 0.5912792039968265,
        "MAE": 0.5871398369450479,
        "R2": -0.05300819116561484,
        "emission": 4.107556694828496e-09
    },
    "DecisionTree": {
        "MSE": 1.0277693758866764,
        "MAE": 0.7618485425071316,
        "R2": -0.8303528419775954,
        "emission": 4.716329683671895e-09
    },
    "ExtraTrees": {
        "MSE": 0.6456354621671516,
        "MAE": 0.6110780958035026,
        "R2": -0.14981116462986055,
        "emission": 3.1311079401824673e-07
    },
    "RandomForest": {
        "MSE": 0.552941967273191,
        "MAE": 0.5692943251370272,
        "R2": 0.01526653255840793,
        "emission": 6.047991108391065e-07
    },
    "KNeighbors": {
        "MSE": 0.7065310839721852,
        "MAE": 0.6930070375433754,
        "R2": -0.25826008035930315,
        "emission": 5.755750294415288e-09
    },
    "PLS": {
        "MSE": 1.6183422042795088,
        "MAE": 0.9813717513084239,
        "R2": -1.8821030499568958,
        "emission": 1.02572012386366e-07
    },
    "PLS-SKLEARN": {
        "MSE": 1.4866782365983813,
        "MAE": 0.9486083770205477,
        "R2": -1.6476228999492246,
        "emission": 5.632493939776846e-07
    },
    "XGBoost": {
        "MSE": 0.5868536150163072,
        "MAE": 0.5947411076290795,
        "R2": -0.04512666681008515,
        "emission": 8.977070416142737e-07
    },
    "CatBoost": {
        "MSE": 0.5498508769875723,
        "MAE": 0.5796587873891523,
        "R2": 0.02077145031703509,
        "emission": 2.5743612149323927e-06
    },
    "DNN": {
        "MSE": 0.9427441684296406,
        "MAE": 0.7040511841289687,
        "R2": -0.6789315856529863,
        "emission": 9.996160464726605e-06
    }
}