{
    "Linear-SVR": {
        "MSE": 1.6364373097143141,
        "MAE": 0.8282533641904253,
        "R2": -2.0761558029631284,
        "emission": 4.998359521074442e-10
    },
    "RBF-SVR": {
        "MSE": 0.5563978467479297,
        "MAE": 0.6058944429792318,
        "R2": -0.04591019458523293,
        "emission": 5.279381073945366e-10
    },
    "DecisionTree": {
        "MSE": 1.0937873816045764,
        "MAE": 0.80161615521581,
        "R2": -1.0560887857770482,
        "emission": 6.311077644842945e-10
    },
    "ExtraTrees": {
        "MSE": 0.5013764009677104,
        "MAE": 0.5744916922079555,
        "R2": 0.057518478618136415,
        "emission": 6.044846841048335e-08
    },
    "RandomForest": {
        "MSE": 0.4982015163252473,
        "MAE": 0.5725926107186898,
        "R2": 0.06348658980618826,
        "emission": 9.752220460848249e-08
    },
    "KNeighbors": {
        "MSE": 0.4507570601880861,
        "MAE": 0.5703210058884238,
        "R2": 0.1526721260918631,
        "emission": 5.283102122294566e-10
    },
    "PLS": {
        "MSE": 0.7116408824164594,
        "MAE": 0.648462502091701,
        "R2": -0.3377342456542771,
        "emission": 4.3071717203082314e-09
    },
    "PLS-SKLEARN": {
        "MSE": 0.7116408824164595,
        "MAE": 0.648462502091701,
        "R2": -0.33773424565427734,
        "emission": 2.5014683175061597e-09
    },
    "XGBoost": {
        "MSE": 0.49098064178500606,
        "MAE": 0.5828177974991339,
        "R2": 0.07706030569959443,
        "emission": 1.9722573004045143e-07
    },
    "CatBoost": {
        "MSE": 0.479643676921263,
        "MAE": 0.5695643525302723,
        "R2": 0.09837140026250224,
        "emission": 9.582695829342593e-07
    },
    "DNN": {
        "MSE": 1.1343513476638938,
        "MAE": 0.8532736003837232,
        "R2": -1.132340456918885,
        "emission": 1.954487527482745e-06
    }
}