{
    "Linear-SVR": {
        "MSE": 0.7080213632703103,
        "MAE": 0.6228505633797977,
        "R2": 0.1762215208794775,
        "emission": 6.197091586520216e-10
    },
    "RBF-SVR": {
        "MSE": 0.44108435395199924,
        "MAE": 0.49958088446340565,
        "R2": 0.48680108099547104,
        "emission": 6.595904866479325e-10
    },
    "DecisionTree": {
        "MSE": 0.8468347161741295,
        "MAE": 0.661260970649054,
        "R2": 0.014713042931092213,
        "emission": 7.063476184002459e-10
    },
    "ExtraTrees": {
        "MSE": 0.42159926207553333,
        "MAE": 0.5178068899924815,
        "R2": 0.5094718649353486,
        "emission": 6.310888471915232e-08
    },
    "RandomForest": {
        "MSE": 0.5573306484562216,
        "MAE": 0.5701461789317525,
        "R2": 0.3515492359836635,
        "emission": 1.089587941968789e-07
    },
    "KNeighbors": {
        "MSE": 0.6552826083880445,
        "MAE": 0.608217142292133,
        "R2": 0.23758273614980874,
        "emission": 3.9191216653754737e-10
    },
    "PLS": {
        "MSE": 0.5891515787708462,
        "MAE": 0.6237974811968551,
        "R2": 0.3145257802821245,
        "emission": 5.0003842959867705e-09
    },
    "PLS-SKLEARN": {
        "MSE": 0.7093695936670641,
        "MAE": 0.6678971302554995,
        "R2": 0.17465286314772221,
        "emission": 2.4458565850067763e-09
    },
    "XGBoost": {
        "MSE": 0.41294139285235404,
        "MAE": 0.48848826492607034,
        "R2": 0.5195452422528802,
        "emission": 2.1610467939797733e-07
    },
    "CatBoost": {
        "MSE": 0.41213023106552654,
        "MAE": 0.48843722403038736,
        "R2": 0.5204890239771872,
        "emission": 1.00874161470938e-06
    },
    "DNN": {
        "MSE": 0.4375742824148539,
        "MAE": 0.4939111721287683,
        "R2": 0.49088502752939767,
        "emission": 2.0657022777554637e-06
    }
}