{
    "Linear-SVR": {
        "MSE": 0.7080213632703103,
        "MAE": 0.6228505633797977,
        "R2": 0.1762215208794775,
        "emission": 3.9982690179059715e-09
    },
    "RBF-SVR": {
        "MSE": 0.44108435395199924,
        "MAE": 0.49958088446340565,
        "R2": 0.48680108099547104,
        "emission": 5.796755204011594e-09
    },
    "DecisionTree": {
        "MSE": 0.8468347161741295,
        "MAE": 0.661260970649054,
        "R2": 0.014713042931092213,
        "emission": 5.807369606303272e-09
    },
    "ExtraTrees": {
        "MSE": 0.42159926207553333,
        "MAE": 0.5178068899924815,
        "R2": 0.5094718649353486,
        "emission": 3.102313658998441e-07
    },
    "RandomForest": {
        "MSE": 0.5573306484562216,
        "MAE": 0.5701461789317525,
        "R2": 0.3515492359836635,
        "emission": 5.92518460901482e-07
    },
    "KNeighbors": {
        "MSE": 0.6552826083880445,
        "MAE": 0.608217142292133,
        "R2": 0.23758273614980874,
        "emission": 5.650991560874255e-09
    },
    "PLS": {
        "MSE": 0.7069293775473997,
        "MAE": 0.6409821307715662,
        "R2": 0.17749203951734116,
        "emission": 1.0420650367122525e-07
    },
    "PLS-SKLEARN": {
        "MSE": 0.7540093356367887,
        "MAE": 0.6764607883567051,
        "R2": 0.12271479933238938,
        "emission": 5.312381705852141e-07
    },
    "XGBoost": {
        "MSE": 0.41294139285235404,
        "MAE": 0.48848826492607034,
        "R2": 0.5195452422528802,
        "emission": 8.458422118376557e-07
    },
    "CatBoost": {
        "MSE": 0.41213023106552654,
        "MAE": 0.48843722403038736,
        "R2": 0.5204890239771872,
        "emission": 2.6129214726736012e-06
    },
    "DNN": {
        "MSE": 0.45707668580866606,
        "MAE": 0.4957236578121962,
        "R2": 0.468194101746109,
        "emission": 9.739236521508494e-06
    }
}