{
    "Linear-SVR": {
        "MSE": 0.6085539071650782,
        "MAE": 0.6120650692315832,
        "R2": -0.08235367347566802,
        "emission": 9.186497559273694e-10
    },
    "RBF-SVR": {
        "MSE": 0.507483778258293,
        "MAE": 0.5607558177506158,
        "R2": 0.09740628535940654,
        "emission": 9.149394829927565e-10
    },
    "DecisionTree": {
        "MSE": 0.6630836324218425,
        "MAE": 0.6768896241642827,
        "R2": -0.17933842330698857,
        "emission": 9.422011306791062e-10
    },
    "ExtraTrees": {
        "MSE": 0.46325977426373205,
        "MAE": 0.5248162657766906,
        "R2": 0.1760616232279899,
        "emission": 7.211253659461622e-08
    },
    "RandomForest": {
        "MSE": 0.4595670819982504,
        "MAE": 0.5309755697645058,
        "R2": 0.18262932247616026,
        "emission": 1.5444686680863707e-07
    },
    "KNeighbors": {
        "MSE": 0.5660205771320487,
        "MAE": 0.5910803196432182,
        "R2": -0.006705311901818778,
        "emission": 4.355272889575264e-10
    },
    "PLS": {
        "MSE": 0.6388137674456257,
        "MAE": 0.6424829383835877,
        "R2": -0.1361728512804481,
        "emission": 7.141899968717859e-09
    },
    "PLS-SKLEARN": {
        "MSE": 0.5843897264928474,
        "MAE": 0.6069642464417864,
        "R2": -0.03937606802579596,
        "emission": 2.878181505879059e-09
    },
    "XGBoost": {
        "MSE": 0.4745566576869728,
        "MAE": 0.5191585384746767,
        "R2": 0.15596936331804856,
        "emission": 2.8755125208347684e-07
    },
    "CatBoost": {
        "MSE": 0.4508918439830909,
        "MAE": 0.5189258124310495,
        "R2": 0.1980588113405487,
        "emission": 1.4261776736446617e-06
    },
    "DNN": {
        "MSE": 0.5963087765772814,
        "MAE": 0.6210617565167343,
        "R2": -0.06057489279930639,
        "emission": 2.5229742856957084e-06
    }
}