{
    "Linear-SVR": {
        "MSE": 0.8352303097224402,
        "MAE": 0.7258579458126547,
        "R2": 0.25942419530214134,
        "emission": 5.440177212361676e-10
    },
    "RBF-SVR": {
        "MSE": 0.5616521644768411,
        "MAE": 0.5677985971601789,
        "R2": 0.5019984322576179,
        "emission": 4.494360252468991e-10
    },
    "DecisionTree": {
        "MSE": 1.0327497837550157,
        "MAE": 0.7062828301352125,
        "R2": 0.08428909577039312,
        "emission": 6.304069198863186e-10
    },
    "ExtraTrees": {
        "MSE": 0.5783286740518334,
        "MAE": 0.5741454757699661,
        "R2": 0.48721182866542334,
        "emission": 5.804689386342908e-08
    },
    "RandomForest": {
        "MSE": 0.5718083526362693,
        "MAE": 0.5722915890735533,
        "R2": 0.4929932188077719,
        "emission": 9.266078020413198e-08
    },
    "KNeighbors": {
        "MSE": 0.6435334459473522,
        "MAE": 0.6589826084168393,
        "R2": 0.42939654603671773,
        "emission": 4.373934144537908e-10
    },
    "PLS": {
        "MSE": 0.7220763640252558,
        "MAE": 0.6368666318606441,
        "R2": 0.35975469506247426,
        "emission": 3.839406187213335e-09
    },
    "PLS-SKLEARN": {
        "MSE": 0.7220763640252561,
        "MAE": 0.6368666318606441,
        "R2": 0.35975469506247393,
        "emission": 2.2524296814754008e-09
    },
    "XGBoost": {
        "MSE": 0.5993319566328402,
        "MAE": 0.6213053938399125,
        "R2": 0.46858879413510957,
        "emission": 1.8308408586261903e-07
    },
    "CatBoost": {
        "MSE": 0.581294104145656,
        "MAE": 0.6221153173747577,
        "R2": 0.48458246314498654,
        "emission": 8.774539120834961e-07
    },
    "DNN": {
        "MSE": 0.7241716308489529,
        "MAE": 0.711972515239595,
        "R2": 0.35789687944449,
        "emission": 1.9060403077144274e-06
    }
}