{
    "Linear-SVR": {
        "MSE": 0.7519181574682154,
        "MAE": 0.6987057712174526,
        "R2": 0.4464434290601713,
        "emission": 6.065992751778649e-10
    },
    "RBF-SVR": {
        "MSE": 0.6126317444211605,
        "MAE": 0.612940111015116,
        "R2": 0.5489850533300913,
        "emission": 6.783466345289025e-10
    },
    "DecisionTree": {
        "MSE": 0.843076266963209,
        "MAE": 0.6684424737865428,
        "R2": 0.37933350492253126,
        "emission": 6.961765215178805e-10
    },
    "ExtraTrees": {
        "MSE": 0.571526495485613,
        "MAE": 0.6270819616634231,
        "R2": 0.5792464327400595,
        "emission": 6.406713385887045e-08
    },
    "RandomForest": {
        "MSE": 0.5868030078384299,
        "MAE": 0.6253830161385154,
        "R2": 0.5679999776439106,
        "emission": 1.1569897181814109e-07
    },
    "KNeighbors": {
        "MSE": 0.7330964910426065,
        "MAE": 0.7140768017984183,
        "R2": 0.4602998002921346,
        "emission": 5.053566263148128e-10
    },
    "PLS": {
        "MSE": 0.6562401503476539,
        "MAE": 0.6731508428741557,
        "R2": 0.5168808683080104,
        "emission": 4.880220030769614e-09
    },
    "PLS-SKLEARN": {
        "MSE": 0.717128759909521,
        "MAE": 0.7098802843219835,
        "R2": 0.47205512552790485,
        "emission": 2.447499289374917e-09
    },
    "XGBoost": {
        "MSE": 0.4859653110372345,
        "MAE": 0.5379746831447951,
        "R2": 0.6422359421678812,
        "emission": 2.2045679860751986e-07
    },
    "CatBoost": {
        "MSE": 0.5514005576304876,
        "MAE": 0.606859821695921,
        "R2": 0.5940629989253258,
        "emission": 1.0687101757384679e-06
    },
    "DNN": {
        "MSE": 0.6729495356967418,
        "MAE": 0.6763153619574083,
        "R2": 0.5045795427388853,
        "emission": 2.2816951658893285e-06
    }
}