{
    "Linear-SVR": {
        "MSE": 0.7711635180516127,
        "MAE": 0.7006785899458612,
        "R2": 0.2889869282135844,
        "emission": 4.707710603332898e-09
    },
    "RBF-SVR": {
        "MSE": 0.5413809318366155,
        "MAE": 0.5943145464415895,
        "R2": 0.500846564520728,
        "emission": 3.255088960377732e-09
    },
    "DecisionTree": {
        "MSE": 0.7138573927117834,
        "MAE": 0.6569250876775763,
        "R2": 0.3418231986753858,
        "emission": 4.059737726550576e-09
    },
    "ExtraTrees": {
        "MSE": 0.47612579238563074,
        "MAE": 0.5403260468793534,
        "R2": 0.5610118291692954,
        "emission": 2.892695977886089e-07
    },
    "RandomForest": {
        "MSE": 0.4229508728001409,
        "MAE": 0.5271782365492207,
        "R2": 0.6100391262748417,
        "emission": 4.973496168590513e-07
    },
    "KNeighbors": {
        "MSE": 0.6517034964880634,
        "MAE": 0.6275965353020074,
        "R2": 0.3991291158292152,
        "emission": 5.015833982761869e-09
    },
    "PLS": {
        "MSE": 0.8280987069559238,
        "MAE": 0.722251980229333,
        "R2": 0.23649266129354996,
        "emission": 8.155171747515497e-08
    },
    "PLS-SKLEARN": {
        "MSE": 0.6593110764253443,
        "MAE": 0.652613034336017,
        "R2": 0.3921149240871925,
        "emission": 4.3954373890908244e-07
    },
    "XGBoost": {
        "MSE": 0.48954038062769595,
        "MAE": 0.5503207964640026,
        "R2": 0.5486435734498873,
        "emission": 8.010295316296372e-07
    },
    "CatBoost": {
        "MSE": 0.47364792251201504,
        "MAE": 0.5428805024516127,
        "R2": 0.5632964261828806,
        "emission": 2.525204256306739e-06
    },
    "DNN": {
        "MSE": 0.689653487918709,
        "MAE": 0.6611025463119068,
        "R2": 0.3641392085660379,
        "emission": 9.257948124324182e-06
    }
}