{
    "Linear-SVR": {
        "MSE": 0.539466034395196,
        "MAE": 0.5590356274875534,
        "R2": -0.056780966432912194,
        "emission": 5.750159307735161e-10
    },
    "RBF-SVR": {
        "MSE": 0.39288555878302606,
        "MAE": 0.5016115300958814,
        "R2": 0.23036122010213012,
        "emission": 5.392878169799935e-10
    },
    "DecisionTree": {
        "MSE": 0.7728414007283864,
        "MAE": 0.7254404982621736,
        "R2": -0.5139490353211063,
        "emission": 5.824966921717799e-10
    },
    "ExtraTrees": {
        "MSE": 0.37566409010412183,
        "MAE": 0.4958391687782725,
        "R2": 0.26409702394062395,
        "emission": 5.6526086803576154e-08
    },
    "RandomForest": {
        "MSE": 0.41683967628160484,
        "MAE": 0.5040818895214255,
        "R2": 0.18343656900972938,
        "emission": 8.79639351771037e-08
    },
    "KNeighbors": {
        "MSE": 0.48044387578092007,
        "MAE": 0.572307826114929,
        "R2": 0.05883983236543855,
        "emission": 3.857361124094105e-10
    },
    "PLS": {
        "MSE": 0.5556142635885332,
        "MAE": 0.6022622515232134,
        "R2": -0.0884143597609035,
        "emission": 3.686292699047049e-09
    },
    "PLS-SKLEARN": {
        "MSE": 0.555614263588533,
        "MAE": 0.6022622515232133,
        "R2": -0.0884143597609035,
        "emission": 2.191345794839574e-09
    },
    "XGBoost": {
        "MSE": 0.35571403882822433,
        "MAE": 0.4823225411131046,
        "R2": 0.30317795420042326,
        "emission": 1.7992433863458536e-07
    },
    "CatBoost": {
        "MSE": 0.3787044786920949,
        "MAE": 0.4950692867901304,
        "R2": 0.25814108865373986,
        "emission": 8.663134174973841e-07
    },
    "DNN": {
        "MSE": 0.2939068608308393,
        "MAE": 0.42551273740226125,
        "R2": 0.4242544356322804,
        "emission": 1.8669007292763317e-06
    }
}