{
    "Linear-SVR": {
        "MSE": 0.5454993370141574,
        "MAE": 0.5814729917871704,
        "R2": 0.44409213440111894,
        "emission": 5.937227690656051e-10
    },
    "RBF-SVR": {
        "MSE": 0.5802420725873301,
        "MAE": 0.5691814055036549,
        "R2": 0.4086864818786715,
        "emission": 5.402652375987804e-10
    },
    "DecisionTree": {
        "MSE": 0.6567889208849496,
        "MAE": 0.6272558209178872,
        "R2": 0.3306790634125577,
        "emission": 7.184623443940653e-10
    },
    "ExtraTrees": {
        "MSE": 0.6070471118845164,
        "MAE": 0.6154795919369709,
        "R2": 0.38136998271561884,
        "emission": 5.9270688557858184e-08
    },
    "RandomForest": {
        "MSE": 0.5395327432835729,
        "MAE": 0.5759919898822002,
        "R2": 0.45017257512872855,
        "emission": 9.783103859912764e-08
    },
    "KNeighbors": {
        "MSE": 0.6676311418683843,
        "MAE": 0.6403668945920764,
        "R2": 0.3196299648779133,
        "emission": 3.9958709441071286e-10
    },
    "PLS": {
        "MSE": 0.5975031034036515,
        "MAE": 0.6050270501177015,
        "R2": 0.39109609789826205,
        "emission": 4.244961621456511e-09
    },
    "PLS-SKLEARN": {
        "MSE": 0.5890585296299238,
        "MAE": 0.5720992638488144,
        "R2": 0.399701800350882,
        "emission": 2.441218938276348e-09
    },
    "XGBoost": {
        "MSE": 0.5116760805560736,
        "MAE": 0.5484159382692596,
        "R2": 0.47856076347065146,
        "emission": 1.8477925728063882e-07
    },
    "CatBoost": {
        "MSE": 0.5613662951921629,
        "MAE": 0.5833499874921314,
        "R2": 0.42792242299035554,
        "emission": 9.63798194485991e-07
    },
    "DNN": {
        "MSE": 0.8525004340063415,
        "MAE": 0.772105948394949,
        "R2": 0.1312332306679127,
        "emission": 2.036034611464295e-06
    }
}