{
    "Linear-SVR": {
        "MSE": 0.5454993370141574,
        "MAE": 0.5814729917871704,
        "R2": 0.44409213440111894,
        "emission": 3.4334663160091136e-09
    },
    "RBF-SVR": {
        "MSE": 0.5802420725873301,
        "MAE": 0.5691814055036549,
        "R2": 0.4086864818786715,
        "emission": 4.767467600772656e-09
    },
    "DecisionTree": {
        "MSE": 0.6567889208849496,
        "MAE": 0.6272558209178872,
        "R2": 0.3306790634125577,
        "emission": 4.509514728561986e-09
    },
    "ExtraTrees": {
        "MSE": 0.6070471118845164,
        "MAE": 0.6154795919369709,
        "R2": 0.38136998271561884,
        "emission": 3.1196632294215576e-07
    },
    "RandomForest": {
        "MSE": 0.5395327432835729,
        "MAE": 0.5759919898822002,
        "R2": 0.45017257512872855,
        "emission": 5.580801811265928e-07
    },
    "KNeighbors": {
        "MSE": 0.6676311418683843,
        "MAE": 0.6403668945920764,
        "R2": 0.3196299648779133,
        "emission": 5.513892779751244e-09
    },
    "PLS": {
        "MSE": 0.9027003800716437,
        "MAE": 0.774439808671501,
        "R2": 0.08007543270780848,
        "emission": 9.820059738470103e-08
    },
    "PLS-SKLEARN": {
        "MSE": 0.843723021437591,
        "MAE": 0.7418061940207418,
        "R2": 0.1401781227245794,
        "emission": 5.424194566422257e-07
    },
    "XGBoost": {
        "MSE": 0.5116760805560736,
        "MAE": 0.5484159382692596,
        "R2": 0.47856076347065146,
        "emission": 8.783495247019916e-07
    },
    "CatBoost": {
        "MSE": 0.5613662951921629,
        "MAE": 0.5833499874921314,
        "R2": 0.42792242299035554,
        "emission": 2.30843414904708e-06
    },
    "DNN": {
        "MSE": 1.1411750321589713,
        "MAE": 0.8509220396448832,
        "R2": -0.16294949114807777,
        "emission": 1.0722368246595669e-05
    }
}