{
    "Linear-SVR": {
        "MSE": 0.7842805125625002,
        "MAE": 0.7284464615042213,
        "R2": -0.12957785585884873,
        "emission": 1.1302280102214027e-09
    },
    "RBF-SVR": {
        "MSE": 0.5453843912036711,
        "MAE": 0.5971047446221855,
        "R2": 0.2144977194169002,
        "emission": 9.817806857485765e-10
    },
    "DecisionTree": {
        "MSE": 0.9091863793463192,
        "MAE": 0.7252426396146041,
        "R2": -0.3094763729402783,
        "emission": 9.366533398731591e-10
    },
    "ExtraTrees": {
        "MSE": 0.5647727510273713,
        "MAE": 0.6182282217197302,
        "R2": 0.18657319296561992,
        "emission": 7.745798035835286e-08
    },
    "RandomForest": {
        "MSE": 0.594137377298239,
        "MAE": 0.6271575652612779,
        "R2": 0.14428012173684857,
        "emission": 1.8455751968145186e-07
    },
    "KNeighbors": {
        "MSE": 0.7217246779596383,
        "MAE": 0.6850420708727343,
        "R2": -0.039480391507367374,
        "emission": 6.306307714851463e-10
    },
    "PLS": {
        "MSE": 0.7834968187451153,
        "MAE": 0.7328156772355928,
        "R2": -0.12844912300407074,
        "emission": 8.133154448563767e-09
    },
    "PLS-SKLEARN": {
        "MSE": 0.7402678306954242,
        "MAE": 0.6994725806201937,
        "R2": -0.06618758921615009,
        "emission": 2.7681889113813747e-09
    },
    "XGBoost": {
        "MSE": 0.5757881919175905,
        "MAE": 0.6007495427970648,
        "R2": 0.1707079535483368,
        "emission": 3.0881734110196495e-07
    },
    "CatBoost": {
        "MSE": 0.5891609616499646,
        "MAE": 0.6121437591836082,
        "R2": 0.15144751762110142,
        "emission": 1.6411908992598417e-06
    },
    "DNN": {
        "MSE": 0.8841589018753837,
        "MAE": 0.7720052122062012,
        "R2": -0.27342997896982757,
        "emission": 2.9838029275589865e-06
    }
}