{
    "Linear-SVR": {
        "MSE": 0.9346127463031042,
        "MAE": 0.7483298748954833,
        "R2": 0.009333479681112533,
        "emission": 1.1386917256098196e-08
    },
    "RBF-SVR": {
        "MSE": 0.6603025541499512,
        "MAE": 0.6541088033754561,
        "R2": 0.3000955355414531,
        "emission": 1.3587301844902705e-08
    },
    "DecisionTree": {
        "MSE": 0.9405304379826426,
        "MAE": 0.7745927267053666,
        "R2": 0.0030608720715142868,
        "emission": 8.715022759517306e-09
    },
    "ExtraTrees": {
        "MSE": 0.6491786017746601,
        "MAE": 0.6670534713740546,
        "R2": 0.3118866514184975,
        "emission": 5.339412445914227e-07
    },
    "RandomForest": {
        "MSE": 0.6046659894812177,
        "MAE": 0.644723924352673,
        "R2": 0.35906892547315417,
        "emission": 1.7978562800993938e-06
    },
    "KNeighbors": {
        "MSE": 0.7016036048430734,
        "MAE": 0.6810235985953775,
        "R2": 0.25631743778116434,
        "emission": 6.258916949371413e-09
    },
    "PLS": {
        "MSE": 0.8161634702145064,
        "MAE": 0.7013043169980253,
        "R2": 0.1348867985729637,
        "emission": 2.7653108986919465e-07
    },
    "PLS-SKLEARN": {
        "MSE": 0.8144561149777523,
        "MAE": 0.7043941553533782,
        "R2": 0.13669655312428342,
        "emission": 7.783215251348976e-07
    },
    "XGBoost": {
        "MSE": 0.59267150605414,
        "MAE": 0.6237143453953936,
        "R2": 0.3717827828506909,
        "emission": 1.4048273974637989e-06
    },
    "CatBoost": {
        "MSE": 0.5877283262616332,
        "MAE": 0.6220743086647718,
        "R2": 0.37702243183228656,
        "emission": 3.662698494681083e-06
    },
    "DNN": {
        "MSE": 8.249705090676718,
        "MAE": 0.8825650379604713,
        "R2": -7.744484459649373,
        "emission": 1.563111996666125e-05
    }
}