{
    "Linear-SVR": {
        "MSE": 0.5864216134050098,
        "MAE": 0.5787874354042125,
        "R2": -0.020830722878963703,
        "emission": 4.3762851593033e-09
    },
    "RBF-SVR": {
        "MSE": 0.48578598294726283,
        "MAE": 0.5304630905465103,
        "R2": 0.15435371957542898,
        "emission": 5.17579134415713e-09
    },
    "DecisionTree": {
        "MSE": 0.7658595496903734,
        "MAE": 0.6497348688366053,
        "R2": -0.33319260385825067,
        "emission": 4.569670708820261e-09
    },
    "ExtraTrees": {
        "MSE": 0.5073363838828869,
        "MAE": 0.5459980975928378,
        "R2": 0.1168392234133463,
        "emission": 3.0204344164934526e-07
    },
    "RandomForest": {
        "MSE": 0.5012792033233002,
        "MAE": 0.5520840888956875,
        "R2": 0.1273834391583084,
        "emission": 5.424882625739255e-07
    },
    "KNeighbors": {
        "MSE": 0.5617688594957239,
        "MAE": 0.5820849886862415,
        "R2": 0.022084285740939458,
        "emission": 5.177849236810159e-09
    },
    "PLS": {
        "MSE": 0.5434789070375624,
        "MAE": 0.5679865241996627,
        "R2": 0.05392306003316838,
        "emission": 9.072479762237046e-08
    },
    "PLS-SKLEARN": {
        "MSE": 0.5434789070375621,
        "MAE": 0.567986524199663,
        "R2": 0.053923060033168935,
        "emission": 4.6101169547832393e-07
    },
    "XGBoost": {
        "MSE": 0.44821869667901754,
        "MAE": 0.5202988035988053,
        "R2": 0.2197500813758384,
        "emission": 8.049345182770982e-07
    },
    "CatBoost": {
        "MSE": 0.43908269489629603,
        "MAE": 0.5141254360175693,
        "R2": 0.2356538459897083,
        "emission": 2.177762355942796e-06
    },
    "DNN": {
        "MSE": 0.6341730866125821,
        "MAE": 0.630095068287799,
        "R2": -0.10395550852589919,
        "emission": 1.042569644144203e-05
    }
}