{
    "Linear-SVR": {
        "MSE": 0.5864216134050098,
        "MAE": 0.5787874354042125,
        "R2": -0.020830722878963703,
        "emission": 5.817138135836019e-10
    },
    "RBF-SVR": {
        "MSE": 0.48578598294726283,
        "MAE": 0.5304630905465103,
        "R2": 0.15435371957542898,
        "emission": 5.363067289665161e-10
    },
    "DecisionTree": {
        "MSE": 0.7658595496903734,
        "MAE": 0.6497348688366053,
        "R2": -0.33319260385825067,
        "emission": 5.894128924752939e-10
    },
    "ExtraTrees": {
        "MSE": 0.5073363838828869,
        "MAE": 0.5459980975928378,
        "R2": 0.1168392234133463,
        "emission": 5.8590924148115974e-08
    },
    "RandomForest": {
        "MSE": 0.5012792033233002,
        "MAE": 0.5520840888956875,
        "R2": 0.1273834391583084,
        "emission": 9.4405742748745e-08
    },
    "KNeighbors": {
        "MSE": 0.5617688594957239,
        "MAE": 0.5820849886862415,
        "R2": 0.022084285740939458,
        "emission": 3.6013095337881863e-10
    },
    "PLS": {
        "MSE": 0.5434789070375624,
        "MAE": 0.5679865241996627,
        "R2": 0.05392306003316838,
        "emission": 3.8477715551672094e-09
    },
    "PLS-SKLEARN": {
        "MSE": 0.543478907037562,
        "MAE": 0.567986524199663,
        "R2": 0.05392306003316916,
        "emission": 2.3162422484220965e-09
    },
    "XGBoost": {
        "MSE": 0.44821869667901754,
        "MAE": 0.5202988035988053,
        "R2": 0.2197500813758384,
        "emission": 1.7474819170735256e-07
    },
    "CatBoost": {
        "MSE": 0.43908269489629603,
        "MAE": 0.5141254360175693,
        "R2": 0.2356538459897083,
        "emission": 8.971384233605213e-07
    },
    "DNN": {
        "MSE": 0.6712380338370141,
        "MAE": 0.6582219843851715,
        "R2": -0.1684774088168688,
        "emission": 1.9488738089982215e-06
    }
}