{
    "Linear-SVR": {
        "MSE": 0.3383561726256868,
        "MAE": 0.4457712810190591,
        "R2": 0.3696456345889564,
        "emission": 6.417533930678283e-10
    },
    "RBF-SVR": {
        "MSE": 0.30515381140822007,
        "MAE": 0.431328782075567,
        "R2": 0.43150132107746,
        "emission": 7.071842983604856e-10
    },
    "DecisionTree": {
        "MSE": 0.5274077282536894,
        "MAE": 0.5375533223933623,
        "R2": 0.017444365573853093,
        "emission": 8.38847371017435e-10
    },
    "ExtraTrees": {
        "MSE": 0.291083172947195,
        "MAE": 0.43408218837104445,
        "R2": 0.45771478811487,
        "emission": 6.563265229390356e-08
    },
    "RandomForest": {
        "MSE": 0.2776018304713306,
        "MAE": 0.43172441163760106,
        "R2": 0.48283040227765217,
        "emission": 1.2638872445845903e-07
    },
    "KNeighbors": {
        "MSE": 0.4759017025779496,
        "MAE": 0.5259527503498778,
        "R2": 0.11339960669662463,
        "emission": 5.253916237116769e-10
    },
    "PLS": {
        "MSE": 0.3640843486615839,
        "MAE": 0.5033821190437665,
        "R2": 0.32171428475591257,
        "emission": 5.652615157859699e-09
    },
    "PLS-SKLEARN": {
        "MSE": 0.414360899557145,
        "MAE": 0.5439779506237262,
        "R2": 0.22804954357831497,
        "emission": 2.5747416845147346e-09
    },
    "XGBoost": {
        "MSE": 0.30745819458373325,
        "MAE": 0.423589583837081,
        "R2": 0.4272082769074885,
        "emission": 2.347822016118081e-07
    },
    "CatBoost": {
        "MSE": 0.2792634468101855,
        "MAE": 0.4216992014012424,
        "R2": 0.4797348266754472,
        "emission": 1.1521560045789578e-06
    },
    "DNN": {
        "MSE": 18.033964922345394,
        "MAE": 0.9745041704466596,
        "R2": -32.59710693691377,
        "emission": 2.2627043122924736e-06
    }
}