{
    "Linear-SVR": {
        "MSE": 0.513693761472616,
        "MAE": 0.5494914111661345,
        "R2": 0.19857310314450427,
        "emission": 7.932508094411106e-10
    },
    "RBF-SVR": {
        "MSE": 0.4607819694333087,
        "MAE": 0.5100248008647811,
        "R2": 0.28112215567642973,
        "emission": 7.162790662961611e-10
    },
    "DecisionTree": {
        "MSE": 0.8153387982566358,
        "MAE": 0.6717178990822087,
        "R2": -0.27203110487363413,
        "emission": 8.076058484354078e-10
    },
    "ExtraTrees": {
        "MSE": 0.43785338739379126,
        "MAE": 0.4928445472795838,
        "R2": 0.3168936283541385,
        "emission": 6.690803315977442e-08
    },
    "RandomForest": {
        "MSE": 0.45731925193850775,
        "MAE": 0.506157268025311,
        "R2": 0.2865244306205328,
        "emission": 1.287835708752237e-07
    },
    "KNeighbors": {
        "MSE": 0.42492422744491715,
        "MAE": 0.510105882342274,
        "R2": 0.337064744520841,
        "emission": 5.656614966165705e-10
    },
    "PLS": {
        "MSE": 0.5427046728273404,
        "MAE": 0.5813646424228289,
        "R2": 0.15331243150365148,
        "emission": 5.829117535369606e-09
    },
    "PLS-SKLEARN": {
        "MSE": 0.5282571181874353,
        "MAE": 0.5644639619841743,
        "R2": 0.17585243442098608,
        "emission": 2.7101542026010044e-09
    },
    "XGBoost": {
        "MSE": 0.4096259239036548,
        "MAE": 0.48868780487508057,
        "R2": 0.36093202275891034,
        "emission": 2.3168029104564445e-07
    },
    "CatBoost": {
        "MSE": 0.4269489340607505,
        "MAE": 0.4925171165373849,
        "R2": 0.3339059474672843,
        "emission": 1.1492163051559209e-06
    },
    "DNN": {
        "MSE": 5.9405330198581074,
        "MAE": 0.8292882809767392,
        "R2": -8.267978902691588,
        "emission": 2.497276447344504e-06
    }
}