{
    "Linear-SVR": {
        "MSE": 0.7449350316114981,
        "MAE": 0.6400800581099791,
        "R2": -0.05964421899636774,
        "emission": 4.263797715285677e-09
    },
    "RBF-SVR": {
        "MSE": 0.6929040248367305,
        "MAE": 0.6164359035069357,
        "R2": 0.014368081671212063,
        "emission": 3.3221230625511546e-09
    },
    "DecisionTree": {
        "MSE": 0.7489929294741007,
        "MAE": 0.6448576064172208,
        "R2": -0.06541643781937378,
        "emission": 5.654999376305473e-09
    },
    "ExtraTrees": {
        "MSE": 0.6611592777960777,
        "MAE": 0.5945186390139231,
        "R2": 0.05952388218761573,
        "emission": 2.963197660197513e-07
    },
    "RandomForest": {
        "MSE": 0.66050940487582,
        "MAE": 0.5989709449231765,
        "R2": 0.06044830385368216,
        "emission": 5.171063974417022e-07
    },
    "KNeighbors": {
        "MSE": 0.7127420485219015,
        "MAE": 0.6034076325045477,
        "R2": -0.013850818262691966,
        "emission": 4.667150235351626e-09
    },
    "PLS": {
        "MSE": 0.6257673201376179,
        "MAE": 0.6090729126464438,
        "R2": 0.109867713179994,
        "emission": 8.739609449142122e-08
    },
    "PLS-SKLEARN": {
        "MSE": 0.6257673201376179,
        "MAE": 0.6090729126464438,
        "R2": 0.109867713179994,
        "emission": 5.54373834404936e-07
    },
    "XGBoost": {
        "MSE": 0.671347188510905,
        "MAE": 0.6065321339740389,
        "R2": 0.045031932910825634,
        "emission": 8.171579242793981e-07
    },
    "CatBoost": {
        "MSE": 0.6487587872831364,
        "MAE": 0.5812296582928288,
        "R2": 0.07716314940845248,
        "emission": 2.4561693239166774e-06
    },
    "DNN": {
        "MSE": 0.7130407915749892,
        "MAE": 0.6955969003024276,
        "R2": -0.014275769883620448,
        "emission": 9.307327162008279e-06
    }
}