{
    "Linear-SVR": {
        "MSE": 0.5781200311058168,
        "MAE": 0.5945494568570721,
        "R2": -0.9107639778027536,
        "emission": 3.1560252662951267e-10
    },
    "RBF-SVR": {
        "MSE": 0.3578678011492181,
        "MAE": 0.44556112737845,
        "R2": -0.18280091755935834,
        "emission": 3.019267155898046e-10
    },
    "DecisionTree": {
        "MSE": 0.4110349647223208,
        "MAE": 0.5466356082728419,
        "R2": -0.35852549981109627,
        "emission": 3.7375008785750255e-10
    },
    "ExtraTrees": {
        "MSE": 0.39285011814895426,
        "MAE": 0.42609207002429517,
        "R2": -0.2984221511902305,
        "emission": 4.607075865891963e-08
    },
    "RandomForest": {
        "MSE": 0.334885631838185,
        "MAE": 0.41539229298460206,
        "R2": -0.10684177605151413,
        "emission": 5.4034733026266946e-08
    },
    "KNeighbors": {
        "MSE": 0.3591946657513904,
        "MAE": 0.4291885556407289,
        "R2": -0.18718638242623542,
        "emission": 3.3557940800291045e-10
    },
    "PLS": {
        "MSE": 0.3787195127039873,
        "MAE": 0.4407324735592651,
        "R2": -0.2517186114129617,
        "emission": 1.2278309752757024e-09
    },
    "PLS-SKLEARN": {
        "MSE": 0.3787195127039871,
        "MAE": 0.44073247355926504,
        "R2": -0.25171861141296126,
        "emission": 1.2288900505645558e-09
    },
    "XGBoost": {
        "MSE": 0.44418690218711154,
        "MAE": 0.5192446511806729,
        "R2": -0.4680970844194441,
        "emission": 1.0161831154431317e-07
    },
    "CatBoost": {
        "MSE": 0.3856670546772813,
        "MAE": 0.43233890322274865,
        "R2": -0.27468116628491535,
        "emission": 4.499862330389731e-07
    },
    "DNN": {
        "MSE": 1.6782344476476359,
        "MAE": 0.9843783839367594,
        "R2": -4.546789172378392,
        "emission": 1.4212240894100117e-06
    }
}