{
    "Linear-SVR": {
        "MSE": 0.4045039315249878,
        "MAE": 0.44613994522231043,
        "R2": -0.9233898589718548,
        "emission": 4.829262178541544e-10
    },
    "RBF-SVR": {
        "MSE": 0.19705971055890956,
        "MAE": 0.37040596395477404,
        "R2": 0.06299390596276122,
        "emission": 3.962854047980324e-10
    },
    "DecisionTree": {
        "MSE": 0.6094867397026733,
        "MAE": 0.5654866294819809,
        "R2": -1.898069766349166,
        "emission": 4.2596048541756e-10
    },
    "ExtraTrees": {
        "MSE": 0.29338705916803937,
        "MAE": 0.4619076767365749,
        "R2": -0.3950363652337543,
        "emission": 4.816922737918365e-08
    },
    "RandomForest": {
        "MSE": 0.3020553445147909,
        "MAE": 0.48382862519282255,
        "R2": -0.4362534977045329,
        "emission": 6.052373716286161e-08
    },
    "KNeighbors": {
        "MSE": 0.30768712259337,
        "MAE": 0.4429169137669296,
        "R2": -0.4630322358084662,
        "emission": 3.941520309336645e-10
    },
    "PLS": {
        "MSE": 0.3972948728867416,
        "MAE": 0.5121866327010822,
        "R2": -0.8891112544963389,
        "emission": 1.946164600842661e-09
    },
    "PLS-SKLEARN": {
        "MSE": 0.38027183248803303,
        "MAE": 0.5168169342780854,
        "R2": -0.8081678056939836,
        "emission": 1.1576572785909625e-09
    },
    "XGBoost": {
        "MSE": 0.372689988535889,
        "MAE": 0.5194398554124962,
        "R2": -0.7721166313212569,
        "emission": 1.2304952038708528e-07
    },
    "CatBoost": {
        "MSE": 0.23948919394699453,
        "MAE": 0.3897325292502849,
        "R2": -0.13875552515498346,
        "emission": 5.528308550012118e-07
    },
    "DNN": {
        "MSE": 0.694856361900281,
        "MAE": 0.6542532138938634,
        "R2": -2.303996761867116,
        "emission": 1.5963697858153862e-06
    }
}