{
    "Linear-SVR": {
        "MSE": 0.7891350953910494,
        "MAE": 0.7018966904396183,
        "R2": 0.21984714764665625,
        "emission": 8.00612872115777e-09
    },
    "RBF-SVR": {
        "MSE": 0.5508647718273382,
        "MAE": 0.5903124145015736,
        "R2": 0.455405385577094,
        "emission": 7.308772217288554e-09
    },
    "DecisionTree": {
        "MSE": 0.9425017589375947,
        "MAE": 0.7469554219966803,
        "R2": 0.06822616320360397,
        "emission": 6.846881140679234e-09
    },
    "ExtraTrees": {
        "MSE": 0.541325214039577,
        "MAE": 0.5635191887954824,
        "R2": 0.4648363604022897,
        "emission": 4.3847309125015945e-07
    },
    "RandomForest": {
        "MSE": 0.5268844334430325,
        "MAE": 0.5612645317203921,
        "R2": 0.4791127704091469,
        "emission": 1.252138465196297e-06
    },
    "KNeighbors": {
        "MSE": 0.5759856126632049,
        "MAE": 0.5952734064432378,
        "R2": 0.4305704799366292,
        "emission": 5.727995042224453e-09
    },
    "PLS": {
        "MSE": 0.7581760761733933,
        "MAE": 0.7060186396359143,
        "R2": 0.2504537792484959,
        "emission": 2.0277047419228384e-07
    },
    "PLS-SKLEARN": {
        "MSE": 0.7708286024355251,
        "MAE": 0.7110526711200473,
        "R2": 0.23794526896866064,
        "emission": 6.539229363910551e-07
    },
    "XGBoost": {
        "MSE": 0.5083862895493108,
        "MAE": 0.5725764811678912,
        "R2": 0.4974003612237188,
        "emission": 1.1997603330973698e-06
    },
    "CatBoost": {
        "MSE": 0.47160343188768067,
        "MAE": 0.5492405163522706,
        "R2": 0.5337645420718757,
        "emission": 3.275808899974276e-06
    },
    "DNN": {
        "MSE": 0.6017888767935724,
        "MAE": 0.5992259023496951,
        "R2": 0.40506091860941773,
        "emission": 1.173689885384206e-05
    }
}