{
    "Linear-SVR": {
        "MSE": 0.7891350953910494,
        "MAE": 0.7018966904396183,
        "R2": 0.21984714764665625,
        "emission": 1.342863976663024e-09
    },
    "RBF-SVR": {
        "MSE": 0.5508647718273382,
        "MAE": 0.5903124145015736,
        "R2": 0.455405385577094,
        "emission": 1.4563072131506006e-09
    },
    "DecisionTree": {
        "MSE": 0.9425017589375947,
        "MAE": 0.7469554219966803,
        "R2": 0.06822616320360397,
        "emission": 1.1486955086719589e-09
    },
    "ExtraTrees": {
        "MSE": 0.541325214039577,
        "MAE": 0.5635191887954824,
        "R2": 0.4648363604022897,
        "emission": 9.13887397967805e-08
    },
    "RandomForest": {
        "MSE": 0.5268844334430325,
        "MAE": 0.5612645317203921,
        "R2": 0.4791127704091469,
        "emission": 2.405095978269453e-07
    },
    "KNeighbors": {
        "MSE": 0.5759856126632049,
        "MAE": 0.5952734064432378,
        "R2": 0.4305704799366292,
        "emission": 8.997130826494967e-10
    },
    "PLS": {
        "MSE": 0.7581760761733933,
        "MAE": 0.7060186396359143,
        "R2": 0.2504537792484959,
        "emission": 9.500924484010433e-09
    },
    "PLS-SKLEARN": {
        "MSE": 0.7868965961340848,
        "MAE": 0.7296313589489013,
        "R2": 0.22206016743314339,
        "emission": 3.0511974830887788e-09
    },
    "XGBoost": {
        "MSE": 0.5083862895493108,
        "MAE": 0.5725764811678912,
        "R2": 0.4974003612237188,
        "emission": 3.440039411889443e-07
    },
    "CatBoost": {
        "MSE": 0.47160343188768067,
        "MAE": 0.5492405163522706,
        "R2": 0.5337645420718757,
        "emission": 1.9409810903052706e-06
    },
    "DNN": {
        "MSE": 0.6459795502904804,
        "MAE": 0.6193325177827751,
        "R2": 0.3613732405712943,
        "emission": 2.9101654920601977e-06
    }
}