{
    "Linear-SVR": {
        "MSE": 0.6444700541016738,
        "MAE": 0.6285298602809767,
        "R2": -0.14238633466019346,
        "emission": 5.390410171228877e-10
    },
    "RBF-SVR": {
        "MSE": 0.5693315696258423,
        "MAE": 0.5304131132556665,
        "R2": -0.009196006690781022,
        "emission": 5.321463987778884e-10
    },
    "DecisionTree": {
        "MSE": 0.8273496641502451,
        "MAE": 0.6740458352444267,
        "R2": -0.46655836729045297,
        "emission": 7.139409087034773e-10
    },
    "ExtraTrees": {
        "MSE": 0.5421666786171724,
        "MAE": 0.5417159425579431,
        "R2": 0.038956425021650976,
        "emission": 5.8183554898586665e-08
    },
    "RandomForest": {
        "MSE": 0.5681234420737374,
        "MAE": 0.5733757257085202,
        "R2": -0.007054482197490275,
        "emission": 9.391656184860537e-08
    },
    "KNeighbors": {
        "MSE": 0.7009271268748342,
        "MAE": 0.6113719277039694,
        "R2": -0.24246202944305684,
        "emission": 5.315512168441778e-10
    },
    "PLS": {
        "MSE": 0.6647783547966096,
        "MAE": 0.622025069993877,
        "R2": -0.17838478803504132,
        "emission": 4.127900693608877e-09
    },
    "PLS-SKLEARN": {
        "MSE": 0.7206527452994996,
        "MAE": 0.6542695296039565,
        "R2": -0.27742762138583466,
        "emission": 2.398648749029169e-09
    },
    "XGBoost": {
        "MSE": 0.5937230075199919,
        "MAE": 0.5976274751202233,
        "R2": -0.05243222093479183,
        "emission": 2.060600063050094e-07
    },
    "CatBoost": {
        "MSE": 0.5974803010215421,
        "MAE": 0.5713814563291314,
        "R2": -0.05909239191428228,
        "emission": 9.027545767903652e-07
    },
    "DNN": {
        "MSE": 0.5947738366613677,
        "MAE": 0.6207070470693961,
        "R2": -0.05429491857842983,
        "emission": 2.0632890481089148e-06
    }
}