{
    "Linear-SVR": {
        "MSE": 0.34040737765219925,
        "MAE": 0.44774525675979954,
        "R2": 0.19842890392779167,
        "emission": 3.3812073618055076e-10
    },
    "RBF-SVR": {
        "MSE": 0.26068189388754687,
        "MAE": 0.3863716755765748,
        "R2": 0.38616174287763694,
        "emission": 3.823393976160034e-10
    },
    "DecisionTree": {
        "MSE": 0.34654884226992605,
        "MAE": 0.4578430884399681,
        "R2": 0.18396734742724574,
        "emission": 5.045451748150828e-10
    },
    "ExtraTrees": {
        "MSE": 0.33036717895612466,
        "MAE": 0.4465790614187236,
        "R2": 0.22207096811894433,
        "emission": 5.046269994612415e-08
    },
    "RandomForest": {
        "MSE": 0.44051685654570744,
        "MAE": 0.4952604443882729,
        "R2": -0.0373029573418977,
        "emission": 6.458729588127607e-08
    },
    "KNeighbors": {
        "MSE": 0.30495965600296837,
        "MAE": 0.44527163277811294,
        "R2": 0.28189909570685334,
        "emission": 3.786867189378171e-10
    },
    "PLS": {
        "MSE": 0.4027272286774522,
        "MAE": 0.4931415268734895,
        "R2": 0.05168181625330692,
        "emission": 2.069831011100136e-09
    },
    "PLS-SKLEARN": {
        "MSE": 0.4027272286774522,
        "MAE": 0.49314152687348944,
        "R2": 0.05168181625330692,
        "emission": 1.3113755291906888e-09
    },
    "XGBoost": {
        "MSE": 0.34016515873108,
        "MAE": 0.4660429645919056,
        "R2": 0.1989992666720719,
        "emission": 1.255069544602133e-07
    },
    "CatBoost": {
        "MSE": 0.41697187871414404,
        "MAE": 0.45461181127299244,
        "R2": 0.018139359500967678,
        "emission": 6.1326404683052e-07
    },
    "DNN": {
        "MSE": 0.7963921288252123,
        "MAE": 0.6276179566329588,
        "R2": -0.8752969339516914,
        "emission": 1.5165119832878347e-06
    }
}