{
    "Linear-SVR": {
        "MSE": 0.8550733496450762,
        "MAE": 0.7965272137447118,
        "R2": -0.559202972244156,
        "emission": 3.2886177569466756e-10
    },
    "RBF-SVR": {
        "MSE": 0.6245747300906269,
        "MAE": 0.7210030956951983,
        "R2": -0.13889501520555858,
        "emission": 3.6573894227159544e-10
    },
    "DecisionTree": {
        "MSE": 1.0196236020222729,
        "MAE": 0.8385191392598069,
        "R2": -0.8592558772920644,
        "emission": 4.987229848844017e-10
    },
    "ExtraTrees": {
        "MSE": 0.7151803635856389,
        "MAE": 0.7330299249889389,
        "R2": -0.30411192099045636,
        "emission": 4.917460172059047e-08
    },
    "RandomForest": {
        "MSE": 0.667378309903052,
        "MAE": 0.712239761062957,
        "R2": -0.21694617759288537,
        "emission": 6.277512376627407e-08
    },
    "KNeighbors": {
        "MSE": 0.7077144267026712,
        "MAE": 0.7266205221761782,
        "R2": -0.29049798835725893,
        "emission": 4.785375616117013e-10
    },
    "PLS": {
        "MSE": 0.9482850571925482,
        "MAE": 0.8438564271552434,
        "R2": -0.7291719831088936,
        "emission": 2.2123085038301094e-09
    },
    "PLS-SKLEARN": {
        "MSE": 0.8826984394288206,
        "MAE": 0.800330375129739,
        "R2": -0.6095765713245214,
        "emission": 1.406425701151218e-09
    },
    "XGBoost": {
        "MSE": 0.7436597416285817,
        "MAE": 0.7168742996057138,
        "R2": -0.3560432914520115,
        "emission": 1.3141179329916143e-07
    },
    "CatBoost": {
        "MSE": 0.68964140248329,
        "MAE": 0.7256522171328665,
        "R2": -0.2575423207621965,
        "emission": 5.772909721183751e-07
    },
    "DNN": {
        "MSE": 0.7637558918345876,
        "MAE": 0.6983094181262842,
        "R2": -0.3926880742006207,
        "emission": 1.56099212088984e-06
    }
}