{
    "Linear-SVR": {
        "MSE": 0.3547228870454082,
        "MAE": 0.46933438185689336,
        "R2": 0.4190152794913543,
        "emission": 3.470065512999226e-09
    },
    "RBF-SVR": {
        "MSE": 0.5011989781864249,
        "MAE": 0.5260877143131264,
        "R2": 0.17910865383889452,
        "emission": 3.130174127110873e-09
    },
    "DecisionTree": {
        "MSE": 0.6732069430650077,
        "MAE": 0.5131042473497321,
        "R2": -0.1026154836494535,
        "emission": 3.6021334332913666e-09
    },
    "ExtraTrees": {
        "MSE": 0.4729841001938295,
        "MAE": 0.5636436706652356,
        "R2": 0.2253205381107295,
        "emission": 2.2957471110842014e-07
    },
    "RandomForest": {
        "MSE": 0.5204342382672857,
        "MAE": 0.5770998317171113,
        "R2": 0.14760408334141928,
        "emission": 3.2152356170359563e-07
    },
    "KNeighbors": {
        "MSE": 0.33995001528895075,
        "MAE": 0.468818267820355,
        "R2": 0.443211104125125,
        "emission": 3.7296014098089365e-09
    },
    "PLS": {
        "MSE": 0.43087145471982496,
        "MAE": 0.5396726291879864,
        "R2": 0.29429495294024743,
        "emission": 3.699245678493168e-08
    },
    "PLS-SKLEARN": {
        "MSE": 0.43087145471982496,
        "MAE": 0.5396726291879864,
        "R2": 0.29429495294024743,
        "emission": 2.1486859860138512e-07
    },
    "XGBoost": {
        "MSE": 0.5430871156535063,
        "MAE": 0.5669049860638932,
        "R2": 0.11050195061304735,
        "emission": 5.808160309735924e-07
    },
    "CatBoost": {
        "MSE": 0.5029637556182934,
        "MAE": 0.546489045866772,
        "R2": 0.17621820396813992,
        "emission": 1.9080562288299077e-06
    },
    "DNN": {
        "MSE": 0.6187527368206266,
        "MAE": 0.6527555407891871,
        "R2": -0.013427379496021796,
        "emission": 7.39260208159554e-06
    }
}