{
    "Linear-SVR": {
        "MSE": 0.7191585192938482,
        "MAE": 0.708121045001734,
        "R2": -0.6642890170170561,
        "emission": 3.668736544009908e-10
    },
    "RBF-SVR": {
        "MSE": 0.29571475538342384,
        "MAE": 0.4363488515325235,
        "R2": 0.3156518259176413,
        "emission": 3.9634035683176864e-10
    },
    "DecisionTree": {
        "MSE": 0.4432201378822756,
        "MAE": 0.46182211067575646,
        "R2": -0.025707667792855826,
        "emission": 4.137035098759945e-10
    },
    "ExtraTrees": {
        "MSE": 0.31439596398203423,
        "MAE": 0.46973997021204533,
        "R2": 0.2724194516063414,
        "emission": 4.54885716707727e-08
    },
    "RandomForest": {
        "MSE": 0.43834464424553393,
        "MAE": 0.48678143297100057,
        "R2": -0.014424716545704985,
        "emission": 5.3495337148691024e-08
    },
    "KNeighbors": {
        "MSE": 0.45464418562485137,
        "MAE": 0.4979534991538177,
        "R2": -0.05214539560635156,
        "emission": 4.2437269825575215e-10
    },
    "PLS": {
        "MSE": 0.4952576521042255,
        "MAE": 0.5693541299029121,
        "R2": -0.14613377840543573,
        "emission": 1.2763603926615938e-09
    },
    "PLS-SKLEARN": {
        "MSE": 0.4952576521042257,
        "MAE": 0.5693541299029123,
        "R2": -0.14613377840543618,
        "emission": 1.1135890080899176e-09
    },
    "XGBoost": {
        "MSE": 0.3716422742419926,
        "MAE": 0.5334891933327749,
        "R2": 0.13993905559580566,
        "emission": 9.981062288368599e-08
    },
    "CatBoost": {
        "MSE": 0.3296007748228447,
        "MAE": 0.42609075089289977,
        "R2": 0.23723221679053164,
        "emission": 4.579767485143602e-07
    },
    "DNN": {
        "MSE": 6.444975412480706,
        "MAE": 1.6415268468080488,
        "R2": -13.91507297232454,
        "emission": 1.626197626235888e-06
    }
}