{
    "Linear-SVR": {
        "MSE": 0.5487164411147176,
        "MAE": 0.5929881234033397,
        "R2": -0.19951486159065368,
        "emission": 3.2012975104041182e-09
    },
    "RBF-SVR": {
        "MSE": 0.3358438137467873,
        "MAE": 0.4544791419658908,
        "R2": 0.26583274059700923,
        "emission": 3.2811746811973757e-09
    },
    "DecisionTree": {
        "MSE": 0.5312730406060943,
        "MAE": 0.5719074368755818,
        "R2": -0.16138292935938048,
        "emission": 4.584391812414505e-09
    },
    "ExtraTrees": {
        "MSE": 0.3541804381771279,
        "MAE": 0.4841804925809967,
        "R2": 0.22574818714182776,
        "emission": 2.5681818622448483e-07
    },
    "RandomForest": {
        "MSE": 0.3591069384821079,
        "MAE": 0.48596645791105886,
        "R2": 0.21497867143449922,
        "emission": 3.8679907510296774e-07
    },
    "KNeighbors": {
        "MSE": 0.39585658997193424,
        "MAE": 0.5091109787126611,
        "R2": 0.13464254549161392,
        "emission": 3.5664678859872694e-09
    },
    "PLS": {
        "MSE": 0.37207894737450187,
        "MAE": 0.5060038597578239,
        "R2": 0.18662137013056468,
        "emission": 5.9040723737838145e-08
    },
    "PLS-SKLEARN": {
        "MSE": 0.37207894737450187,
        "MAE": 0.5060038597578238,
        "R2": 0.1866213701305648,
        "emission": 2.4672249582497354e-07
    },
    "XGBoost": {
        "MSE": 0.354709336005248,
        "MAE": 0.48001347966109326,
        "R2": 0.22459199651665862,
        "emission": 7.10622357820031e-07
    },
    "CatBoost": {
        "MSE": 0.42043810643450275,
        "MAE": 0.5336960702385238,
        "R2": 0.08090642222658895,
        "emission": 2.2037389397657378e-06
    },
    "DNN": {
        "MSE": 1.11867830998111,
        "MAE": 0.8258254943557256,
        "R2": -1.44547303054278,
        "emission": 7.570662472405377e-06
    }
}