{
    "Linear-SVR": {
        "MSE": 0.5487164411147176,
        "MAE": 0.5929881234033397,
        "R2": -0.19951486159065368,
        "emission": 5.041102123709658e-10
    },
    "RBF-SVR": {
        "MSE": 0.3358438137467873,
        "MAE": 0.4544791419658908,
        "R2": 0.26583274059700923,
        "emission": 5.054936470236231e-10
    },
    "DecisionTree": {
        "MSE": 0.5312730406060943,
        "MAE": 0.5719074368755818,
        "R2": -0.16138292935938048,
        "emission": 5.98756977115488e-10
    },
    "ExtraTrees": {
        "MSE": 0.3541804381771279,
        "MAE": 0.4841804925809967,
        "R2": 0.22574818714182776,
        "emission": 5.1992409888103485e-08
    },
    "RandomForest": {
        "MSE": 0.3591069384821079,
        "MAE": 0.48596645791105886,
        "R2": 0.21497867143449922,
        "emission": 7.007579070300451e-08
    },
    "KNeighbors": {
        "MSE": 0.39585658997193424,
        "MAE": 0.5091109787126611,
        "R2": 0.13464254549161392,
        "emission": 3.6815113773114654e-10
    },
    "PLS": {
        "MSE": 0.37207894737450187,
        "MAE": 0.5060038597578239,
        "R2": 0.18662137013056468,
        "emission": 2.739200005680145e-09
    },
    "PLS-SKLEARN": {
        "MSE": 0.37207894737450187,
        "MAE": 0.5060038597578238,
        "R2": 0.1866213701305648,
        "emission": 1.498808700946589e-09
    },
    "XGBoost": {
        "MSE": 0.354709336005248,
        "MAE": 0.48001347966109326,
        "R2": 0.22459199651665862,
        "emission": 1.634277249159836e-07
    },
    "CatBoost": {
        "MSE": 0.42043810643450275,
        "MAE": 0.5336960702385238,
        "R2": 0.08090642222658895,
        "emission": 6.615654765261609e-07
    },
    "DNN": {
        "MSE": 1.0701656995564313,
        "MAE": 0.7677559434649478,
        "R2": -1.339422632160797,
        "emission": 1.633398305223131e-06
    }
}