{
    "Linear-SVR": {
        "MSE": 0.7199139741945626,
        "MAE": 0.6146882699596097,
        "R2": -1.738169579435727,
        "emission": 4.0162596434098247e-10
    },
    "RBF-SVR": {
        "MSE": 0.3183490703080035,
        "MAE": 0.44946513509443026,
        "R2": -0.21083042030718846,
        "emission": 3.454354205266881e-10
    },
    "DecisionTree": {
        "MSE": 0.7094857113864851,
        "MAE": 0.6554606347859622,
        "R2": -1.6985060182173393,
        "emission": 4.572571756143997e-10
    },
    "ExtraTrees": {
        "MSE": 0.2983524820850321,
        "MAE": 0.42360533645501897,
        "R2": -0.13477404200740395,
        "emission": 4.613434313324217e-08
    },
    "RandomForest": {
        "MSE": 0.29512017431656845,
        "MAE": 0.41388067735344414,
        "R2": -0.1224800636707799,
        "emission": 5.521543033384345e-08
    },
    "KNeighbors": {
        "MSE": 0.302388882832542,
        "MAE": 0.4716315636667984,
        "R2": -0.15012636205315455,
        "emission": 3.759061036801603e-10
    },
    "PLS": {
        "MSE": 0.8282998542935092,
        "MAE": 0.6542519496298583,
        "R2": -2.150411778316974,
        "emission": 1.4880447061826918e-09
    },
    "PLS-SKLEARN": {
        "MSE": 0.8139832529798751,
        "MAE": 0.6688810050959787,
        "R2": -2.095959047014236,
        "emission": 1.251264032758645e-09
    },
    "XGBoost": {
        "MSE": 0.39181802370392765,
        "MAE": 0.47724069895688714,
        "R2": -0.4902672147474818,
        "emission": 1.0430217038392766e-07
    },
    "CatBoost": {
        "MSE": 0.3249425876992069,
        "MAE": 0.451888139770811,
        "R2": -0.23590865102534142,
        "emission": 4.666415389957354e-07
    },
    "DNN": {
        "MSE": 1.175548832810075,
        "MAE": 0.8139188191536403,
        "R2": -3.4711620673052828,
        "emission": 1.6332301751673976e-06
    }
}