{
    "Linear-SVR": {
        "MSE": 0.8323737670719269,
        "MAE": 0.7171033800143032,
        "R2": 0.11857179661214401,
        "emission": 4.275879319014205e-09
    },
    "RBF-SVR": {
        "MSE": 0.572989342138377,
        "MAE": 0.6008244960581247,
        "R2": 0.39324257156968156,
        "emission": 6.019489855776135e-09
    },
    "DecisionTree": {
        "MSE": 0.7537838741440589,
        "MAE": 0.6526625905864625,
        "R2": 0.201793242155212,
        "emission": 6.784333731134626e-09
    },
    "ExtraTrees": {
        "MSE": 0.5393850597047933,
        "MAE": 0.5848380480304206,
        "R2": 0.42882726136086324,
        "emission": 3.6462519716054636e-07
    },
    "RandomForest": {
        "MSE": 0.5964338657905163,
        "MAE": 0.6088215788311235,
        "R2": 0.36841638749292716,
        "emission": 8.047071247813343e-07
    },
    "KNeighbors": {
        "MSE": 0.6627565980960953,
        "MAE": 0.6577299793310664,
        "R2": 0.29818504540543833,
        "emission": 2.065379287394572e-08
    },
    "PLS": {
        "MSE": 0.7314134340467869,
        "MAE": 0.6850339326022885,
        "R2": 0.22548204351340062,
        "emission": 1.5006358101051054e-07
    },
    "PLS-SKLEARN": {
        "MSE": 0.7314134340467875,
        "MAE": 0.6850339326022891,
        "R2": 0.22548204351339995,
        "emission": 5.262274243912292e-07
    },
    "XGBoost": {
        "MSE": 0.565321787283651,
        "MAE": 0.5723076846858811,
        "R2": 0.4013619998449782,
        "emission": 8.821399681290597e-07
    },
    "CatBoost": {
        "MSE": 0.5375157130021271,
        "MAE": 0.58592529122209,
        "R2": 0.43080677461659234,
        "emission": 2.841202825153795e-06
    },
    "DNN": {
        "MSE": 1.0412799180313401,
        "MAE": 0.8216535759755164,
        "R2": -0.10264585896651424,
        "emission": 1.0218760290888968e-05
    }
}