{
    "Linear-SVR": {
        "MSE": 0.6892243612784263,
        "MAE": 0.6747622391880937,
        "R2": -0.06597751340239055,
        "emission": 3.7838697979760696e-10
    },
    "RBF-SVR": {
        "MSE": 0.5439696333076294,
        "MAE": 0.5615700890016001,
        "R2": 0.15867832065002874,
        "emission": 3.545167832953376e-10
    },
    "DecisionTree": {
        "MSE": 0.9231013942407211,
        "MAE": 0.7303315661730465,
        "R2": -0.4276995767035787,
        "emission": 4.803014552791002e-10
    },
    "ExtraTrees": {
        "MSE": 0.5581691927674306,
        "MAE": 0.5763009536548418,
        "R2": 0.13671680574319622,
        "emission": 4.9360330498216355e-08
    },
    "RandomForest": {
        "MSE": 0.5358316292821654,
        "MAE": 0.5798110071053203,
        "R2": 0.17126483062050013,
        "emission": 6.561525586617075e-08
    },
    "KNeighbors": {
        "MSE": 0.5883182034758527,
        "MAE": 0.5908571740206218,
        "R2": 0.09008733459842477,
        "emission": 4.440774434354773e-10
    },
    "PLS": {
        "MSE": 0.6790304991092805,
        "MAE": 0.6737110147627198,
        "R2": -0.05021134427442053,
        "emission": 2.356228173314418e-09
    },
    "PLS-SKLEARN": {
        "MSE": 0.6385242041722298,
        "MAE": 0.6396816696426086,
        "R2": 0.012437050036613106,
        "emission": 1.3402568780148919e-09
    },
    "XGBoost": {
        "MSE": 0.6340203117526548,
        "MAE": 0.5930975313649174,
        "R2": 0.019402921111084548,
        "emission": 1.343015449562731e-07
    },
    "CatBoost": {
        "MSE": 0.5429649328457097,
        "MAE": 0.5503473341283343,
        "R2": 0.16023222408159754,
        "emission": 6.381209605059695e-07
    },
    "DNN": {
        "MSE": 1.3835613643422742,
        "MAE": 0.9511929969047714,
        "R2": -1.139862410065628,
        "emission": 1.4659374276676154e-06
    }
}