{
    "Linear-SVR": {
        "MSE": 1.1724966112447235,
        "MAE": 0.8538304188958263,
        "R2": 0.39317568716887863,
        "emission": 4.1476994300280354e-09
    },
    "RBF-SVR": {
        "MSE": 0.8460775297548765,
        "MAE": 0.7544934617472209,
        "R2": 0.5621135185624904,
        "emission": 5.849858937798551e-09
    },
    "DecisionTree": {
        "MSE": 1.0919915271168814,
        "MAE": 0.7876791307702042,
        "R2": 0.43484100362845246,
        "emission": 4.649423780567613e-09
    },
    "ExtraTrees": {
        "MSE": 0.8158697580458639,
        "MAE": 0.7477922873623717,
        "R2": 0.5777475171034507,
        "emission": 3.254270074824353e-07
    },
    "RandomForest": {
        "MSE": 0.7872617755818689,
        "MAE": 0.7371227224752858,
        "R2": 0.592553546505761,
        "emission": 6.160385346175374e-07
    },
    "KNeighbors": {
        "MSE": 1.0768263697670442,
        "MAE": 0.8130683617291746,
        "R2": 0.44268971389297207,
        "emission": 5.9612949619657475e-09
    },
    "PLS": {
        "MSE": 1.0026422951435119,
        "MAE": 0.8080639785195587,
        "R2": 0.4810835989368254,
        "emission": 1.1246103245809269e-07
    },
    "PLS-SKLEARN": {
        "MSE": 1.0240017526413978,
        "MAE": 0.8225653636618581,
        "R2": 0.47002903554253106,
        "emission": 5.573441752715917e-07
    },
    "XGBoost": {
        "MSE": 0.8084081588370999,
        "MAE": 0.7436756639089254,
        "R2": 0.5816092594479958,
        "emission": 8.204588187261028e-07
    },
    "CatBoost": {
        "MSE": 0.8409489789693717,
        "MAE": 0.7725516803503648,
        "R2": 0.5647677942988865,
        "emission": 2.6014093255720535e-06
    },
    "DNN": {
        "MSE": 1.0321748912843602,
        "MAE": 0.7891455532529085,
        "R2": 0.46579903675778056,
        "emission": 1.171857853446861e-05
    }
}