{
    "Linear-SVR": {
        "MSE": 1.1724966112447235,
        "MAE": 0.8538304188958263,
        "R2": 0.39317568716887863,
        "emission": 6.222264610723879e-10
    },
    "RBF-SVR": {
        "MSE": 0.8460775297548765,
        "MAE": 0.7544934617472209,
        "R2": 0.5621135185624904,
        "emission": 6.390376305282479e-10
    },
    "DecisionTree": {
        "MSE": 1.0919915271168814,
        "MAE": 0.7876791307702042,
        "R2": 0.43484100362845246,
        "emission": 6.943065510956896e-10
    },
    "ExtraTrees": {
        "MSE": 0.8158697580458639,
        "MAE": 0.7477922873623717,
        "R2": 0.5777475171034507,
        "emission": 6.386263663167459e-08
    },
    "RandomForest": {
        "MSE": 0.7872617755818689,
        "MAE": 0.7371227224752858,
        "R2": 0.592553546505761,
        "emission": 1.1442852220916275e-07
    },
    "KNeighbors": {
        "MSE": 1.0768263697670442,
        "MAE": 0.8130683617291746,
        "R2": 0.44268971389297207,
        "emission": 4.275074106201239e-10
    },
    "PLS": {
        "MSE": 1.0240017526413976,
        "MAE": 0.8225653636618574,
        "R2": 0.47002903554253117,
        "emission": 5.193493581333335e-09
    },
    "PLS-SKLEARN": {
        "MSE": 1.002573438342587,
        "MAE": 0.830642881564805,
        "R2": 0.48111923569731097,
        "emission": 2.5287017680647154e-09
    },
    "XGBoost": {
        "MSE": 0.8084081588370999,
        "MAE": 0.7436756639089254,
        "R2": 0.5816092594479958,
        "emission": 2.1727184474200886e-07
    },
    "CatBoost": {
        "MSE": 0.8409489789693717,
        "MAE": 0.7725516803503648,
        "R2": 0.5647677942988865,
        "emission": 1.1179929015410136e-06
    },
    "DNN": {
        "MSE": 0.8490226223651391,
        "MAE": 0.7237852107457615,
        "R2": 0.560589289168301,
        "emission": 2.2860664960535295e-06
    }
}