{
    "Linear-SVR": {
        "MSE": 0.732087226525229,
        "MAE": 0.6877424809580106,
        "R2": 0.3187465414445114,
        "emission": 9.059312751089499e-10
    },
    "RBF-SVR": {
        "MSE": 0.6499888560222724,
        "MAE": 0.6580058115256421,
        "R2": 0.395144266770732,
        "emission": 1.140729772662972e-09
    },
    "DecisionTree": {
        "MSE": 1.2230070481057198,
        "MAE": 0.9067132997528918,
        "R2": -0.13808539634593342,
        "emission": 9.240915947193663e-10
    },
    "ExtraTrees": {
        "MSE": 0.5548650297898395,
        "MAE": 0.6152204422161823,
        "R2": 0.48366300233105386,
        "emission": 7.535681270091837e-08
    },
    "RandomForest": {
        "MSE": 0.6484182194876916,
        "MAE": 0.6752376565694195,
        "R2": 0.39660584338694405,
        "emission": 1.766697685086575e-07
    },
    "KNeighbors": {
        "MSE": 0.9132271397846728,
        "MAE": 0.7646906926784216,
        "R2": 0.15018439759158264,
        "emission": 5.055200263738579e-10
    },
    "PLS": {
        "MSE": 0.7765456200130377,
        "MAE": 0.7042834818777786,
        "R2": 0.27737519493277607,
        "emission": 7.424284028493665e-09
    },
    "PLS-SKLEARN": {
        "MSE": 0.7765456200130373,
        "MAE": 0.704283481877778,
        "R2": 0.2773751949327765,
        "emission": 2.6595450875755794e-09
    },
    "XGBoost": {
        "MSE": 0.6805559935737409,
        "MAE": 0.6547756930866446,
        "R2": 0.36669961233533377,
        "emission": 2.9519968277435123e-07
    },
    "CatBoost": {
        "MSE": 0.6025888449443635,
        "MAE": 0.662578050072564,
        "R2": 0.43925297446620926,
        "emission": 1.4923189946777386e-06
    },
    "DNN": {
        "MSE": 0.8134329894448478,
        "MAE": 0.7532358860016853,
        "R2": 0.24304916506648588,
        "emission": 2.581084827218322e-06
    }
}