{
    "Linear-SVR": {
        "MSE": 0.6202717846010832,
        "MAE": 0.6586981340598376,
        "R2": 0.36161464414381894,
        "emission": 4.242639971348167e-09
    },
    "RBF-SVR": {
        "MSE": 0.5303558945051041,
        "MAE": 0.5974276945484335,
        "R2": 0.45415631526458955,
        "emission": 4.807663966639654e-09
    },
    "DecisionTree": {
        "MSE": 0.943128264132856,
        "MAE": 0.7032543621003801,
        "R2": 0.029329904303655785,
        "emission": 5.196080726255951e-09
    },
    "ExtraTrees": {
        "MSE": 0.5832365237705976,
        "MAE": 0.6158791814208869,
        "R2": 0.39973143222196994,
        "emission": 3.351180935830407e-07
    },
    "RandomForest": {
        "MSE": 0.5864471662464736,
        "MAE": 0.6105056030653877,
        "R2": 0.39642703052198414,
        "emission": 6.663707925960338e-07
    },
    "KNeighbors": {
        "MSE": 0.7179220026929966,
        "MAE": 0.6756500998214447,
        "R2": 0.26111278226059353,
        "emission": 7.364318399381932e-09
    },
    "PLS": {
        "MSE": 0.6183966297066295,
        "MAE": 0.645691517454248,
        "R2": 0.36354455850442646,
        "emission": 1.22962765698181e-07
    },
    "PLS-SKLEARN": {
        "MSE": 0.6350635048393255,
        "MAE": 0.644178643477745,
        "R2": 0.3463909666810622,
        "emission": 5.231022692575606e-07
    },
    "XGBoost": {
        "MSE": 0.6210628749819154,
        "MAE": 0.6231995914242343,
        "R2": 0.360800451838414,
        "emission": 1.1921614134290845e-06
    },
    "CatBoost": {
        "MSE": 0.6531902252076249,
        "MAE": 0.6430553789217335,
        "R2": 0.327734898292808,
        "emission": 2.332849566447109e-06
    },
    "DNN": {
        "MSE": 0.8418229601474884,
        "MAE": 0.7404636064692299,
        "R2": 0.13359359022386907,
        "emission": 1.0729620473845141e-05
    }
}