{
    "Linear-SVR": {
        "MSE": 0.9377903656115079,
        "MAE": 0.8140643796065588,
        "R2": -0.16075407380636464,
        "emission": 5.429767410078826e-10
    },
    "RBF-SVR": {
        "MSE": 0.6966486481523417,
        "MAE": 0.7262180829054353,
        "R2": 0.13772012807229406,
        "emission": 4.696211980826133e-10
    },
    "DecisionTree": {
        "MSE": 1.4783616753684226,
        "MAE": 1.009904399099717,
        "R2": -0.8298485462943868,
        "emission": 5.501175475865229e-10
    },
    "ExtraTrees": {
        "MSE": 0.7084815966286879,
        "MAE": 0.7356264415504015,
        "R2": 0.12307384500869767,
        "emission": 5.435614424076673e-08
    },
    "RandomForest": {
        "MSE": 0.6866496006668728,
        "MAE": 0.7307667477301774,
        "R2": 0.15009649226683675,
        "emission": 7.963072877376873e-08
    },
    "KNeighbors": {
        "MSE": 0.7363183528558485,
        "MAE": 0.7215599629435431,
        "R2": 0.08861877980746613,
        "emission": 4.248557123854548e-10
    },
    "PLS": {
        "MSE": 0.6958037869873861,
        "MAE": 0.7110506682650585,
        "R2": 0.1387658586267807,
        "emission": 3.3583422672577012e-09
    },
    "PLS-SKLEARN": {
        "MSE": 0.7786308840449658,
        "MAE": 0.7962839828254091,
        "R2": 0.03624626165006262,
        "emission": 2.2647125875632958e-09
    },
    "XGBoost": {
        "MSE": 0.7346484877906846,
        "MAE": 0.7402961657789591,
        "R2": 0.0906856625012673,
        "emission": 1.8564211471147727e-07
    },
    "CatBoost": {
        "MSE": 0.633623184349632,
        "MAE": 0.7054762187979488,
        "R2": 0.21573016799718392,
        "emission": 7.894483592942722e-07
    },
    "DNN": {
        "MSE": 23.26150757548936,
        "MAE": 1.4470330088792793,
        "R2": -27.792031429668544,
        "emission": 1.8200084751865601e-06
    }
}