{
    "Linear-SVR": {
        "MSE": 1.0274737899451118,
        "MAE": 0.7862437831269715,
        "R2": -1.0243561765048872,
        "emission": 4.790683038558311e-10
    },
    "RBF-SVR": {
        "MSE": 0.2798132387619794,
        "MAE": 0.42788438901160136,
        "R2": 0.44870451811144574,
        "emission": 3.9940374648659206e-10
    },
    "DecisionTree": {
        "MSE": 0.44335672611920846,
        "MAE": 0.46934898768926825,
        "R2": 0.12648679149046638,
        "emission": 4.695133238373989e-10
    },
    "ExtraTrees": {
        "MSE": 0.25564417863718986,
        "MAE": 0.3889546080086307,
        "R2": 0.49632304290763474,
        "emission": 5.125494810034001e-08
    },
    "RandomForest": {
        "MSE": 0.21331036513486779,
        "MAE": 0.37606004321126624,
        "R2": 0.579730247721112,
        "emission": 6.848664785750713e-08
    },
    "KNeighbors": {
        "MSE": 0.31178650104980393,
        "MAE": 0.45657910423570613,
        "R2": 0.38570994673768244,
        "emission": 3.751162341389449e-10
    },
    "PLS": {
        "MSE": 0.8915848387839523,
        "MAE": 0.703977922406392,
        "R2": -0.7566241522976715,
        "emission": 2.612523503506525e-09
    },
    "PLS-SKLEARN": {
        "MSE": 0.5989154712391276,
        "MAE": 0.5974762670752197,
        "R2": -0.17999918369891543,
        "emission": 1.3199916669607981e-09
    },
    "XGBoost": {
        "MSE": 0.32321187938989226,
        "MAE": 0.4474973159403455,
        "R2": 0.36319936258652996,
        "emission": 1.482342236374031e-07
    },
    "CatBoost": {
        "MSE": 0.2503588871961691,
        "MAE": 0.3937948780027217,
        "R2": 0.5067362646150521,
        "emission": 6.570281626029434e-07
    },
    "DNN": {
        "MSE": 2.3323575489574653,
        "MAE": 0.9477061377037964,
        "R2": -3.5952728490544468,
        "emission": 1.7604755333369211e-06
    }
}