{
    "Linear-SVR": {
        "MSE": 0.9363566624520322,
        "MAE": 0.7745103583566116,
        "R2": 0.031464087232430105,
        "emission": 1.086436944749829e-09
    },
    "RBF-SVR": {
        "MSE": 0.6898029702460525,
        "MAE": 0.676897973488197,
        "R2": 0.2864909534925568,
        "emission": 1.2834552129242652e-09
    },
    "DecisionTree": {
        "MSE": 0.9189645280280513,
        "MAE": 0.7060822332997034,
        "R2": 0.04945392749820543,
        "emission": 1.0089704542734661e-09
    },
    "ExtraTrees": {
        "MSE": 0.6509890353234288,
        "MAE": 0.6769950076921298,
        "R2": 0.32663878539876723,
        "emission": 7.851435605676626e-08
    },
    "RandomForest": {
        "MSE": 0.7003932449785484,
        "MAE": 0.6916449335747286,
        "R2": 0.27553672865942846,
        "emission": 1.999464367574713e-07
    },
    "KNeighbors": {
        "MSE": 0.6758377477238441,
        "MAE": 0.6540538561673482,
        "R2": 0.30093611107506324,
        "emission": 5.871472604094194e-10
    },
    "PLS": {
        "MSE": 0.8414856179655594,
        "MAE": 0.7799545516125134,
        "R2": 0.12959551230959798,
        "emission": 9.01631446321222e-09
    },
    "PLS-SKLEARN": {
        "MSE": 0.8414856179655595,
        "MAE": 0.7799545516125135,
        "R2": 0.12959551230959787,
        "emission": 2.8750071691430955e-09
    },
    "XGBoost": {
        "MSE": 0.660795247398665,
        "MAE": 0.6361104017243467,
        "R2": 0.3164955686695674,
        "emission": 3.3139164235961666e-07
    },
    "CatBoost": {
        "MSE": 0.6677926485465153,
        "MAE": 0.6792907883796164,
        "R2": 0.3092576917157295,
        "emission": 1.70489089933169e-06
    },
    "DNN": {
        "MSE": 1.129177101258955,
        "MAE": 0.8636309567344066,
        "R2": -0.16798290469803367,
        "emission": 2.865441187506014e-06
    }
}