{
    "Linear-SVR": {
        "MSE": 0.7509411441350304,
        "MAE": 0.7105479094198772,
        "R2": 0.040765340091896696,
        "emission": 1.720327855822447e-09
    },
    "RBF-SVR": {
        "MSE": 0.5570526936194081,
        "MAE": 0.6083049544155483,
        "R2": 0.288433913512105,
        "emission": 1.7981647440201434e-09
    },
    "DecisionTree": {
        "MSE": 0.7723809191861088,
        "MAE": 0.6882269343109053,
        "R2": 0.013378672720892437,
        "emission": 1.3983711065264235e-09
    },
    "ExtraTrees": {
        "MSE": 0.6239547509069607,
        "MAE": 0.6574716850638823,
        "R2": 0.20297478975707695,
        "emission": 9.010827430494436e-08
    },
    "RandomForest": {
        "MSE": 0.6564070610834949,
        "MAE": 0.6692135133255104,
        "R2": 0.1615209674987742,
        "emission": 2.755567481343951e-07
    },
    "KNeighbors": {
        "MSE": 0.539558191159086,
        "MAE": 0.5971576741348144,
        "R2": 0.31078098191933445,
        "emission": 5.549709113922949e-09
    },
    "PLS": {
        "MSE": 0.7512484329495507,
        "MAE": 0.7134261521369822,
        "R2": 0.04037281654488889,
        "emission": 1.1700067173490774e-08
    },
    "PLS-SKLEARN": {
        "MSE": 0.7779181254687486,
        "MAE": 0.7278261546090786,
        "R2": 0.00630557487979988,
        "emission": 3.2675370722972924e-09
    },
    "XGBoost": {
        "MSE": 0.575080946409825,
        "MAE": 0.6226466759253352,
        "R2": 0.2654050449127261,
        "emission": 4.427445497942445e-07
    },
    "CatBoost": {
        "MSE": 0.5499766642990278,
        "MAE": 0.6047605723962707,
        "R2": 0.2974726679226828,
        "emission": 2.137075171322802e-06
    },
    "DNN": {
        "MSE": 4.535497155287642,
        "MAE": 0.7584696140821979,
        "R2": -4.793538022580645,
        "emission": 3.42238943622812e-06
    }
}