{
    "Linear-SVR": {
        "MSE": 0.6329971796258513,
        "MAE": 0.6565268158014297,
        "R2": -0.49155562215475435,
        "emission": 6.767751622654237e-10
    },
    "RBF-SVR": {
        "MSE": 0.39113221669079795,
        "MAE": 0.5006801276840626,
        "R2": 0.07836010082092049,
        "emission": 6.745681122695844e-10
    },
    "DecisionTree": {
        "MSE": 0.6764146916565013,
        "MAE": 0.6510706974518816,
        "R2": -0.5938619771492035,
        "emission": 6.779166676723865e-10
    },
    "ExtraTrees": {
        "MSE": 0.34972226744421786,
        "MAE": 0.48462702688442505,
        "R2": 0.1759359583443102,
        "emission": 6.427668791516223e-08
    },
    "RandomForest": {
        "MSE": 0.35400739646930496,
        "MAE": 0.4819949108219053,
        "R2": 0.16583874386255681,
        "emission": 1.1752768102035985e-07
    },
    "KNeighbors": {
        "MSE": 0.42749071078994694,
        "MAE": 0.4970429188269266,
        "R2": -0.00731281847821541,
        "emission": 4.1487022647229676e-10
    },
    "PLS": {
        "MSE": 0.42648430464803294,
        "MAE": 0.5192147604652949,
        "R2": -0.004941384943503158,
        "emission": 5.222848331598195e-09
    },
    "PLS-SKLEARN": {
        "MSE": 0.42648430464803283,
        "MAE": 0.5192147604652947,
        "R2": -0.0049413849435029356,
        "emission": 2.3887489090943737e-09
    },
    "XGBoost": {
        "MSE": 0.36591580382199335,
        "MAE": 0.4826555197593389,
        "R2": 0.13777850519244128,
        "emission": 2.192996453421321e-07
    },
    "CatBoost": {
        "MSE": 0.3320947111337008,
        "MAE": 0.46597294032185554,
        "R2": 0.21747244786760012,
        "emission": 1.0935494622344166e-06
    },
    "DNN": {
        "MSE": 0.5842621422398092,
        "MAE": 0.6067972694021281,
        "R2": -0.37671937746241757,
        "emission": 2.3200626887103237e-06
    }
}