{
    "Linear-SVR": {
        "MSE": 0.8287974851351618,
        "MAE": 0.696588542909821,
        "R2": 0.1852736540731469,
        "emission": 4.8504414983026425e-09
    },
    "RBF-SVR": {
        "MSE": 0.6391365342361375,
        "MAE": 0.5642571286337816,
        "R2": 0.37171458356724973,
        "emission": 4.291991941219236e-09
    },
    "DecisionTree": {
        "MSE": 0.9347056420478633,
        "MAE": 0.7127086716698741,
        "R2": 0.08116358227284282,
        "emission": 4.1443845331739965e-09
    },
    "ExtraTrees": {
        "MSE": 0.6295863516921287,
        "MAE": 0.5823211543987522,
        "R2": 0.3811026252379428,
        "emission": 2.369051036169559e-07
    },
    "RandomForest": {
        "MSE": 0.5257849677159931,
        "MAE": 0.5068826291622137,
        "R2": 0.48314169242362026,
        "emission": 3.3664673599387696e-07
    },
    "KNeighbors": {
        "MSE": 0.7356608217414577,
        "MAE": 0.6426085493311376,
        "R2": 0.276829063928423,
        "emission": 3.1846877231778797e-09
    },
    "PLS": {
        "MSE": 0.581261679898075,
        "MAE": 0.5642842402582002,
        "R2": 0.42860685151158207,
        "emission": 4.7905141970494636e-08
    },
    "PLS-SKLEARN": {
        "MSE": 0.5812616798980756,
        "MAE": 0.5642842402582007,
        "R2": 0.4286068515115815,
        "emission": 2.384416838471311e-07
    },
    "XGBoost": {
        "MSE": 0.6693995654998288,
        "MAE": 0.5928035541247073,
        "R2": 0.3419653513116566,
        "emission": 6.352054061823094e-07
    },
    "CatBoost": {
        "MSE": 0.5873587560584617,
        "MAE": 0.5087795119686872,
        "R2": 0.42261329015300786,
        "emission": 2.0602532701364054e-06
    },
    "DNN": {
        "MSE": 0.9068745345547614,
        "MAE": 0.7168874563226882,
        "R2": 0.10852217941826547,
        "emission": 9.42308238497923e-06
    }
}