{
    "Linear-SVR": {
        "MSE": 0.45281307251250813,
        "MAE": 0.5491967486365484,
        "R2": 0.12453851339637356,
        "emission": 4.933810414854549e-10
    },
    "RBF-SVR": {
        "MSE": 0.37422511793029384,
        "MAE": 0.4811890418139822,
        "R2": 0.2764791964820702,
        "emission": 3.8901091846105e-10
    },
    "DecisionTree": {
        "MSE": 1.1100982324144026,
        "MAE": 0.7899238551038457,
        "R2": -1.1462460070622749,
        "emission": 4.666587263193202e-10
    },
    "ExtraTrees": {
        "MSE": 0.3933106033437965,
        "MAE": 0.5096815383675072,
        "R2": 0.2395796269975886,
        "emission": 5.1097880047210023e-08
    },
    "RandomForest": {
        "MSE": 0.37986614729663953,
        "MAE": 0.5119065286360741,
        "R2": 0.26557292134378063,
        "emission": 6.990912458231725e-08
    },
    "KNeighbors": {
        "MSE": 0.49472517761385676,
        "MAE": 0.5443456413976531,
        "R2": 0.04350632579825475,
        "emission": 5.09836820868553e-10
    },
    "PLS": {
        "MSE": 0.6310350935472736,
        "MAE": 0.6640047355439366,
        "R2": -0.22003306580927884,
        "emission": 2.646097218071608e-09
    },
    "PLS-SKLEARN": {
        "MSE": 0.5492908400604682,
        "MAE": 0.6120354904373883,
        "R2": -0.061990045359851864,
        "emission": 1.234127676449377e-09
    },
    "XGBoost": {
        "MSE": 0.47994877380959095,
        "MAE": 0.5437809809231933,
        "R2": 0.07207478644220122,
        "emission": 1.6628242063453172e-07
    },
    "CatBoost": {
        "MSE": 0.397493609390455,
        "MAE": 0.5048740926400815,
        "R2": 0.23149227061505306,
        "emission": 6.729677666444542e-07
    },
    "DNN": {
        "MSE": 0.6569037149679968,
        "MAE": 0.5926874517089944,
        "R2": -0.27004704097945753,
        "emission": 1.872571328498017e-06
    }
}