{
    "Linear-SVR": {
        "MSE": 0.5891517267647111,
        "MAE": 0.6123671086752289,
        "R2": -0.006168690656779274,
        "emission": 3.996439670963333e-09
    },
    "RBF-SVR": {
        "MSE": 0.6107397848501811,
        "MAE": 0.5716098245296697,
        "R2": -0.04303733951394295,
        "emission": 5.809783033546563e-09
    },
    "DecisionTree": {
        "MSE": 0.8670955169142722,
        "MAE": 0.6900956468358207,
        "R2": -0.48084834736710147,
        "emission": 5.218575354693922e-09
    },
    "ExtraTrees": {
        "MSE": 0.5598319098869547,
        "MAE": 0.5694644519781283,
        "R2": 0.04390445759687989,
        "emission": 2.8853882762869755e-07
    },
    "RandomForest": {
        "MSE": 0.5729821759262458,
        "MAE": 0.5762170647749199,
        "R2": 0.02144609014847887,
        "emission": 5.324217312827733e-07
    },
    "KNeighbors": {
        "MSE": 0.6152853699777268,
        "MAE": 0.5808614281766368,
        "R2": -0.05080040839463251,
        "emission": 5.15399657146605e-09
    },
    "PLS": {
        "MSE": 0.5048164430665995,
        "MAE": 0.5439436043666652,
        "R2": 0.13786130725339518,
        "emission": 8.851931971683165e-08
    },
    "PLS-SKLEARN": {
        "MSE": 0.7066699869013868,
        "MAE": 0.6262989692488542,
        "R2": -0.20686944151311093,
        "emission": 5.240451151643279e-07
    },
    "XGBoost": {
        "MSE": 0.6162598615508927,
        "MAE": 0.6179025717288815,
        "R2": -0.05246467052896042,
        "emission": 8.407354106417826e-07
    },
    "CatBoost": {
        "MSE": 0.5810542933925043,
        "MAE": 0.5772818694947838,
        "R2": 0.007660317328200605,
        "emission": 2.5161113619381855e-06
    },
    "DNN": {
        "MSE": 0.7133129734275332,
        "MAE": 0.648881079825389,
        "R2": -0.21821450722609415,
        "emission": 1.0470076551420227e-05
    }
}