{
    "Linear-SVR": {
        "MSE": 0.4471669922013534,
        "MAE": 0.485858525691908,
        "R2": 0.030253372083787755,
        "emission": 2.456340992829264e-09
    },
    "RBF-SVR": {
        "MSE": 0.33216421340837243,
        "MAE": 0.4162700868812514,
        "R2": 0.2796536160205536,
        "emission": 3.580940976330205e-09
    },
    "DecisionTree": {
        "MSE": 0.6553338119478125,
        "MAE": 0.5957559469370387,
        "R2": -0.421186638055135,
        "emission": 4.734295565385188e-09
    },
    "ExtraTrees": {
        "MSE": 0.35230387954020126,
        "MAE": 0.42945729840476965,
        "R2": 0.2359778222806055,
        "emission": 2.3201586237675851e-07
    },
    "RandomForest": {
        "MSE": 0.33347358813177697,
        "MAE": 0.4343537415860198,
        "R2": 0.27681404658710906,
        "emission": 3.3320340200022293e-07
    },
    "KNeighbors": {
        "MSE": 0.3259238479086702,
        "MAE": 0.4197533285931282,
        "R2": 0.29318675577782793,
        "emission": 3.8212607865956105e-09
    },
    "PLS": {
        "MSE": 0.39244657414918854,
        "MAE": 0.46947413719264014,
        "R2": 0.1489225534180797,
        "emission": 4.408286084272086e-08
    },
    "PLS-SKLEARN": {
        "MSE": 0.3788869893930928,
        "MAE": 0.49070512071396977,
        "R2": 0.17832848413858093,
        "emission": 2.3106052095088081e-07
    },
    "XGBoost": {
        "MSE": 0.31431243889589067,
        "MAE": 0.4301807633789333,
        "R2": 0.3183677841897563,
        "emission": 6.025035557886321e-07
    },
    "CatBoost": {
        "MSE": 0.3134257053077883,
        "MAE": 0.40889522441991794,
        "R2": 0.3202907948813307,
        "emission": 2.0072637351183823e-06
    },
    "DNN": {
        "MSE": 0.7571201689696712,
        "MAE": 0.6991939171251584,
        "R2": -0.6419251500904257,
        "emission": 8.807243609602123e-06
    }
}