{
    "Linear-SVR": {
        "MSE": 0.4471669922013534,
        "MAE": 0.485858525691908,
        "R2": 0.030253372083787755,
        "emission": 3.7065048742382314e-10
    },
    "RBF-SVR": {
        "MSE": 0.33216421340837243,
        "MAE": 0.4162700868812514,
        "R2": 0.2796536160205536,
        "emission": 3.7494156698177094e-10
    },
    "DecisionTree": {
        "MSE": 0.6553338119478125,
        "MAE": 0.5957559469370387,
        "R2": -0.421186638055135,
        "emission": 5.029902542091394e-10
    },
    "ExtraTrees": {
        "MSE": 0.35230387954020126,
        "MAE": 0.42945729840476965,
        "R2": 0.2359778222806055,
        "emission": 4.894962746768148e-08
    },
    "RandomForest": {
        "MSE": 0.33347358813177697,
        "MAE": 0.4343537415860198,
        "R2": 0.27681404658710906,
        "emission": 6.350984922404272e-08
    },
    "KNeighbors": {
        "MSE": 0.3259238479086702,
        "MAE": 0.4197533285931282,
        "R2": 0.29318675577782793,
        "emission": 3.3909909182292334e-10
    },
    "PLS": {
        "MSE": 0.39244657414918854,
        "MAE": 0.46947413719264014,
        "R2": 0.1489225534180797,
        "emission": 2.2293540382261262e-09
    },
    "PLS-SKLEARN": {
        "MSE": 0.3788869893930928,
        "MAE": 0.4907051207139698,
        "R2": 0.17832848413858093,
        "emission": 1.314896721728863e-09
    },
    "XGBoost": {
        "MSE": 0.31431243889589067,
        "MAE": 0.4301807633789333,
        "R2": 0.3183677841897563,
        "emission": 1.2483333982715015e-07
    },
    "CatBoost": {
        "MSE": 0.3134257053077883,
        "MAE": 0.40889522441991794,
        "R2": 0.3202907948813307,
        "emission": 6.001434741598871e-07
    },
    "DNN": {
        "MSE": 0.4988135177755362,
        "MAE": 0.5818611969295151,
        "R2": -0.08174962655570006,
        "emission": 1.6816115006893515e-06
    }
}