{
    "Linear-SVR": {
        "MSE": 1.0625168288222977,
        "MAE": 0.8076600419397274,
        "R2": 0.2547045250212149,
        "emission": 6.019123189725807e-10
    },
    "RBF-SVR": {
        "MSE": 0.7619225313382312,
        "MAE": 0.7186868868932756,
        "R2": 0.4655544274812259,
        "emission": 5.729720826123347e-10
    },
    "DecisionTree": {
        "MSE": 1.1627748924622832,
        "MAE": 0.7992475586258592,
        "R2": 0.18437916251016795,
        "emission": 6.905421533888942e-10
    },
    "ExtraTrees": {
        "MSE": 0.7742288929363417,
        "MAE": 0.7314192463549777,
        "R2": 0.45692221068830163,
        "emission": 6.204942641768436e-08
    },
    "RandomForest": {
        "MSE": 0.8033267102408524,
        "MAE": 0.7375893876609984,
        "R2": 0.43651173719693237,
        "emission": 1.1602319653610777e-07
    },
    "KNeighbors": {
        "MSE": 0.7726697495223127,
        "MAE": 0.6912015378353662,
        "R2": 0.4580158616308535,
        "emission": 5.08382244345539e-10
    },
    "PLS": {
        "MSE": 1.0809587156598752,
        "MAE": 0.8079097939816627,
        "R2": 0.24176858420853908,
        "emission": 4.486333937738784e-09
    },
    "PLS-SKLEARN": {
        "MSE": 1.0809587156598748,
        "MAE": 0.8079097939816627,
        "R2": 0.24176858420853942,
        "emission": 2.325291912881296e-09
    },
    "XGBoost": {
        "MSE": 0.7425951457077372,
        "MAE": 0.712012516666885,
        "R2": 0.47911149562624844,
        "emission": 1.8864126683416507e-07
    },
    "CatBoost": {
        "MSE": 0.7214476650195498,
        "MAE": 0.6860053804672441,
        "R2": 0.4939452575362382,
        "emission": 1.0206438184652645e-06
    },
    "DNN": {
        "MSE": 0.9013965954394463,
        "MAE": 0.7455880491828702,
        "R2": 0.36772125813109435,
        "emission": 2.166567637018663e-06
    }
}