{
    "Linear-SVR": {
        "MSE": 0.7059769943256329,
        "MAE": 0.6553848184438695,
        "R2": 0.41435538575462116,
        "emission": 6.299890242382549e-09
    },
    "RBF-SVR": {
        "MSE": 0.637090444803883,
        "MAE": 0.6292113279510042,
        "R2": 0.47150035938070534,
        "emission": 9.175850724651426e-09
    },
    "DecisionTree": {
        "MSE": 1.2131702250762122,
        "MAE": 0.8010610335497138,
        "R2": -0.006387763608943775,
        "emission": 6.950855317023649e-09
    },
    "ExtraTrees": {
        "MSE": 0.6546634124697724,
        "MAE": 0.6522344631451158,
        "R2": 0.45692266923987146,
        "emission": 4.3796409315643053e-07
    },
    "RandomForest": {
        "MSE": 0.6792406217001827,
        "MAE": 0.640410621321448,
        "R2": 0.4365345966331704,
        "emission": 1.0873576032029303e-06
    },
    "KNeighbors": {
        "MSE": 0.9064894497925096,
        "MAE": 0.7552747894546235,
        "R2": 0.24801988108925488,
        "emission": 7.368896480012673e-09
    },
    "PLS": {
        "MSE": 0.7811029944924054,
        "MAE": 0.6986563626229196,
        "R2": 0.35203446348505785,
        "emission": 1.8770167422907083e-07
    },
    "PLS-SKLEARN": {
        "MSE": 0.8399634232376237,
        "MAE": 0.7500379309205619,
        "R2": 0.30320667821177305,
        "emission": 5.630115073525992e-07
    },
    "XGBoost": {
        "MSE": 0.5844575729673587,
        "MAE": 0.5971651640219356,
        "R2": 0.5151620624830447,
        "emission": 1.0937211109537897e-06
    },
    "CatBoost": {
        "MSE": 0.5740196866331035,
        "MAE": 0.5994721777199888,
        "R2": 0.5238208317699973,
        "emission": 3.15866008512755e-06
    },
    "DNN": {
        "MSE": 1.2916995841354293,
        "MAE": 0.9634656971301038,
        "R2": -0.07153194899008786,
        "emission": 1.2279308381566508e-05
    }
}