{
    "Linear-SVR": {
        "MSE": 0.4087729120205,
        "MAE": 0.43709518365767625,
        "R2": -0.056309256034972055,
        "emission": 6.13190490181894e-10
    },
    "RBF-SVR": {
        "MSE": 0.3352580800523924,
        "MAE": 0.39260536550626524,
        "R2": 0.13366027271861936,
        "emission": 4.88384281716561e-10
    },
    "DecisionTree": {
        "MSE": 0.5398290899308866,
        "MAE": 0.514334529866768,
        "R2": -0.39497126057690957,
        "emission": 6.697961217236552e-10
    },
    "ExtraTrees": {
        "MSE": 0.3343155845814912,
        "MAE": 0.40447594089245936,
        "R2": 0.13609577336068268,
        "emission": 5.842730587965846e-08
    },
    "RandomForest": {
        "MSE": 0.3387240921119736,
        "MAE": 0.4132742563543525,
        "R2": 0.12470375795846134,
        "emission": 9.430906011993217e-08
    },
    "KNeighbors": {
        "MSE": 0.3579013982961957,
        "MAE": 0.45494669967417456,
        "R2": 0.07514771979516277,
        "emission": 3.8187638343569714e-10
    },
    "PLS": {
        "MSE": 0.34878839697810676,
        "MAE": 0.4249494274161347,
        "R2": 0.09869660808860603,
        "emission": 4.077040718190838e-09
    },
    "PLS-SKLEARN": {
        "MSE": 0.3487883969781068,
        "MAE": 0.4249494274161345,
        "R2": 0.09869660808860581,
        "emission": 2.439233529018343e-09
    },
    "XGBoost": {
        "MSE": 0.4137702589558506,
        "MAE": 0.4474480840609996,
        "R2": -0.06922289015357586,
        "emission": 1.9027536051397052e-07
    },
    "CatBoost": {
        "MSE": 0.3752652631877732,
        "MAE": 0.4382125969856594,
        "R2": 0.030277791612166705,
        "emission": 9.018351381595766e-07
    },
    "DNN": {
        "MSE": 34.08608718298234,
        "MAE": 1.335349245022165,
        "R2": -87.08178901931154,
        "emission": 2.0954252555286393e-06
    }
}