{
    "Linear-SVR": {
        "MSE": 0.7135327652191684,
        "MAE": 0.6517160042800055,
        "R2": 0.3975194273397842,
        "emission": 6.797379747570205e-10
    },
    "RBF-SVR": {
        "MSE": 0.5582982032529337,
        "MAE": 0.5856787135553914,
        "R2": 0.5285937274265469,
        "emission": 7.102357566462241e-10
    },
    "DecisionTree": {
        "MSE": 0.7361789757864474,
        "MAE": 0.7056509538420981,
        "R2": 0.3783978080165745,
        "emission": 7.133249517856688e-10
    },
    "ExtraTrees": {
        "MSE": 0.5411162417203109,
        "MAE": 0.6026374314109673,
        "R2": 0.5431015377587335,
        "emission": 6.495825789936981e-08
    },
    "RandomForest": {
        "MSE": 0.576592271538639,
        "MAE": 0.612008136476183,
        "R2": 0.513146895445858,
        "emission": 1.1666608797642307e-07
    },
    "KNeighbors": {
        "MSE": 0.7321681605030829,
        "MAE": 0.6588157448189171,
        "R2": 0.3817843915156709,
        "emission": 4.465487594828621e-10
    },
    "PLS": {
        "MSE": 0.7877659371100897,
        "MAE": 0.7166729632759588,
        "R2": 0.334839693357997,
        "emission": 5.1182635588175e-09
    },
    "PLS-SKLEARN": {
        "MSE": 0.787765937110089,
        "MAE": 0.7166729632759584,
        "R2": 0.33483969335799757,
        "emission": 2.55698324532552e-09
    },
    "XGBoost": {
        "MSE": 0.4903722560024385,
        "MAE": 0.5592978282005968,
        "R2": 0.5859478751164511,
        "emission": 2.2431812880736687e-07
    },
    "CatBoost": {
        "MSE": 0.4936099509411526,
        "MAE": 0.5733254309920691,
        "R2": 0.5832140857295315,
        "emission": 1.1163723412050037e-06
    },
    "DNN": {
        "MSE": 0.6398461808365958,
        "MAE": 0.6123168952025156,
        "R2": 0.4597376431249435,
        "emission": 2.2039268339800006e-06
    }
}