{
    "Linear-SVR": {
        "MSE": 0.43459379909999457,
        "MAE": 0.503062095179505,
        "R2": 0.1944456865930363,
        "emission": 7.74153465702006e-10
    },
    "RBF-SVR": {
        "MSE": 0.42898527048016033,
        "MAE": 0.5043260743018679,
        "R2": 0.20484154228847007,
        "emission": 7.852618023511486e-10
    },
    "DecisionTree": {
        "MSE": 0.6039651779595223,
        "MAE": 0.5762716777089916,
        "R2": -0.11949769016597012,
        "emission": 8.322262898222376e-10
    },
    "ExtraTrees": {
        "MSE": 0.41424479160361904,
        "MAE": 0.4893699232430351,
        "R2": 0.23216419706466007,
        "emission": 6.807767074495672e-08
    },
    "RandomForest": {
        "MSE": 0.4173483080395506,
        "MAE": 0.49347477803625195,
        "R2": 0.2264115815030221,
        "emission": 1.656507050604114e-07
    },
    "KNeighbors": {
        "MSE": 0.463719008053194,
        "MAE": 0.5289033366137396,
        "R2": 0.14045978585143226,
        "emission": 4.296996893772242e-10
    },
    "PLS": {
        "MSE": 0.4474438072984069,
        "MAE": 0.5162797406085807,
        "R2": 0.17062717019224394,
        "emission": 6.435672065441051e-09
    },
    "PLS-SKLEARN": {
        "MSE": 0.4328884850248228,
        "MAE": 0.5063835551242533,
        "R2": 0.19760662241819782,
        "emission": 2.685404412915009e-09
    },
    "XGBoost": {
        "MSE": 0.4037902525104369,
        "MAE": 0.4841774661867304,
        "R2": 0.25154252017611556,
        "emission": 2.514293779198495e-07
    },
    "CatBoost": {
        "MSE": 0.44070595587047967,
        "MAE": 0.5156125194336567,
        "R2": 0.1831163159004946,
        "emission": 1.3116510248072142e-06
    },
    "DNN": {
        "MSE": 0.5796862155785213,
        "MAE": 0.6235035445947983,
        "R2": -0.07449469446846213,
        "emission": 2.4300327081936954e-06
    }
}