{
    "Linear-SVR": {
        "MSE": 0.7713243702160205,
        "MAE": 0.7052811970881733,
        "R2": 0.4313128822613671,
        "emission": 4.891756601184691e-10
    },
    "RBF-SVR": {
        "MSE": 0.7095437349070693,
        "MAE": 0.6272466398025499,
        "R2": 0.4768629164396847,
        "emission": 5.824339596242916e-10
    },
    "DecisionTree": {
        "MSE": 0.8547814685302783,
        "MAE": 0.7163837869592984,
        "R2": 0.36978108250522446,
        "emission": 5.357585905891396e-10
    },
    "ExtraTrees": {
        "MSE": 0.6369892864456552,
        "MAE": 0.6442827153178912,
        "R2": 0.5303563386209158,
        "emission": 5.626117368068445e-08
    },
    "RandomForest": {
        "MSE": 0.6851757081657652,
        "MAE": 0.674277916456981,
        "R2": 0.4948291358767928,
        "emission": 8.861857206471278e-08
    },
    "KNeighbors": {
        "MSE": 0.7636983993102603,
        "MAE": 0.6830908795901598,
        "R2": 0.43693540837595213,
        "emission": 4.514878345899865e-10
    },
    "PLS": {
        "MSE": 0.8137454920375037,
        "MAE": 0.7298910267381655,
        "R2": 0.4000363578425389,
        "emission": 3.830869169937697e-09
    },
    "PLS-SKLEARN": {
        "MSE": 0.8906043292800294,
        "MAE": 0.78286927188143,
        "R2": 0.34336936751789315,
        "emission": 2.416294193152822e-09
    },
    "XGBoost": {
        "MSE": 0.6574811880016949,
        "MAE": 0.6423337373298504,
        "R2": 0.5152479343193321,
        "emission": 1.8043418273503665e-07
    },
    "CatBoost": {
        "MSE": 0.6084064009540794,
        "MAE": 0.6120913857370284,
        "R2": 0.5514301169099451,
        "emission": 8.697016685659135e-07
    },
    "DNN": {
        "MSE": 8.186226508793894,
        "MAE": 1.0067444276913506,
        "R2": -5.03559505988094,
        "emission": 2.021282794039585e-06
    }
}