{
    "Linear-SVR": {
        "MSE": 0.8545824493294435,
        "MAE": 0.7153566568231491,
        "R2": 0.2241539172964988,
        "emission": 3.8386870336122526e-09
    },
    "RBF-SVR": {
        "MSE": 0.6696249386109718,
        "MAE": 0.6460781600868045,
        "R2": 0.39207049488373413,
        "emission": 3.775948780391918e-09
    },
    "DecisionTree": {
        "MSE": 0.9223332495644839,
        "MAE": 0.7399369033935371,
        "R2": 0.1626452904768999,
        "emission": 5.4670224911029735e-09
    },
    "ExtraTrees": {
        "MSE": 0.6301702178749643,
        "MAE": 0.6168972582997958,
        "R2": 0.42789008204142864,
        "emission": 2.9086609654932435e-07
    },
    "RandomForest": {
        "MSE": 0.6196700142234858,
        "MAE": 0.6080632238616723,
        "R2": 0.437422856646127,
        "emission": 6.09643842234989e-07
    },
    "KNeighbors": {
        "MSE": 0.7862543882837911,
        "MAE": 0.6892294383597245,
        "R2": 0.28618661939866763,
        "emission": 5.571395635201425e-09
    },
    "PLS": {
        "MSE": 0.7833159071347073,
        "MAE": 0.6931828326551288,
        "R2": 0.2888543656066592,
        "emission": 8.014938531396214e-08
    },
    "PLS-SKLEARN": {
        "MSE": 0.7149825541196584,
        "MAE": 0.6433115355948865,
        "R2": 0.35089187210626127,
        "emission": 4.302730606337968e-07
    },
    "XGBoost": {
        "MSE": 0.7313172435364322,
        "MAE": 0.6560932663621294,
        "R2": 0.3360621680722894,
        "emission": 7.857346798939015e-07
    },
    "CatBoost": {
        "MSE": 0.6969495002677318,
        "MAE": 0.6421917149816571,
        "R2": 0.367263462935416,
        "emission": 2.496615424324832e-06
    },
    "DNN": {
        "MSE": 1.0641143448563413,
        "MAE": 0.8196539068900011,
        "R2": 0.0339270989555176,
        "emission": 9.224707130936898e-06
    }
}