{
    "Linear-SVR": {
        "MSE": 0.8545824493294435,
        "MAE": 0.7153566568231491,
        "R2": 0.2241539172964988,
        "emission": 4.798010276879678e-10
    },
    "RBF-SVR": {
        "MSE": 0.6696249386109718,
        "MAE": 0.6460781600868045,
        "R2": 0.39207049488373413,
        "emission": 5.660230159239943e-10
    },
    "DecisionTree": {
        "MSE": 0.9223332495644839,
        "MAE": 0.7399369033935371,
        "R2": 0.1626452904768999,
        "emission": 5.196046883296299e-10
    },
    "ExtraTrees": {
        "MSE": 0.6301702178749643,
        "MAE": 0.6168972582997958,
        "R2": 0.42789008204142864,
        "emission": 5.628667198791129e-08
    },
    "RandomForest": {
        "MSE": 0.6196700142234858,
        "MAE": 0.6080632238616723,
        "R2": 0.437422856646127,
        "emission": 8.429863970488214e-08
    },
    "KNeighbors": {
        "MSE": 0.7862543882837911,
        "MAE": 0.6892294383597245,
        "R2": 0.28618661939866763,
        "emission": 4.68808220422514e-10
    },
    "PLS": {
        "MSE": 0.7833159071347073,
        "MAE": 0.6931828326551288,
        "R2": 0.2888543656066592,
        "emission": 3.569221939998845e-09
    },
    "PLS-SKLEARN": {
        "MSE": 0.7149825541196584,
        "MAE": 0.6433115355948865,
        "R2": 0.35089187210626127,
        "emission": 2.3715511513891106e-09
    },
    "XGBoost": {
        "MSE": 0.7313172435364322,
        "MAE": 0.6560932663621294,
        "R2": 0.3360621680722894,
        "emission": 1.8707787901018945e-07
    },
    "CatBoost": {
        "MSE": 0.6969495002677318,
        "MAE": 0.6421917149816571,
        "R2": 0.367263462935416,
        "emission": 8.430139030895395e-07
    },
    "DNN": {
        "MSE": 0.9472584244553709,
        "MAE": 0.8177185022640727,
        "R2": 0.14001657944384727,
        "emission": 1.8857088018115074e-06
    }
}