{
    "Linear-SVR": {
        "MSE": 0.33472943060321514,
        "MAE": 0.4581044054367894,
        "R2": 0.32203144814889717,
        "emission": 4.612423695548114e-10
    },
    "RBF-SVR": {
        "MSE": 0.2396165295309036,
        "MAE": 0.40105450824902245,
        "R2": 0.5146752670271673,
        "emission": 5.102537235714097e-10
    },
    "DecisionTree": {
        "MSE": 0.7002236624438507,
        "MAE": 0.610823417382029,
        "R2": -0.4182488272495899,
        "emission": 5.050798699182088e-10
    },
    "ExtraTrees": {
        "MSE": 0.2463704940592475,
        "MAE": 0.38047419475828564,
        "R2": 0.5009956346677322,
        "emission": 5.36387065821323e-08
    },
    "RandomForest": {
        "MSE": 0.2645106315616295,
        "MAE": 0.4130794490259551,
        "R2": 0.4642541902996441,
        "emission": 7.906690376355327e-08
    },
    "KNeighbors": {
        "MSE": 0.3124822511944709,
        "MAE": 0.45494368340994074,
        "R2": 0.36709138799146557,
        "emission": 3.9851062287458743e-10
    },
    "PLS": {
        "MSE": 0.30254666506448147,
        "MAE": 0.4202606772677177,
        "R2": 0.3872151486306238,
        "emission": 3.1739568687507252e-09
    },
    "PLS-SKLEARN": {
        "MSE": 0.3025466650644815,
        "MAE": 0.42026067726771776,
        "R2": 0.38721514863062356,
        "emission": 1.2915806813691846e-09
    },
    "XGBoost": {
        "MSE": 0.2629586432508701,
        "MAE": 0.40261993408213553,
        "R2": 0.4673976224909493,
        "emission": 1.5713099259241726e-07
    },
    "CatBoost": {
        "MSE": 0.23208493612107076,
        "MAE": 0.38885981853868223,
        "R2": 0.5299299264934527,
        "emission": 7.825416679581229e-07
    },
    "DNN": {
        "MSE": 0.28181258174397084,
        "MAE": 0.42533907859944414,
        "R2": 0.42921042946814825,
        "emission": 1.6631232969108794e-06
    }
}