{
    "Linear-SVR": {
        "MSE": 0.39382076720055886,
        "MAE": 0.47981586100432333,
        "R2": 0.4246151047943024,
        "emission": 5.021458458907339e-10
    },
    "RBF-SVR": {
        "MSE": 0.2682874271976778,
        "MAE": 0.39161876366791143,
        "R2": 0.6080233800760241,
        "emission": 3.8491434627734526e-10
    },
    "DecisionTree": {
        "MSE": 0.8771700498508391,
        "MAE": 0.6644066752988945,
        "R2": -0.2815738509644683,
        "emission": 5.000087696898749e-10
    },
    "ExtraTrees": {
        "MSE": 0.3021744115428846,
        "MAE": 0.44221117825151285,
        "R2": 0.5585133984798167,
        "emission": 5.351353502972075e-08
    },
    "RandomForest": {
        "MSE": 0.33124551456624174,
        "MAE": 0.47618135178988225,
        "R2": 0.5160395754625307,
        "emission": 7.670401321310583e-08
    },
    "KNeighbors": {
        "MSE": 0.4184480902951559,
        "MAE": 0.4937871035402954,
        "R2": 0.38863378816971417,
        "emission": 3.7059287575369455e-10
    },
    "PLS": {
        "MSE": 0.4916959131104284,
        "MAE": 0.5393721113115261,
        "R2": 0.2816163468239973,
        "emission": 2.828687831319595e-09
    },
    "PLS-SKLEARN": {
        "MSE": 0.3726179502715395,
        "MAE": 0.4456374661626342,
        "R2": 0.45559310700452227,
        "emission": 1.301122291105007e-09
    },
    "XGBoost": {
        "MSE": 0.34700219160625556,
        "MAE": 0.44532148201710436,
        "R2": 0.49301856000947475,
        "emission": 1.4806948932287382e-07
    },
    "CatBoost": {
        "MSE": 0.2856535927896227,
        "MAE": 0.4076902517358783,
        "R2": 0.5826508497235114,
        "emission": 7.444852895340634e-07
    },
    "DNN": {
        "MSE": 0.6816986794633194,
        "MAE": 0.6229419299668864,
        "R2": 0.004016151730487416,
        "emission": 1.882389537603676e-06
    }
}