{
    "Linear-SVR": {
        "MSE": 0.6371958229371288,
        "MAE": 0.6501460812804112,
        "R2": 0.2978670703400126,
        "emission": 1.763604677860391e-09
    },
    "RBF-SVR": {
        "MSE": 0.5516423028321632,
        "MAE": 0.5874327792411634,
        "R2": 0.3921394141810851,
        "emission": 1.8221910291302414e-09
    },
    "DecisionTree": {
        "MSE": 0.6627592796722146,
        "MAE": 0.6465621601463208,
        "R2": 0.26969842245574494,
        "emission": 1.1747473634053906e-09
    },
    "ExtraTrees": {
        "MSE": 0.5444237745186149,
        "MAE": 0.6082678049326811,
        "R2": 0.40009358815740337,
        "emission": 9.457183447187548e-08
    },
    "RandomForest": {
        "MSE": 0.5442737917005948,
        "MAE": 0.613180189850309,
        "R2": 0.400258855837486,
        "emission": 2.818229873476847e-07
    },
    "KNeighbors": {
        "MSE": 0.6698473364065786,
        "MAE": 0.6539335658714114,
        "R2": 0.26188801651561344,
        "emission": 3.761334981266068e-09
    },
    "PLS": {
        "MSE": 0.6594613931858074,
        "MAE": 0.669294233066201,
        "R2": 0.27333239904039,
        "emission": 1.1442258439794407e-08
    },
    "PLS-SKLEARN": {
        "MSE": 0.6610157767051554,
        "MAE": 0.6668209860082608,
        "R2": 0.2716196071246736,
        "emission": 3.348070171026591e-09
    },
    "XGBoost": {
        "MSE": 0.5591486126582119,
        "MAE": 0.57297520911274,
        "R2": 0.3838681306613575,
        "emission": 3.972369644423737e-07
    },
    "CatBoost": {
        "MSE": 0.520404093865306,
        "MAE": 0.5681212995767115,
        "R2": 0.4265611325754859,
        "emission": 2.16244373547881e-06
    },
    "DNN": {
        "MSE": 3.9105090313419613,
        "MAE": 0.7754574735798052,
        "R2": -3.3090319550146905,
        "emission": 3.4877162139326696e-06
    }
}