{
    "Linear-SVR": {
        "MSE": 0.6178126514281769,
        "MAE": 0.6464668349698043,
        "R2": 0.21266286751511043,
        "emission": 6.749415438272836e-09
    },
    "RBF-SVR": {
        "MSE": 0.5265345687042009,
        "MAE": 0.5765081736768674,
        "R2": 0.32898716703290454,
        "emission": 6.876368978328181e-09
    },
    "DecisionTree": {
        "MSE": 0.6777145809921795,
        "MAE": 0.6553783664944242,
        "R2": 0.13632416945800774,
        "emission": 6.762435006193531e-09
    },
    "ExtraTrees": {
        "MSE": 0.5218324725799802,
        "MAE": 0.5842996678202301,
        "R2": 0.3349794931378397,
        "emission": 4.349106674467539e-07
    },
    "RandomForest": {
        "MSE": 0.49397353874286054,
        "MAE": 0.5750322934960399,
        "R2": 0.3704827691401992,
        "emission": 1.1300165515671178e-06
    },
    "KNeighbors": {
        "MSE": 0.6751341628830273,
        "MAE": 0.658379467831408,
        "R2": 0.13961264046936606,
        "emission": 5.468886970479184e-09
    },
    "PLS": {
        "MSE": 0.6073356504958003,
        "MAE": 0.6378627837853417,
        "R2": 0.22601470136323598,
        "emission": 1.7901816234119853e-07
    },
    "PLS-SKLEARN": {
        "MSE": 0.6432141360150322,
        "MAE": 0.6664168285411199,
        "R2": 0.18029135166926058,
        "emission": 5.475311793673914e-07
    },
    "XGBoost": {
        "MSE": 0.5239574451982253,
        "MAE": 0.5919898978132496,
        "R2": 0.33227143941962844,
        "emission": 1.1032466964590858e-06
    },
    "CatBoost": {
        "MSE": 0.48652813949520557,
        "MAE": 0.5598123043635541,
        "R2": 0.37997114604588844,
        "emission": 3.255350290272258e-06
    },
    "DNN": {
        "MSE": 0.675826882529281,
        "MAE": 0.6590969349198488,
        "R2": 0.13872984226405816,
        "emission": 1.412912388035475e-05
    }
}