{
    "Linear-SVR": {
        "MSE": 0.629093682258482,
        "MAE": 0.6028751949811586,
        "R2": 0.25371883139300033,
        "emission": 6.832061027223313e-10
    },
    "RBF-SVR": {
        "MSE": 0.4328870183857342,
        "MAE": 0.5107167449273519,
        "R2": 0.4864748461693048,
        "emission": 6.750281608698387e-10
    },
    "DecisionTree": {
        "MSE": 0.7014699394942526,
        "MAE": 0.647708599691008,
        "R2": 0.16786033471345685,
        "emission": 7.129991392816429e-10
    },
    "ExtraTrees": {
        "MSE": 0.38280495024253824,
        "MAE": 0.47906471546465856,
        "R2": 0.5458861952166839,
        "emission": 6.234935583311667e-08
    },
    "RandomForest": {
        "MSE": 0.37614267397421486,
        "MAE": 0.48312748165120867,
        "R2": 0.5537895194103994,
        "emission": 1.1470870357908335e-07
    },
    "KNeighbors": {
        "MSE": 0.43467008064318113,
        "MAE": 0.5101047934860425,
        "R2": 0.48435963531484294,
        "emission": 4.28453887056842e-10
    },
    "PLS": {
        "MSE": 0.6206802378794216,
        "MAE": 0.5847781193208953,
        "R2": 0.26369953105711696,
        "emission": 4.862804477366467e-09
    },
    "PLS-SKLEARN": {
        "MSE": 0.6206802378794216,
        "MAE": 0.5847781193208952,
        "R2": 0.26369953105711696,
        "emission": 2.4028708419713087e-09
    },
    "XGBoost": {
        "MSE": 0.37373422691163577,
        "MAE": 0.4685065436707991,
        "R2": 0.5566466116672106,
        "emission": 2.077179283761493e-07
    },
    "CatBoost": {
        "MSE": 0.4116669973888517,
        "MAE": 0.5020782821660815,
        "R2": 0.5116477298176766,
        "emission": 1.0597165603942535e-06
    },
    "DNN": {
        "MSE": 1.267521434538318,
        "MAE": 0.7412590946750528,
        "R2": -0.5036351565409836,
        "emission": 2.039813008317482e-06
    }
}