{
    "Linear-SVR": {
        "MSE": 0.7047424335385777,
        "MAE": 0.6868696610617008,
        "R2": -0.5090951875422354,
        "emission": 3.4767057351833005e-09
    },
    "RBF-SVR": {
        "MSE": 0.4532764918209493,
        "MAE": 0.5865097345352525,
        "R2": 0.029379614622598416,
        "emission": 3.7129151967946364e-09
    },
    "DecisionTree": {
        "MSE": 0.791132038500231,
        "MAE": 0.7562264522056523,
        "R2": -0.6940849524506789,
        "emission": 3.739159369252824e-09
    },
    "ExtraTrees": {
        "MSE": 0.47835878164218876,
        "MAE": 0.5912998452577728,
        "R2": -0.024330167931172042,
        "emission": 2.704096633862143e-07
    },
    "RandomForest": {
        "MSE": 0.4819903486104323,
        "MAE": 0.5900421119476298,
        "R2": -0.03210659797738913,
        "emission": 4.2309285031399943e-07
    },
    "KNeighbors": {
        "MSE": 0.4300036911459218,
        "MAE": 0.561581011968663,
        "R2": 0.07921466048888537,
        "emission": 6.1480460001904844e-09
    },
    "PLS": {
        "MSE": 0.5247166839174973,
        "MAE": 0.6045024427980042,
        "R2": -0.12359833158771982,
        "emission": 6.754791204686393e-08
    },
    "PLS-SKLEARN": {
        "MSE": 0.5247166839174974,
        "MAE": 0.6045024427980045,
        "R2": -0.12359833158772005,
        "emission": 2.482691184847744e-07
    },
    "XGBoost": {
        "MSE": 0.5311854626983632,
        "MAE": 0.6372838634802073,
        "R2": -0.1374502049288273,
        "emission": 7.555851044245632e-07
    },
    "CatBoost": {
        "MSE": 0.46665392430948016,
        "MAE": 0.5842656763958589,
        "R2": 0.0007339449007567334,
        "emission": 2.3676540809542327e-06
    },
    "DNN": {
        "MSE": 0.9742323436605733,
        "MAE": 0.8091252186342076,
        "R2": -1.086165485997637,
        "emission": 9.067645638434693e-06
    }
}