{
    "Linear-SVR": {
        "MSE": 0.5696943663827629,
        "MAE": 0.5827096598442711,
        "R2": 0.24094095804562998,
        "emission": 7.011463426682053e-10
    },
    "RBF-SVR": {
        "MSE": 0.43471567268388267,
        "MAE": 0.5274350326315389,
        "R2": 0.4207861592082589,
        "emission": 6.337283035047358e-10
    },
    "DecisionTree": {
        "MSE": 0.47443739998927736,
        "MAE": 0.525162482320574,
        "R2": 0.3678610504966382,
        "emission": 7.55914511959331e-10
    },
    "ExtraTrees": {
        "MSE": 0.4606071102266636,
        "MAE": 0.5394472048362989,
        "R2": 0.3862884865336439,
        "emission": 6.47280565796419e-08
    },
    "RandomForest": {
        "MSE": 0.4989943842507823,
        "MAE": 0.5452507594590539,
        "R2": 0.3351413993173905,
        "emission": 1.237002704023811e-07
    },
    "KNeighbors": {
        "MSE": 0.4367531925737354,
        "MAE": 0.5424128500220285,
        "R2": 0.41807137390087623,
        "emission": 4.871669444031675e-10
    },
    "PLS": {
        "MSE": 0.5735960253596166,
        "MAE": 0.5866617137932211,
        "R2": 0.2357423994855241,
        "emission": 5.2065678485519685e-09
    },
    "PLS-SKLEARN": {
        "MSE": 0.5720629745892652,
        "MAE": 0.6023666808780579,
        "R2": 0.2377850316716189,
        "emission": 2.4390670908367503e-09
    },
    "XGBoost": {
        "MSE": 0.4014540854557998,
        "MAE": 0.5039832225522614,
        "R2": 0.46510379691905057,
        "emission": 2.128056323210875e-07
    },
    "CatBoost": {
        "MSE": 0.4265839493578498,
        "MAE": 0.5185811317444339,
        "R2": 0.43162084264823763,
        "emission": 1.1476575458304007e-06
    },
    "DNN": {
        "MSE": 4.670214586941576,
        "MAE": 0.8773591459131053,
        "R2": -5.222579718654657,
        "emission": 2.189881727954342e-06
    }
}