{
    "Linear-SVR": {
        "MSE": 0.3022244001463597,
        "MAE": 0.4025598529519531,
        "R2": -1.0777851254546942,
        "emission": 4.73514405078871e-10
    },
    "RBF-SVR": {
        "MSE": 0.23100510145164027,
        "MAE": 0.4189624094529812,
        "R2": -0.5881542438927132,
        "emission": 3.63092580352831e-10
    },
    "DecisionTree": {
        "MSE": 0.5386541883857837,
        "MAE": 0.6021279759606186,
        "R2": -2.7032339541408557,
        "emission": 4.765348465117666e-10
    },
    "ExtraTrees": {
        "MSE": 0.29965635142724595,
        "MAE": 0.48040958221012836,
        "R2": -1.0601298553063088,
        "emission": 5.016666413342627e-08
    },
    "RandomForest": {
        "MSE": 0.2876510491728499,
        "MAE": 0.47580827090563166,
        "R2": -0.9775937052181893,
        "emission": 6.481825100304723e-08
    },
    "KNeighbors": {
        "MSE": 0.36880295344957276,
        "MAE": 0.5186278137521884,
        "R2": -1.5355109995426757,
        "emission": 3.526756189220084e-10
    },
    "PLS": {
        "MSE": 0.42201788712746785,
        "MAE": 0.5304039781326848,
        "R2": -1.90136232588973,
        "emission": 2.2946070225724665e-09
    },
    "PLS-SKLEARN": {
        "MSE": 0.42201788712746807,
        "MAE": 0.5304039781326851,
        "R2": -1.9013623258897314,
        "emission": 1.2733940729564076e-09
    },
    "XGBoost": {
        "MSE": 0.39708207274926655,
        "MAE": 0.5320348971842941,
        "R2": -1.7299292312056638,
        "emission": 1.3476779290277872e-07
    },
    "CatBoost": {
        "MSE": 0.2577426710824507,
        "MAE": 0.43986931265844315,
        "R2": -0.771974360477619,
        "emission": 6.100290361621223e-07
    },
    "DNN": {
        "MSE": 44.44309710890621,
        "MAE": 1.661887478608162,
        "R2": -304.54517126116997,
        "emission": 1.6025567553402282e-06
    }
}