{
    "Linear-SVR": {
        "MSE": 0.7047424335385777,
        "MAE": 0.6868696610617008,
        "R2": -0.5090951875422354,
        "emission": 4.680596998086849e-10
    },
    "RBF-SVR": {
        "MSE": 0.4532764918209493,
        "MAE": 0.5865097345352525,
        "R2": 0.029379614622598416,
        "emission": 3.509007986567339e-10
    },
    "DecisionTree": {
        "MSE": 0.791132038500231,
        "MAE": 0.7562264522056523,
        "R2": -0.6940849524506789,
        "emission": 5.622299375151087e-10
    },
    "ExtraTrees": {
        "MSE": 0.47835878164218876,
        "MAE": 0.5912998452577728,
        "R2": -0.024330167931172042,
        "emission": 5.351465714673051e-08
    },
    "RandomForest": {
        "MSE": 0.4819903486104323,
        "MAE": 0.5900421119476298,
        "R2": -0.03210659797738913,
        "emission": 7.540243726712788e-08
    },
    "KNeighbors": {
        "MSE": 0.4300036911459218,
        "MAE": 0.561581011968663,
        "R2": 0.07921466048888537,
        "emission": 3.9294525868959237e-10
    },
    "PLS": {
        "MSE": 0.5247166839174973,
        "MAE": 0.6045024427980042,
        "R2": -0.12359833158771982,
        "emission": 3.0770946094252e-09
    },
    "PLS-SKLEARN": {
        "MSE": 0.5247166839174974,
        "MAE": 0.6045024427980045,
        "R2": -0.12359833158772005,
        "emission": 1.2584428996196189e-09
    },
    "XGBoost": {
        "MSE": 0.5311854626983632,
        "MAE": 0.6372838634802073,
        "R2": -0.1374502049288273,
        "emission": 1.690407637946517e-07
    },
    "CatBoost": {
        "MSE": 0.46665392430948016,
        "MAE": 0.5842656763958589,
        "R2": 0.0007339449007567334,
        "emission": 7.450289898787225e-07
    },
    "DNN": {
        "MSE": 0.9491635414726591,
        "MAE": 0.7966592569719256,
        "R2": -1.0324845850913649,
        "emission": 1.8859373687659101e-06
    }
}