{
    "Linear-SVR": {
        "MSE": 0.4938248377694818,
        "MAE": 0.5830715065798886,
        "R2": 0.14767242329519226,
        "emission": 4.1875089044749847e-10
    },
    "RBF-SVR": {
        "MSE": 0.32218652619212873,
        "MAE": 0.43912150709452746,
        "R2": 0.44391525068557847,
        "emission": 3.7179582037151684e-10
    },
    "DecisionTree": {
        "MSE": 0.6171974347831705,
        "MAE": 0.5294547801429224,
        "R2": -0.0652651582153232,
        "emission": 4.559743007397735e-10
    },
    "ExtraTrees": {
        "MSE": 0.36711156750474183,
        "MAE": 0.4364088337281405,
        "R2": 0.36637591149742466,
        "emission": 4.971824286314264e-08
    },
    "RandomForest": {
        "MSE": 0.3335442078292424,
        "MAE": 0.4499981777554876,
        "R2": 0.42431221631721683,
        "emission": 6.550677752515032e-08
    },
    "KNeighbors": {
        "MSE": 0.49887836753651316,
        "MAE": 0.5284320060808596,
        "R2": 0.13895017514016916,
        "emission": 4.096862390259522e-10
    },
    "PLS": {
        "MSE": 0.43034439109671707,
        "MAE": 0.5246731101243923,
        "R2": 0.25723786258156756,
        "emission": 2.2703680830145026e-09
    },
    "PLS-SKLEARN": {
        "MSE": 0.41736996227866424,
        "MAE": 0.49791075043557836,
        "R2": 0.27963135644382264,
        "emission": 1.3158196940043087e-09
    },
    "XGBoost": {
        "MSE": 0.3739738288098937,
        "MAE": 0.46746935293719255,
        "R2": 0.35453184432706175,
        "emission": 1.3546303977569605e-07
    },
    "CatBoost": {
        "MSE": 0.34437447311650066,
        "MAE": 0.44981876781271474,
        "R2": 0.4056194875167508,
        "emission": 6.148968029193708e-07
    },
    "DNN": {
        "MSE": 0.543794546441757,
        "MAE": 0.6127482463198118,
        "R2": 0.061426132214210116,
        "emission": 1.552963415899048e-06
    }
}