{
    "Linear-SVR": {
        "MSE": 0.3550186501630781,
        "MAE": 0.4568626251891051,
        "R2": -0.14744180873221446,
        "emission": 6.121146829167246e-10
    },
    "RBF-SVR": {
        "MSE": 0.2786319381069744,
        "MAE": 0.3990144837697648,
        "R2": 0.09944467738478435,
        "emission": 6.693512931232854e-10
    },
    "DecisionTree": {
        "MSE": 0.6022195605438221,
        "MAE": 0.5664812654457407,
        "R2": -0.9464101434865628,
        "emission": 7.232806794407283e-10
    },
    "ExtraTrees": {
        "MSE": 0.29762279459336805,
        "MAE": 0.438691333513775,
        "R2": 0.03806507745077592,
        "emission": 6.38088588806026e-08
    },
    "RandomForest": {
        "MSE": 0.294736056196793,
        "MAE": 0.4380514878441943,
        "R2": 0.04739519102531986,
        "emission": 1.1833141467595235e-07
    },
    "KNeighbors": {
        "MSE": 0.38211097715723236,
        "MAE": 0.4871276268552588,
        "R2": -0.2350058526906298,
        "emission": 4.5999060185285176e-10
    },
    "PLS": {
        "MSE": 0.30652559049334854,
        "MAE": 0.4466612472179162,
        "R2": 0.009290701159404002,
        "emission": 4.994852194806414e-09
    },
    "PLS-SKLEARN": {
        "MSE": 0.3065255904933486,
        "MAE": 0.44666124721791634,
        "R2": 0.00929070115940378,
        "emission": 2.549972972421098e-09
    },
    "XGBoost": {
        "MSE": 0.3358751338191718,
        "MAE": 0.45440969138690446,
        "R2": -0.08556880288010937,
        "emission": 2.1707868802332357e-07
    },
    "CatBoost": {
        "MSE": 0.29853647476611717,
        "MAE": 0.4402351198637869,
        "R2": 0.03511200771897327,
        "emission": 1.1094848503264374e-06
    },
    "DNN": {
        "MSE": 0.34789793396904806,
        "MAE": 0.4769878277698819,
        "R2": -0.12442722213121926,
        "emission": 2.240643977210134e-06
    }
}