{
    "Linear-SVR": {
        "MSE": 0.4933464690102607,
        "MAE": 0.5493269762674794,
        "R2": -0.34975974832374446,
        "emission": 7.867597959305755e-10
    },
    "RBF-SVR": {
        "MSE": 0.374608560992157,
        "MAE": 0.4806611858108835,
        "R2": -0.02490154235638742,
        "emission": 6.297572691795984e-10
    },
    "DecisionTree": {
        "MSE": 0.7373293982603061,
        "MAE": 0.6767216571645682,
        "R2": -1.0172791446629974,
        "emission": 6.875824315248046e-10
    },
    "ExtraTrees": {
        "MSE": 0.3814083681382304,
        "MAE": 0.47917192620761984,
        "R2": -0.043505315888094254,
        "emission": 6.176827431192141e-08
    },
    "RandomForest": {
        "MSE": 0.3850544433656996,
        "MAE": 0.4835961353098006,
        "R2": -0.053480710241825546,
        "emission": 1.0928706714345082e-07
    },
    "KNeighbors": {
        "MSE": 0.35879387162034265,
        "MAE": 0.48189028462511424,
        "R2": 0.018366287631617184,
        "emission": 3.6908764014980783e-10
    },
    "PLS": {
        "MSE": 0.43999861668991375,
        "MAE": 0.5303162155739052,
        "R2": -0.20380393786465278,
        "emission": 4.7274996697863525e-09
    },
    "PLS-SKLEARN": {
        "MSE": 0.3813144262792638,
        "MAE": 0.48880237103022006,
        "R2": -0.043248297853344164,
        "emission": 2.420280537868934e-09
    },
    "XGBoost": {
        "MSE": 0.4268892526339115,
        "MAE": 0.5157182023170568,
        "R2": -0.16793767948357585,
        "emission": 2.2210736109066567e-07
    },
    "CatBoost": {
        "MSE": 0.3666322102985678,
        "MAE": 0.47272048385820925,
        "R2": -0.0030788319875068026,
        "emission": 1.0293337444812187e-06
    },
    "DNN": {
        "MSE": 9.41761771737269,
        "MAE": 0.9725737922880358,
        "R2": -24.765911217550077,
        "emission": 2.165757004226122e-06
    }
}