{
    "Linear-SVR": {
        "MSE": 0.4933464690102607,
        "MAE": 0.5493269762674794,
        "R2": -0.34975974832374446,
        "emission": 4.096606717695751e-09
    },
    "RBF-SVR": {
        "MSE": 0.374608560992157,
        "MAE": 0.4806611858108835,
        "R2": -0.02490154235638742,
        "emission": 4.264621319986466e-09
    },
    "DecisionTree": {
        "MSE": 0.7373293982603061,
        "MAE": 0.6767216571645682,
        "R2": -1.0172791446629974,
        "emission": 4.796386703114564e-09
    },
    "ExtraTrees": {
        "MSE": 0.3814083681382304,
        "MAE": 0.47917192620761984,
        "R2": -0.043505315888094254,
        "emission": 3.253646311297264e-07
    },
    "RandomForest": {
        "MSE": 0.3850544433656996,
        "MAE": 0.4835961353098006,
        "R2": -0.053480710241825546,
        "emission": 6.159499569587215e-07
    },
    "KNeighbors": {
        "MSE": 0.35879387162034265,
        "MAE": 0.48189028462511424,
        "R2": 0.018366287631617184,
        "emission": 5.060531230619173e-09
    },
    "PLS": {
        "MSE": 0.4874515516264749,
        "MAE": 0.5439906314664565,
        "R2": -0.3336316868007938,
        "emission": 1.055602108410157e-07
    },
    "PLS-SKLEARN": {
        "MSE": 0.47434995739179736,
        "MAE": 0.538913424311528,
        "R2": -0.2977866860808831,
        "emission": 5.653332166899711e-07
    },
    "XGBoost": {
        "MSE": 0.4268892526339115,
        "MAE": 0.5157182023170568,
        "R2": -0.16793767948357585,
        "emission": 8.882554650856252e-07
    },
    "CatBoost": {
        "MSE": 0.3666322102985678,
        "MAE": 0.47272048385820925,
        "R2": -0.0030788319875068026,
        "emission": 2.2947199255256716e-06
    },
    "DNN": {
        "MSE": 9.10659302097286,
        "MAE": 0.96062066759125,
        "R2": -23.914970464335987,
        "emission": 1.0425798115668961e-05
    }
}