{
    "Linear-SVR": {
        "MSE": 0.4453769670500104,
        "MAE": 0.5439314542508801,
        "R2": 0.30017137427823115,
        "emission": 5.554858528079775e-10
    },
    "RBF-SVR": {
        "MSE": 0.4404406586851947,
        "MAE": 0.5309254374461571,
        "R2": 0.3079278820338285,
        "emission": 4.977749438950266e-10
    },
    "DecisionTree": {
        "MSE": 0.7574026732086635,
        "MAE": 0.6266066595590568,
        "R2": -0.19012008057007268,
        "emission": 5.972472674914957e-10
    },
    "ExtraTrees": {
        "MSE": 0.4361222210689989,
        "MAE": 0.5505787481505943,
        "R2": 0.31471351866480435,
        "emission": 5.763616650698291e-08
    },
    "RandomForest": {
        "MSE": 0.47280262850045723,
        "MAE": 0.5841510059556506,
        "R2": 0.2570769522889109,
        "emission": 9.075199316590251e-08
    },
    "KNeighbors": {
        "MSE": 0.5616391279387278,
        "MAE": 0.619038458641265,
        "R2": 0.11748660542475287,
        "emission": 4.214303344746972e-10
    },
    "PLS": {
        "MSE": 0.44460787427398546,
        "MAE": 0.5192459115407273,
        "R2": 0.3013798632220197,
        "emission": 3.6133750285822627e-09
    },
    "PLS-SKLEARN": {
        "MSE": 0.4829368533803379,
        "MAE": 0.5550345170673859,
        "R2": 0.24115286731114893,
        "emission": 2.404022446372518e-09
    },
    "XGBoost": {
        "MSE": 0.48402838558904987,
        "MAE": 0.567351243959122,
        "R2": 0.23943772364170057,
        "emission": 1.7849966166651602e-07
    },
    "CatBoost": {
        "MSE": 0.43431015407144863,
        "MAE": 0.554141779454253,
        "R2": 0.31756085126265055,
        "emission": 8.277690936835513e-07
    },
    "DNN": {
        "MSE": 0.4516035993626457,
        "MAE": 0.5488643664441265,
        "R2": 0.2903873579131975,
        "emission": 1.8538242627205134e-06
    }
}