{
    "Linear-SVR": {
        "MSE": 0.6810071923906228,
        "MAE": 0.624451936794516,
        "R2": 0.308889582767487,
        "emission": 4.956693156806569e-10
    },
    "RBF-SVR": {
        "MSE": 0.4303968597131772,
        "MAE": 0.4677540892085516,
        "R2": 0.563217897526521,
        "emission": 5.599657239615967e-10
    },
    "DecisionTree": {
        "MSE": 0.3589488423352572,
        "MAE": 0.42753016102272423,
        "R2": 0.6357258969312716,
        "emission": 6.297494889509092e-10
    },
    "ExtraTrees": {
        "MSE": 0.36789567309896287,
        "MAE": 0.43833305825375785,
        "R2": 0.626646333585828,
        "emission": 5.8158138683338e-08
    },
    "RandomForest": {
        "MSE": 0.40400768259230435,
        "MAE": 0.46864736562998327,
        "R2": 0.5899985768118698,
        "emission": 9.65314762160214e-08
    },
    "KNeighbors": {
        "MSE": 0.6685667034213915,
        "MAE": 0.6105923575633433,
        "R2": 0.32151463521652246,
        "emission": 4.838746170710539e-10
    },
    "PLS": {
        "MSE": 0.6808822977029476,
        "MAE": 0.6012231187972203,
        "R2": 0.3090163303564608,
        "emission": 3.946508081432673e-09
    },
    "PLS-SKLEARN": {
        "MSE": 0.5409802966021409,
        "MAE": 0.5463896589503175,
        "R2": 0.45099387689752934,
        "emission": 2.380568217257159e-09
    },
    "XGBoost": {
        "MSE": 0.41990691025604737,
        "MAE": 0.4709237928807588,
        "R2": 0.5738634728259762,
        "emission": 1.987570565905453e-07
    },
    "CatBoost": {
        "MSE": 0.3571470197463994,
        "MAE": 0.4257986108855847,
        "R2": 0.637554450836544,
        "emission": 8.912377545573325e-07
    },
    "DNN": {
        "MSE": 0.7668360646199424,
        "MAE": 0.6448398166707391,
        "R2": 0.22178737832707196,
        "emission": 1.90350250397157e-06
    }
}