{
    "Linear-SVR": {
        "MSE": 0.6810071923906228,
        "MAE": 0.624451936794516,
        "R2": 0.308889582767487,
        "emission": 5.482084135528835e-09
    },
    "RBF-SVR": {
        "MSE": 0.4303968597131772,
        "MAE": 0.4677540892085516,
        "R2": 0.563217897526521,
        "emission": 4.851524080617492e-09
    },
    "DecisionTree": {
        "MSE": 0.3589488423352572,
        "MAE": 0.42753016102272423,
        "R2": 0.6357258969312716,
        "emission": 5.864667668452096e-09
    },
    "ExtraTrees": {
        "MSE": 0.36789567309896287,
        "MAE": 0.43833305825375785,
        "R2": 0.626646333585828,
        "emission": 3.190027399091695e-07
    },
    "RandomForest": {
        "MSE": 0.40400768259230435,
        "MAE": 0.46864736562998327,
        "R2": 0.5899985768118698,
        "emission": 6.033707142539844e-07
    },
    "KNeighbors": {
        "MSE": 0.6685667034213915,
        "MAE": 0.6105923575633433,
        "R2": 0.32151463521652246,
        "emission": 1.6043025426965047e-08
    },
    "PLS": {
        "MSE": 0.6808822977029476,
        "MAE": 0.6012231187972203,
        "R2": 0.3090163303564608,
        "emission": 8.942485681908326e-08
    },
    "PLS-SKLEARN": {
        "MSE": 0.5409802966021409,
        "MAE": 0.5463896589503175,
        "R2": 0.45099387689752934,
        "emission": 8.023264494733616e-07
    },
    "XGBoost": {
        "MSE": 0.41990691025604737,
        "MAE": 0.4709237928807588,
        "R2": 0.5738634728259762,
        "emission": 2.1263637033455893e-06
    },
    "CatBoost": {
        "MSE": 0.3571470197463994,
        "MAE": 0.4257986108855847,
        "R2": 0.637554450836544,
        "emission": 2.1682999042861867e-06
    },
    "DNN": {
        "MSE": 0.6911915662151342,
        "MAE": 0.6032316753405249,
        "R2": 0.29855411653195163,
        "emission": 1.0297348321118085e-05
    }
}