{
    "Linear-SVR": {
        "MSE": 0.5331702723144317,
        "MAE": 0.6034082758445641,
        "R2": 0.2652007950960201,
        "emission": 5.6979125467065384e-09
    },
    "RBF-SVR": {
        "MSE": 0.4055068595523888,
        "MAE": 0.5212996864291577,
        "R2": 0.4411426640709579,
        "emission": 4.928546657740959e-09
    },
    "DecisionTree": {
        "MSE": 0.9238791943289876,
        "MAE": 0.7068028552730109,
        "R2": -0.2732624691796688,
        "emission": 5.373698707290908e-09
    },
    "ExtraTrees": {
        "MSE": 0.4396829386928428,
        "MAE": 0.5552900659674943,
        "R2": 0.3940422215235324,
        "emission": 3.700530629127959e-07
    },
    "RandomForest": {
        "MSE": 0.4399111942946023,
        "MAE": 0.5549690265006589,
        "R2": 0.39372764653052006,
        "emission": 7.631407446592353e-07
    },
    "KNeighbors": {
        "MSE": 0.5302993020737706,
        "MAE": 0.5889899725065353,
        "R2": 0.26915747977947635,
        "emission": 7.0425336085637024e-09
    },
    "PLS": {
        "MSE": 0.5428065451259885,
        "MAE": 0.6163375832151444,
        "R2": 0.2519203742476611,
        "emission": 1.4152598854153291e-07
    },
    "PLS-SKLEARN": {
        "MSE": 0.6207866891632997,
        "MAE": 0.6413225890647278,
        "R2": 0.14445048927417525,
        "emission": 5.916209828816177e-07
    },
    "XGBoost": {
        "MSE": 0.40922450073744276,
        "MAE": 0.5246109270369256,
        "R2": 0.4360191230021023,
        "emission": 1.1409310810006735e-06
    },
    "CatBoost": {
        "MSE": 0.3805064977511987,
        "MAE": 0.5164925740449328,
        "R2": 0.47559740944541995,
        "emission": 2.589973173109251e-06
    },
    "DNN": {
        "MSE": 22.59154629970219,
        "MAE": 1.069962703090563,
        "R2": -30.13498842782966,
        "emission": 1.1961979966718832e-05
    }
}