{
    "Linear-SVR": {
        "MSE": 0.5331702723144317,
        "MAE": 0.6034082758445641,
        "R2": 0.2652007950960201,
        "emission": 7.186612704458228e-10
    },
    "RBF-SVR": {
        "MSE": 0.4055068595523888,
        "MAE": 0.5212996864291577,
        "R2": 0.4411426640709579,
        "emission": 7.988235054214718e-10
    },
    "DecisionTree": {
        "MSE": 0.9238791943289876,
        "MAE": 0.7068028552730109,
        "R2": -0.2732624691796688,
        "emission": 8.278151896463377e-10
    },
    "ExtraTrees": {
        "MSE": 0.4396829386928428,
        "MAE": 0.5552900659674943,
        "R2": 0.3940422215235324,
        "emission": 6.865473922494552e-08
    },
    "RandomForest": {
        "MSE": 0.4399111942946023,
        "MAE": 0.5549690265006589,
        "R2": 0.39372764653052006,
        "emission": 1.3369882597294528e-07
    },
    "KNeighbors": {
        "MSE": 0.5302993020737706,
        "MAE": 0.5889899725065353,
        "R2": 0.26915747977947635,
        "emission": 4.1616470937289973e-10
    },
    "PLS": {
        "MSE": 0.5428065451259885,
        "MAE": 0.6163375832151444,
        "R2": 0.2519203742476611,
        "emission": 6.1045207397992916e-09
    },
    "PLS-SKLEARN": {
        "MSE": 0.6207866891632997,
        "MAE": 0.6413225890647278,
        "R2": 0.14445048927417525,
        "emission": 2.565814717524037e-09
    },
    "XGBoost": {
        "MSE": 0.40922450073744276,
        "MAE": 0.5246109270369256,
        "R2": 0.4360191230021023,
        "emission": 2.655868588530439e-07
    },
    "CatBoost": {
        "MSE": 0.3805064977511987,
        "MAE": 0.5164925740449328,
        "R2": 0.47559740944541995,
        "emission": 1.2725681106638282e-06
    },
    "DNN": {
        "MSE": 0.5862425124892855,
        "MAE": 0.6369045514561377,
        "R2": 0.19205823275158895,
        "emission": 2.3603434153649667e-06
    }
}