{
    "Linear-SVR": {
        "MSE": 0.2597581208296457,
        "MAE": 0.4195232259033688,
        "R2": 0.12103561436054433,
        "emission": 5.743841074762205e-10
    },
    "RBF-SVR": {
        "MSE": 0.2527931170219677,
        "MAE": 0.3925915260612763,
        "R2": 0.14460365632681293,
        "emission": 4.785403462527896e-10
    },
    "DecisionTree": {
        "MSE": 0.6894868639316936,
        "MAE": 0.5911358331915969,
        "R2": -1.3330719972356313,
        "emission": 4.95336727369778e-10
    },
    "ExtraTrees": {
        "MSE": 0.2617005386357923,
        "MAE": 0.39946271033413633,
        "R2": 0.11446289945106725,
        "emission": 5.672884178837583e-08
    },
    "RandomForest": {
        "MSE": 0.2581315054921706,
        "MAE": 0.4008383093051313,
        "R2": 0.1265397231299219,
        "emission": 8.569729799889806e-08
    },
    "KNeighbors": {
        "MSE": 0.26213377109190156,
        "MAE": 0.421527135126263,
        "R2": 0.11299693604477623,
        "emission": 3.61199860153306e-10
    },
    "PLS": {
        "MSE": 0.2951660233753976,
        "MAE": 0.44223872002423814,
        "R2": 0.0012230548590105306,
        "emission": 3.551380410242006e-09
    },
    "PLS-SKLEARN": {
        "MSE": 0.29516602337539816,
        "MAE": 0.44223872002423864,
        "R2": 0.0012230548590086432,
        "emission": 2.28008882251733e-09
    },
    "XGBoost": {
        "MSE": 0.2549732226304852,
        "MAE": 0.41317176533089617,
        "R2": 0.1372266581382695,
        "emission": 1.9215543770515738e-07
    },
    "CatBoost": {
        "MSE": 0.2455483624150878,
        "MAE": 0.3897716137554503,
        "R2": 0.1691183135079103,
        "emission": 8.27753157006879e-07
    },
    "DNN": {
        "MSE": 0.38172268942344467,
        "MAE": 0.5270109100753907,
        "R2": -0.29166567775472774,
        "emission": 1.939408737755756e-06
    }
}