{
    "Linear-SVR": {
        "MSE": 0.6388453325380253,
        "MAE": 0.6641112546207601,
        "R2": 0.291775995165813,
        "emission": 5.356834402248351e-10
    },
    "RBF-SVR": {
        "MSE": 0.5591027701495203,
        "MAE": 0.6226446286897811,
        "R2": 0.38017860846527796,
        "emission": 6.836485951006825e-10
    },
    "DecisionTree": {
        "MSE": 1.4335252749896552,
        "MAE": 0.9408863997275704,
        "R2": -0.5892062750944067,
        "emission": 8.008062378859398e-10
    },
    "ExtraTrees": {
        "MSE": 0.5880943777541162,
        "MAE": 0.627999228759893,
        "R2": 0.34803850913523215,
        "emission": 6.094453105391954e-08
    },
    "RandomForest": {
        "MSE": 0.5795133259082067,
        "MAE": 0.6264013556745818,
        "R2": 0.357551464140876,
        "emission": 1.0469738649864178e-07
    },
    "KNeighbors": {
        "MSE": 0.6901683456431533,
        "MAE": 0.6945923631512669,
        "R2": 0.2348792972795407,
        "emission": 4.854023137940387e-10
    },
    "PLS": {
        "MSE": 0.7290385395793052,
        "MAE": 0.687636509313019,
        "R2": 0.19178779607254948,
        "emission": 4.705320445260961e-09
    },
    "PLS-SKLEARN": {
        "MSE": 0.6249656988244408,
        "MAE": 0.6449018736510901,
        "R2": 0.3071629586037613,
        "emission": 2.5365878066121323e-09
    },
    "XGBoost": {
        "MSE": 0.6827759120572451,
        "MAE": 0.6680594079388665,
        "R2": 0.24307454995342803,
        "emission": 2.0415767998202696e-07
    },
    "CatBoost": {
        "MSE": 0.7425188909416219,
        "MAE": 0.6962869420743887,
        "R2": 0.1768434770924564,
        "emission": 9.989152473593218e-07
    },
    "DNN": {
        "MSE": 0.7356329114501233,
        "MAE": 0.6762181225618061,
        "R2": 0.18447727470243558,
        "emission": 1.9846555839170417e-06
    }
}