{
    "Linear-SVR": {
        "MSE": 1.0197029229727208,
        "MAE": 0.7989174123545718,
        "R2": -0.07708318081610055,
        "emission": 6.052482234782696e-10
    },
    "RBF-SVR": {
        "MSE": 0.6817805204481224,
        "MAE": 0.6595882905145263,
        "R2": 0.27985463703298097,
        "emission": 5.950587260408215e-10
    },
    "DecisionTree": {
        "MSE": 1.0048432972307675,
        "MAE": 0.7610708693369799,
        "R2": -0.061387380991166696,
        "emission": 7.058899059507443e-10
    },
    "ExtraTrees": {
        "MSE": 0.6671327839352389,
        "MAE": 0.6737886006196038,
        "R2": 0.2953266242947796,
        "emission": 6.181262605873441e-08
    },
    "RandomForest": {
        "MSE": 0.6467194877435094,
        "MAE": 0.6649008596524395,
        "R2": 0.31688860818027387,
        "emission": 1.1607257232095741e-07
    },
    "KNeighbors": {
        "MSE": 0.8087463742897681,
        "MAE": 0.7293749353395611,
        "R2": 0.14574421856706243,
        "emission": 4.82069680462688e-10
    },
    "PLS": {
        "MSE": 0.948758438420311,
        "MAE": 0.7892890836409481,
        "R2": -0.0021465405833722695,
        "emission": 4.749326288737539e-09
    },
    "PLS-SKLEARN": {
        "MSE": 0.9556256685393703,
        "MAE": 0.792491416930771,
        "R2": -0.009400200343873344,
        "emission": 2.566703961439724e-09
    },
    "XGBoost": {
        "MSE": 0.6963128879630702,
        "MAE": 0.6715384381373757,
        "R2": 0.26450451076075565,
        "emission": 2.1962278412732077e-07
    },
    "CatBoost": {
        "MSE": 0.6520071567726686,
        "MAE": 0.6462725074622844,
        "R2": 0.31130339385096084,
        "emission": 1.0680460716404045e-06
    },
    "DNN": {
        "MSE": 0.7795824205777853,
        "MAE": 0.7115095353578196,
        "R2": 0.17654927298202994,
        "emission": 2.080772239360019e-06
    }
}