{
    "Linear-SVR": {
        "MSE": 0.5834921984741533,
        "MAE": 0.4431958420948876,
        "R2": -0.5066250663458323,
        "emission": 3.792297962811452e-09
    },
    "RBF-SVR": {
        "MSE": 0.41841532101364526,
        "MAE": 0.38577138961984386,
        "R2": -0.0803829295932228,
        "emission": 3.875664004586684e-09
    },
    "DecisionTree": {
        "MSE": 0.8312509141718365,
        "MAE": 0.6754552939639713,
        "R2": -1.1463585408497163,
        "emission": 3.3026997282282044e-09
    },
    "ExtraTrees": {
        "MSE": 0.3784548401776978,
        "MAE": 0.40208823682249784,
        "R2": 0.022798333580662744,
        "emission": 2.463281253629978e-07
    },
    "RandomForest": {
        "MSE": 0.3646007494026028,
        "MAE": 0.40443408571857914,
        "R2": 0.05857074062872947,
        "emission": 3.51909273568859e-07
    },
    "KNeighbors": {
        "MSE": 0.44060557103114745,
        "MAE": 0.42468490351476007,
        "R2": -0.1376799885638078,
        "emission": 3.7047564316633204e-09
    },
    "PLS": {
        "MSE": 0.5617593742773116,
        "MAE": 0.4248729830827045,
        "R2": -0.4505091186380936,
        "emission": 4.761554057606134e-08
    },
    "PLS-SKLEARN": {
        "MSE": 0.539886283044296,
        "MAE": 0.43305666946192534,
        "R2": -0.39403098985366847,
        "emission": 2.1551164277446896e-07
    },
    "XGBoost": {
        "MSE": 0.38558778004586985,
        "MAE": 0.44421880716191403,
        "R2": 0.004380493496033866,
        "emission": 6.620833563003668e-07
    },
    "CatBoost": {
        "MSE": 0.4103028664320178,
        "MAE": 0.3999197667518673,
        "R2": -0.0594359015879915,
        "emission": 2.046470684550968e-06
    },
    "DNN": {
        "MSE": 1.268855107080139,
        "MAE": 0.9116515723047737,
        "R2": -2.2762887231174243,
        "emission": 8.268301560533312e-06
    }
}