{
    "Linear-SVR": {
        "MSE": 0.8930748603565929,
        "MAE": 0.7354896409237571,
        "R2": 0.05500772932258635,
        "emission": 5.305608920463626e-10
    },
    "RBF-SVR": {
        "MSE": 0.6687144837971849,
        "MAE": 0.5934700257912905,
        "R2": 0.2924109203722798,
        "emission": 5.823725204419384e-10
    },
    "DecisionTree": {
        "MSE": 0.7789145575892169,
        "MAE": 0.6166400977610372,
        "R2": 0.17580454997241213,
        "emission": 6.636378218850237e-10
    },
    "ExtraTrees": {
        "MSE": 0.6590941599924168,
        "MAE": 0.6129245554278021,
        "R2": 0.30259050557893286,
        "emission": 6.003062673741083e-08
    },
    "RandomForest": {
        "MSE": 0.6737277730750127,
        "MAE": 0.6143416730210217,
        "R2": 0.28710619192395503,
        "emission": 1.0120961338531296e-07
    },
    "KNeighbors": {
        "MSE": 0.6580793232551869,
        "MAE": 0.5932751968127512,
        "R2": 0.3036643381491374,
        "emission": 3.9838382630725076e-10
    },
    "PLS": {
        "MSE": 0.8574442829441669,
        "MAE": 0.753223778840155,
        "R2": 0.09270963064032312,
        "emission": 4.276004270491741e-09
    },
    "PLS-SKLEARN": {
        "MSE": 0.857444282944167,
        "MAE": 0.753223778840155,
        "R2": 0.0927096306403229,
        "emission": 2.395860245609753e-09
    },
    "XGBoost": {
        "MSE": 0.6824426702454297,
        "MAE": 0.6353705785115098,
        "R2": 0.27788466881165497,
        "emission": 1.923398333831199e-07
    },
    "CatBoost": {
        "MSE": 0.6287962861350727,
        "MAE": 0.5720000609625565,
        "R2": 0.33464969555738255,
        "emission": 9.378530322718284e-07
    },
    "DNN": {
        "MSE": 0.6978157407832488,
        "MAE": 0.5854780819093288,
        "R2": 0.2616179105815363,
        "emission": 2.0972811763731203e-06
    }
}