{
    "Linear-SVR": {
        "MSE": 0.6337818520106543,
        "MAE": 0.6419792950151079,
        "R2": 0.5003617211621247,
        "emission": 3.3495274083791325e-09
    },
    "RBF-SVR": {
        "MSE": 0.3964229496492851,
        "MAE": 0.49688368166459324,
        "R2": 0.6874822470440936,
        "emission": 3.6076521745435708e-09
    },
    "DecisionTree": {
        "MSE": 1.067945884711603,
        "MAE": 0.7740464427050532,
        "R2": 0.15809100239063423,
        "emission": 4.645698658026891e-09
    },
    "ExtraTrees": {
        "MSE": 0.43914799615361777,
        "MAE": 0.5159080341228073,
        "R2": 0.6538002022979873,
        "emission": 2.610192273834258e-07
    },
    "RandomForest": {
        "MSE": 0.434885497784337,
        "MAE": 0.5254350485405723,
        "R2": 0.6571605183783866,
        "emission": 3.8514331556014704e-07
    },
    "KNeighbors": {
        "MSE": 0.6353742373391711,
        "MAE": 0.5876833977200043,
        "R2": 0.49910637334447616,
        "emission": 6.22845069585586e-09
    },
    "PLS": {
        "MSE": 0.6320881940981411,
        "MAE": 0.6398764302150497,
        "R2": 0.5016969066390575,
        "emission": 6.103101738039823e-08
    },
    "PLS-SKLEARN": {
        "MSE": 0.5407892304695707,
        "MAE": 0.6059676339959394,
        "R2": 0.5736719196539362,
        "emission": 2.895637152474535e-07
    },
    "XGBoost": {
        "MSE": 0.42958287106710136,
        "MAE": 0.5166841579065254,
        "R2": 0.6613408136612418,
        "emission": 6.449602733661306e-07
    },
    "CatBoost": {
        "MSE": 0.3632499408771787,
        "MAE": 0.4808016180614849,
        "R2": 0.7136339977674486,
        "emission": 2.2098476011071782e-06
    },
    "DNN": {
        "MSE": 0.7815877962757576,
        "MAE": 0.729366191423632,
        "R2": 0.3838397548730337,
        "emission": 7.907230416294742e-06
    }
}