{
    "Linear-SVR": {
        "MSE": 0.6523767960775854,
        "MAE": 0.6856064493621312,
        "R2": 0.6186429733260981,
        "emission": 5.001051609993274e-10
    },
    "RBF-SVR": {
        "MSE": 0.6348305902522524,
        "MAE": 0.6592668053097307,
        "R2": 0.6288998814859057,
        "emission": 3.5096478974195386e-10
    },
    "DecisionTree": {
        "MSE": 1.5494496229084112,
        "MAE": 0.9135113108478071,
        "R2": 0.09424506707458535,
        "emission": 5.036923746445235e-10
    },
    "ExtraTrees": {
        "MSE": 0.5449328679442819,
        "MAE": 0.6296880430331127,
        "R2": 0.6814509965627309,
        "emission": 5.1783251467164814e-08
    },
    "RandomForest": {
        "MSE": 0.6696991485012832,
        "MAE": 0.6962121215015602,
        "R2": 0.6085169221620814,
        "emission": 7.116215721639263e-08
    },
    "KNeighbors": {
        "MSE": 0.564788505515724,
        "MAE": 0.608275918845078,
        "R2": 0.6698440740717917,
        "emission": 5.504858248236996e-10
    },
    "PLS": {
        "MSE": 0.744545615173503,
        "MAE": 0.7051209275328131,
        "R2": 0.5647642532155751,
        "emission": 2.7332975967489045e-09
    },
    "PLS-SKLEARN": {
        "MSE": 0.6729332445280429,
        "MAE": 0.672403240991693,
        "R2": 0.6066263809102184,
        "emission": 1.3495868903721751e-09
    },
    "XGBoost": {
        "MSE": 0.5140442616585044,
        "MAE": 0.5937979500429682,
        "R2": 0.699507412919152,
        "emission": 1.5540723577510163e-07
    },
    "CatBoost": {
        "MSE": 0.5195684570018718,
        "MAE": 0.6225339481976123,
        "R2": 0.6962781584092139,
        "emission": 7.1033653704719e-07
    },
    "DNN": {
        "MSE": 0.6941882928056337,
        "MAE": 0.6668250904910271,
        "R2": 0.5942014110742461,
        "emission": 1.955602531725035e-06
    }
}