{
    "Linear-SVR": {
        "MSE": 0.6523767960775854,
        "MAE": 0.6856064493621312,
        "R2": 0.6186429733260981,
        "emission": 3.1254407526675985e-09
    },
    "RBF-SVR": {
        "MSE": 0.6348305902522524,
        "MAE": 0.6592668053097307,
        "R2": 0.6288998814859057,
        "emission": 3.8479763062415565e-09
    },
    "DecisionTree": {
        "MSE": 1.5494496229084112,
        "MAE": 0.9135113108478071,
        "R2": 0.09424506707458535,
        "emission": 4.945192700891295e-09
    },
    "ExtraTrees": {
        "MSE": 0.5449328679442819,
        "MAE": 0.6296880430331127,
        "R2": 0.6814509965627309,
        "emission": 2.6960531330245226e-07
    },
    "RandomForest": {
        "MSE": 0.6696991485012832,
        "MAE": 0.6962121215015602,
        "R2": 0.6085169221620814,
        "emission": 4.119444284076721e-07
    },
    "KNeighbors": {
        "MSE": 0.564788505515724,
        "MAE": 0.608275918845078,
        "R2": 0.6698440740717917,
        "emission": 4.81543929675824e-09
    },
    "PLS": {
        "MSE": 0.744545615173503,
        "MAE": 0.7051209275328131,
        "R2": 0.5647642532155751,
        "emission": 6.249290989233885e-08
    },
    "PLS-SKLEARN": {
        "MSE": 0.6729332445280429,
        "MAE": 0.672403240991693,
        "R2": 0.6066263809102184,
        "emission": 2.5313458299619613e-07
    },
    "XGBoost": {
        "MSE": 0.5140442616585044,
        "MAE": 0.5937979500429682,
        "R2": 0.699507412919152,
        "emission": 6.955327908492011e-07
    },
    "CatBoost": {
        "MSE": 0.5195684570018718,
        "MAE": 0.6225339481976123,
        "R2": 0.6962781584092139,
        "emission": 2.2916785386824035e-06
    },
    "DNN": {
        "MSE": 0.6616723186676425,
        "MAE": 0.6492097174353424,
        "R2": 0.6132091306792748,
        "emission": 9.721721862667942e-06
    }
}