{
    "Linear-SVR": {
        "MSE": 0.6314745197540962,
        "MAE": 0.6334788885165762,
        "R2": -0.4919636354872834,
        "emission": 4.6130794257788383e-10
    },
    "RBF-SVR": {
        "MSE": 0.4816583714043952,
        "MAE": 0.548108105525905,
        "R2": -0.13799805436840695,
        "emission": 3.95841653653899e-10
    },
    "DecisionTree": {
        "MSE": 1.1244286634175211,
        "MAE": 0.7685163577450417,
        "R2": -1.6566498315273148,
        "emission": 5.049755902759596e-10
    },
    "ExtraTrees": {
        "MSE": 0.5103044555953415,
        "MAE": 0.5981012417542743,
        "R2": -0.20567919521418832,
        "emission": 5.182223914374975e-08
    },
    "RandomForest": {
        "MSE": 0.5053157466801649,
        "MAE": 0.5999574708465653,
        "R2": -0.1938925402397751,
        "emission": 7.127264874706296e-08
    },
    "KNeighbors": {
        "MSE": 0.6103417814052843,
        "MAE": 0.6588767364631316,
        "R2": -0.44203402447625995,
        "emission": 3.600883287280496e-10
    },
    "PLS": {
        "MSE": 0.4902729456812827,
        "MAE": 0.5720524185293906,
        "R2": -0.15835141963376298,
        "emission": 2.6323160498906553e-09
    },
    "PLS-SKLEARN": {
        "MSE": 0.4902729456812828,
        "MAE": 0.5720524185293907,
        "R2": -0.1583514196337632,
        "emission": 1.3945789603532072e-09
    },
    "XGBoost": {
        "MSE": 0.5246873278140155,
        "MAE": 0.6055839375243274,
        "R2": -0.23966112425936692,
        "emission": 1.5325947478487056e-07
    },
    "CatBoost": {
        "MSE": 0.48285146822660113,
        "MAE": 0.5828893177459227,
        "R2": -0.14081694415201995,
        "emission": 6.892817258183527e-07
    },
    "DNN": {
        "MSE": 0.6506233810809561,
        "MAE": 0.6394787246665906,
        "R2": -0.5372060069004467,
        "emission": 1.6765588413851866e-06
    }
}