{
    "Linear-SVR": {
        "MSE": 0.2091196728865534,
        "MAE": 0.39506970383446555,
        "R2": -0.0695852964318,
        "emission": 3.4815012744936497e-09
    },
    "RBF-SVR": {
        "MSE": 0.17360461253753762,
        "MAE": 0.3423994687648583,
        "R2": 0.11206373652074664,
        "emission": 3.366128552019096e-09
    },
    "DecisionTree": {
        "MSE": 0.34372260466189397,
        "MAE": 0.42500522625293136,
        "R2": -0.7580394944336293,
        "emission": 4.534155388284072e-09
    },
    "ExtraTrees": {
        "MSE": 0.22171307087712577,
        "MAE": 0.39815219815503944,
        "R2": -0.13399680366544642,
        "emission": 2.582908771940596e-07
    },
    "RandomForest": {
        "MSE": 0.22763453453793658,
        "MAE": 0.40262706009755517,
        "R2": -0.16428333949220408,
        "emission": 3.841905347743262e-07
    },
    "KNeighbors": {
        "MSE": 0.21781472645927782,
        "MAE": 0.38807414859718503,
        "R2": -0.11405792459107467,
        "emission": 2.736223568124065e-09
    },
    "PLS": {
        "MSE": 0.22722972667861824,
        "MAE": 0.4103131950405137,
        "R2": -0.16221286698127102,
        "emission": 5.6461923148419586e-08
    },
    "PLS-SKLEARN": {
        "MSE": 0.2552481176923663,
        "MAE": 0.42401564735459013,
        "R2": -0.3055186528230429,
        "emission": 2.44001661885878e-07
    },
    "XGBoost": {
        "MSE": 0.22597662514744382,
        "MAE": 0.38162428899014295,
        "R2": -0.15580362315365925,
        "emission": 6.787862705906685e-07
    },
    "CatBoost": {
        "MSE": 0.21412482357490825,
        "MAE": 0.4108601552318794,
        "R2": -0.09518516233056729,
        "emission": 2.199695805857038e-06
    },
    "DNN": {
        "MSE": 0.46470508547957234,
        "MAE": 0.5702790181753977,
        "R2": -1.3768291129437475,
        "emission": 7.700167946834746e-06
    }
}