{
    "Linear-SVR": {
        "MSE": 0.4974037084829776,
        "MAE": 0.5282926480055924,
        "R2": 0.056052396034508956,
        "emission": 7.45226850039619e-09
    },
    "RBF-SVR": {
        "MSE": 0.35563471549721987,
        "MAE": 0.4588886551095531,
        "R2": 0.3250944215828293,
        "emission": 9.349269464157635e-09
    },
    "DecisionTree": {
        "MSE": 0.5289365288766785,
        "MAE": 0.5687184839069506,
        "R2": -0.0037889958756736064,
        "emission": 9.339736362563528e-09
    },
    "ExtraTrees": {
        "MSE": 0.3527298948668268,
        "MAE": 0.45505602064719747,
        "R2": 0.3306070432767282,
        "emission": 4.2809277268312383e-07
    },
    "RandomForest": {
        "MSE": 0.352288626790645,
        "MAE": 0.45237271343836705,
        "R2": 0.331444459516524,
        "emission": 1.3034953691166315e-06
    },
    "KNeighbors": {
        "MSE": 0.3730355357357304,
        "MAE": 0.48250965934935,
        "R2": 0.2920720249037375,
        "emission": 6.330658843487464e-09
    },
    "PLS": {
        "MSE": 0.4452830242201348,
        "MAE": 0.5325895413364631,
        "R2": 0.1549643948553543,
        "emission": 2.165856559258301e-07
    },
    "PLS-SKLEARN": {
        "MSE": 0.4452830242201348,
        "MAE": 0.5325895413364632,
        "R2": 0.1549643948553543,
        "emission": 5.308279860319096e-07
    },
    "XGBoost": {
        "MSE": 0.36901320455783904,
        "MAE": 0.4696820887661146,
        "R2": 0.29970540160152337,
        "emission": 1.203764717970399e-06
    },
    "CatBoost": {
        "MSE": 0.3385473005528034,
        "MAE": 0.4516616785531211,
        "R2": 0.35752205354387656,
        "emission": 3.3150131876893206e-06
    },
    "DNN": {
        "MSE": 1.537414307049334,
        "MAE": 0.7412983411365096,
        "R2": -1.9176271239866511,
        "emission": 1.2652588721360751e-05
    }
}