{
    "Linear-SVR": {
        "MSE": 0.4974037084829776,
        "MAE": 0.5282926480055924,
        "R2": 0.056052396034508956,
        "emission": 1.3129162176531159e-09
    },
    "RBF-SVR": {
        "MSE": 0.35563471549721987,
        "MAE": 0.4588886551095531,
        "R2": 0.3250944215828293,
        "emission": 1.4129910754083303e-09
    },
    "DecisionTree": {
        "MSE": 0.5289365288766785,
        "MAE": 0.5687184839069506,
        "R2": -0.0037889958756736064,
        "emission": 1.2001183555703832e-09
    },
    "ExtraTrees": {
        "MSE": 0.3527298948668268,
        "MAE": 0.45505602064719747,
        "R2": 0.3306070432767282,
        "emission": 8.303883164675478e-08
    },
    "RandomForest": {
        "MSE": 0.352288626790645,
        "MAE": 0.45237271343836705,
        "R2": 0.331444459516524,
        "emission": 2.358971601390574e-07
    },
    "KNeighbors": {
        "MSE": 0.3730355357357304,
        "MAE": 0.48250965934935,
        "R2": 0.2920720249037375,
        "emission": 5.20833563579301e-10
    },
    "PLS": {
        "MSE": 0.4452830242201348,
        "MAE": 0.5325895413364631,
        "R2": 0.1549643948553543,
        "emission": 8.919264209412065e-09
    },
    "PLS-SKLEARN": {
        "MSE": 0.4452830242201348,
        "MAE": 0.5325895413364633,
        "R2": 0.1549643948553543,
        "emission": 2.862600755018891e-09
    },
    "XGBoost": {
        "MSE": 0.36901320455783904,
        "MAE": 0.4696820887661146,
        "R2": 0.29970540160152337,
        "emission": 3.4719290864317985e-07
    },
    "CatBoost": {
        "MSE": 0.3385473005528034,
        "MAE": 0.4516616785531211,
        "R2": 0.35752205354387656,
        "emission": 1.9426404254588804e-06
    },
    "DNN": {
        "MSE": 1.0744504515900548,
        "MAE": 0.6507353496715788,
        "R2": -1.039037731446229,
        "emission": 3.1066261706021298e-06
    }
}