{
    "Linear-SVR": {
        "MSE": 0.5352418019415965,
        "MAE": 0.5949903479758458,
        "R2": 0.12434505163592946,
        "emission": 4.75271380321475e-10
    },
    "RBF-SVR": {
        "MSE": 0.48765984408196633,
        "MAE": 0.5395553846947926,
        "R2": 0.20218907783398454,
        "emission": 3.6893061942033525e-10
    },
    "DecisionTree": {
        "MSE": 0.5441951256746417,
        "MAE": 0.5438800681165168,
        "R2": 0.10969742470786326,
        "emission": 4.180313912925693e-10
    },
    "ExtraTrees": {
        "MSE": 0.48110727072587245,
        "MAE": 0.5519236038892074,
        "R2": 0.21290908001424824,
        "emission": 4.8534386662677166e-08
    },
    "RandomForest": {
        "MSE": 0.4737612393897466,
        "MAE": 0.5535319396890165,
        "R2": 0.22492717850166433,
        "emission": 6.18867715758635e-08
    },
    "KNeighbors": {
        "MSE": 0.45351906615126986,
        "MAE": 0.5650969695429134,
        "R2": 0.2580433497304746,
        "emission": 3.694727193674808e-10
    },
    "PLS": {
        "MSE": 0.45004027964136045,
        "MAE": 0.5679956069153124,
        "R2": 0.26373464030354676,
        "emission": 2.0684971918802474e-09
    },
    "PLS-SKLEARN": {
        "MSE": 0.5178993209168329,
        "MAE": 0.6042861272048002,
        "R2": 0.15271732986822895,
        "emission": 1.3672840880545066e-09
    },
    "XGBoost": {
        "MSE": 0.4431446539597427,
        "MAE": 0.5444104242345373,
        "R2": 0.275015875678421,
        "emission": 1.3416187980873149e-07
    },
    "CatBoost": {
        "MSE": 0.4744920640769285,
        "MAE": 0.5269056234638035,
        "R2": 0.22373155018676794,
        "emission": 5.868031698253811e-07
    },
    "DNN": {
        "MSE": 1.316104376210467,
        "MAE": 0.8587810867425122,
        "R2": -1.1531451867394598,
        "emission": 1.4979079150004262e-06
    }
}