{
    "Linear-SVR": {
        "MSE": 0.7576223424511463,
        "MAE": 0.6419438620966982,
        "R2": -0.274688698317036,
        "emission": 4.371172682737756e-09
    },
    "RBF-SVR": {
        "MSE": 0.5318224444720988,
        "MAE": 0.5282489056721299,
        "R2": 0.1052163835524198,
        "emission": 5.136550495458133e-09
    },
    "DecisionTree": {
        "MSE": 0.5803886404193073,
        "MAE": 0.5497015776173545,
        "R2": 0.02350445714081295,
        "emission": 6.618462348536331e-09
    },
    "ExtraTrees": {
        "MSE": 0.49111315291216073,
        "MAE": 0.5253911684362809,
        "R2": 0.17370918129655755,
        "emission": 3.474643499347832e-07
    },
    "RandomForest": {
        "MSE": 0.4946647967837464,
        "MAE": 0.531380431783862,
        "R2": 0.16773359154703904,
        "emission": 6.156863024847186e-07
    },
    "KNeighbors": {
        "MSE": 0.48617006108346,
        "MAE": 0.5585657882946871,
        "R2": 0.18202586222811856,
        "emission": 1.1879488437189285e-08
    },
    "PLS": {
        "MSE": 0.6622631020968878,
        "MAE": 0.6389776863738147,
        "R2": -0.11424814746632062,
        "emission": 1.007466131736881e-07
    },
    "PLS-SKLEARN": {
        "MSE": 0.6622631020968879,
        "MAE": 0.6389776863738147,
        "R2": -0.11424814746632084,
        "emission": 4.603278460865662e-07
    },
    "XGBoost": {
        "MSE": 0.4050403225933794,
        "MAE": 0.4977774246202053,
        "R2": 0.31852548077968057,
        "emission": 1.08574651584912e-06
    },
    "CatBoost": {
        "MSE": 0.4776347014337174,
        "MAE": 0.5269863067457776,
        "R2": 0.1963864821200797,
        "emission": 2.454474398224726e-06
    },
    "DNN": {
        "MSE": 0.6474308038793959,
        "MAE": 0.6644575739178333,
        "R2": -0.08929301896953401,
        "emission": 1.05534896071662e-05
    }
}