{
    "Linear-SVR": {
        "MSE": 0.7576223424511463,
        "MAE": 0.6419438620966982,
        "R2": -0.274688698317036,
        "emission": 5.418969983259253e-10
    },
    "RBF-SVR": {
        "MSE": 0.5318224444720988,
        "MAE": 0.5282489056721299,
        "R2": 0.1052163835524198,
        "emission": 5.616455537025104e-10
    },
    "DecisionTree": {
        "MSE": 0.5803886404193073,
        "MAE": 0.5497015776173545,
        "R2": 0.02350445714081295,
        "emission": 7.089224591855307e-10
    },
    "ExtraTrees": {
        "MSE": 0.49111315291216073,
        "MAE": 0.5253911684362809,
        "R2": 0.17370918129655755,
        "emission": 6.029376717816316e-08
    },
    "RandomForest": {
        "MSE": 0.4946647967837464,
        "MAE": 0.531380431783862,
        "R2": 0.16773359154703904,
        "emission": 9.7978635933822e-08
    },
    "KNeighbors": {
        "MSE": 0.48617006108346,
        "MAE": 0.5585657882946871,
        "R2": 0.18202586222811856,
        "emission": 3.810700181997207e-10
    },
    "PLS": {
        "MSE": 0.6622631020968878,
        "MAE": 0.6389776863738147,
        "R2": -0.11424814746632062,
        "emission": 4.251149339188564e-09
    },
    "PLS-SKLEARN": {
        "MSE": 0.6622631020968879,
        "MAE": 0.6389776863738147,
        "R2": -0.11424814746632084,
        "emission": 2.3777111584411002e-09
    },
    "XGBoost": {
        "MSE": 0.4050403225933794,
        "MAE": 0.4977774246202053,
        "R2": 0.31852548077968057,
        "emission": 1.9414903496630087e-07
    },
    "CatBoost": {
        "MSE": 0.4776347014337174,
        "MAE": 0.5269863067457776,
        "R2": 0.1963864821200797,
        "emission": 9.508991349068396e-07
    },
    "DNN": {
        "MSE": 0.5665423472340706,
        "MAE": 0.5965368502758516,
        "R2": 0.04680064634730208,
        "emission": 2.0436058589283634e-06
    }
}