{
    "Linear-SVR": {
        "MSE": 0.7517203573514665,
        "MAE": 0.6082973202535669,
        "R2": -0.5289379035360753,
        "emission": 5.142923780985668e-10
    },
    "RBF-SVR": {
        "MSE": 0.5802133024609599,
        "MAE": 0.5389004251866815,
        "R2": -0.1801065404081308,
        "emission": 4.906265899114375e-10
    },
    "DecisionTree": {
        "MSE": 0.9521105538876404,
        "MAE": 0.725787993262871,
        "R2": -0.9365152213310626,
        "emission": 6.183354475234222e-10
    },
    "ExtraTrees": {
        "MSE": 0.476487551123173,
        "MAE": 0.4845970068841039,
        "R2": 0.030863178905924493,
        "emission": 5.5410512211278435e-08
    },
    "RandomForest": {
        "MSE": 0.4877721242011808,
        "MAE": 0.4813478580809793,
        "R2": 0.007911277530022298,
        "emission": 8.240799540078231e-08
    },
    "KNeighbors": {
        "MSE": 0.5652686681248431,
        "MAE": 0.5381529412275462,
        "R2": -0.14971037291377032,
        "emission": 5.250312898363187e-10
    },
    "PLS": {
        "MSE": 0.48169180850525073,
        "MAE": 0.5226385520706748,
        "R2": 0.02027814380157944,
        "emission": 3.236932342338104e-09
    },
    "PLS-SKLEARN": {
        "MSE": 0.49819657697595665,
        "MAE": 0.5162360603652435,
        "R2": -0.013291209292513928,
        "emission": 2.1378305265268873e-09
    },
    "XGBoost": {
        "MSE": 0.4558941047983322,
        "MAE": 0.5029842887467365,
        "R2": 0.07274856932081186,
        "emission": 1.6816134573339869e-07
    },
    "CatBoost": {
        "MSE": 0.48605079837968385,
        "MAE": 0.5137080654760094,
        "R2": 0.011412313875631797,
        "emission": 8.042273746399541e-07
    },
    "DNN": {
        "MSE": 21.204752277224376,
        "MAE": 1.2938724202353475,
        "R2": -42.128736869610876,
        "emission": 1.895944557531436e-06
    }
}