{
    "Linear-SVR": {
        "MSE": 0.8769756567776671,
        "MAE": 0.65013619138338,
        "R2": -0.5583259994384915,
        "emission": 5.476339670546904e-09
    },
    "RBF-SVR": {
        "MSE": 0.3912810428057196,
        "MAE": 0.5038707827996887,
        "R2": 0.3047202423702603,
        "emission": 5.021650367349287e-09
    },
    "DecisionTree": {
        "MSE": 0.7250290745279999,
        "MAE": 0.6805219898275705,
        "R2": -0.28832727391456836,
        "emission": 6.471272120858577e-09
    },
    "ExtraTrees": {
        "MSE": 0.4231451218270616,
        "MAE": 0.532409618857678,
        "R2": 0.24809994464207785,
        "emission": 3.3589171936518445e-07
    },
    "RandomForest": {
        "MSE": 0.4639833287337995,
        "MAE": 0.5422917515476575,
        "R2": 0.17553323301059165,
        "emission": 6.54396949849538e-07
    },
    "KNeighbors": {
        "MSE": 0.5088895348108923,
        "MAE": 0.6036613169327196,
        "R2": 0.09573796397974599,
        "emission": 6.177047637839808e-09
    },
    "PLS": {
        "MSE": 0.8653877221236861,
        "MAE": 0.6397884192693719,
        "R2": -0.5377350289690901,
        "emission": 1.1239157935846441e-07
    },
    "PLS-SKLEARN": {
        "MSE": 0.8196969626289394,
        "MAE": 0.6267312254011177,
        "R2": -0.4565456619616022,
        "emission": 5.027548096856753e-07
    },
    "XGBoost": {
        "MSE": 0.45862914069266203,
        "MAE": 0.5601946411258462,
        "R2": 0.18504726041363784,
        "emission": 8.669591642760536e-07
    },
    "CatBoost": {
        "MSE": 0.4099693685806851,
        "MAE": 0.5230154757189016,
        "R2": 0.27151236058239847,
        "emission": 2.472232439240783e-06
    },
    "DNN": {
        "MSE": 4.9485906800508985,
        "MAE": 0.8412688679158244,
        "R2": -7.793308523109168,
        "emission": 1.0132034946811521e-05
    }
}