{
    "Linear-SVR": {
        "MSE": 0.8510032229331053,
        "MAE": 0.6520695071096247,
        "R2": 0.09241595269645553,
        "emission": 7.064750218758813e-09
    },
    "RBF-SVR": {
        "MSE": 0.4662338071534675,
        "MAE": 0.5113037283163594,
        "R2": 0.5027676108820724,
        "emission": 7.134029419030154e-09
    },
    "DecisionTree": {
        "MSE": 0.7618940768292746,
        "MAE": 0.642690247874777,
        "R2": 0.1874497167213831,
        "emission": 5.896193904794196e-09
    },
    "ExtraTrees": {
        "MSE": 0.48616674485918293,
        "MAE": 0.5325389342384163,
        "R2": 0.4815093878929162,
        "emission": 4.008250857575621e-07
    },
    "RandomForest": {
        "MSE": 0.5093045071114175,
        "MAE": 0.5488853315733134,
        "R2": 0.45683326053578044,
        "emission": 9.480814287176241e-07
    },
    "KNeighbors": {
        "MSE": 0.49905814331246456,
        "MAE": 0.5501315774584014,
        "R2": 0.46776087640866326,
        "emission": 5.548442566832457e-09
    },
    "PLS": {
        "MSE": 0.9358601087979201,
        "MAE": 0.7126907832437457,
        "R2": 0.001917169801931129,
        "emission": 1.588268198608608e-07
    },
    "PLS-SKLEARN": {
        "MSE": 0.939280687683623,
        "MAE": 0.7075592147419066,
        "R2": -0.0017308338078640961,
        "emission": 6.541730604036375e-07
    },
    "XGBoost": {
        "MSE": 0.39239419645484036,
        "MAE": 0.4754918910573475,
        "R2": 0.5815166107956087,
        "emission": 1.100176291298289e-06
    },
    "CatBoost": {
        "MSE": 0.46350077742727686,
        "MAE": 0.5292268048773101,
        "R2": 0.5056823521115448,
        "emission": 2.86271456330041e-06
    },
    "DNN": {
        "MSE": 0.6012919085979753,
        "MAE": 0.5827845584406997,
        "R2": 0.3587298739770801,
        "emission": 1.1634533808179216e-05
    }
}