{
    "Linear-SVR": {
        "MSE": 0.7053553590989717,
        "MAE": 0.6591908516513375,
        "R2": 0.4979382528750609,
        "emission": 4.2606963544317e-10
    },
    "RBF-SVR": {
        "MSE": 0.67909982240629,
        "MAE": 0.6489476165896084,
        "R2": 0.5166265643106889,
        "emission": 3.301020432752138e-10
    },
    "DecisionTree": {
        "MSE": 1.031129894554287,
        "MAE": 0.7278258282923097,
        "R2": 0.26605664833399256,
        "emission": 4.914681403975697e-10
    },
    "ExtraTrees": {
        "MSE": 0.7192860368446482,
        "MAE": 0.7058955327904989,
        "R2": 0.4880225978546423,
        "emission": 5.01552567157049e-08
    },
    "RandomForest": {
        "MSE": 0.6633610838174501,
        "MAE": 0.6873739630576947,
        "R2": 0.5278291708997271,
        "emission": 6.654846648760635e-08
    },
    "KNeighbors": {
        "MSE": 0.9144456446692506,
        "MAE": 0.8437123208896073,
        "R2": 0.3491108104716114,
        "emission": 5.392910880973192e-10
    },
    "PLS": {
        "MSE": 0.8320086694398112,
        "MAE": 0.7185711608043001,
        "R2": 0.40778825762995974,
        "emission": 2.4510569370399867e-09
    },
    "PLS-SKLEARN": {
        "MSE": 0.8320086694398111,
        "MAE": 0.7185711608042998,
        "R2": 0.40778825762995974,
        "emission": 1.313322356976745e-09
    },
    "XGBoost": {
        "MSE": 0.60396469709666,
        "MAE": 0.64188063081717,
        "R2": 0.5701066602606099,
        "emission": 1.3356166073951863e-07
    },
    "CatBoost": {
        "MSE": 0.724000301435775,
        "MAE": 0.6778157949413482,
        "R2": 0.4846670524738661,
        "emission": 6.426366108930029e-07
    },
    "DNN": {
        "MSE": 0.9331845279431707,
        "MAE": 0.780242270322467,
        "R2": 0.3357727442695021,
        "emission": 1.6557853690093742e-06
    }
}