{
    "Linear-SVR": {
        "MSE": 0.5437368578235019,
        "MAE": 0.5852806502382678,
        "R2": 0.12619976512138886,
        "emission": 5.687837911926324e-10
    },
    "RBF-SVR": {
        "MSE": 0.47321467833729003,
        "MAE": 0.5175558199703855,
        "R2": 0.23953086657709743,
        "emission": 5.439690407129594e-10
    },
    "DecisionTree": {
        "MSE": 0.8151058555162249,
        "MAE": 0.7023962380393854,
        "R2": -0.3098977524753401,
        "emission": 7.365666864277919e-10
    },
    "ExtraTrees": {
        "MSE": 0.5336967433447493,
        "MAE": 0.5569263093651995,
        "R2": 0.14233450799105463,
        "emission": 5.977439715748759e-08
    },
    "RandomForest": {
        "MSE": 0.5253206126604858,
        "MAE": 0.5441910723716223,
        "R2": 0.15579518267950676,
        "emission": 1.0011696443283566e-07
    },
    "KNeighbors": {
        "MSE": 0.5234838219014712,
        "MAE": 0.5697254419326624,
        "R2": 0.15874695645308223,
        "emission": 5.078540711329146e-10
    },
    "PLS": {
        "MSE": 0.5550720608031064,
        "MAE": 0.5800034354826796,
        "R2": 0.10798377905485246,
        "emission": 4.366967016362126e-09
    },
    "PLS-SKLEARN": {
        "MSE": 0.6455670070685986,
        "MAE": 0.6439515297290724,
        "R2": -0.03744411343460996,
        "emission": 2.4328479806391348e-09
    },
    "XGBoost": {
        "MSE": 0.5120884377052672,
        "MAE": 0.5418559895000613,
        "R2": 0.17705965540645596,
        "emission": 2.0542797351815005e-07
    },
    "CatBoost": {
        "MSE": 0.47869939102072157,
        "MAE": 0.5255334345152003,
        "R2": 0.23071678093609826,
        "emission": 9.935556113596999e-07
    },
    "DNN": {
        "MSE": 0.4739979949846454,
        "MAE": 0.5423157534773827,
        "R2": 0.23827205496520265,
        "emission": 2.019173112656982e-06
    }
}