{
    "Linear-SVR": {
        "MSE": 0.5484014075432444,
        "MAE": 0.5425340839113666,
        "R2": -1.226138373965282,
        "emission": 5.080715534995531e-09
    },
    "RBF-SVR": {
        "MSE": 0.26223912638818064,
        "MAE": 0.41919983829098645,
        "R2": -0.06451328238399223,
        "emission": 4.418115783394186e-09
    },
    "DecisionTree": {
        "MSE": 0.716686161600547,
        "MAE": 0.6399449285357196,
        "R2": -1.9092605242867684,
        "emission": 5.307391680193454e-09
    },
    "ExtraTrees": {
        "MSE": 0.33734111815965706,
        "MAE": 0.49001887489588675,
        "R2": -0.36937651494330126,
        "emission": 2.7531927239354597e-07
    },
    "RandomForest": {
        "MSE": 0.3444918237151382,
        "MAE": 0.5149759731017675,
        "R2": -0.3984035375202408,
        "emission": 4.606732203687296e-07
    },
    "KNeighbors": {
        "MSE": 0.45337462232387216,
        "MAE": 0.5668480346870214,
        "R2": -0.8403939717415876,
        "emission": 7.218050974389103e-09
    },
    "PLS": {
        "MSE": 0.677110056691312,
        "MAE": 0.6107968390000696,
        "R2": -1.7486083366397542,
        "emission": 7.080345812207318e-08
    },
    "PLS-SKLEARN": {
        "MSE": 0.5540280545012247,
        "MAE": 0.5824864561403104,
        "R2": -1.2489787506266552,
        "emission": 3.4912563536625614e-07
    },
    "XGBoost": {
        "MSE": 0.48129666376556185,
        "MAE": 0.5537525400122661,
        "R2": -0.9537385530606879,
        "emission": 1.487688616862263e-06
    },
    "CatBoost": {
        "MSE": 0.3674354799034396,
        "MAE": 0.5107584196642855,
        "R2": -0.4915392457392542,
        "emission": 2.376524362694095e-06
    },
    "DNN": {
        "MSE": 0.6419301157457343,
        "MAE": 0.672453850912779,
        "R2": -1.6058015978977371,
        "emission": 1.085754418490073e-05
    }
}