{
    "Linear-SVR": {
        "MSE": 0.17420322494268356,
        "MAE": 0.35399374764024594,
        "R2": -1.1330050909343354,
        "emission": 3.557820292129767e-10
    },
    "RBF-SVR": {
        "MSE": 0.11253617033736252,
        "MAE": 0.26604063422785307,
        "R2": -0.37793214977981004,
        "emission": 3.566098512744936e-10
    },
    "DecisionTree": {
        "MSE": 0.33941107349926575,
        "MAE": 0.42276617980652087,
        "R2": -3.155867653607568,
        "emission": 3.875283634072849e-10
    },
    "ExtraTrees": {
        "MSE": 0.12066928839510346,
        "MAE": 0.2973110825783296,
        "R2": -0.47751688610165055,
        "emission": 4.555005201401042e-08
    },
    "RandomForest": {
        "MSE": 0.16418787109988678,
        "MAE": 0.37478166160688087,
        "R2": -1.0103736026755898,
        "emission": 5.355688870676224e-08
    },
    "KNeighbors": {
        "MSE": 0.19291715874928156,
        "MAE": 0.32815604970660095,
        "R2": -1.3621450284642815,
        "emission": 3.8484895429300865e-10
    },
    "PLS": {
        "MSE": 0.19884512688176123,
        "MAE": 0.36943459655736,
        "R2": -1.4347291394050288,
        "emission": 1.2481917850340608e-09
    },
    "PLS-SKLEARN": {
        "MSE": 0.15828383412816163,
        "MAE": 0.3245858504490532,
        "R2": -0.9380825132201693,
        "emission": 1.1980759431072158e-09
    },
    "XGBoost": {
        "MSE": 0.14977924284700725,
        "MAE": 0.31547971877528935,
        "R2": -0.8339493290900444,
        "emission": 1.03893042539346e-07
    },
    "CatBoost": {
        "MSE": 0.13978633531865053,
        "MAE": 0.3347458418110997,
        "R2": -0.7115926813400733,
        "emission": 4.419653757502031e-07
    },
    "DNN": {
        "MSE": 1.2581442821984314,
        "MAE": 0.8321953475691728,
        "R2": -14.405157740002506,
        "emission": 1.700356983150656e-06
    }
}