{
    "Linear-SVR": {
        "MSE": 0.7868762498771605,
        "MAE": 0.6844177499381001,
        "R2": 0.08774375915623445,
        "emission": 1.1697099741231138e-09
    },
    "RBF-SVR": {
        "MSE": 0.6434899221419768,
        "MAE": 0.6110938789558945,
        "R2": 0.25397710569390275,
        "emission": 1.0359743027127376e-09
    },
    "DecisionTree": {
        "MSE": 1.1166017640552117,
        "MAE": 0.8048078406234618,
        "R2": -0.29451985360537036,
        "emission": 9.203966321757272e-10
    },
    "ExtraTrees": {
        "MSE": 0.6449175132367304,
        "MAE": 0.6159755875560783,
        "R2": 0.2523220438137592,
        "emission": 7.396991604989374e-08
    },
    "RandomForest": {
        "MSE": 0.6335575442308871,
        "MAE": 0.6209442523570143,
        "R2": 0.26549209771104,
        "emission": 1.85173267966233e-07
    },
    "KNeighbors": {
        "MSE": 0.7686310185474432,
        "MAE": 0.6617299247902184,
        "R2": 0.10889616545744285,
        "emission": 5.00356038805644e-10
    },
    "PLS": {
        "MSE": 0.7405957008078731,
        "MAE": 0.671266541438409,
        "R2": 0.14139859970419166,
        "emission": 7.636482856258036e-09
    },
    "PLS-SKLEARN": {
        "MSE": 0.7625916106145736,
        "MAE": 0.6747728404678752,
        "R2": 0.11589788596765216,
        "emission": 2.7787473677121506e-09
    },
    "XGBoost": {
        "MSE": 0.6029926796400336,
        "MAE": 0.5996476249921984,
        "R2": 0.3009271340053792,
        "emission": 2.864478013026975e-07
    },
    "CatBoost": {
        "MSE": 0.5670177435914324,
        "MAE": 0.592982960713502,
        "R2": 0.342634276557229,
        "emission": 1.568674589089816e-06
    },
    "DNN": {
        "MSE": 0.6359213467134615,
        "MAE": 0.663516663656738,
        "R2": 0.26275164955647046,
        "emission": 2.685134507569485e-06
    }
}