{
    "Linear-SVR": {
        "MSE": 0.5437368578235019,
        "MAE": 0.5852806502382678,
        "R2": 0.12619976512138886,
        "emission": 5.041099360031922e-09
    },
    "RBF-SVR": {
        "MSE": 0.47321467833729003,
        "MAE": 0.5175558199703855,
        "R2": 0.23953086657709743,
        "emission": 4.031695854450797e-09
    },
    "DecisionTree": {
        "MSE": 0.8151058555162249,
        "MAE": 0.7023962380393854,
        "R2": -0.3098977524753401,
        "emission": 4.5525816395119025e-09
    },
    "ExtraTrees": {
        "MSE": 0.5336967433447493,
        "MAE": 0.5569263093651995,
        "R2": 0.14233450799105463,
        "emission": 3.0577734114380107e-07
    },
    "RandomForest": {
        "MSE": 0.5253206126604858,
        "MAE": 0.5441910723716223,
        "R2": 0.15579518267950676,
        "emission": 5.352633198521233e-07
    },
    "KNeighbors": {
        "MSE": 0.5234838219014712,
        "MAE": 0.5697254419326624,
        "R2": 0.15874695645308223,
        "emission": 6.291063998047118e-09
    },
    "PLS": {
        "MSE": 0.5550720608031064,
        "MAE": 0.5800034354826796,
        "R2": 0.10798377905485246,
        "emission": 9.096912043131542e-08
    },
    "PLS-SKLEARN": {
        "MSE": 0.6455670070685986,
        "MAE": 0.6439515297290724,
        "R2": -0.03744411343460996,
        "emission": 5.298637459379982e-07
    },
    "XGBoost": {
        "MSE": 0.5120884377052672,
        "MAE": 0.5418559895000613,
        "R2": 0.17705965540645596,
        "emission": 8.050928159753407e-07
    },
    "CatBoost": {
        "MSE": 0.47869939102072157,
        "MAE": 0.5255334345152003,
        "R2": 0.23071678093609826,
        "emission": 2.5666552018338196e-06
    },
    "DNN": {
        "MSE": 0.56650291897058,
        "MAE": 0.6211862210672909,
        "R2": 0.08961407244422437,
        "emission": 9.459763900024747e-06
    }
}