{
    "Linear-SVR": {
        "MSE": 0.4298191139442263,
        "MAE": 0.5362225678081011,
        "R2": -0.49241296033537263,
        "emission": 3.059906196640511e-09
    },
    "RBF-SVR": {
        "MSE": 0.36152501289622263,
        "MAE": 0.45984438901487057,
        "R2": -0.25528297190093574,
        "emission": 2.8009756579958035e-09
    },
    "DecisionTree": {
        "MSE": 0.5505569029043885,
        "MAE": 0.5284457609101438,
        "R2": -0.9116373158854725,
        "emission": 3.564377573785526e-09
    },
    "ExtraTrees": {
        "MSE": 0.32017856949107176,
        "MAE": 0.4509360310819734,
        "R2": -0.1117203289198534,
        "emission": 2.1664058127200364e-07
    },
    "RandomForest": {
        "MSE": 0.3088954675219613,
        "MAE": 0.4351049925876957,
        "R2": -0.07254327265317695,
        "emission": 2.9919342057552457e-07
    },
    "KNeighbors": {
        "MSE": 0.4267822358163745,
        "MAE": 0.5256319545333108,
        "R2": -0.4818683471948013,
        "emission": 2.7183302992584584e-09
    },
    "PLS": {
        "MSE": 0.5571192887619314,
        "MAE": 0.6162253852925533,
        "R2": -0.9344231562233904,
        "emission": 3.1548964629111416e-08
    },
    "PLS-SKLEARN": {
        "MSE": 0.5495992031927408,
        "MAE": 0.5891936145013417,
        "R2": -0.9083120020141169,
        "emission": 1.770069739471019e-07
    },
    "XGBoost": {
        "MSE": 0.33791290783115596,
        "MAE": 0.4793328639482588,
        "R2": -0.17329729356165524,
        "emission": 5.430138408845681e-07
    },
    "CatBoost": {
        "MSE": 0.34781170562137104,
        "MAE": 0.463317947046915,
        "R2": -0.2076677848557511,
        "emission": 1.826182528558562e-06
    },
    "DNN": {
        "MSE": 2.0029110531393424,
        "MAE": 0.9884466197409658,
        "R2": -5.954484612547971,
        "emission": 8.446940189993071e-06
    }
}