{
    "Linear-SVR": {
        "MSE": 0.5877984230806186,
        "MAE": 0.640708317781716,
        "R2": -0.02000757473168857,
        "emission": 4.135500286064403e-10
    },
    "RBF-SVR": {
        "MSE": 0.5105389167412213,
        "MAE": 0.6020226916293364,
        "R2": 0.11406097426713657,
        "emission": 4.77398806189461e-10
    },
    "DecisionTree": {
        "MSE": 1.4416471433728633,
        "MAE": 0.9018008144272738,
        "R2": -1.5016926697827127,
        "emission": 6.009306395083787e-10
    },
    "ExtraTrees": {
        "MSE": 0.5043910317304953,
        "MAE": 0.6016772688413201,
        "R2": 0.12472940928377829,
        "emission": 5.219633200882581e-08
    },
    "RandomForest": {
        "MSE": 0.5158952035008214,
        "MAE": 0.6099051739352199,
        "R2": 0.10476620100355172,
        "emission": 7.110850693983668e-08
    },
    "KNeighbors": {
        "MSE": 0.5639258230063211,
        "MAE": 0.6317189347450982,
        "R2": 0.021418587619522755,
        "emission": 4.63395708612438e-10
    },
    "PLS": {
        "MSE": 0.7470283221655223,
        "MAE": 0.6612245755795805,
        "R2": -0.29631948169318156,
        "emission": 2.7869595537165203e-09
    },
    "PLS-SKLEARN": {
        "MSE": 0.7482477572999112,
        "MAE": 0.6854944135481434,
        "R2": -0.2984355694966361,
        "emission": 1.3248220059047883e-09
    },
    "XGBoost": {
        "MSE": 0.6079039844001177,
        "MAE": 0.6815915161856544,
        "R2": -0.05489678850780111,
        "emission": 1.4986640827299641e-07
    },
    "CatBoost": {
        "MSE": 0.5709506496595972,
        "MAE": 0.6072149001340951,
        "R2": 0.009228394321682099,
        "emission": 6.8488384597908e-07
    },
    "DNN": {
        "MSE": 0.8490260688739841,
        "MAE": 0.7069578166132048,
        "R2": -0.47331634007693735,
        "emission": 1.6115921977795692e-06
    }
}