{
    "Linear-SVR": {
        "MSE": 0.8754626957430919,
        "MAE": 0.7256044809694977,
        "R2": 0.1461800718093157,
        "emission": 7.445819099344036e-10
    },
    "RBF-SVR": {
        "MSE": 0.6745060532283883,
        "MAE": 0.6215105620687057,
        "R2": 0.34216876089412884,
        "emission": 6.410886302230274e-10
    },
    "DecisionTree": {
        "MSE": 0.8088332850416514,
        "MAE": 0.6717386626077476,
        "R2": 0.21116230227683286,
        "emission": 7.442635543444649e-10
    },
    "ExtraTrees": {
        "MSE": 0.698633170825687,
        "MAE": 0.6513494428011682,
        "R2": 0.31863810228977973,
        "emission": 6.466661138626378e-08
    },
    "RandomForest": {
        "MSE": 0.6381988232650726,
        "MAE": 0.6302700031247002,
        "R2": 0.37757842098680494,
        "emission": 1.3060049676043557e-07
    },
    "KNeighbors": {
        "MSE": 0.7784726475520463,
        "MAE": 0.6943829575904678,
        "R2": 0.24077237869384682,
        "emission": 4.788535983220576e-10
    },
    "PLS": {
        "MSE": 0.9533762348396561,
        "MAE": 0.796210300850474,
        "R2": 0.07019267373972116,
        "emission": 5.600917943042048e-09
    },
    "PLS-SKLEARN": {
        "MSE": 0.9533762348396561,
        "MAE": 0.7962103008504738,
        "R2": 0.07019267373972116,
        "emission": 2.5617458908763055e-09
    },
    "XGBoost": {
        "MSE": 0.6120708121177618,
        "MAE": 0.6118703606463101,
        "R2": 0.40306050801351356,
        "emission": 2.352619014054507e-07
    },
    "CatBoost": {
        "MSE": 0.6084023989666452,
        "MAE": 0.6246090153098626,
        "R2": 0.40663823241969344,
        "emission": 1.1242932475912666e-06
    },
    "DNN": {
        "MSE": 0.8472320230449772,
        "MAE": 0.7239299887214682,
        "R2": 0.17371283939962345,
        "emission": 2.1777755196853673e-06
    }
}