{
    "Linear-SVR": {
        "MSE": 0.6769383289888252,
        "MAE": 0.6312823043484929,
        "R2": 0.15083406659706855,
        "emission": 4.80885532962748e-10
    },
    "RBF-SVR": {
        "MSE": 0.7260573476874875,
        "MAE": 0.6400139611286442,
        "R2": 0.08921811788370493,
        "emission": 4.065943843641403e-10
    },
    "DecisionTree": {
        "MSE": 0.46025193217609167,
        "MAE": 0.48123198951936424,
        "R2": 0.4226501221010558,
        "emission": 4.6559445707594715e-10
    },
    "ExtraTrees": {
        "MSE": 0.668662393402732,
        "MAE": 0.6155692870464028,
        "R2": 0.16121557738734227,
        "emission": 4.629850515601315e-08
    },
    "RandomForest": {
        "MSE": 0.7592908529828841,
        "MAE": 0.6812478665081426,
        "R2": 0.04752929729856914,
        "emission": 5.506353142461153e-08
    },
    "KNeighbors": {
        "MSE": 0.654779629066528,
        "MAE": 0.5975589431352096,
        "R2": 0.17863041420619263,
        "emission": 4.989810517826239e-10
    },
    "PLS": {
        "MSE": 0.4810877772131235,
        "MAE": 0.5624556982917407,
        "R2": 0.3965131919828587,
        "emission": 1.3692440530713818e-09
    },
    "PLS-SKLEARN": {
        "MSE": 0.4810877772131233,
        "MAE": 0.5624556982917407,
        "R2": 0.39651319198285906,
        "emission": 1.217771326697823e-09
    },
    "XGBoost": {
        "MSE": 0.764198808376062,
        "MAE": 0.6790953401500944,
        "R2": 0.041372652972086255,
        "emission": 1.0589119108471037e-07
    },
    "CatBoost": {
        "MSE": 0.7388200275353791,
        "MAE": 0.6548172197742173,
        "R2": 0.07320833902844881,
        "emission": 4.6671648628153575e-07
    },
    "DNN": {
        "MSE": 0.9091435791520281,
        "MAE": 0.7692987835254437,
        "R2": -0.1404491708145812,
        "emission": 1.440409656066065e-06
    }
}