{
    "Linear-SVR": {
        "MSE": 0.8367410858422782,
        "MAE": 0.6489421527392112,
        "R2": 0.3328160113155928,
        "emission": 5.081401514748104e-10
    },
    "RBF-SVR": {
        "MSE": 0.6976501733812287,
        "MAE": 0.5761011099131449,
        "R2": 0.4437215606374638,
        "emission": 4.483988724738262e-10
    },
    "DecisionTree": {
        "MSE": 1.2021463651529103,
        "MAE": 0.7697070953540043,
        "R2": 0.041456406938808144,
        "emission": 6.270226750653141e-10
    },
    "ExtraTrees": {
        "MSE": 0.5860416393833433,
        "MAE": 0.5553992787168068,
        "R2": 0.5327137568423057,
        "emission": 5.5863646647866996e-08
    },
    "RandomForest": {
        "MSE": 0.7587606103071083,
        "MAE": 0.6208387202957859,
        "R2": 0.39499453414346364,
        "emission": 8.470178534131238e-08
    },
    "KNeighbors": {
        "MSE": 0.7089455448621385,
        "MAE": 0.6214370493795516,
        "R2": 0.4347150816610914,
        "emission": 5.190823936866309e-10
    },
    "PLS": {
        "MSE": 0.7503013270161856,
        "MAE": 0.6294804436502892,
        "R2": 0.4017396294458747,
        "emission": 3.6058794957742223e-09
    },
    "PLS-SKLEARN": {
        "MSE": 0.7503013270161858,
        "MAE": 0.6294804436502892,
        "R2": 0.4017396294458746,
        "emission": 2.3745103519210525e-09
    },
    "XGBoost": {
        "MSE": 0.5970948033276463,
        "MAE": 0.5611104905972145,
        "R2": 0.5239004045010383,
        "emission": 1.7054167184328273e-07
    },
    "CatBoost": {
        "MSE": 0.6085510497572914,
        "MAE": 0.568539659293843,
        "R2": 0.5147656502531479,
        "emission": 8.069536317772801e-07
    },
    "DNN": {
        "MSE": 2.5835024245951708,
        "MAE": 0.870133499224861,
        "R2": -1.0599818529075393,
        "emission": 1.8254145263240794e-06
    }
}