{
    "Linear-SVR": {
        "MSE": 0.8367410858422782,
        "MAE": 0.6489421527392112,
        "R2": 0.3328160113155928,
        "emission": 3.750971432110533e-09
    },
    "RBF-SVR": {
        "MSE": 0.6976501733812287,
        "MAE": 0.5761011099131449,
        "R2": 0.4437215606374638,
        "emission": 5.805977788332157e-09
    },
    "DecisionTree": {
        "MSE": 1.2021463651529103,
        "MAE": 0.7697070953540043,
        "R2": 0.041456406938808144,
        "emission": 5.251538629078857e-09
    },
    "ExtraTrees": {
        "MSE": 0.5860416393833433,
        "MAE": 0.5553992787168068,
        "R2": 0.5327137568423057,
        "emission": 2.7170733274042755e-07
    },
    "RandomForest": {
        "MSE": 0.7587606103071083,
        "MAE": 0.6208387202957859,
        "R2": 0.39499453414346364,
        "emission": 4.622059779596941e-07
    },
    "KNeighbors": {
        "MSE": 0.7089455448621385,
        "MAE": 0.6214370493795516,
        "R2": 0.4347150816610914,
        "emission": 6.104183776299482e-09
    },
    "PLS": {
        "MSE": 0.7503013270161856,
        "MAE": 0.6294804436502892,
        "R2": 0.4017396294458747,
        "emission": 7.662308247250203e-08
    },
    "PLS-SKLEARN": {
        "MSE": 0.7503013270161858,
        "MAE": 0.6294804436502894,
        "R2": 0.4017396294458746,
        "emission": 3.5431487078948255e-07
    },
    "XGBoost": {
        "MSE": 0.5970948033276463,
        "MAE": 0.5611104905972145,
        "R2": 0.5239004045010383,
        "emission": 7.397987825900754e-07
    },
    "CatBoost": {
        "MSE": 0.6085510497572914,
        "MAE": 0.568539659293843,
        "R2": 0.5147656502531479,
        "emission": 2.424134899823267e-06
    },
    "DNN": {
        "MSE": 10.15090554362085,
        "MAE": 1.0782683955777554,
        "R2": -7.0939274573021365,
        "emission": 8.760163428294122e-06
    }
}