{
    "Linear-SVR": {
        "MSE": 0.6942873883224285,
        "MAE": 0.6481759353836736,
        "R2": 0.4003900312660261,
        "emission": 8.028851081213881e-10
    },
    "RBF-SVR": {
        "MSE": 0.6069996776296736,
        "MAE": 0.6238004382847196,
        "R2": 0.475774637640349,
        "emission": 8.343088626507336e-10
    },
    "DecisionTree": {
        "MSE": 1.2566824713126525,
        "MAE": 0.8834544460683794,
        "R2": -0.08531330110000046,
        "emission": 7.010623690615439e-10
    },
    "ExtraTrees": {
        "MSE": 0.6795208272680288,
        "MAE": 0.6681618836662392,
        "R2": 0.4131429306576322,
        "emission": 6.79286210906385e-08
    },
    "RandomForest": {
        "MSE": 0.7457518698970852,
        "MAE": 0.7034358846705145,
        "R2": 0.3559435719079608,
        "emission": 1.3241648978022882e-07
    },
    "KNeighbors": {
        "MSE": 0.7779238193139445,
        "MAE": 0.6943621741861119,
        "R2": 0.3281587929988049,
        "emission": 7.399483969021629e-10
    },
    "PLS": {
        "MSE": 0.6789663776875513,
        "MAE": 0.6332134399123853,
        "R2": 0.4136217719864629,
        "emission": 6.024834187243499e-09
    },
    "PLS-SKLEARN": {
        "MSE": 0.7851308491585606,
        "MAE": 0.6983696719707532,
        "R2": 0.32193455932773585,
        "emission": 2.600507079757173e-09
    },
    "XGBoost": {
        "MSE": 0.6932605042516924,
        "MAE": 0.6646616150624538,
        "R2": 0.40127688292991026,
        "emission": 2.7247920393505824e-07
    },
    "CatBoost": {
        "MSE": 0.615723532233821,
        "MAE": 0.6391370506092995,
        "R2": 0.4682404230277636,
        "emission": 1.2627890860238624e-06
    },
    "DNN": {
        "MSE": 0.7082685010618303,
        "MAE": 0.690688596398763,
        "R2": 0.3883154714892817,
        "emission": 2.295477362716063e-06
    }
}