{
    "Linear-SVR": {
        "MSE": 0.648834670887632,
        "MAE": 0.6478090426996811,
        "R2": 0.20936825426629713,
        "emission": 1.1353365240173471e-09
    },
    "RBF-SVR": {
        "MSE": 0.48194714277212813,
        "MAE": 0.5430666635824428,
        "R2": 0.41272757462233645,
        "emission": 1.1426443426716997e-09
    },
    "DecisionTree": {
        "MSE": 0.9445924022421142,
        "MAE": 0.7345836207645123,
        "R2": -0.15102471168778386,
        "emission": 1.0372256948874963e-09
    },
    "ExtraTrees": {
        "MSE": 0.5181228145857688,
        "MAE": 0.5748834971628349,
        "R2": 0.3686460299046658,
        "emission": 7.91897288129173e-08
    },
    "RandomForest": {
        "MSE": 0.5224575645471587,
        "MAE": 0.5816502231687507,
        "R2": 0.363363958703686,
        "emission": 2.085485370324423e-07
    },
    "KNeighbors": {
        "MSE": 0.6333555683844325,
        "MAE": 0.6316007517368522,
        "R2": 0.2282301776246053,
        "emission": 4.835439340981482e-10
    },
    "PLS": {
        "MSE": 0.6937149867074541,
        "MAE": 0.646968576757231,
        "R2": 0.15467974263487871,
        "emission": 9.001940950528668e-09
    },
    "PLS-SKLEARN": {
        "MSE": 0.7773561783655722,
        "MAE": 0.7062785550902301,
        "R2": 0.05275950880175517,
        "emission": 2.72274601211334e-09
    },
    "XGBoost": {
        "MSE": 0.5125433456298952,
        "MAE": 0.5702272811405882,
        "R2": 0.37544484242005516,
        "emission": 2.9905794530587423e-07
    },
    "CatBoost": {
        "MSE": 0.483454378595266,
        "MAE": 0.5579018283932583,
        "R2": 0.4108909457497615,
        "emission": 1.7785477712178014e-06
    },
    "DNN": {
        "MSE": 0.9760664980650794,
        "MAE": 0.7827349454144634,
        "R2": -0.18937719259306274,
        "emission": 3.0364586227900553e-06
    }
}