{
    "Linear-SVR": {
        "MSE": 0.648834670887632,
        "MAE": 0.6478090426996811,
        "R2": 0.20936825426629713,
        "emission": 5.772677004149244e-09
    },
    "RBF-SVR": {
        "MSE": 0.48194714277212813,
        "MAE": 0.5430666635824428,
        "R2": 0.41272757462233645,
        "emission": 7.3773392222489584e-09
    },
    "DecisionTree": {
        "MSE": 0.9445924022421142,
        "MAE": 0.7345836207645123,
        "R2": -0.15102471168778386,
        "emission": 7.07700463126657e-09
    },
    "ExtraTrees": {
        "MSE": 0.5181228145857688,
        "MAE": 0.5748834971628349,
        "R2": 0.3686460299046658,
        "emission": 4.140083406467592e-07
    },
    "RandomForest": {
        "MSE": 0.5224575645471587,
        "MAE": 0.5816502231687507,
        "R2": 0.363363958703686,
        "emission": 1.1859576650171986e-06
    },
    "KNeighbors": {
        "MSE": 0.6333555683844325,
        "MAE": 0.6316007517368522,
        "R2": 0.2282301776246053,
        "emission": 6.532443705967787e-09
    },
    "PLS": {
        "MSE": 0.6937149867074541,
        "MAE": 0.646968576757231,
        "R2": 0.15467974263487871,
        "emission": 2.040762778365139e-07
    },
    "PLS-SKLEARN": {
        "MSE": 0.7773561783655722,
        "MAE": 0.7062785550902301,
        "R2": 0.052759508801755284,
        "emission": 6.431881629886146e-07
    },
    "XGBoost": {
        "MSE": 0.5125433456298952,
        "MAE": 0.5702272811405882,
        "R2": 0.37544484242005516,
        "emission": 1.1756818303341032e-06
    },
    "CatBoost": {
        "MSE": 0.483454378595266,
        "MAE": 0.5579018283932583,
        "R2": 0.4108909457497615,
        "emission": 3.2025498192365948e-06
    },
    "DNN": {
        "MSE": 1.0459594190213328,
        "MAE": 0.8199634576898136,
        "R2": -0.2745445928407608,
        "emission": 1.2617793090243978e-05
    }
}