{
    "Linear-SVR": {
        "MSE": 0.7120586362972838,
        "MAE": 0.6061500220096624,
        "R2": 0.04033681276249568,
        "emission": 5.033378641090716e-09
    },
    "RBF-SVR": {
        "MSE": 0.6927431994572498,
        "MAE": 0.6102173654156384,
        "R2": 0.06636881734175448,
        "emission": 3.445465607830972e-09
    },
    "DecisionTree": {
        "MSE": 1.5485562969774376,
        "MAE": 0.9305712815605041,
        "R2": -1.087036650944618,
        "emission": 5.2897494887824615e-09
    },
    "ExtraTrees": {
        "MSE": 0.7075456470573303,
        "MAE": 0.6719292837686874,
        "R2": 0.04641910629453305,
        "emission": 2.5729355566896336e-07
    },
    "RandomForest": {
        "MSE": 0.7283848993374484,
        "MAE": 0.7089546149946371,
        "R2": 0.01833340907333525,
        "emission": 3.840727831432264e-07
    },
    "KNeighbors": {
        "MSE": 0.6649471945955747,
        "MAE": 0.6389521494960293,
        "R2": 0.10383034264075752,
        "emission": 5.353531560526235e-09
    },
    "PLS": {
        "MSE": 0.5864282510422492,
        "MAE": 0.6140811711522938,
        "R2": 0.20965272269183932,
        "emission": 6.061592062048118e-08
    },
    "PLS-SKLEARN": {
        "MSE": 0.5864282510422492,
        "MAE": 0.6140811711522935,
        "R2": 0.20965272269183932,
        "emission": 2.4587322995738427e-07
    },
    "XGBoost": {
        "MSE": 0.7294258376660637,
        "MAE": 0.6730242804443272,
        "R2": 0.016930504673002167,
        "emission": 7.638248265601969e-07
    },
    "CatBoost": {
        "MSE": 0.6822724317719067,
        "MAE": 0.6536562022529082,
        "R2": 0.08048059097600446,
        "emission": 2.220184669716093e-06
    },
    "DNN": {
        "MSE": 0.729261828110214,
        "MAE": 0.649700447613976,
        "R2": 0.017151545364148868,
        "emission": 8.768156375687257e-06
    }
}