{
    "Linear-SVR": {
        "MSE": 0.7120586362972838,
        "MAE": 0.6061500220096624,
        "R2": 0.04033681276249568,
        "emission": 5.011351802299275e-10
    },
    "RBF-SVR": {
        "MSE": 0.6927431994572498,
        "MAE": 0.6102173654156384,
        "R2": 0.06636881734175448,
        "emission": 3.892944123007258e-10
    },
    "DecisionTree": {
        "MSE": 1.5485562969774376,
        "MAE": 0.9305712815605041,
        "R2": -1.087036650944618,
        "emission": 5.176652827157762e-10
    },
    "ExtraTrees": {
        "MSE": 0.7075456470573303,
        "MAE": 0.6719292837686874,
        "R2": 0.04641910629453305,
        "emission": 5.19428263675422e-08
    },
    "RandomForest": {
        "MSE": 0.7283848993374484,
        "MAE": 0.7089546149946371,
        "R2": 0.01833340907333525,
        "emission": 7.293287451258073e-08
    },
    "KNeighbors": {
        "MSE": 0.6649471945955747,
        "MAE": 0.6389521494960293,
        "R2": 0.10383034264075752,
        "emission": 4.2097621642861683e-10
    },
    "PLS": {
        "MSE": 0.5864282510422492,
        "MAE": 0.6140811711522938,
        "R2": 0.20965272269183932,
        "emission": 2.8123666840181014e-09
    },
    "PLS-SKLEARN": {
        "MSE": 0.5864282510422492,
        "MAE": 0.6140811711522935,
        "R2": 0.20965272269183932,
        "emission": 1.1841131868772446e-09
    },
    "XGBoost": {
        "MSE": 0.7294258376660637,
        "MAE": 0.6730242804443272,
        "R2": 0.016930504673002167,
        "emission": 1.5867267101746643e-07
    },
    "CatBoost": {
        "MSE": 0.6822724317719067,
        "MAE": 0.6536562022529082,
        "R2": 0.08048059097600446,
        "emission": 7.102328911074102e-07
    },
    "DNN": {
        "MSE": 0.8296305150803939,
        "MAE": 0.6366180958104255,
        "R2": -0.11811840169739152,
        "emission": 1.6345074473325915e-06
    }
}