{
    "Linear-SVR": {
        "MSE": 0.6138154772723606,
        "MAE": 0.6104035872390773,
        "R2": 0.09505192230520976,
        "emission": 7.287968760773604e-10
    },
    "RBF-SVR": {
        "MSE": 0.5282465913936399,
        "MAE": 0.55655115770898,
        "R2": 0.22120611954138303,
        "emission": 7.07081635511999e-10
    },
    "DecisionTree": {
        "MSE": 0.9533325563617808,
        "MAE": 0.7416523742529361,
        "R2": -0.4054980628985534,
        "emission": 8.523472736049013e-10
    },
    "ExtraTrees": {
        "MSE": 0.5506488780121955,
        "MAE": 0.58084250859325,
        "R2": 0.18817843131573375,
        "emission": 6.81703467758698e-08
    },
    "RandomForest": {
        "MSE": 0.5684917663082805,
        "MAE": 0.5907875132207924,
        "R2": 0.16187266343933937,
        "emission": 1.3574961044147537e-07
    },
    "KNeighbors": {
        "MSE": 0.6068927499845158,
        "MAE": 0.5969668904419851,
        "R2": 0.10525809823837329,
        "emission": 5.042329830306529e-10
    },
    "PLS": {
        "MSE": 0.6273790820050682,
        "MAE": 0.6234753811415893,
        "R2": 0.07505510162545148,
        "emission": 6.212828328564162e-09
    },
    "PLS-SKLEARN": {
        "MSE": 0.6160638919890365,
        "MAE": 0.6215917915300964,
        "R2": 0.09173708478309606,
        "emission": 2.6512193967833193e-09
    },
    "XGBoost": {
        "MSE": 0.5560260305609458,
        "MAE": 0.5787617064609248,
        "R2": 0.18025089601785127,
        "emission": 2.560284962456193e-07
    },
    "CatBoost": {
        "MSE": 0.553953567321854,
        "MAE": 0.5799263068122144,
        "R2": 0.18330632829962323,
        "emission": 1.2666884191614986e-06
    },
    "DNN": {
        "MSE": 0.6595478153806943,
        "MAE": 0.6454014830670286,
        "R2": 0.027628742225862757,
        "emission": 2.3858577151038716e-06
    }
}