{
    "Linear-SVR": {
        "MSE": 0.5166425741812907,
        "MAE": 0.5548768183003672,
        "R2": 0.22625809443361,
        "emission": 4.041314427443032e-09
    },
    "RBF-SVR": {
        "MSE": 0.4477230341074289,
        "MAE": 0.5034399470291969,
        "R2": 0.3294743970234868,
        "emission": 5.757154924463049e-09
    },
    "DecisionTree": {
        "MSE": 0.7032011518377408,
        "MAE": 0.6391276257813516,
        "R2": -0.053138526343146086,
        "emission": 4.732520763021236e-09
    },
    "ExtraTrees": {
        "MSE": 0.46845601932470193,
        "MAE": 0.5151248655938334,
        "R2": 0.29842395656082465,
        "emission": 3.1959022496950807e-07
    },
    "RandomForest": {
        "MSE": 0.4771376693287749,
        "MAE": 0.5195389459021351,
        "R2": 0.28542201527045263,
        "emission": 6.635451128136058e-07
    },
    "KNeighbors": {
        "MSE": 0.5190166286462654,
        "MAE": 0.5450045785945099,
        "R2": 0.22270262781617367,
        "emission": 8.676493959390583e-09
    },
    "PLS": {
        "MSE": 0.5582198055445874,
        "MAE": 0.5786070691106763,
        "R2": 0.1639905852679342,
        "emission": 1.1125987445390617e-07
    },
    "PLS-SKLEARN": {
        "MSE": 0.4778188648177751,
        "MAE": 0.5290466594346986,
        "R2": 0.2844018331908834,
        "emission": 7.150322092347706e-07
    },
    "XGBoost": {
        "MSE": 0.4501626841213998,
        "MAE": 0.4997808133671022,
        "R2": 0.3258206922282205,
        "emission": 1.1751522055046766e-06
    },
    "CatBoost": {
        "MSE": 0.4187811182209442,
        "MAE": 0.4808710959181958,
        "R2": 0.3728188178433105,
        "emission": 2.3079912714890408e-06
    },
    "DNN": {
        "MSE": 0.8225271398957545,
        "MAE": 0.7483648604011368,
        "R2": -0.23184528029177032,
        "emission": 9.946503628892033e-06
    }
}