{
    "Linear-SVR": {
        "MSE": 0.7720722660822651,
        "MAE": 0.7504716002657541,
        "R2": -0.16315467249076376,
        "emission": 3.9984063176790293e-10
    },
    "RBF-SVR": {
        "MSE": 0.5614702131887398,
        "MAE": 0.6450182375189887,
        "R2": 0.15412490433210058,
        "emission": 3.7165128694262973e-10
    },
    "DecisionTree": {
        "MSE": 0.9781379634016946,
        "MAE": 0.7894875651605644,
        "R2": -0.4736000662793589,
        "emission": 4.828500420894279e-10
    },
    "ExtraTrees": {
        "MSE": 0.5049957980743337,
        "MAE": 0.6217193012061788,
        "R2": 0.23920564444186798,
        "emission": 5.1453422617380656e-08
    },
    "RandomForest": {
        "MSE": 0.5258502305610184,
        "MAE": 0.6077485709188437,
        "R2": 0.20778769089702998,
        "emission": 6.990893108617374e-08
    },
    "KNeighbors": {
        "MSE": 0.5400367408264205,
        "MAE": 0.5918344815758235,
        "R2": 0.18641520230179476,
        "emission": 4.147735846973519e-10
    },
    "PLS": {
        "MSE": 0.6013458832068588,
        "MAE": 0.6678852285751137,
        "R2": 0.094050771458983,
        "emission": 2.7382845808951665e-09
    },
    "PLS-SKLEARN": {
        "MSE": 0.6013458832068588,
        "MAE": 0.6678852285751135,
        "R2": 0.094050771458983,
        "emission": 1.2856216688115486e-09
    },
    "XGBoost": {
        "MSE": 0.566544775478728,
        "MAE": 0.6281157199528276,
        "R2": 0.1464798934985989,
        "emission": 1.4981591706185986e-07
    },
    "CatBoost": {
        "MSE": 0.4835171315037674,
        "MAE": 0.6157103743286318,
        "R2": 0.2715640291138067,
        "emission": 6.789726509186585e-07
    },
    "DNN": {
        "MSE": 39.43321364831734,
        "MAE": 1.702133917491516,
        "R2": -58.40755641840359,
        "emission": 1.6390598343178647e-06
    }
}