{
    "Linear-SVR": {
        "MSE": 0.5133794828831445,
        "MAE": 0.5529853098706984,
        "R2": -0.43790114427556204,
        "emission": 3.7464531448295014e-10
    },
    "RBF-SVR": {
        "MSE": 0.32263000407155656,
        "MAE": 0.4614816824814535,
        "R2": 0.09636035817637911,
        "emission": 3.072940510457889e-10
    },
    "DecisionTree": {
        "MSE": 0.5498369587947629,
        "MAE": 0.5541173014725728,
        "R2": -0.5400132233097901,
        "emission": 3.593105361043088e-10
    },
    "ExtraTrees": {
        "MSE": 0.19438241987175484,
        "MAE": 0.3630919649120962,
        "R2": 0.45556315887234344,
        "emission": 4.565140253703316e-08
    },
    "RandomForest": {
        "MSE": 0.35743361189400913,
        "MAE": 0.5278390834669124,
        "R2": -0.0011194772696616617,
        "emission": 5.2949980076596615e-08
    },
    "KNeighbors": {
        "MSE": 0.29694794102183986,
        "MAE": 0.4340379209421793,
        "R2": 0.1682920755078845,
        "emission": 3.9101999533432385e-10
    },
    "PLS": {
        "MSE": 0.22747690566678375,
        "MAE": 0.3853664403089347,
        "R2": 0.36287032524635476,
        "emission": 1.1517442169444684e-09
    },
    "PLS-SKLEARN": {
        "MSE": 0.22747690566678383,
        "MAE": 0.3853664403089348,
        "R2": 0.36287032524635454,
        "emission": 1.2679194055374358e-09
    },
    "XGBoost": {
        "MSE": 0.35533314482194195,
        "MAE": 0.4102677537197858,
        "R2": 0.004763625010695716,
        "emission": 9.631457407668019e-08
    },
    "CatBoost": {
        "MSE": 0.3266268036172466,
        "MAE": 0.4972259067749475,
        "R2": 0.08516590488831133,
        "emission": 4.242819299268908e-07
    },
    "DNN": {
        "MSE": 1.389489335207824,
        "MAE": 1.0031761224293312,
        "R2": -2.8917572120987804,
        "emission": 1.192805155523281e-06
    }
}