{
    "Linear-SVR": {
        "MSE": 0.31896191949033503,
        "MAE": 0.4274575765957639,
        "R2": -0.1406142096584435,
        "emission": 5.849310810992852e-10
    },
    "RBF-SVR": {
        "MSE": 0.2658935588630753,
        "MAE": 0.3892765004161159,
        "R2": 0.04915931036379628,
        "emission": 4.945941373956416e-10
    },
    "DecisionTree": {
        "MSE": 0.5011217264586646,
        "MAE": 0.5180961904162114,
        "R2": -0.7920213261841882,
        "emission": 6.34870959459348e-10
    },
    "ExtraTrees": {
        "MSE": 0.24914226764322928,
        "MAE": 0.3851250717694325,
        "R2": 0.10906226312384215,
        "emission": 5.703250435795582e-08
    },
    "RandomForest": {
        "MSE": 0.25589839293396144,
        "MAE": 0.3991502144181858,
        "R2": 0.08490222382775503,
        "emission": 8.951602083200739e-08
    },
    "KNeighbors": {
        "MSE": 0.30156947236024884,
        "MAE": 0.41067327542584436,
        "R2": -0.07841847052755124,
        "emission": 3.991770023136064e-10
    },
    "PLS": {
        "MSE": 0.28470984516381265,
        "MAE": 0.4376103200191021,
        "R2": -0.018128106146351852,
        "emission": 3.74535710357238e-09
    },
    "PLS-SKLEARN": {
        "MSE": 0.2847098451638126,
        "MAE": 0.4376103200191021,
        "R2": -0.01812810614635163,
        "emission": 2.3622933589786034e-09
    },
    "XGBoost": {
        "MSE": 0.3319670564286901,
        "MAE": 0.45635308107197586,
        "R2": -0.18712083971053417,
        "emission": 1.8603231558591817e-07
    },
    "CatBoost": {
        "MSE": 0.2674971027486576,
        "MAE": 0.40217987297142654,
        "R2": 0.0434250053262899,
        "emission": 8.318970093589629e-07
    },
    "DNN": {
        "MSE": 0.7402233636341149,
        "MAE": 0.6966532344266754,
        "R2": -1.6470535674959286,
        "emission": 1.8704857389374714e-06
    }
}