{
    "Linear-SVR": {
        "MSE": 0.7432703846181592,
        "MAE": 0.7004660613482071,
        "R2": 0.17474779227735637,
        "emission": 9.853656622947135e-09
    },
    "RBF-SVR": {
        "MSE": 0.5597279643824971,
        "MAE": 0.623291640744877,
        "R2": 0.3785347191411942,
        "emission": 8.406416149011488e-09
    },
    "DecisionTree": {
        "MSE": 0.8527797811054939,
        "MAE": 0.6999781562439913,
        "R2": 0.05315964200553491,
        "emission": 8.26829677999754e-09
    },
    "ExtraTrees": {
        "MSE": 0.6566919434170814,
        "MAE": 0.6858254457032253,
        "R2": 0.2708757306709736,
        "emission": 4.5927584890493384e-07
    },
    "RandomForest": {
        "MSE": 0.7130037987176917,
        "MAE": 0.7078696314340024,
        "R2": 0.2083527459409139,
        "emission": 1.4064679145241515e-06
    },
    "KNeighbors": {
        "MSE": 0.710566182196663,
        "MAE": 0.6820813632960848,
        "R2": 0.21105922861154203,
        "emission": 7.000059589814558e-09
    },
    "PLS": {
        "MSE": 0.7885446159310981,
        "MAE": 0.736856000734043,
        "R2": 0.12447986809100142,
        "emission": 2.2228212744062573e-07
    },
    "PLS-SKLEARN": {
        "MSE": 0.8012101130521226,
        "MAE": 0.7201791480973239,
        "R2": 0.11041738197916762,
        "emission": 5.788279669688547e-07
    },
    "XGBoost": {
        "MSE": 0.6845771538285262,
        "MAE": 0.6792484608401304,
        "R2": 0.23991481532833225,
        "emission": 1.2162104816482634e-06
    },
    "CatBoost": {
        "MSE": 0.6483577792512425,
        "MAE": 0.6616944133368304,
        "R2": 0.280129143049182,
        "emission": 3.5296805503094277e-06
    },
    "DNN": {
        "MSE": 0.7891119729107929,
        "MAE": 0.7342453661902774,
        "R2": 0.12384993232368235,
        "emission": 1.2371347440052935e-05
    }
}