{
    "Linear-SVR": {
        "MSE": 0.6868437977875173,
        "MAE": 0.65490492077065,
        "R2": -0.31566673357793373,
        "emission": 6.010896004032281e-10
    },
    "RBF-SVR": {
        "MSE": 0.5255298830264565,
        "MAE": 0.5815808055715334,
        "R2": -0.006665834104118806,
        "emission": 6.091279524013795e-10
    },
    "DecisionTree": {
        "MSE": 0.70182735966798,
        "MAE": 0.6363498098512119,
        "R2": -0.3443681267915477,
        "emission": 7.15546648507456e-10
    },
    "ExtraTrees": {
        "MSE": 0.4379921412489501,
        "MAE": 0.522487967922326,
        "R2": 0.16101493284783064,
        "emission": 6.22322109432722e-08
    },
    "RandomForest": {
        "MSE": 0.46837741445291003,
        "MAE": 0.5411066454270833,
        "R2": 0.10281117054568567,
        "emission": 1.0943189443111533e-07
    },
    "KNeighbors": {
        "MSE": 0.49457577370473743,
        "MAE": 0.5789296068933916,
        "R2": 0.052627548224302934,
        "emission": 5.52862960337107e-10
    },
    "PLS": {
        "MSE": 0.5679856749440978,
        "MAE": 0.598881927407686,
        "R2": -0.08799098147194528,
        "emission": 4.909135288963804e-09
    },
    "PLS-SKLEARN": {
        "MSE": 0.5679856749440978,
        "MAE": 0.598881927407686,
        "R2": -0.08799098147194528,
        "emission": 2.444407848689606e-09
    },
    "XGBoost": {
        "MSE": 0.4780261083423739,
        "MAE": 0.5402849177262661,
        "R2": 0.08432885242075527,
        "emission": 2.1419944876391716e-07
    },
    "CatBoost": {
        "MSE": 0.46049748256764395,
        "MAE": 0.5350381466976529,
        "R2": 0.11790538014283192,
        "emission": 1.0429641325629427e-06
    },
    "DNN": {
        "MSE": 0.5525164857894005,
        "MAE": 0.5977211758415463,
        "R2": -0.05835935688449312,
        "emission": 2.150505720682074e-06
    }
}