{
    "Linear-SVR": {
        "MSE": 0.73926995417973,
        "MAE": 0.7152506715213702,
        "R2": -2.512403931561071,
        "emission": 3.190870221276373e-09
    },
    "RBF-SVR": {
        "MSE": 0.3309102375249837,
        "MAE": 0.43741250184128383,
        "R2": -0.5722137937638767,
        "emission": 3.227814366481917e-09
    },
    "DecisionTree": {
        "MSE": 0.9417578741626941,
        "MAE": 0.7171421481350395,
        "R2": -3.474460298414141,
        "emission": 2.990393688779512e-09
    },
    "ExtraTrees": {
        "MSE": 0.3368798601020698,
        "MAE": 0.46991108625978334,
        "R2": -0.600576539593251,
        "emission": 2.2689617572560555e-07
    },
    "RandomForest": {
        "MSE": 0.3223226064996441,
        "MAE": 0.4630051484236078,
        "R2": -0.5314124209965136,
        "emission": 3.006323287574599e-07
    },
    "KNeighbors": {
        "MSE": 0.32259907450486863,
        "MAE": 0.46244416117844633,
        "R2": -0.5327259699957814,
        "emission": 2.676975548181585e-09
    },
    "PLS": {
        "MSE": 0.5045601210649127,
        "MAE": 0.5434122041973144,
        "R2": -1.3972554855198003,
        "emission": 3.243852769658442e-08
    },
    "PLS-SKLEARN": {
        "MSE": 0.5045601210649129,
        "MAE": 0.5434122041973144,
        "R2": -1.3972554855198016,
        "emission": 1.8935852596036216e-07
    },
    "XGBoost": {
        "MSE": 0.2965726799215638,
        "MAE": 0.44771027704387806,
        "R2": -0.40906990884800876,
        "emission": 6.127245697315693e-07
    },
    "CatBoost": {
        "MSE": 0.2917142329767563,
        "MAE": 0.45186896759446893,
        "R2": -0.38598655742307875,
        "emission": 1.8505590936711176e-06
    },
    "DNN": {
        "MSE": 0.9967285885166819,
        "MAE": 0.7854388060732832,
        "R2": -3.7356360057806093,
        "emission": 1.095404507966773e-05
    }
}