{
    "Linear-SVR": {
        "MSE": 0.73926995417973,
        "MAE": 0.7152506715213702,
        "R2": -2.512403931561071,
        "emission": 3.671621438852801e-10
    },
    "RBF-SVR": {
        "MSE": 0.3309102375249837,
        "MAE": 0.43741250184128383,
        "R2": -0.5722137937638767,
        "emission": 3.1288166079731206e-10
    },
    "DecisionTree": {
        "MSE": 0.9417578741626941,
        "MAE": 0.7171421481350395,
        "R2": -3.474460298414141,
        "emission": 3.4312391002090176e-10
    },
    "ExtraTrees": {
        "MSE": 0.3368798601020698,
        "MAE": 0.46991108625978334,
        "R2": -0.600576539593251,
        "emission": 4.5598142550863584e-08
    },
    "RandomForest": {
        "MSE": 0.3223226064996441,
        "MAE": 0.4630051484236078,
        "R2": -0.5314124209965136,
        "emission": 5.544894323285719e-08
    },
    "KNeighbors": {
        "MSE": 0.32259907450486863,
        "MAE": 0.46244416117844633,
        "R2": -0.5327259699957814,
        "emission": 4.1294241155623714e-10
    },
    "PLS": {
        "MSE": 0.5045601210649127,
        "MAE": 0.5434122041973144,
        "R2": -1.3972554855198003,
        "emission": 1.3823705055312565e-09
    },
    "PLS-SKLEARN": {
        "MSE": 0.5045601210649129,
        "MAE": 0.5434122041973144,
        "R2": -1.3972554855198016,
        "emission": 1.0708494707302987e-09
    },
    "XGBoost": {
        "MSE": 0.2965726799215638,
        "MAE": 0.44771027704387806,
        "R2": -0.40906990884800876,
        "emission": 1.0615503688893058e-07
    },
    "CatBoost": {
        "MSE": 0.2917142329767563,
        "MAE": 0.45186896759446893,
        "R2": -0.38598655742307875,
        "emission": 4.663239541251426e-07
    },
    "DNN": {
        "MSE": 0.9860621635511513,
        "MAE": 0.8867352199075378,
        "R2": -3.684957910758879,
        "emission": 1.7861377438086451e-06
    }
}