{
    "Linear-SVR": {
        "MSE": 0.6645933660206652,
        "MAE": 0.6682879098625348,
        "R2": 0.3554874823011487,
        "emission": 9.358904265352523e-10
    },
    "RBF-SVR": {
        "MSE": 0.48239886726361353,
        "MAE": 0.5478402986286893,
        "R2": 0.532176930478903,
        "emission": 9.93572745265481e-10
    },
    "DecisionTree": {
        "MSE": 0.647900513683991,
        "MAE": 0.6156264145553433,
        "R2": 0.37167595609152726,
        "emission": 9.53106657958277e-10
    },
    "ExtraTrees": {
        "MSE": 0.5039690731381065,
        "MAE": 0.575677507478633,
        "R2": 0.5112584735603611,
        "emission": 7.367757923710508e-08
    },
    "RandomForest": {
        "MSE": 0.5246620885004716,
        "MAE": 0.5810727948513349,
        "R2": 0.4911907026317476,
        "emission": 1.6906275699844096e-07
    },
    "KNeighbors": {
        "MSE": 0.6322299433441252,
        "MAE": 0.6250542968766626,
        "R2": 0.3868730363813866,
        "emission": 5.449368485856869e-10
    },
    "PLS": {
        "MSE": 0.6977279747519239,
        "MAE": 0.6870940816981741,
        "R2": 0.32335404373822774,
        "emission": 7.023395119443996e-09
    },
    "PLS-SKLEARN": {
        "MSE": 0.682920140356934,
        "MAE": 0.6916831955659462,
        "R2": 0.3377144558571862,
        "emission": 2.6187782912201637e-09
    },
    "XGBoost": {
        "MSE": 0.48548791567969135,
        "MAE": 0.5384777326005723,
        "R2": 0.5291812184033207,
        "emission": 2.5223982577147013e-07
    },
    "CatBoost": {
        "MSE": 0.46197652046137183,
        "MAE": 0.5269073847032365,
        "R2": 0.5519822111630057,
        "emission": 1.4943127854204379e-06
    },
    "DNN": {
        "MSE": 0.7040448105100091,
        "MAE": 0.6633174324812185,
        "R2": 0.3172280726911333,
        "emission": 2.6720347001597607e-06
    }
}