{
    "Linear-SVR": {
        "MSE": 0.6041480824206892,
        "MAE": 0.5834250095010001,
        "R2": -0.06812930509007731,
        "emission": 7.224755516071129e-10
    },
    "RBF-SVR": {
        "MSE": 0.48680602637937015,
        "MAE": 0.5268207370684688,
        "R2": 0.1393305750688717,
        "emission": 8.122158399496869e-10
    },
    "DecisionTree": {
        "MSE": 0.552814905292009,
        "MAE": 0.5816600529707542,
        "R2": 0.022627369324627833,
        "emission": 8.074971122437676e-10
    },
    "ExtraTrees": {
        "MSE": 0.4133925172568358,
        "MAE": 0.4888692963950023,
        "R2": 0.26912511181404253,
        "emission": 6.994662774638131e-08
    },
    "RandomForest": {
        "MSE": 0.44915026369978833,
        "MAE": 0.5034719127529622,
        "R2": 0.20590568271867338,
        "emission": 1.5048236484574708e-07
    },
    "KNeighbors": {
        "MSE": 0.48628715582095966,
        "MAE": 0.49618576585145574,
        "R2": 0.14024793434735539,
        "emission": 4.753697119103293e-10
    },
    "PLS": {
        "MSE": 0.4828670911007005,
        "MAE": 0.5261715592100209,
        "R2": 0.1462945832721958,
        "emission": 6.3223683841371965e-09
    },
    "PLS-SKLEARN": {
        "MSE": 0.4393460769123098,
        "MAE": 0.5088027397821853,
        "R2": 0.22323941185726992,
        "emission": 2.561165299948072e-09
    },
    "XGBoost": {
        "MSE": 0.3795390259909587,
        "MAE": 0.47279273409683653,
        "R2": 0.32897783195478936,
        "emission": 2.3527536583584094e-07
    },
    "CatBoost": {
        "MSE": 0.39208121700925846,
        "MAE": 0.4726814001042034,
        "R2": 0.30680333175112084,
        "emission": 1.3348069764039433e-06
    },
    "DNN": {
        "MSE": 0.7536587165412247,
        "MAE": 0.6838369184769829,
        "R2": -0.33246299143875313,
        "emission": 2.506162408568739e-06
    }
}