{
    "Linear-SVR": {
        "MSE": 0.6041480824206892,
        "MAE": 0.5834250095010001,
        "R2": -0.06812930509007731,
        "emission": 4.4064394183513205e-09
    },
    "RBF-SVR": {
        "MSE": 0.48680602637937015,
        "MAE": 0.5268207370684688,
        "R2": 0.1393305750688717,
        "emission": 5.48251195852601e-09
    },
    "DecisionTree": {
        "MSE": 0.552814905292009,
        "MAE": 0.5816600529707542,
        "R2": 0.022627369324627833,
        "emission": 7.033078240648907e-09
    },
    "ExtraTrees": {
        "MSE": 0.4133925172568358,
        "MAE": 0.4888692963950023,
        "R2": 0.26912511181404253,
        "emission": 3.62460742611911e-07
    },
    "RandomForest": {
        "MSE": 0.44915026369978833,
        "MAE": 0.5034719127529622,
        "R2": 0.20590568271867338,
        "emission": 8.333135076902336e-07
    },
    "KNeighbors": {
        "MSE": 0.48628715582095966,
        "MAE": 0.49618576585145574,
        "R2": 0.14024793434735539,
        "emission": 5.5785671724423894e-09
    },
    "PLS": {
        "MSE": 0.4828670911007005,
        "MAE": 0.5261715592100209,
        "R2": 0.1462945832721958,
        "emission": 1.3263318974302322e-07
    },
    "PLS-SKLEARN": {
        "MSE": 0.4393460769123099,
        "MAE": 0.5088027397821853,
        "R2": 0.2232394118572697,
        "emission": 5.449147610903256e-07
    },
    "XGBoost": {
        "MSE": 0.3795390259909587,
        "MAE": 0.47279273409683653,
        "R2": 0.32897783195478936,
        "emission": 8.50003943827044e-07
    },
    "CatBoost": {
        "MSE": 0.39208121700925846,
        "MAE": 0.4726814001042034,
        "R2": 0.30680333175112084,
        "emission": 2.636907775008755e-06
    },
    "DNN": {
        "MSE": 0.7963203570203313,
        "MAE": 0.6664064475968207,
        "R2": -0.40788845371344795,
        "emission": 1.0863357053560144e-05
    }
}