{
    "Linear-SVR": {
        "MSE": 0.9984235055876538,
        "MAE": 0.7995076507136605,
        "R2": 0.006367205718436075,
        "emission": 3.942256017372736e-09
    },
    "RBF-SVR": {
        "MSE": 0.6630645568827508,
        "MAE": 0.617044815289386,
        "R2": 0.34011700970852854,
        "emission": 3.1952794934849104e-09
    },
    "DecisionTree": {
        "MSE": 1.1900735789069317,
        "MAE": 0.8184878342564714,
        "R2": -0.18436327769943683,
        "emission": 4.938449097910429e-09
    },
    "ExtraTrees": {
        "MSE": 0.6260665391895448,
        "MAE": 0.6122401679270184,
        "R2": 0.37693750071023147,
        "emission": 2.337741967395583e-07
    },
    "RandomForest": {
        "MSE": 0.7628047163193317,
        "MAE": 0.7196129562659528,
        "R2": 0.24085543106137208,
        "emission": 3.278927368105497e-07
    },
    "KNeighbors": {
        "MSE": 0.8100177375437252,
        "MAE": 0.7488589187515232,
        "R2": 0.1938689509323238,
        "emission": 2.708909100696284e-09
    },
    "PLS": {
        "MSE": 1.3313622479388527,
        "MAE": 0.9563166669971084,
        "R2": -0.32497400473543614,
        "emission": 4.356090866483537e-08
    },
    "PLS-SKLEARN": {
        "MSE": 1.130404332325981,
        "MAE": 0.8883043262112212,
        "R2": -0.12498034061803365,
        "emission": 2.227179228204805e-07
    },
    "XGBoost": {
        "MSE": 0.6657133965565615,
        "MAE": 0.6265312577603163,
        "R2": 0.33748087989791953,
        "emission": 5.875199730958732e-07
    },
    "CatBoost": {
        "MSE": 0.607827913866461,
        "MAE": 0.5955646069842864,
        "R2": 0.3950886120795134,
        "emission": 1.9610222947815706e-06
    },
    "DNN": {
        "MSE": 1.1029729238113628,
        "MAE": 0.7126757113392876,
        "R2": -0.09768055556598187,
        "emission": 9.11701320160608e-06
    }
}