{
    "Linear-SVR": {
        "MSE": 0.44061387479177727,
        "MAE": 0.43910897262761855,
        "R2": -0.36211131009228237,
        "emission": 4.08466169661949e-10
    },
    "RBF-SVR": {
        "MSE": 0.3466996911339768,
        "MAE": 0.41488751492545867,
        "R2": -0.07178551906078989,
        "emission": 4.818926944829442e-10
    },
    "DecisionTree": {
        "MSE": 0.4788752640392675,
        "MAE": 0.5166724298486183,
        "R2": -0.48039235845572414,
        "emission": 5.156658215332627e-10
    },
    "ExtraTrees": {
        "MSE": 0.32569646297067045,
        "MAE": 0.4121862321528117,
        "R2": -0.006856254989820343,
        "emission": 5.356782381206419e-08
    },
    "RandomForest": {
        "MSE": 0.3472791365888402,
        "MAE": 0.41675435493499874,
        "R2": -0.07357681355423695,
        "emission": 7.072347940702619e-08
    },
    "KNeighbors": {
        "MSE": 0.4284293171207757,
        "MAE": 0.48144615874546415,
        "R2": -0.32444403549729595,
        "emission": 3.5584153378696023e-09
    },
    "PLS": {
        "MSE": 0.38354249186368367,
        "MAE": 0.4290203237266018,
        "R2": -0.18568115067957525,
        "emission": 2.483683062335795e-09
    },
    "PLS-SKLEARN": {
        "MSE": 0.3835424918636837,
        "MAE": 0.42902032372660226,
        "R2": -0.18568115067957525,
        "emission": 1.3614558247094062e-09
    },
    "XGBoost": {
        "MSE": 0.3908205160068239,
        "MAE": 0.43714296509516476,
        "R2": -0.2081803945020282,
        "emission": 1.514330033875962e-07
    },
    "CatBoost": {
        "MSE": 0.3239869728394628,
        "MAE": 0.4079068660855083,
        "R2": -0.0015715465967642839,
        "emission": 6.786188203251303e-07
    },
    "DNN": {
        "MSE": 0.6032074258350832,
        "MAE": 0.60962949208431,
        "R2": -0.8647521198689039,
        "emission": 1.7993016906303978e-06
    }
}