{
    "Linear-SVR": {
        "MSE": 0.44061387479177727,
        "MAE": 0.43910897262761855,
        "R2": -0.36211131009228237,
        "emission": 2.4080792186409287e-09
    },
    "RBF-SVR": {
        "MSE": 0.3466996911339768,
        "MAE": 0.41488751492545867,
        "R2": -0.07178551906078989,
        "emission": 2.5563994474546943e-09
    },
    "DecisionTree": {
        "MSE": 0.4788752640392675,
        "MAE": 0.5166724298486183,
        "R2": -0.48039235845572414,
        "emission": 2.421143522009884e-09
    },
    "ExtraTrees": {
        "MSE": 0.32569646297067045,
        "MAE": 0.4121862321528117,
        "R2": -0.006856254989820343,
        "emission": 1.503308490380588e-07
    },
    "RandomForest": {
        "MSE": 0.3472791365888402,
        "MAE": 0.41675435493499874,
        "R2": -0.07357681355423695,
        "emission": 2.2147565873622507e-07
    },
    "KNeighbors": {
        "MSE": 0.4284293171207757,
        "MAE": 0.48144615874546415,
        "R2": -0.32444403549729595,
        "emission": 2.594409650290443e-09
    },
    "PLS": {
        "MSE": 0.38354249186368367,
        "MAE": 0.4290203237266018,
        "R2": -0.18568115067957525,
        "emission": 3.224845714380815e-08
    },
    "PLS-SKLEARN": {
        "MSE": 0.3835424918636837,
        "MAE": 0.42902032372660226,
        "R2": -0.18568115067957525,
        "emission": 1.705522925591435e-07
    },
    "XGBoost": {
        "MSE": 0.3908205160068239,
        "MAE": 0.43714296509516476,
        "R2": -0.2081803945020282,
        "emission": 9.419118262536043e-07
    },
    "CatBoost": {
        "MSE": 0.3239869728394628,
        "MAE": 0.4079068660855083,
        "R2": -0.0015715465967642839,
        "emission": 1.6424530849301392e-06
    },
    "DNN": {
        "MSE": 0.8212385681850596,
        "MAE": 0.7185725976687494,
        "R2": -1.5387723946221432,
        "emission": 9.758475396782814e-06
    }
}