{
    "Linear-SVR": {
        "MSE": 0.6606778818325074,
        "MAE": 0.6184831064276678,
        "R2": 0.2788240245744982,
        "emission": 4.576346774584626e-09
    },
    "RBF-SVR": {
        "MSE": 0.4567378759151641,
        "MAE": 0.5226158281590833,
        "R2": 0.5014387612564338,
        "emission": 3.595780499081499e-09
    },
    "DecisionTree": {
        "MSE": 0.4417275994612388,
        "MAE": 0.5099492624893205,
        "R2": 0.5178235246346793,
        "emission": 5.9852447202330766e-09
    },
    "ExtraTrees": {
        "MSE": 0.4412459258453055,
        "MAE": 0.49663162680047357,
        "R2": 0.5183493049723591,
        "emission": 3.0046277610939006e-07
    },
    "RandomForest": {
        "MSE": 0.38206997620650845,
        "MAE": 0.4689307105512207,
        "R2": 0.5829439801930878,
        "emission": 4.838721257101049e-07
    },
    "KNeighbors": {
        "MSE": 0.5573929916706871,
        "MAE": 0.5802381877178181,
        "R2": 0.391566683981477,
        "emission": 5.180946304462899e-09
    },
    "PLS": {
        "MSE": 0.5737224488619932,
        "MAE": 0.6023374365662117,
        "R2": 0.3737419428452289,
        "emission": 8.038831151497727e-08
    },
    "PLS-SKLEARN": {
        "MSE": 0.5407886924952788,
        "MAE": 0.5753521647386377,
        "R2": 0.4096914343074122,
        "emission": 4.5619770389404577e-07
    },
    "XGBoost": {
        "MSE": 0.4523184202180741,
        "MAE": 0.5366651939859125,
        "R2": 0.5062629053073265,
        "emission": 7.360722253113701e-07
    },
    "CatBoost": {
        "MSE": 0.4158926939677306,
        "MAE": 0.49462251763392107,
        "R2": 0.5460241253837594,
        "emission": 2.565791264897338e-06
    },
    "DNN": {
        "MSE": 0.7466554523250618,
        "MAE": 0.6998536346962599,
        "R2": 0.1849735113823492,
        "emission": 9.369791943028279e-06
    }
}