{
    "Linear-SVR": {
        "MSE": 0.6606778818325074,
        "MAE": 0.6184831064276678,
        "R2": 0.2788240245744982,
        "emission": 4.946233571074351e-10
    },
    "RBF-SVR": {
        "MSE": 0.4567378759151641,
        "MAE": 0.5226158281590833,
        "R2": 0.5014387612564338,
        "emission": 5.208574816030493e-10
    },
    "DecisionTree": {
        "MSE": 0.4417275994612388,
        "MAE": 0.5099492624893205,
        "R2": 0.5178235246346793,
        "emission": 5.910698296783999e-10
    },
    "ExtraTrees": {
        "MSE": 0.4412459258453055,
        "MAE": 0.49663162680047357,
        "R2": 0.5183493049723591,
        "emission": 5.7157694800414646e-08
    },
    "RandomForest": {
        "MSE": 0.38206997620650845,
        "MAE": 0.4689307105512207,
        "R2": 0.5829439801930878,
        "emission": 1.375666751714833e-07
    },
    "KNeighbors": {
        "MSE": 0.5573929916706871,
        "MAE": 0.5802381877178181,
        "R2": 0.391566683981477,
        "emission": 5.493481470714929e-10
    },
    "PLS": {
        "MSE": 0.5737224488619932,
        "MAE": 0.6023374365662117,
        "R2": 0.3737419428452289,
        "emission": 3.9077685823863775e-09
    },
    "PLS-SKLEARN": {
        "MSE": 0.5407886924952788,
        "MAE": 0.5753521647386377,
        "R2": 0.4096914343074122,
        "emission": 2.4190009166979314e-09
    },
    "XGBoost": {
        "MSE": 0.4523184202180741,
        "MAE": 0.5366651939859125,
        "R2": 0.5062629053073265,
        "emission": 1.8797491939472978e-07
    },
    "CatBoost": {
        "MSE": 0.4158926939677306,
        "MAE": 0.49462251763392107,
        "R2": 0.5460241253837594,
        "emission": 8.732811377387342e-07
    },
    "DNN": {
        "MSE": 0.8463136874073467,
        "MAE": 0.7400735259323862,
        "R2": 0.07618959887221122,
        "emission": 2.0192594425495015e-06
    }
}