{
    "Linear-SVR": {
        "MSE": 0.35409331851468506,
        "MAE": 0.49753497156343135,
        "R2": -0.8905451811740133,
        "emission": 4.448429260044338e-10
    },
    "RBF-SVR": {
        "MSE": 0.2196666917276033,
        "MAE": 0.3894312452316518,
        "R2": -0.17282587328129684,
        "emission": 3.8262312453597627e-10
    },
    "DecisionTree": {
        "MSE": 0.23949852344072067,
        "MAE": 0.39610364496976735,
        "R2": -0.2787103165019702,
        "emission": 5.692050253261594e-10
    },
    "ExtraTrees": {
        "MSE": 0.19286967626580087,
        "MAE": 0.3716927953245538,
        "R2": -0.02975350844915714,
        "emission": 5.371072932842167e-08
    },
    "RandomForest": {
        "MSE": 0.20450053812641408,
        "MAE": 0.3864699804336414,
        "R2": -0.09185202512187707,
        "emission": 7.630465001688099e-08
    },
    "KNeighbors": {
        "MSE": 0.29356045811306786,
        "MAE": 0.4741630529024529,
        "R2": -0.5673532383974638,
        "emission": 4.3277122064675934e-10
    },
    "PLS": {
        "MSE": 0.24115263756004832,
        "MAE": 0.41045584520618056,
        "R2": -0.28754182309612,
        "emission": 3.1461748318448687e-09
    },
    "PLS-SKLEARN": {
        "MSE": 0.2411526375600486,
        "MAE": 0.41045584520618095,
        "R2": -0.28754182309612153,
        "emission": 1.2959558596810213e-09
    },
    "XGBoost": {
        "MSE": 0.19635383153092847,
        "MAE": 0.3790231691019898,
        "R2": -0.048355816379109795,
        "emission": 1.6061439693555932e-07
    },
    "CatBoost": {
        "MSE": 0.19700726459026047,
        "MAE": 0.3786154457232869,
        "R2": -0.05184457105745799,
        "emission": 7.561710522721582e-07
    },
    "DNN": {
        "MSE": 0.4880930763349698,
        "MAE": 0.6131048247383677,
        "R2": -1.605985386282311,
        "emission": 1.6222956028939089e-06
    }
}