{
    "Linear-SVR": {
        "MSE": 0.35409331851468506,
        "MAE": 0.49753497156343135,
        "R2": -0.8905451811740133,
        "emission": 3.642167595932528e-09
    },
    "RBF-SVR": {
        "MSE": 0.2196666917276033,
        "MAE": 0.3894312452316518,
        "R2": -0.17282587328129684,
        "emission": 3.371865309203493e-09
    },
    "DecisionTree": {
        "MSE": 0.23949852344072067,
        "MAE": 0.39610364496976735,
        "R2": -0.2787103165019702,
        "emission": 4.028219555009852e-09
    },
    "ExtraTrees": {
        "MSE": 0.19286967626580087,
        "MAE": 0.3716927953245538,
        "R2": -0.02975350844915714,
        "emission": 2.890558042180052e-07
    },
    "RandomForest": {
        "MSE": 0.20450053812641408,
        "MAE": 0.3864699804336414,
        "R2": -0.09185202512187707,
        "emission": 4.31532367303403e-07
    },
    "KNeighbors": {
        "MSE": 0.29356045811306786,
        "MAE": 0.4741630529024529,
        "R2": -0.5673532383974638,
        "emission": 4.540527764510057e-09
    },
    "PLS": {
        "MSE": 0.24115263756004832,
        "MAE": 0.41045584520618056,
        "R2": -0.28754182309612,
        "emission": 6.757885151985586e-08
    },
    "PLS-SKLEARN": {
        "MSE": 0.2411526375600486,
        "MAE": 0.41045584520618095,
        "R2": -0.28754182309612153,
        "emission": 4.631526719185831e-07
    },
    "XGBoost": {
        "MSE": 0.19635383153092847,
        "MAE": 0.3790231691019898,
        "R2": -0.048355816379109795,
        "emission": 1.0829919219204807e-06
    },
    "CatBoost": {
        "MSE": 0.19700726459026047,
        "MAE": 0.3786154457232869,
        "R2": -0.05184457105745799,
        "emission": 2.5905778190346978e-06
    },
    "DNN": {
        "MSE": 0.7182171865025042,
        "MAE": 0.7110898044826226,
        "R2": -2.8346446260955216,
        "emission": 9.401922814065872e-06
    }
}