{
    "Linear-SVR": {
        "MSE": 1239.0669737586566,
        "MAE": 25.99362415924543,
        "R2": -0.004552982796752758,
        "emission": 1.0328917249723674e-08
    },
    "RBF-SVR": {
        "MSE": 1293.9254046564606,
        "MAE": 27.964890255033275,
        "R2": -0.04902854510051613,
        "emission": 1.80050474244328e-08
    },
    "DecisionTree": {
        "MSE": 1315.7814910298,
        "MAE": 27.39880734115064,
        "R2": -0.06674800435783146,
        "emission": 1.2417167063293152e-08
    },
    "ExtraTrees": {
        "MSE": 955.6440408033188,
        "MAE": 25.801360919020514,
        "R2": 0.22522745580990522,
        "emission": 6.399523795258794e-07
    },
    "RandomForest": {
        "MSE": 927.5426279672448,
        "MAE": 25.307450137675616,
        "R2": 0.24801020983622601,
        "emission": 1.9651818386428394e-06
    },
    "KNeighbors": {
        "MSE": 825.7236413145539,
        "MAE": 21.358779342723,
        "R2": 0.33055826326148485,
        "emission": 1.9869007904380303e-08
    },
    "PLS": {
        "MSE": 1017.9681721185651,
        "MAE": 25.22721491804185,
        "R2": 0.17469920080926649,
        "emission": 3.800202203708848e-07
    },
    "PLS-SKLEARN": {
        "MSE": 1017.7441240934266,
        "MAE": 25.258286298891868,
        "R2": 0.1748808440268722,
        "emission": 9.700359590968647e-07
    },
    "XGBoost": {
        "MSE": 871.7818161156339,
        "MAE": 23.02875590458722,
        "R2": 0.29321736252046404,
        "emission": 2.137866329362701e-06
    },
    "CatBoost": {
        "MSE": 767.3447123529005,
        "MAE": 21.750180075628585,
        "R2": 0.37788801093687685,
        "emission": 3.9818590499436726e-06
    },
    "DNN": {
        "MSE": 901.0340377244978,
        "MAE": 22.354292273358773,
        "R2": 0.26950160938286205,
        "emission": 1.8296668196176964e-05
    }
}