{
    "Linear-SVR": {
        "MSE": 307.5248826684182,
        "MAE": 6.74353475272614,
        "R2": -0.13138162715941548,
        "emission": 1.710294148514144e-08
    },
    "RBF-SVR": {
        "MSE": 306.80277515886627,
        "MAE": 6.7315958233160105,
        "R2": -0.12872499930526615,
        "emission": 1.948845209322172e-08
    },
    "DecisionTree": {
        "MSE": 519.9808074587795,
        "MAE": 11.60246002876726,
        "R2": -0.9130053052282552,
        "emission": 1.0379670195150617e-08
    },
    "ExtraTrees": {
        "MSE": 260.44586535819036,
        "MAE": 9.574914947210845,
        "R2": 0.041821707632009986,
        "emission": 6.096546220320509e-07
    },
    "RandomForest": {
        "MSE": 257.58233724711783,
        "MAE": 9.472873439735938,
        "R2": 0.052356605054327154,
        "emission": 2.0157293942987334e-06
    },
    "KNeighbors": {
        "MSE": 288.8939399061033,
        "MAE": 9.952394366197181,
        "R2": -0.06283853511743143,
        "emission": 1.009298948729859e-08
    },
    "PLS": {
        "MSE": 408.842574813897,
        "MAE": 12.9248171625279,
        "R2": -0.5041286205244522,
        "emission": 3.855727543114136e-07
    },
    "PLS-SKLEARN": {
        "MSE": 394.96706811368284,
        "MAE": 12.714059675294122,
        "R2": -0.45308074039217616,
        "emission": 1.1792853768337428e-06
    },
    "XGBoost": {
        "MSE": 299.4382153087064,
        "MAE": 10.559045979779372,
        "R2": -0.10163084147878987,
        "emission": 2.323744101829587e-06
    },
    "CatBoost": {
        "MSE": 263.7402505289478,
        "MAE": 9.65279217825896,
        "R2": 0.02970169047229232,
        "emission": 4.585361621374927e-06
    },
    "DNN": {
        "MSE": 252.42535135582727,
        "MAE": 9.957966264984417,
        "R2": 0.07132911563070687,
        "emission": 1.625596302460106e-05
    }
}