{
    "Linear-SVR": {
        "MSE": 697.5016120745238,
        "MAE": 14.518897209945704,
        "R2": -0.20833584912377057,
        "emission": 1.2630600725769549e-08
    },
    "RBF-SVR": {
        "MSE": 718.3554201713332,
        "MAE": 14.163625115530035,
        "R2": -0.24446250959008364,
        "emission": 1.8121083093689405e-08
    },
    "DecisionTree": {
        "MSE": 531.2803698344054,
        "MAE": 14.623170590073322,
        "R2": 0.0796220314139473,
        "emission": 9.716986691357979e-09
    },
    "ExtraTrees": {
        "MSE": 532.0615369209238,
        "MAE": 15.431880180710115,
        "R2": 0.07826875540933942,
        "emission": 6.447047332159795e-07
    },
    "RandomForest": {
        "MSE": 522.7484442697842,
        "MAE": 15.423339495569843,
        "R2": 0.09440254423760219,
        "emission": 2.186386597645163e-06
    },
    "KNeighbors": {
        "MSE": 567.3585427230047,
        "MAE": 15.743098591549298,
        "R2": 0.01712102938397353,
        "emission": 7.051744136105291e-09
    },
    "PLS": {
        "MSE": 609.0193895505787,
        "MAE": 16.575838571169943,
        "R2": -0.05505126936798033,
        "emission": 4.5243252734912897e-07
    },
    "PLS-SKLEARN": {
        "MSE": 578.4843512188809,
        "MAE": 16.02974833240306,
        "R2": -0.0021530669382821,
        "emission": 1.443939734143038e-06
    },
    "XGBoost": {
        "MSE": 567.9468230224467,
        "MAE": 15.906083534054561,
        "R2": 0.0161019060402513,
        "emission": 3.059216346984753e-06
    },
    "CatBoost": {
        "MSE": 495.5582872333426,
        "MAE": 15.085063069462322,
        "R2": 0.14150615076937745,
        "emission": 4.1252777814706665e-06
    },
    "DNN": {
        "MSE": 541.9623760640509,
        "MAE": 16.203856158816198,
        "R2": 0.06111676799318688,
        "emission": 1.8023215645143307e-05
    }
}