{
    "Linear-SVR": {
        "MSE": 531.8204783814575,
        "MAE": 10.852770451487697,
        "R2": -0.11348764883944451,
        "emission": 2.514080837868659e-09
    },
    "RBF-SVR": {
        "MSE": 563.588724179363,
        "MAE": 10.518275192182154,
        "R2": -0.18000172785520419,
        "emission": 3.2141259636869302e-09
    },
    "DecisionTree": {
        "MSE": 794.1454573847359,
        "MAE": 15.516392002810514,
        "R2": -0.6627249121189276,
        "emission": 1.485881250688611e-09
    },
    "ExtraTrees": {
        "MSE": 403.12503278445814,
        "MAE": 13.529403804511224,
        "R2": 0.15596566286880165,
        "emission": 1.3868413626624272e-07
    },
    "RandomForest": {
        "MSE": 418.3180562824901,
        "MAE": 13.331248209074365,
        "R2": 0.12415559781626373,
        "emission": 3.5768281389386196e-07
    },
    "KNeighbors": {
        "MSE": 514.7030403755869,
        "MAE": 13.89399061032864,
        "R2": -0.07764838244391337,
        "emission": 3.973675953703841e-09
    },
    "PLS": {
        "MSE": 483.23833874484455,
        "MAE": 15.657490270818373,
        "R2": -0.01176984247704893,
        "emission": 1.8334688486031206e-08
    },
    "PLS-SKLEARN": {
        "MSE": 431.0746374875374,
        "MAE": 14.399104802950914,
        "R2": 0.09744678123126316,
        "emission": 4.054791207928283e-09
    },
    "XGBoost": {
        "MSE": 494.89033769779735,
        "MAE": 14.787490970324813,
        "R2": -0.036165963810866675,
        "emission": 7.139992769149757e-07
    },
    "CatBoost": {
        "MSE": 373.995903554873,
        "MAE": 12.840882503926371,
        "R2": 0.21695414852716433,
        "emission": 2.4058119670438e-06
    },
    "DNN": {
        "MSE": 559.4524955913135,
        "MAE": 15.800570957726437,
        "R2": -0.17134158851723336,
        "emission": 4.313434870052393e-06
    }
}