{
    "Linear-SVR": {
        "MSE": 415.0517612548088,
        "MAE": 7.24059161244729,
        "R2": -0.09664578306226712,
        "emission": 2.6573329598100664e-09
    },
    "RBF-SVR": {
        "MSE": 416.16016075583497,
        "MAE": 7.202440009543469,
        "R2": -0.09957438559384979,
        "emission": 2.990248467399581e-09
    },
    "DecisionTree": {
        "MSE": 344.1460463274833,
        "MAE": 8.570533361712746,
        "R2": 0.09070061690236098,
        "emission": 1.4343729734499125e-09
    },
    "ExtraTrees": {
        "MSE": 226.84123377119468,
        "MAE": 7.860387075386705,
        "R2": 0.4006422676349012,
        "emission": 1.1871881419131459e-07
    },
    "RandomForest": {
        "MSE": 272.4382665890544,
        "MAE": 8.882817266925128,
        "R2": 0.28016622481873943,
        "emission": 3.486635524841572e-07
    },
    "KNeighbors": {
        "MSE": 241.4072694835681,
        "MAE": 7.448920187793426,
        "R2": 0.3621560277702255,
        "emission": 4.180555428185537e-09
    },
    "PLS": {
        "MSE": 241.16913329489844,
        "MAE": 9.531291056559784,
        "R2": 0.3627852289240998,
        "emission": 1.8607711082475778e-08
    },
    "PLS-SKLEARN": {
        "MSE": 297.943460433909,
        "MAE": 10.734019556776362,
        "R2": 0.2127766462476609,
        "emission": 4.054349038836026e-09
    },
    "XGBoost": {
        "MSE": 182.9872766796133,
        "MAE": 6.972642323212095,
        "R2": 0.5165127724839373,
        "emission": 6.93768650112321e-07
    },
    "CatBoost": {
        "MSE": 207.65467750728035,
        "MAE": 7.126982277947455,
        "R2": 0.45133680258807585,
        "emission": 2.2850018922399537e-06
    },
    "DNN": {
        "MSE": 188.28905734598519,
        "MAE": 6.5514718119947,
        "R2": 0.50250445845361,
        "emission": 4.190220583069778e-06
    }
}