{
    "Linear-SVR": {
        "MSE": 524.2497642740309,
        "MAE": 16.355325199984566,
        "R2": -0.1539186692024368,
        "emission": 1.2359798047083539e-08
    },
    "RBF-SVR": {
        "MSE": 507.65530181586803,
        "MAE": 16.579321238355593,
        "R2": -0.11739283487541563,
        "emission": 2.010132881013968e-08
    },
    "DecisionTree": {
        "MSE": 541.5237221949817,
        "MAE": 17.26675823559437,
        "R2": -0.1919401312885567,
        "emission": 1.0650429097233288e-08
    },
    "ExtraTrees": {
        "MSE": 457.4109236144933,
        "MAE": 15.827328213139648,
        "R2": -0.006800651568817928,
        "emission": 6.620414853696093e-07
    },
    "RandomForest": {
        "MSE": 460.5467187273875,
        "MAE": 15.782755305176979,
        "R2": -0.013702805408740248,
        "emission": 1.9771982886462442e-06
    },
    "KNeighbors": {
        "MSE": 482.25430610328635,
        "MAE": 15.975586854460095,
        "R2": -0.061483065970382667,
        "emission": 1.332882763418241e-08
    },
    "PLS": {
        "MSE": 474.68603231992336,
        "MAE": 16.14490089426938,
        "R2": -0.04482464663022068,
        "emission": 4.065252380329813e-07
    },
    "PLS-SKLEARN": {
        "MSE": 471.43380965006537,
        "MAE": 16.42239255035565,
        "R2": -0.03766622575739631,
        "emission": 9.900605638594465e-07
    },
    "XGBoost": {
        "MSE": 485.70260034177784,
        "MAE": 16.10581787087268,
        "R2": -0.06907305717277956,
        "emission": 2.3727263089875463e-06
    },
    "CatBoost": {
        "MSE": 454.9596640051832,
        "MAE": 15.76880939698036,
        "R2": -0.0014052190498130557,
        "emission": 4.0918087599378565e-06
    },
    "DNN": {
        "MSE": 465.5412561391931,
        "MAE": 15.483021166850703,
        "R2": -0.024696210377635808,
        "emission": 1.7052467379411776e-05
    }
}