{
    "Linear-SVR": {
        "MSE": 473.12677258344684,
        "MAE": 11.573129140762036,
        "R2": -0.11029686934001393,
        "emission": 2.2825280902510104e-09
    },
    "RBF-SVR": {
        "MSE": 505.94429685627773,
        "MAE": 11.468123020174195,
        "R2": -0.18731046605671087,
        "emission": 3.493406828625636e-09
    },
    "DecisionTree": {
        "MSE": 454.4920667891893,
        "MAE": 12.467817884382116,
        "R2": -0.06656640067204767,
        "emission": 1.5686914467350345e-09
    },
    "ExtraTrees": {
        "MSE": 395.6616274554951,
        "MAE": 12.523363320581325,
        "R2": 0.07149226858784441,
        "emission": 1.1863211826023731e-07
    },
    "RandomForest": {
        "MSE": 390.06241389161323,
        "MAE": 12.544285609071407,
        "R2": 0.08463206462347816,
        "emission": 3.425355560839729e-07
    },
    "KNeighbors": {
        "MSE": 412.33718122065727,
        "MAE": 12.126478873239437,
        "R2": 0.03235938452196718,
        "emission": 3.9940926687672034e-09
    },
    "PLS": {
        "MSE": 428.63454576921384,
        "MAE": 13.453365768099417,
        "R2": -0.005885994698384911,
        "emission": 1.8408001741989535e-08
    },
    "PLS-SKLEARN": {
        "MSE": 393.1732614873011,
        "MAE": 12.995507033933228,
        "R2": 0.07733177103065059,
        "emission": 3.981450040256376e-09
    },
    "XGBoost": {
        "MSE": 444.5890449178028,
        "MAE": 13.729145231269337,
        "R2": -0.04332676424063675,
        "emission": 7.155930307934466e-07
    },
    "CatBoost": {
        "MSE": 380.1836239166546,
        "MAE": 12.551346122158241,
        "R2": 0.10781483553743987,
        "emission": 2.2887347554178043e-06
    },
    "DNN": {
        "MSE": 425.52428571342904,
        "MAE": 12.833664011885304,
        "R2": 0.0014129201017959447,
        "emission": 4.173145748350372e-06
    }
}