{
    "Linear-SVR": {
        "MSE": 607.4983327051257,
        "MAE": 18.079845165552022,
        "R2": 0.1961572098659946,
        "emission": 2.0766170706703337e-09
    },
    "RBF-SVR": {
        "MSE": 729.0267079593087,
        "MAE": 19.753848093228047,
        "R2": 0.0353506644228605,
        "emission": 3.3631281989216336e-09
    },
    "DecisionTree": {
        "MSE": 719.6008517281049,
        "MAE": 18.90908288895782,
        "R2": 0.047822972846414236,
        "emission": 1.4162232393099798e-09
    },
    "ExtraTrees": {
        "MSE": 480.84702413471007,
        "MAE": 16.992913152327343,
        "R2": 0.36374242907478926,
        "emission": 1.2036100289669172e-07
    },
    "RandomForest": {
        "MSE": 516.6667570449132,
        "MAE": 17.652660919140033,
        "R2": 0.31634569974356874,
        "emission": 3.195849781174573e-07
    },
    "KNeighbors": {
        "MSE": 511.0375718309859,
        "MAE": 17.889107981220658,
        "R2": 0.3237942468505134,
        "emission": 3.088609612476989e-09
    },
    "PLS": {
        "MSE": 516.5221665940142,
        "MAE": 17.871077577306394,
        "R2": 0.3165370220653271,
        "emission": 1.8664466580903153e-08
    },
    "PLS-SKLEARN": {
        "MSE": 544.2209119176592,
        "MAE": 18.250504049727503,
        "R2": 0.2798859968270774,
        "emission": 4.0298150321828e-09
    },
    "XGBoost": {
        "MSE": 519.7651405298745,
        "MAE": 17.860354976125166,
        "R2": 0.31224591363491216,
        "emission": 6.960694629448412e-07
    },
    "CatBoost": {
        "MSE": 458.7144920508757,
        "MAE": 16.46425984807445,
        "R2": 0.3930282318255194,
        "emission": 2.30402714029973e-06
    },
    "DNN": {
        "MSE": 501.2555947346392,
        "MAE": 16.845094983790403,
        "R2": 0.33673777498686297,
        "emission": 4.250227744044995e-06
    }
}