{
    "Linear-SVR": {
        "MSE": 858.5554396524474,
        "MAE": 18.6901201693707,
        "R2": -0.05833893314343919,
        "emission": 2.2132101068546816e-09
    },
    "RBF-SVR": {
        "MSE": 898.567797314204,
        "MAE": 18.280396190390576,
        "R2": -0.10766205657206673,
        "emission": 3.313159424249898e-09
    },
    "DecisionTree": {
        "MSE": 722.5923571714375,
        "MAE": 18.35598191640263,
        "R2": 0.1092623853201603,
        "emission": 1.5408402249034636e-09
    },
    "ExtraTrees": {
        "MSE": 638.9222837632444,
        "MAE": 18.644374375239057,
        "R2": 0.21240225507942345,
        "emission": 1.1916087859306794e-07
    },
    "RandomForest": {
        "MSE": 654.6564969193068,
        "MAE": 18.88954573776111,
        "R2": 0.19300673372301624,
        "emission": 3.4754436173086655e-07
    },
    "KNeighbors": {
        "MSE": 760.8256638497653,
        "MAE": 20.195868544600938,
        "R2": 0.06213229315410573,
        "emission": 3.854199684597595e-09
    },
    "PLS": {
        "MSE": 872.0774934579549,
        "MAE": 22.234111050946765,
        "R2": -0.07500753174229291,
        "emission": 1.7653851962483458e-08
    },
    "PLS-SKLEARN": {
        "MSE": 762.4786109727468,
        "MAE": 20.748802784095417,
        "R2": 0.060094709774065724,
        "emission": 3.942839583294777e-09
    },
    "XGBoost": {
        "MSE": 749.639347670975,
        "MAE": 19.787007177533678,
        "R2": 0.07592163439368671,
        "emission": 7.815503242950466e-07
    },
    "CatBoost": {
        "MSE": 607.1553103701709,
        "MAE": 17.8918200416031,
        "R2": 0.25156131595920916,
        "emission": 2.2740126799915733e-06
    },
    "DNN": {
        "MSE": 780.6746892058428,
        "MAE": 20.133839885845013,
        "R2": 0.03766445409668606,
        "emission": 4.132318519573044e-06
    }
}