{
    "Linear-SVR": {
        "MSE": 830.3349413816596,
        "MAE": 20.389554397287405,
        "R2": 0.03726999403721687,
        "emission": 2.3890164750017025e-09
    },
    "RBF-SVR": {
        "MSE": 929.3632293969911,
        "MAE": 20.551262656613837,
        "R2": -0.07754813484080514,
        "emission": 3.1044617161539303e-09
    },
    "DecisionTree": {
        "MSE": 875.2644541318938,
        "MAE": 20.942316680797063,
        "R2": -0.014823429859846193,
        "emission": 1.5460855439696736e-09
    },
    "ExtraTrees": {
        "MSE": 661.8859507305046,
        "MAE": 20.16788688434063,
        "R2": 0.23257780259958127,
        "emission": 1.1865982728442953e-07
    },
    "RandomForest": {
        "MSE": 697.9033759035304,
        "MAE": 20.85760032721925,
        "R2": 0.19081747887540712,
        "emission": 3.2496923729509634e-07
    },
    "KNeighbors": {
        "MSE": 689.7215586854459,
        "MAE": 19.934084507042254,
        "R2": 0.20030386870027228,
        "emission": 4.08882540219876e-09
    },
    "PLS": {
        "MSE": 740.1287344928965,
        "MAE": 21.48784236356746,
        "R2": 0.14185938052189517,
        "emission": 1.7563066761454764e-08
    },
    "PLS-SKLEARN": {
        "MSE": 762.7210606092848,
        "MAE": 22.008913078077565,
        "R2": 0.11566475811981758,
        "emission": 3.905521919476883e-09
    },
    "XGBoost": {
        "MSE": 714.4410863717449,
        "MAE": 20.561591386585167,
        "R2": 0.17164286715645183,
        "emission": 6.846522589099532e-07
    },
    "CatBoost": {
        "MSE": 636.4827471377102,
        "MAE": 19.529710077731668,
        "R2": 0.2620314906566801,
        "emission": 2.2676639639592412e-06
    },
    "DNN": {
        "MSE": 736.3566139848717,
        "MAE": 20.295060135481855,
        "R2": 0.14623295727772834,
        "emission": 4.450781877542422e-06
    }
}