{
    "Linear-SVR": {
        "MSE": 653.2636283556118,
        "MAE": 10.594433810330155,
        "R2": -0.1607837573129176,
        "emission": 2.5320874953703294e-09
    },
    "RBF-SVR": {
        "MSE": 654.6018333706141,
        "MAE": 10.434568492140054,
        "R2": -0.16316161301763454,
        "emission": 2.998845053867414e-09
    },
    "DecisionTree": {
        "MSE": 756.710825548516,
        "MAE": 13.660612371875285,
        "R2": -0.3445990212107921,
        "emission": 1.412315997817169e-09
    },
    "ExtraTrees": {
        "MSE": 538.0947083319309,
        "MAE": 12.686042768176362,
        "R2": 0.043859828994302186,
        "emission": 1.149338720469585e-07
    },
    "RandomForest": {
        "MSE": 493.398226599143,
        "MAE": 12.655393918455946,
        "R2": 0.12328098111791397,
        "emission": 3.464836549332986e-07
    },
    "KNeighbors": {
        "MSE": 556.2476394366198,
        "MAE": 12.547417840375589,
        "R2": 0.0116038963825561,
        "emission": 3.9936025732506134e-09
    },
    "PLS": {
        "MSE": 547.1015244057581,
        "MAE": 15.178430328944492,
        "R2": 0.027855622805874503,
        "emission": 1.794407993996033e-08
    },
    "PLS-SKLEARN": {
        "MSE": 540.0757046134303,
        "MAE": 14.407916736370245,
        "R2": 0.04033979786590447,
        "emission": 4.126969629540438e-09
    },
    "XGBoost": {
        "MSE": 547.5766443214276,
        "MAE": 14.488351860218529,
        "R2": 0.027011382506941573,
        "emission": 7.697775623064152e-07
    },
    "CatBoost": {
        "MSE": 476.69766655117104,
        "MAE": 12.079746690713323,
        "R2": 0.15295619645251401,
        "emission": 2.2547357678538973e-06
    },
    "DNN": {
        "MSE": 520.1652978172812,
        "MAE": 12.922179429724533,
        "R2": 0.07571858800096687,
        "emission": 4.161953578223343e-06
    }
}