{
    "Linear-SVR": {
        "MSE": 653.2636283556118,
        "MAE": 10.594433810330155,
        "R2": -0.1607837573129176,
        "emission": 1.1715298608023943e-08
    },
    "RBF-SVR": {
        "MSE": 654.6018333706141,
        "MAE": 10.434568492140054,
        "R2": -0.16316161301763454,
        "emission": 1.399435619701983e-08
    },
    "DecisionTree": {
        "MSE": 756.710825548516,
        "MAE": 13.660612371875285,
        "R2": -0.3445990212107921,
        "emission": 1.1341066045396762e-08
    },
    "ExtraTrees": {
        "MSE": 538.0947083319309,
        "MAE": 12.686042768176362,
        "R2": 0.043859828994302186,
        "emission": 6.11095017932471e-07
    },
    "RandomForest": {
        "MSE": 493.398226599143,
        "MAE": 12.655393918455946,
        "R2": 0.12328098111791397,
        "emission": 1.8927677287323093e-06
    },
    "KNeighbors": {
        "MSE": 556.2476394366198,
        "MAE": 12.547417840375589,
        "R2": 0.0116038963825561,
        "emission": 7.378509712272816e-09
    },
    "PLS": {
        "MSE": 543.80702414845,
        "MAE": 16.129917179514788,
        "R2": 0.0337096183769624,
        "emission": 3.6948869195933016e-07
    },
    "PLS-SKLEARN": {
        "MSE": 534.8563042654577,
        "MAE": 15.932760930610895,
        "R2": 0.0496141472768622,
        "emission": 8.568671733882132e-07
    },
    "XGBoost": {
        "MSE": 547.5766443214276,
        "MAE": 14.488351860218529,
        "R2": 0.027011382506941573,
        "emission": 1.972112603377081e-06
    },
    "CatBoost": {
        "MSE": 476.69766655117104,
        "MAE": 12.079746690713323,
        "R2": 0.15295619645251401,
        "emission": 3.842162015627604e-06
    },
    "DNN": {
        "MSE": 542.2544648991716,
        "MAE": 12.959852597775035,
        "R2": 0.03646835999459197,
        "emission": 1.632320258816966e-05
    }
}