{
    "Linear-SVR": {
        "MSE": 350.34416199210585,
        "MAE": 11.58058064244474,
        "R2": -0.043485919629635106,
        "emission": 2.2757154850316526e-09
    },
    "RBF-SVR": {
        "MSE": 368.8057365829797,
        "MAE": 11.69695489383993,
        "R2": -0.0984729730180205,
        "emission": 3.307550788963266e-09
    },
    "DecisionTree": {
        "MSE": 333.62748053974207,
        "MAE": 12.28947162210073,
        "R2": 0.006304040103927044,
        "emission": 1.4870718678379471e-09
    },
    "ExtraTrees": {
        "MSE": 251.57640271765578,
        "MAE": 11.452383379256135,
        "R2": 0.2506898574982859,
        "emission": 1.1851256524980953e-07
    },
    "RandomForest": {
        "MSE": 257.3197595056915,
        "MAE": 11.687978988583993,
        "R2": 0.2335835015491905,
        "emission": 3.4454960025190546e-07
    },
    "KNeighbors": {
        "MSE": 267.7727004694836,
        "MAE": 11.974178403755868,
        "R2": 0.20244983957401907,
        "emission": 2.933126174844729e-09
    },
    "PLS": {
        "MSE": 295.8837588951229,
        "MAE": 12.269612290295877,
        "R2": 0.11872218877987895,
        "emission": 2.465280036218389e-08
    },
    "PLS-SKLEARN": {
        "MSE": 295.8837588951229,
        "MAE": 12.269612290295877,
        "R2": 0.11872218877987895,
        "emission": 4.020236926660288e-09
    },
    "XGBoost": {
        "MSE": 257.68324079300146,
        "MAE": 11.553956045049457,
        "R2": 0.2325008872330273,
        "emission": 6.844795267183429e-07
    },
    "CatBoost": {
        "MSE": 240.8710602222547,
        "MAE": 11.441188451509197,
        "R2": 0.28257528722899594,
        "emission": 2.2662654859805383e-06
    },
    "DNN": {
        "MSE": 277.6134241059417,
        "MAE": 12.555348950820349,
        "R2": 0.17313964215208522,
        "emission": 4.051264671272777e-06
    }
}