{
    "Linear-SVR": {
        "MSE": 350.34416199210585,
        "MAE": 11.58058064244474,
        "R2": -0.043485919629635106,
        "emission": 1.2483058805940994e-08
    },
    "RBF-SVR": {
        "MSE": 368.8057365829797,
        "MAE": 11.69695489383993,
        "R2": -0.0984729730180205,
        "emission": 1.5043755733369682e-08
    },
    "DecisionTree": {
        "MSE": 333.62748053974207,
        "MAE": 12.28947162210073,
        "R2": 0.006304040103927044,
        "emission": 1.0854398585547527e-08
    },
    "ExtraTrees": {
        "MSE": 251.57640271765578,
        "MAE": 11.452383379256135,
        "R2": 0.2506898574982859,
        "emission": 6.063938285273373e-07
    },
    "RandomForest": {
        "MSE": 257.3197595056915,
        "MAE": 11.687978988583993,
        "R2": 0.2335835015491905,
        "emission": 1.918670012963942e-06
    },
    "KNeighbors": {
        "MSE": 267.7727004694836,
        "MAE": 11.974178403755868,
        "R2": 0.20244983957401907,
        "emission": 7.457774394475061e-09
    },
    "PLS": {
        "MSE": 295.8837588951229,
        "MAE": 12.269612290295877,
        "R2": 0.11872218877987895,
        "emission": 3.868552985589411e-07
    },
    "PLS-SKLEARN": {
        "MSE": 295.8837588951229,
        "MAE": 12.269612290295873,
        "R2": 0.11872218877987895,
        "emission": 9.552404305608983e-07
    },
    "XGBoost": {
        "MSE": 257.68324079300146,
        "MAE": 11.553956045049457,
        "R2": 0.2325008872330273,
        "emission": 1.8549859875400897e-06
    },
    "CatBoost": {
        "MSE": 240.8710602222547,
        "MAE": 11.441188451509197,
        "R2": 0.28257528722899594,
        "emission": 3.7243408008874354e-06
    },
    "DNN": {
        "MSE": 276.78260703627546,
        "MAE": 12.461302549514413,
        "R2": 0.17561419719834348,
        "emission": 1.5982858970393363e-05
    }
}