{
    "Linear-SVR": {
        "MSE": 804.8689376071252,
        "MAE": 16.307779343678877,
        "R2": -0.08991533991485534,
        "emission": 1.126488628409058e-08
    },
    "RBF-SVR": {
        "MSE": 893.0176664950076,
        "MAE": 16.16469546974223,
        "R2": -0.2092821676303449,
        "emission": 1.6718162405270193e-08
    },
    "DecisionTree": {
        "MSE": 925.6528059568865,
        "MAE": 18.049784654793005,
        "R2": -0.2534751255863452,
        "emission": 9.4017094332787e-09
    },
    "ExtraTrees": {
        "MSE": 535.6794256338892,
        "MAE": 16.81045461837899,
        "R2": 0.2746083293872339,
        "emission": 6.157424848195991e-07
    },
    "RandomForest": {
        "MSE": 553.4022646691734,
        "MAE": 17.15445114982229,
        "R2": 0.25060890137001435,
        "emission": 1.8934263036231426e-06
    },
    "KNeighbors": {
        "MSE": 518.1198929577464,
        "MAE": 15.458685446009389,
        "R2": 0.2983866156786176,
        "emission": 9.564592589789091e-09
    },
    "PLS": {
        "MSE": 586.9751274387739,
        "MAE": 18.059252934242014,
        "R2": 0.2051461229874485,
        "emission": 3.7793196410191387e-07
    },
    "PLS-SKLEARN": {
        "MSE": 571.9247251155195,
        "MAE": 18.100634444355563,
        "R2": 0.22552666396443444,
        "emission": 8.960290449193215e-07
    },
    "XGBoost": {
        "MSE": 493.6862992445859,
        "MAE": 16.04553400577339,
        "R2": 0.3314734293856957,
        "emission": 1.864300476957472e-06
    },
    "CatBoost": {
        "MSE": 432.73095706613987,
        "MAE": 14.713453567202935,
        "R2": 0.414016262617106,
        "emission": 3.732038122242066e-06
    },
    "DNN": {
        "MSE": 484.4654068042816,
        "MAE": 14.593945355558146,
        "R2": 0.34395992457616886,
        "emission": 1.7003915173980197e-05
    }
}