{
    "Linear-SVR": {
        "MSE": 296.72268026972097,
        "MAE": 8.616593158092531,
        "R2": -0.162958622408935,
        "emission": 1.4093026596863779e-08
    },
    "RBF-SVR": {
        "MSE": 307.187696927807,
        "MAE": 8.494187505034429,
        "R2": -0.20397463556004092,
        "emission": 1.7590569366610954e-08
    },
    "DecisionTree": {
        "MSE": 436.2315112313486,
        "MAE": 10.92833405399431,
        "R2": -0.709741893986074,
        "emission": 1.1987502044462521e-08
    },
    "ExtraTrees": {
        "MSE": 230.57830377518357,
        "MAE": 9.1681246540899,
        "R2": 0.09628402428818295,
        "emission": 6.313553940794203e-07
    },
    "RandomForest": {
        "MSE": 233.67376168439725,
        "MAE": 9.25048316463426,
        "R2": 0.08415185608805853,
        "emission": 1.927252132249263e-06
    },
    "KNeighbors": {
        "MSE": 285.1367699530516,
        "MAE": 9.94854460093897,
        "R2": -0.11754944004047085,
        "emission": 9.124573530585296e-09
    },
    "PLS": {
        "MSE": 236.88855987076627,
        "MAE": 9.77183034170503,
        "R2": 0.07155195214157217,
        "emission": 3.840708543649978e-07
    },
    "PLS-SKLEARN": {
        "MSE": 244.66506313261024,
        "MAE": 9.703116040952564,
        "R2": 0.04107315115361976,
        "emission": 8.128014443340745e-07
    },
    "XGBoost": {
        "MSE": 274.4727694450676,
        "MAE": 10.318971080395082,
        "R2": -0.07575354048584293,
        "emission": 1.9789646290995513e-06
    },
    "CatBoost": {
        "MSE": 272.7429408415846,
        "MAE": 9.804576571370328,
        "R2": -0.06897374499504472,
        "emission": 3.939636096261723e-06
    },
    "DNN": {
        "MSE": 248.2523215464761,
        "MAE": 8.932153252316333,
        "R2": 0.027013446990048262,
        "emission": 1.681275938058524e-05
    }
}