{
    "Linear-SVR": {
        "MSE": 434.12732781597333,
        "MAE": 9.007665412653674,
        "R2": -0.16004508510781057,
        "emission": 1.1063643696024212e-08
    },
    "RBF-SVR": {
        "MSE": 441.43195211670024,
        "MAE": 8.862487125796394,
        "R2": -0.17956399805265377,
        "emission": 1.6034517093872237e-08
    },
    "DecisionTree": {
        "MSE": 647.8074162033935,
        "MAE": 13.645445036575016,
        "R2": -0.731026270665208,
        "emission": 1.0635416869297654e-08
    },
    "ExtraTrees": {
        "MSE": 356.3859981793531,
        "MAE": 11.074972568193589,
        "R2": 0.047689930811150805,
        "emission": 6.403150170813553e-07
    },
    "RandomForest": {
        "MSE": 381.2548586662366,
        "MAE": 11.592411253950756,
        "R2": -0.018762921915665087,
        "emission": 1.9807819690212206e-06
    },
    "KNeighbors": {
        "MSE": 452.73765070422536,
        "MAE": 12.122910798122067,
        "R2": -0.20977430558189614,
        "emission": 7.53855539477529e-09
    },
    "PLS": {
        "MSE": 375.77164282074443,
        "MAE": 11.214390669173067,
        "R2": -0.004111050944656247,
        "emission": 3.8498466418427676e-07
    },
    "PLS-SKLEARN": {
        "MSE": 375.77164282074443,
        "MAE": 11.214390669173069,
        "R2": -0.004111050944656247,
        "emission": 8.664563935152348e-07
    },
    "XGBoost": {
        "MSE": 465.1171720555899,
        "MAE": 12.901424297382574,
        "R2": -0.24285400819330416,
        "emission": 1.959807961658997e-06
    },
    "CatBoost": {
        "MSE": 367.5742976573875,
        "MAE": 11.544278395269618,
        "R2": 0.017793329080264653,
        "emission": 3.800293830523562e-06
    },
    "DNN": {
        "MSE": 371.22809588653826,
        "MAE": 11.343074503527001,
        "R2": 0.008029901610665857,
        "emission": 1.650455061265897e-05
    }
}