{
    "Linear-SVR": {
        "MSE": 808.6054576040667,
        "MAE": 20.84789431762027,
        "R2": -0.06724058774417618,
        "emission": 9.264727678287218e-09
    },
    "RBF-SVR": {
        "MSE": 859.4578036009829,
        "MAE": 21.987215442957297,
        "R2": -0.134358224806296,
        "emission": 1.6012186274416478e-08
    },
    "DecisionTree": {
        "MSE": 1035.5109439219354,
        "MAE": 23.88243927778536,
        "R2": -0.36672254436836127,
        "emission": 1.1147194683493167e-08
    },
    "ExtraTrees": {
        "MSE": 674.7499743710499,
        "MAE": 20.21338081447957,
        "R2": 0.10942901453834375,
        "emission": 6.163063157308617e-07
    },
    "RandomForest": {
        "MSE": 670.2340311912583,
        "MAE": 20.03049479756099,
        "R2": 0.11538939708102502,
        "emission": 1.7419527384744474e-06
    },
    "KNeighbors": {
        "MSE": 733.3761295774649,
        "MAE": 20.642723004694837,
        "R2": 0.032051089678588385,
        "emission": 1.2232935633489205e-08
    },
    "PLS": {
        "MSE": 724.9599321856114,
        "MAE": 20.84995341897038,
        "R2": 0.04315923564345381,
        "emission": 3.646275469958112e-07
    },
    "PLS-SKLEARN": {
        "MSE": 677.8708756284879,
        "MAE": 20.263636776751426,
        "R2": 0.10530988269109065,
        "emission": 8.919977921699329e-07
    },
    "XGBoost": {
        "MSE": 711.8789686844204,
        "MAE": 20.718868793253325,
        "R2": 0.06042418858680487,
        "emission": 1.79077870973574e-06
    },
    "CatBoost": {
        "MSE": 661.4087615752882,
        "MAE": 20.10360523998339,
        "R2": 0.127037458373929,
        "emission": 3.7215527224788903e-06
    },
    "DNN": {
        "MSE": 724.2192638393007,
        "MAE": 21.150362773400953,
        "R2": 0.04413680921015006,
        "emission": 1.6212233685499716e-05
    }
}