{
    "Linear-SVR": {
        "MSE": 271.10485715977103,
        "MAE": 7.730503665926612,
        "R2": -0.14113210197002757,
        "emission": 2.5227769965004583e-09
    },
    "RBF-SVR": {
        "MSE": 285.4605488390304,
        "MAE": 7.683735924605063,
        "R2": -0.20155794897553747,
        "emission": 3.2202136051582353e-09
    },
    "DecisionTree": {
        "MSE": 264.1816900093721,
        "MAE": 8.836876989297377,
        "R2": -0.11199116969241563,
        "emission": 1.6561951766262206e-09
    },
    "ExtraTrees": {
        "MSE": 245.71913424779012,
        "MAE": 9.103760473524524,
        "R2": -0.03427874769941264,
        "emission": 1.1760845935062951e-07
    },
    "RandomForest": {
        "MSE": 238.52973694116073,
        "MAE": 8.979768093808392,
        "R2": -0.004017201866699294,
        "emission": 3.431667891036133e-07
    },
    "KNeighbors": {
        "MSE": 243.87154929577466,
        "MAE": 8.743661971830987,
        "R2": -0.026501909903330345,
        "emission": 3.149696895377369e-09
    },
    "PLS": {
        "MSE": 271.5516789000225,
        "MAE": 9.886048162767503,
        "R2": -0.14301285998004953,
        "emission": 1.8642399384116393e-08
    },
    "PLS-SKLEARN": {
        "MSE": 261.84315519647606,
        "MAE": 9.563838113126158,
        "R2": -0.1021478302018306,
        "emission": 3.995701463907887e-09
    },
    "XGBoost": {
        "MSE": 278.7782091049835,
        "MAE": 9.288007200184003,
        "R2": -0.1734307052710955,
        "emission": 7.614490117315785e-07
    },
    "CatBoost": {
        "MSE": 244.8539402983659,
        "MAE": 8.829401940838848,
        "R2": -0.03063698118714253,
        "emission": 2.276903768020956e-06
    },
    "DNN": {
        "MSE": 307.9574423289864,
        "MAE": 9.465741962841559,
        "R2": -0.2962516686858412,
        "emission": 4.546608922093829e-06
    }
}