{
    "Linear-SVR": {
        "MSE": 253.38138971647723,
        "MAE": 5.54284947955582,
        "R2": -0.08036649998433898,
        "emission": 2.998141263990776e-09
    },
    "RBF-SVR": {
        "MSE": 257.8551775377448,
        "MAE": 5.398952450111127,
        "R2": -0.09944181761340265,
        "emission": 3.075175055011095e-09
    },
    "DecisionTree": {
        "MSE": 344.82524826553504,
        "MAE": 9.10752793589218,
        "R2": -0.4702644380935801,
        "emission": 1.5136660201369818e-09
    },
    "ExtraTrees": {
        "MSE": 250.35141011317486,
        "MAE": 9.109552669714484,
        "R2": -0.06744728574091474,
        "emission": 1.17313952519882e-07
    },
    "RandomForest": {
        "MSE": 236.99449844646603,
        "MAE": 9.058078700092869,
        "R2": -0.010496142154129862,
        "emission": 3.6346910469715983e-07
    },
    "KNeighbors": {
        "MSE": 276.1208488262911,
        "MAE": 8.505539906103287,
        "R2": -0.17732290975656384,
        "emission": 4.115150992619951e-09
    },
    "PLS": {
        "MSE": 248.78615883411888,
        "MAE": 9.4094663488515,
        "R2": -0.06077337394399107,
        "emission": 1.7662611290742808e-08
    },
    "PLS-SKLEARN": {
        "MSE": 241.68711165498635,
        "MAE": 9.781048574810201,
        "R2": -0.030504486545729348,
        "emission": 3.984745009925206e-09
    },
    "XGBoost": {
        "MSE": 305.67092839885527,
        "MAE": 9.797628108569434,
        "R2": -0.30331841431115025,
        "emission": 7.101731774937051e-07
    },
    "CatBoost": {
        "MSE": 228.04588597345708,
        "MAE": 8.940138788624628,
        "R2": 0.027658913937395724,
        "emission": 2.2726145052192367e-06
    },
    "DNN": {
        "MSE": 256.68891314868085,
        "MAE": 9.305730857895119,
        "R2": -0.09446910443395695,
        "emission": 4.174373134047393e-06
    }
}