{
    "Linear-SVR": {
        "MSE": 198.1184241580662,
        "MAE": 8.505442226186746,
        "R2": 0.039187694251788585,
        "emission": 2.2118469435242336e-09
    },
    "RBF-SVR": {
        "MSE": 216.80236456079422,
        "MAE": 8.241532590125173,
        "R2": -0.0514235648226562,
        "emission": 3.163258673887226e-09
    },
    "DecisionTree": {
        "MSE": 204.01817012728665,
        "MAE": 9.166063979566736,
        "R2": 0.010575774123184778,
        "emission": 1.502788902229848e-09
    },
    "ExtraTrees": {
        "MSE": 228.65402744930918,
        "MAE": 10.088966033278641,
        "R2": -0.10890041784758941,
        "emission": 1.1768680041570311e-07
    },
    "RandomForest": {
        "MSE": 213.93994433987058,
        "MAE": 9.91252185139651,
        "R2": -0.03754172327170724,
        "emission": 3.4795674776425814e-07
    },
    "KNeighbors": {
        "MSE": 213.4026291079812,
        "MAE": 9.867605633802816,
        "R2": -0.03493591268614882,
        "emission": 3.848938120287864e-09
    },
    "PLS": {
        "MSE": 214.66622235631843,
        "MAE": 9.837545018747825,
        "R2": -0.041063944178536094,
        "emission": 1.7842910038351125e-08
    },
    "PLS-SKLEARN": {
        "MSE": 214.66622235631857,
        "MAE": 9.83754501874783,
        "R2": -0.04106394417853676,
        "emission": 3.893006734618698e-09
    },
    "XGBoost": {
        "MSE": 220.35443496750872,
        "MAE": 9.71200199598499,
        "R2": -0.06864999377371839,
        "emission": 6.881560029478803e-07
    },
    "CatBoost": {
        "MSE": 189.08120097409332,
        "MAE": 9.383594390992855,
        "R2": 0.08301539620254972,
        "emission": 2.3462018494851685e-06
    },
    "DNN": {
        "MSE": 197.08084292689878,
        "MAE": 9.505978663538544,
        "R2": 0.04421963824869646,
        "emission": 4.236529526899467e-06
    }
}