{
    "Linear-SVR": {
        "MSE": 215.18703396242788,
        "MAE": 9.924534408069311,
        "R2": 0.04288967701480828,
        "emission": 2.3252088133227836e-09
    },
    "RBF-SVR": {
        "MSE": 220.83928659278735,
        "MAE": 10.157983470934015,
        "R2": 0.01774955011672652,
        "emission": 3.3468590206173633e-09
    },
    "DecisionTree": {
        "MSE": 298.6912314279285,
        "MAE": 11.693588100403897,
        "R2": -0.3285208486806166,
        "emission": 1.4807597626809514e-09
    },
    "ExtraTrees": {
        "MSE": 233.0325954844161,
        "MAE": 10.692516635662605,
        "R2": -0.036483930389179076,
        "emission": 1.1817358103450962e-07
    },
    "RandomForest": {
        "MSE": 217.081681105847,
        "MAE": 10.477921458639168,
        "R2": 0.034462652830361096,
        "emission": 3.4243339974926906e-07
    },
    "KNeighbors": {
        "MSE": 232.32079812206572,
        "MAE": 11.004225352112678,
        "R2": -0.0333179933397465,
        "emission": 3.6572297358454075e-09
    },
    "PLS": {
        "MSE": 217.72581490849836,
        "MAE": 10.618176997244806,
        "R2": 0.031597670212454076,
        "emission": 1.774932064181038e-08
    },
    "PLS-SKLEARN": {
        "MSE": 217.72581490849836,
        "MAE": 10.618176997244806,
        "R2": 0.031597670212454076,
        "emission": 3.844528657249876e-09
    },
    "XGBoost": {
        "MSE": 221.76104158573887,
        "MAE": 10.372990159279375,
        "R2": 0.01364976211941138,
        "emission": 7.748857561554184e-07
    },
    "CatBoost": {
        "MSE": 211.46246231305292,
        "MAE": 10.547185955023426,
        "R2": 0.059455851605686116,
        "emission": 2.2833857273533614e-06
    },
    "DNN": {
        "MSE": 242.31266040540845,
        "MAE": 11.244849569025174,
        "R2": -0.07775986495782683,
        "emission": 4.090968734767971e-06
    }
}