{
    "Linear-SVR": {
        "MSE": 176.6245165744701,
        "MAE": 3.9792884539273476,
        "R2": -0.05275407797902587,
        "emission": 2.743911885022462e-09
    },
    "RBF-SVR": {
        "MSE": 178.9363759554961,
        "MAE": 3.9186755733941303,
        "R2": -0.06653370177243634,
        "emission": 2.7440663164903043e-09
    },
    "DecisionTree": {
        "MSE": 371.89760930595526,
        "MAE": 9.045174668080167,
        "R2": -1.2166612675337172,
        "emission": 1.5285454394880445e-09
    },
    "ExtraTrees": {
        "MSE": 182.67623692394633,
        "MAE": 7.8591464520633725,
        "R2": -0.08882479681388022,
        "emission": 1.1625006880675746e-07
    },
    "RandomForest": {
        "MSE": 177.7747744456278,
        "MAE": 7.976697453080883,
        "R2": -0.059610083521598245,
        "emission": 3.438581955167199e-07
    },
    "KNeighbors": {
        "MSE": 210.9142103286385,
        "MAE": 7.46112676056338,
        "R2": -0.2571346228346574,
        "emission": 2.9409768130027615e-09
    },
    "PLS": {
        "MSE": 185.14616406991166,
        "MAE": 8.171620328198092,
        "R2": -0.10354656888525482,
        "emission": 1.8065017369403534e-08
    },
    "PLS-SKLEARN": {
        "MSE": 182.2944835829735,
        "MAE": 8.466724114826475,
        "R2": -0.08654939137025464,
        "emission": 3.826781899106785e-09
    },
    "XGBoost": {
        "MSE": 228.2997165916454,
        "MAE": 8.596185618556792,
        "R2": -0.3607593232504316,
        "emission": 7.046451805821966e-07
    },
    "CatBoost": {
        "MSE": 170.00994940217294,
        "MAE": 7.8788759782612505,
        "R2": -0.013328562768819996,
        "emission": 2.284062395658217e-06
    },
    "DNN": {
        "MSE": 169.39142429251547,
        "MAE": 7.3904804353527895,
        "R2": -0.009641901119842311,
        "emission": 4.2921340135739855e-06
    }
}