{
    "Linear-SVR": {
        "MSE": 263.7798157429501,
        "MAE": 4.581013223224699,
        "R2": -0.06367019509608896,
        "emission": 2.7642646612132037e-09
    },
    "RBF-SVR": {
        "MSE": 263.39434165803675,
        "MAE": 4.515841368688286,
        "R2": -0.06211580286956675,
        "emission": 3.2492925341070886e-09
    },
    "DecisionTree": {
        "MSE": 358.76903939921755,
        "MAE": 7.209764913166028,
        "R2": -0.4467063488439078,
        "emission": 1.6379564732920256e-09
    },
    "ExtraTrees": {
        "MSE": 247.2347635849656,
        "MAE": 7.207948760012312,
        "R2": 0.0030463533524391906,
        "emission": 1.1661304270904478e-07
    },
    "RandomForest": {
        "MSE": 245.6770903348558,
        "MAE": 7.140459258245766,
        "R2": 0.00932754133937308,
        "emission": 3.542384944502772e-07
    },
    "KNeighbors": {
        "MSE": 263.6581502347417,
        "MAE": 6.736807511737088,
        "R2": -0.06317958904085308,
        "emission": 2.791226022355332e-09
    },
    "PLS": {
        "MSE": 235.99906535821495,
        "MAE": 7.187527816048879,
        "R2": 0.04835337311522048,
        "emission": 1.7893411619945157e-08
    },
    "PLS-SKLEARN": {
        "MSE": 235.99906535821495,
        "MAE": 7.1875278160488785,
        "R2": 0.04835337311522048,
        "emission": 3.875404022793821e-09
    },
    "XGBoost": {
        "MSE": 227.82081051451138,
        "MAE": 7.029660045576366,
        "R2": 0.08133150641418652,
        "emission": 6.955283122458919e-07
    },
    "CatBoost": {
        "MSE": 236.2200465339218,
        "MAE": 6.843223054015379,
        "R2": 0.047462284880836036,
        "emission": 2.3167749270605508e-06
    },
    "DNN": {
        "MSE": 242.77313055909732,
        "MAE": 7.268478104598086,
        "R2": 0.021037517906504655,
        "emission": 4.022343919269067e-06
    }
}