{
    "Linear-SVR": {
        "MSE": 263.7798157429501,
        "MAE": 4.581013223224699,
        "R2": -0.06367019509608896,
        "emission": 1.3390862932280177e-08
    },
    "RBF-SVR": {
        "MSE": 263.39434165803675,
        "MAE": 4.515841368688286,
        "R2": -0.06211580286956675,
        "emission": 1.547126546595202e-08
    },
    "DecisionTree": {
        "MSE": 358.76903939921755,
        "MAE": 7.209764913166028,
        "R2": -0.4467063488439078,
        "emission": 9.561608865916882e-09
    },
    "ExtraTrees": {
        "MSE": 247.2347635849656,
        "MAE": 7.207948760012312,
        "R2": 0.0030463533524391906,
        "emission": 5.728068259670794e-07
    },
    "RandomForest": {
        "MSE": 245.6770903348558,
        "MAE": 7.140459258245766,
        "R2": 0.00932754133937308,
        "emission": 1.8647177404947285e-06
    },
    "KNeighbors": {
        "MSE": 263.6581502347417,
        "MAE": 6.736807511737088,
        "R2": -0.06317958904085308,
        "emission": 7.87668242562912e-09
    },
    "PLS": {
        "MSE": 235.99906535821495,
        "MAE": 7.187527816048879,
        "R2": 0.04835337311522048,
        "emission": 3.642843403527464e-07
    },
    "PLS-SKLEARN": {
        "MSE": 235.99906535821495,
        "MAE": 7.1875278160488785,
        "R2": 0.04835337311522048,
        "emission": 7.648318651340638e-07
    },
    "XGBoost": {
        "MSE": 227.82081051451138,
        "MAE": 7.029660045576366,
        "R2": 0.08133150641418652,
        "emission": 1.8584794888711537e-06
    },
    "CatBoost": {
        "MSE": 236.2200465339218,
        "MAE": 6.843223054015379,
        "R2": 0.047462284880836036,
        "emission": 3.708541513262544e-06
    },
    "DNN": {
        "MSE": 245.4009072318984,
        "MAE": 6.872224374108471,
        "R2": 0.01044122675983461,
        "emission": 1.5083813555855832e-05
    }
}