{
    "Linear-SVR": {
        "MSE": 312.30333624137705,
        "MAE": 6.760091599707847,
        "R2": -0.11419954720691572,
        "emission": 2.5336928941894477e-09
    },
    "RBF-SVR": {
        "MSE": 314.2702879694293,
        "MAE": 6.641627880950342,
        "R2": -0.1212170089835003,
        "emission": 3.1290642780327614e-09
    },
    "DecisionTree": {
        "MSE": 350.4253307722434,
        "MAE": 8.922469918850853,
        "R2": -0.2502067687630978,
        "emission": 1.4847638615297837e-09
    },
    "ExtraTrees": {
        "MSE": 234.424019971042,
        "MAE": 8.871572475009541,
        "R2": 0.16364922626287903,
        "emission": 1.1349530430089604e-07
    },
    "RandomForest": {
        "MSE": 270.5154771513759,
        "MAE": 9.733158936710602,
        "R2": 0.03488631987725721,
        "emission": 3.521079096704586e-07
    },
    "KNeighbors": {
        "MSE": 246.60201877934279,
        "MAE": 8.113333333333335,
        "R2": 0.12020197743935734,
        "emission": 2.946809317565778e-09
    },
    "PLS": {
        "MSE": 279.44498218314817,
        "MAE": 10.662334152037795,
        "R2": 0.003028669610297463,
        "emission": 1.843624251392889e-08
    },
    "PLS-SKLEARN": {
        "MSE": 266.6266366875385,
        "MAE": 10.196861142494473,
        "R2": 0.04876047292382801,
        "emission": 3.94308823288341e-09
    },
    "XGBoost": {
        "MSE": 244.27000908615892,
        "MAE": 9.552722122917222,
        "R2": 0.1285218505969702,
        "emission": 7.031488792569618e-07
    },
    "CatBoost": {
        "MSE": 214.91027361663419,
        "MAE": 8.197183610051642,
        "R2": 0.23326810262219977,
        "emission": 2.2584762148389103e-06
    },
    "DNN": {
        "MSE": 229.5941225183113,
        "MAE": 9.277540092985253,
        "R2": 0.18088077306495698,
        "emission": 4.336830094001324e-06
    }
}