{
    "Linear-SVR": {
        "MSE": 388.8539773583409,
        "MAE": 7.819080516314821,
        "R2": -0.1351041307139278,
        "emission": 1.44338724295267e-08
    },
    "RBF-SVR": {
        "MSE": 394.3536078877182,
        "MAE": 7.771491715699814,
        "R2": -0.151158109057433,
        "emission": 1.5386458501518418e-08
    },
    "DecisionTree": {
        "MSE": 325.18138019715707,
        "MAE": 9.577254756609836,
        "R2": 0.05076262714191382,
        "emission": 9.555801154167637e-09
    },
    "ExtraTrees": {
        "MSE": 333.77937888018533,
        "MAE": 10.473073693202451,
        "R2": 0.025664198453387077,
        "emission": 5.883037426047308e-07
    },
    "RandomForest": {
        "MSE": 318.06759500155675,
        "MAE": 10.671861791441922,
        "R2": 0.07152848638654297,
        "emission": 1.9224248245796635e-06
    },
    "KNeighbors": {
        "MSE": 394.9746779342723,
        "MAE": 9.942347417840375,
        "R2": -0.15297107540561172,
        "emission": 1.1134219609923113e-08
    },
    "PLS": {
        "MSE": 330.357374943491,
        "MAE": 11.553288298065818,
        "R2": 0.03565337441668592,
        "emission": 3.8971542090792396e-07
    },
    "PLS-SKLEARN": {
        "MSE": 325.2456516637977,
        "MAE": 11.408748090718966,
        "R2": 0.050575012223413096,
        "emission": 8.412553725802127e-07
    },
    "XGBoost": {
        "MSE": 372.87155986320164,
        "MAE": 11.86810919914237,
        "R2": -0.08844983585298305,
        "emission": 1.7593184584153207e-06
    },
    "CatBoost": {
        "MSE": 339.7250284452785,
        "MAE": 10.526508488028515,
        "R2": 0.008308245385957536,
        "emission": 3.7591658953131248e-06
    },
    "DNN": {
        "MSE": 330.8827785815123,
        "MAE": 11.42896930891583,
        "R2": 0.034119668001075576,
        "emission": 1.579794477085733e-05
    }
}