{
    "Linear-SVR": {
        "MSE": 235.60504608258884,
        "MAE": 4.70379432437671,
        "R2": -0.08206932645454268,
        "emission": 2.5661578446991924e-09
    },
    "RBF-SVR": {
        "MSE": 232.72331443525087,
        "MAE": 4.587642862908905,
        "R2": -0.06883432374766252,
        "emission": 3.09755390770257e-09
    },
    "DecisionTree": {
        "MSE": 263.4407739143193,
        "MAE": 7.303266823161189,
        "R2": -0.2099111862409171,
        "emission": 1.5412077096779836e-09
    },
    "ExtraTrees": {
        "MSE": 190.78766106505262,
        "MAE": 7.3989454085667195,
        "R2": 0.12376462500666552,
        "emission": 1.1498451483244122e-07
    },
    "RandomForest": {
        "MSE": 197.8737108789528,
        "MAE": 7.322748496559715,
        "R2": 0.0912203426288487,
        "emission": 3.4998630211348236e-07
    },
    "KNeighbors": {
        "MSE": 199.0425314553991,
        "MAE": 6.16056338028169,
        "R2": 0.08585227044648092,
        "emission": 3.226367748663421e-09
    },
    "PLS": {
        "MSE": 231.14697774931597,
        "MAE": 8.727773983090366,
        "R2": -0.06159464189714203,
        "emission": 1.74567531200684e-08
    },
    "PLS-SKLEARN": {
        "MSE": 225.74439865142617,
        "MAE": 8.36483190176219,
        "R2": -0.03678207857232341,
        "emission": 4.170723587166966e-09
    },
    "XGBoost": {
        "MSE": 182.7473733953954,
        "MAE": 7.136487097563134,
        "R2": 0.1606914600123851,
        "emission": 6.949373464793738e-07
    },
    "CatBoost": {
        "MSE": 175.33830315606198,
        "MAE": 6.659708741822747,
        "R2": 0.19471928656716797,
        "emission": 2.2672696654920146e-06
    },
    "DNN": {
        "MSE": 207.52217644435586,
        "MAE": 7.884618209451524,
        "R2": 0.04690758783319893,
        "emission": 4.347433699753847e-06
    }
}