{
    "Linear-SVR": {
        "MSE": 235.60504608258884,
        "MAE": 4.70379432437671,
        "R2": -0.08206932645454268,
        "emission": 1.4294440313995631e-08
    },
    "RBF-SVR": {
        "MSE": 232.72331443525087,
        "MAE": 4.587642862908905,
        "R2": -0.06883432374766252,
        "emission": 1.3764056653169087e-08
    },
    "DecisionTree": {
        "MSE": 263.4407739143193,
        "MAE": 7.303266823161189,
        "R2": -0.2099111862409171,
        "emission": 1.087734876538784e-08
    },
    "ExtraTrees": {
        "MSE": 190.78766106505262,
        "MAE": 7.3989454085667195,
        "R2": 0.12376462500666552,
        "emission": 5.947300086343861e-07
    },
    "RandomForest": {
        "MSE": 197.8737108789528,
        "MAE": 7.322748496559715,
        "R2": 0.0912203426288487,
        "emission": 1.9146191141834347e-06
    },
    "KNeighbors": {
        "MSE": 199.0425314553991,
        "MAE": 6.16056338028169,
        "R2": 0.08585227044648092,
        "emission": 6.528810696853235e-09
    },
    "PLS": {
        "MSE": 231.14697774931597,
        "MAE": 8.727773983090366,
        "R2": -0.06159464189714203,
        "emission": 3.6522424878740605e-07
    },
    "PLS-SKLEARN": {
        "MSE": 236.05400261445965,
        "MAE": 8.759228711707932,
        "R2": -0.08413126061141352,
        "emission": 7.836807918107337e-07
    },
    "XGBoost": {
        "MSE": 182.7473733953954,
        "MAE": 7.136487097563134,
        "R2": 0.1606914600123851,
        "emission": 1.8831144388420813e-06
    },
    "CatBoost": {
        "MSE": 175.33830315606198,
        "MAE": 6.659708741822747,
        "R2": 0.19471928656716797,
        "emission": 3.703420269233e-06
    },
    "DNN": {
        "MSE": 214.3334628287227,
        "MAE": 8.055659723946466,
        "R2": 0.015625218491935988,
        "emission": 1.5494371170999756e-05
    }
}