{
    "Linear-SVR": {
        "MSE": 325.80475975408655,
        "MAE": 6.785990867551068,
        "R2": -0.12721280002811808,
        "emission": 1.460920526474391e-08
    },
    "RBF-SVR": {
        "MSE": 324.20075671458187,
        "MAE": 6.720483009197968,
        "R2": -0.12166330235110956,
        "emission": 1.496480445206048e-08
    },
    "DecisionTree": {
        "MSE": 416.10784675250926,
        "MAE": 9.934222049934675,
        "R2": -0.43964161667126755,
        "emission": 9.297280316886573e-09
    },
    "ExtraTrees": {
        "MSE": 269.4243010175157,
        "MAE": 8.279312912223869,
        "R2": 0.06785118494032927,
        "emission": 5.940215172867242e-07
    },
    "RandomForest": {
        "MSE": 266.22629088085745,
        "MAE": 8.244143569781311,
        "R2": 0.07891559653266378,
        "emission": 1.961482190897463e-06
    },
    "KNeighbors": {
        "MSE": 274.4973671361502,
        "MAE": 7.861971830985915,
        "R2": 0.05029949211475482,
        "emission": 7.653018992494273e-09
    },
    "PLS": {
        "MSE": 246.2343278091926,
        "MAE": 9.220555768741573,
        "R2": 0.1480833910396543,
        "emission": 3.8155132658379927e-07
    },
    "PLS-SKLEARN": {
        "MSE": 241.73832754210954,
        "MAE": 9.207445873556342,
        "R2": 0.1636385629586008,
        "emission": 8.516290568668981e-07
    },
    "XGBoost": {
        "MSE": 226.1674853982762,
        "MAE": 7.939769138376548,
        "R2": 0.21751025158891413,
        "emission": 1.8231207816302286e-06
    },
    "CatBoost": {
        "MSE": 253.6493722927126,
        "MAE": 8.472332866485386,
        "R2": 0.12242896824696581,
        "emission": 3.760100218380714e-06
    },
    "DNN": {
        "MSE": 249.83421011459114,
        "MAE": 8.845246655774684,
        "R2": 0.13562859014508544,
        "emission": 1.6246682577571664e-05
    }
}