{
    "Linear-SVR": {
        "MSE": 440.1946295782255,
        "MAE": 13.193194422288858,
        "R2": -0.07689318512431043,
        "emission": 2.2095992256797357e-09
    },
    "RBF-SVR": {
        "MSE": 431.03198980742343,
        "MAE": 13.08086628413733,
        "R2": -0.0544776814722554,
        "emission": 3.167691571545704e-09
    },
    "DecisionTree": {
        "MSE": 608.8914644694886,
        "MAE": 15.340251224286996,
        "R2": -0.4895935218378882,
        "emission": 1.5519367553022421e-09
    },
    "ExtraTrees": {
        "MSE": 393.1724927929748,
        "MAE": 13.75814462151824,
        "R2": 0.038141881756306506,
        "emission": 1.1763815443506264e-07
    },
    "RandomForest": {
        "MSE": 385.45030875079334,
        "MAE": 13.663440667152692,
        "R2": 0.05703345109977842,
        "emission": 3.4740644289909056e-07
    },
    "KNeighbors": {
        "MSE": 457.9820187793427,
        "MAE": 15.146948356807513,
        "R2": -0.1204082962245765,
        "emission": 5.314560545226874e-09
    },
    "PLS": {
        "MSE": 439.47679509157933,
        "MAE": 14.482596593087868,
        "R2": -0.07513707313480911,
        "emission": 1.8003559327395802e-08
    },
    "PLS-SKLEARN": {
        "MSE": 419.552752837797,
        "MAE": 14.36331388719669,
        "R2": -0.026394848942330462,
        "emission": 4.1093309056457e-09
    },
    "XGBoost": {
        "MSE": 469.7118741263289,
        "MAE": 15.173061369198589,
        "R2": -0.1491042421468758,
        "emission": 6.93284692349076e-07
    },
    "CatBoost": {
        "MSE": 404.97647590506176,
        "MAE": 13.807764233812161,
        "R2": 0.009264589493771291,
        "emission": 2.258315848620605e-06
    },
    "DNN": {
        "MSE": 472.4339008838061,
        "MAE": 14.649482065008979,
        "R2": -0.15576341485796008,
        "emission": 4.151245814618083e-06
    }
}