{
    "Linear-SVR": {
        "MSE": 440.1946295782255,
        "MAE": 13.193194422288858,
        "R2": -0.07689318512431043,
        "emission": 1.233216390318041e-08
    },
    "RBF-SVR": {
        "MSE": 431.03198980742343,
        "MAE": 13.08086628413733,
        "R2": -0.0544776814722554,
        "emission": 1.4732214765496571e-08
    },
    "DecisionTree": {
        "MSE": 608.8914644694886,
        "MAE": 15.340251224286996,
        "R2": -0.4895935218378882,
        "emission": 1.1421971708535436e-08
    },
    "ExtraTrees": {
        "MSE": 393.1724927929748,
        "MAE": 13.75814462151824,
        "R2": 0.038141881756306506,
        "emission": 5.864280862447218e-07
    },
    "RandomForest": {
        "MSE": 385.45030875079334,
        "MAE": 13.663440667152692,
        "R2": 0.05703345109977842,
        "emission": 1.8200258752821309e-06
    },
    "KNeighbors": {
        "MSE": 457.9820187793427,
        "MAE": 15.146948356807513,
        "R2": -0.1204082962245765,
        "emission": 8.062869076990728e-09
    },
    "PLS": {
        "MSE": 444.40654439665883,
        "MAE": 14.74377423425769,
        "R2": -0.08719722351896553,
        "emission": 3.6787260099735406e-07
    },
    "PLS-SKLEARN": {
        "MSE": 439.47679509157916,
        "MAE": 14.48259659308786,
        "R2": -0.07513707313480866,
        "emission": 8.731791915369472e-07
    },
    "XGBoost": {
        "MSE": 469.7118741263289,
        "MAE": 15.173061369198589,
        "R2": -0.1491042421468758,
        "emission": 1.9893611378948305e-06
    },
    "CatBoost": {
        "MSE": 404.97647590506176,
        "MAE": 13.807764233812161,
        "R2": 0.009264589493771291,
        "emission": 3.7470316812475055e-06
    },
    "DNN": {
        "MSE": 420.12777961057327,
        "MAE": 14.48924562603655,
        "R2": -0.027801595802145807,
        "emission": 1.5625973148764703e-05
    }
}