{
    "Linear-SVR": {
        "MSE": 458.87998261240284,
        "MAE": 12.444983484644462,
        "R2": -0.16285714790646266,
        "emission": 1.2586869821063243e-08
    },
    "RBF-SVR": {
        "MSE": 511.7400361024116,
        "MAE": 12.432880233033071,
        "R2": -0.29681089042892683,
        "emission": 1.7508094740078266e-08
    },
    "DecisionTree": {
        "MSE": 600.2858378598993,
        "MAE": 15.98775354262586,
        "R2": -0.5211966173996638,
        "emission": 1.1993476913244068e-08
    },
    "ExtraTrees": {
        "MSE": 313.59746760575587,
        "MAE": 12.63009135741517,
        "R2": 0.20530624435901879,
        "emission": 6.354291446518432e-07
    },
    "RandomForest": {
        "MSE": 332.2135760287489,
        "MAE": 12.79246237808498,
        "R2": 0.15813078331005814,
        "emission": 1.918134742107753e-06
    },
    "KNeighbors": {
        "MSE": 394.8441070422534,
        "MAE": 13.53117370892019,
        "R2": -0.0005825261082521571,
        "emission": 8.93255140470945e-09
    },
    "PLS": {
        "MSE": 378.49787531493956,
        "MAE": 14.00488417771938,
        "R2": 0.04084079398783902,
        "emission": 3.8869667460130767e-07
    },
    "PLS-SKLEARN": {
        "MSE": 378.4978753149396,
        "MAE": 14.00488417771938,
        "R2": 0.04084079398783891,
        "emission": 8.990857062766851e-07
    },
    "XGBoost": {
        "MSE": 398.2931222106502,
        "MAE": 14.10347534870038,
        "R2": -0.009322745977889957,
        "emission": 1.8715026826961471e-06
    },
    "CatBoost": {
        "MSE": 311.87542235409785,
        "MAE": 12.336399143251604,
        "R2": 0.20967011444659311,
        "emission": 3.760970775812058e-06
    },
    "DNN": {
        "MSE": 366.03748719544967,
        "MAE": 13.977297628429573,
        "R2": 0.07241691833291952,
        "emission": 1.623318746144317e-05
    }
}