{
    "Linear-SVR": {
        "MSE": 995.0259099830706,
        "MAE": 22.701333015262286,
        "R2": -0.005178503998353179,
        "emission": 1.0159951801682792e-08
    },
    "RBF-SVR": {
        "MSE": 1109.097956250389,
        "MAE": 23.978716445989615,
        "R2": -0.12041446686585755,
        "emission": 1.6614798828322693e-08
    },
    "DecisionTree": {
        "MSE": 1001.5911508677826,
        "MAE": 22.989439949421758,
        "R2": -0.011810732309871064,
        "emission": 9.758302533493854e-09
    },
    "ExtraTrees": {
        "MSE": 743.2223585497475,
        "MAE": 20.93963193613573,
        "R2": 0.24919428628961682,
        "emission": 6.359577635129854e-07
    },
    "RandomForest": {
        "MSE": 748.1539797778446,
        "MAE": 21.02088169762194,
        "R2": 0.2442123460219211,
        "emission": 1.8781373857782887e-06
    },
    "KNeighbors": {
        "MSE": 828.2725577464788,
        "MAE": 21.17305164319249,
        "R2": 0.16327629045090863,
        "emission": 2.1488203294439438e-08
    },
    "PLS": {
        "MSE": 905.0635550035628,
        "MAE": 22.949476044495043,
        "R2": 0.08570176805004914,
        "emission": 4.038053780540905e-07
    },
    "PLS-SKLEARN": {
        "MSE": 882.8659105074024,
        "MAE": 22.62804439994937,
        "R2": 0.1081259028017938,
        "emission": 8.748172611433402e-07
    },
    "XGBoost": {
        "MSE": 785.630220682807,
        "MAE": 21.47028580150554,
        "R2": 0.20635372205003588,
        "emission": 4.303151678410707e-06
    },
    "CatBoost": {
        "MSE": 694.7512062816146,
        "MAE": 19.948559856748652,
        "R2": 0.29816000651371344,
        "emission": 3.7485551680822545e-06
    },
    "DNN": {
        "MSE": 859.6399392411911,
        "MAE": 21.25463717509883,
        "R2": 0.13158885669781473,
        "emission": 1.6587506049448238e-05
    }
}