{
    "Linear-SVR": {
        "MSE": 872.5963453261418,
        "MAE": 16.844651784374456,
        "R2": -0.032769327229590584,
        "emission": 2.3016526757216673e-09
    },
    "RBF-SVR": {
        "MSE": 971.9154242036287,
        "MAE": 16.793961888271554,
        "R2": -0.15031932480037669,
        "emission": 3.1468161742958763e-09
    },
    "DecisionTree": {
        "MSE": 855.7989641327193,
        "MAE": 17.503404379280916,
        "R2": -0.012888634206671856,
        "emission": 1.4821198183765764e-09
    },
    "ExtraTrees": {
        "MSE": 668.08428062585,
        "MAE": 18.66350799833973,
        "R2": 0.20928278380911824,
        "emission": 1.1902906481503887e-07
    },
    "RandomForest": {
        "MSE": 670.7022044785454,
        "MAE": 18.98160753172002,
        "R2": 0.20618431626388012,
        "emission": 3.344103029523008e-07
    },
    "KNeighbors": {
        "MSE": 766.6569464788731,
        "MAE": 17.91568075117371,
        "R2": 0.0926162101504765,
        "emission": 3.71424323116682e-09
    },
    "PLS": {
        "MSE": 714.3636798122676,
        "MAE": 19.512992125784805,
        "R2": 0.15450838070927264,
        "emission": 1.8288899389199986e-08
    },
    "PLS-SKLEARN": {
        "MSE": 745.063078519011,
        "MAE": 19.46692363525095,
        "R2": 0.11817382863540837,
        "emission": 4.1947508946045065e-09
    },
    "XGBoost": {
        "MSE": 711.26050203989,
        "MAE": 18.793680552816447,
        "R2": 0.1581811749370029,
        "emission": 8.212149857471434e-07
    },
    "CatBoost": {
        "MSE": 669.3130198541716,
        "MAE": 18.298050813144215,
        "R2": 0.2078284983391282,
        "emission": 2.2650701857660683e-06
    },
    "DNN": {
        "MSE": 737.4818119208652,
        "MAE": 18.395235610316057,
        "R2": 0.12714670555158292,
        "emission": 4.421842536954574e-06
    }
}