{
    "Linear-SVR": {
        "MSE": 872.5963453261418,
        "MAE": 16.844651784374456,
        "R2": -0.032769327229590584,
        "emission": 9.936993221111013e-09
    },
    "RBF-SVR": {
        "MSE": 971.9154242036287,
        "MAE": 16.793961888271554,
        "R2": -0.15031932480037669,
        "emission": 2.061846776485993e-08
    },
    "DecisionTree": {
        "MSE": 855.7989641327193,
        "MAE": 17.503404379280916,
        "R2": -0.012888634206671856,
        "emission": 8.96795286111277e-09
    },
    "ExtraTrees": {
        "MSE": 668.08428062585,
        "MAE": 18.66350799833973,
        "R2": 0.20928278380911824,
        "emission": 6.080326612475582e-07
    },
    "RandomForest": {
        "MSE": 670.7022044785454,
        "MAE": 18.98160753172002,
        "R2": 0.20618431626388012,
        "emission": 1.8061334507208974e-06
    },
    "KNeighbors": {
        "MSE": 766.6569464788731,
        "MAE": 17.91568075117371,
        "R2": 0.0926162101504765,
        "emission": 9.143749824255485e-09
    },
    "PLS": {
        "MSE": 768.9913383893269,
        "MAE": 20.9846550377957,
        "R2": 0.08985331940980024,
        "emission": 3.631097402394815e-07
    },
    "PLS-SKLEARN": {
        "MSE": 735.6116234316223,
        "MAE": 20.381854585279417,
        "R2": 0.1293601841183606,
        "emission": 8.183143636796791e-07
    },
    "XGBoost": {
        "MSE": 711.26050203989,
        "MAE": 18.793680552816447,
        "R2": 0.1581811749370029,
        "emission": 1.675391226247839e-06
    },
    "CatBoost": {
        "MSE": 669.3130198541716,
        "MAE": 18.298050813144215,
        "R2": 0.2078284983391282,
        "emission": 3.6694631013636923e-06
    },
    "DNN": {
        "MSE": 734.4136632944965,
        "MAE": 18.809137495106935,
        "R2": 0.13077804071550791,
        "emission": 1.588504355719374e-05
    }
}