{
    "Linear-SVR": {
        "MSE": 740.1146961885454,
        "MAE": 18.17858275313869,
        "R2": 0.033358630437641645,
        "emission": 2.2841685316880894e-09
    },
    "RBF-SVR": {
        "MSE": 888.4049954229881,
        "MAE": 19.128558206723717,
        "R2": -0.1603188342620685,
        "emission": 3.4747964169338017e-09
    },
    "DecisionTree": {
        "MSE": 676.8695048892741,
        "MAE": 17.71393279994219,
        "R2": 0.1159612576393404,
        "emission": 1.4892378750638574e-09
    },
    "ExtraTrees": {
        "MSE": 479.64014913896904,
        "MAE": 16.816353188384177,
        "R2": 0.3735565405626349,
        "emission": 1.1997376552544647e-07
    },
    "RandomForest": {
        "MSE": 516.6715497046221,
        "MAE": 17.561295166323358,
        "R2": 0.3251909508183177,
        "emission": 3.3370376350398277e-07
    },
    "KNeighbors": {
        "MSE": 490.52735586854465,
        "MAE": 16.071267605633803,
        "R2": 0.359337089877515,
        "emission": 3.808383188933625e-09
    },
    "PLS": {
        "MSE": 532.6497095749875,
        "MAE": 18.15392122790476,
        "R2": 0.30432236055829986,
        "emission": 1.8754859536982383e-08
    },
    "PLS-SKLEARN": {
        "MSE": 570.9662668443578,
        "MAE": 19.099727760263985,
        "R2": 0.2542782666002694,
        "emission": 4.169911489216368e-09
    },
    "XGBoost": {
        "MSE": 526.8729956256216,
        "MAE": 17.766984047373416,
        "R2": 0.31186715153778133,
        "emission": 7.067774174557526e-07
    },
    "CatBoost": {
        "MSE": 447.02233176807357,
        "MAE": 16.360542213511234,
        "R2": 0.41615768308542167,
        "emission": 2.271931568560816e-06
    },
    "DNN": {
        "MSE": 433.2595565224758,
        "MAE": 15.675453614530989,
        "R2": 0.4341328266420825,
        "emission": 4.275178802758622e-06
    }
}