{
    "Linear-SVR": {
        "MSE": 486.99808223376243,
        "MAE": 8.904582810762333,
        "R2": -0.11092419871826009,
        "emission": 1.1099710525810489e-08
    },
    "RBF-SVR": {
        "MSE": 495.90862793501435,
        "MAE": 8.757517601758941,
        "R2": -0.13125064599686365,
        "emission": 1.7071530497987618e-08
    },
    "DecisionTree": {
        "MSE": 520.199090717994,
        "MAE": 10.914256942677229,
        "R2": -0.18666126030545227,
        "emission": 1.1108093640491888e-08
    },
    "ExtraTrees": {
        "MSE": 390.28880330351194,
        "MAE": 10.316833338040881,
        "R2": 0.10968586551735005,
        "emission": 5.975971905342737e-07
    },
    "RandomForest": {
        "MSE": 416.34477016952997,
        "MAE": 11.022508922209262,
        "R2": 0.05024784066992105,
        "emission": 1.794286607665017e-06
    },
    "KNeighbors": {
        "MSE": 406.03402816901405,
        "MAE": 10.27962441314554,
        "R2": 0.07376837024279859,
        "emission": 6.988409203617285e-09
    },
    "PLS": {
        "MSE": 408.3743006062307,
        "MAE": 12.64854231238653,
        "R2": 0.06842981681324045,
        "emission": 3.5844212911968535e-07
    },
    "PLS-SKLEARN": {
        "MSE": 407.8691073877976,
        "MAE": 12.635322170078744,
        "R2": 0.06958224716535066,
        "emission": 9.748530491827082e-07
    },
    "XGBoost": {
        "MSE": 408.9412038906884,
        "MAE": 11.150831363257458,
        "R2": 0.06713661546396976,
        "emission": 1.8231084598510865e-06
    },
    "CatBoost": {
        "MSE": 391.4921768767364,
        "MAE": 10.477826175776768,
        "R2": 0.10694076882936887,
        "emission": 3.7202111478335912e-06
    },
    "DNN": {
        "MSE": 384.2847122589714,
        "MAE": 9.980762299947756,
        "R2": 0.12338220288708523,
        "emission": 1.624240578463981e-05
    }
}