{
    "Linear-SVR": {
        "MSE": 740.1146961885454,
        "MAE": 18.17858275313869,
        "R2": 0.033358630437641645,
        "emission": 1.0622469519382038e-08
    },
    "RBF-SVR": {
        "MSE": 888.4049954229881,
        "MAE": 19.128558206723717,
        "R2": -0.1603188342620685,
        "emission": 2.136202263531337e-08
    },
    "DecisionTree": {
        "MSE": 676.8695048892741,
        "MAE": 17.71393279994219,
        "R2": 0.1159612576393404,
        "emission": 1.0980498044189687e-08
    },
    "ExtraTrees": {
        "MSE": 479.64014913896904,
        "MAE": 16.816353188384177,
        "R2": 0.3735565405626349,
        "emission": 6.686003397362527e-07
    },
    "RandomForest": {
        "MSE": 516.6715497046221,
        "MAE": 17.561295166323358,
        "R2": 0.3251909508183177,
        "emission": 1.929996763908086e-06
    },
    "KNeighbors": {
        "MSE": 490.52735586854465,
        "MAE": 16.071267605633803,
        "R2": 0.359337089877515,
        "emission": 9.5623490346558e-09
    },
    "PLS": {
        "MSE": 507.1381975841049,
        "MAE": 17.284399570558374,
        "R2": 0.3376421730380009,
        "emission": 3.9180746416292194e-07
    },
    "PLS-SKLEARN": {
        "MSE": 519.0130006831965,
        "MAE": 17.386039054143765,
        "R2": 0.32213285267170855,
        "emission": 1.0546520568667167e-06
    },
    "XGBoost": {
        "MSE": 526.8729956256216,
        "MAE": 17.766984047373416,
        "R2": 0.31186715153778133,
        "emission": 1.961745675818596e-06
    },
    "CatBoost": {
        "MSE": 447.02233176807357,
        "MAE": 16.360542213511234,
        "R2": 0.41615768308542167,
        "emission": 3.852995220244308e-06
    },
    "DNN": {
        "MSE": 452.1924782550235,
        "MAE": 16.006024351053185,
        "R2": 0.40940511148169534,
        "emission": 1.7570959268438178e-05
    }
}