{
    "Linear-SVR": {
        "MSE": 486.99808223376243,
        "MAE": 8.904582810762333,
        "R2": -0.11092419871826009,
        "emission": 2.550362784697012e-09
    },
    "RBF-SVR": {
        "MSE": 495.90862793501435,
        "MAE": 8.757517601758941,
        "R2": -0.13125064599686365,
        "emission": 3.1129959833878334e-09
    },
    "DecisionTree": {
        "MSE": 520.199090717994,
        "MAE": 10.914256942677229,
        "R2": -0.18666126030545227,
        "emission": 1.5626873828280025e-09
    },
    "ExtraTrees": {
        "MSE": 390.28880330351194,
        "MAE": 10.316833338040881,
        "R2": 0.10968586551735005,
        "emission": 1.1917105872586246e-07
    },
    "RandomForest": {
        "MSE": 416.34477016952997,
        "MAE": 11.022508922209262,
        "R2": 0.05024784066992105,
        "emission": 3.422579735113583e-07
    },
    "KNeighbors": {
        "MSE": 406.03402816901405,
        "MAE": 10.27962441314554,
        "R2": 0.07376837024279859,
        "emission": 2.9045038981175516e-09
    },
    "PLS": {
        "MSE": 396.3400899631914,
        "MAE": 11.351011199299641,
        "R2": 0.09588186704412383,
        "emission": 1.8230343192722527e-08
    },
    "PLS-SKLEARN": {
        "MSE": 415.10073771743674,
        "MAE": 11.35094271657908,
        "R2": 0.053085687071044774,
        "emission": 3.986856297969626e-09
    },
    "XGBoost": {
        "MSE": 408.9412038906884,
        "MAE": 11.150831363257458,
        "R2": 0.06713661546396976,
        "emission": 7.579958228490673e-07
    },
    "CatBoost": {
        "MSE": 391.4921768767364,
        "MAE": 10.477826175776768,
        "R2": 0.10694076882936887,
        "emission": 2.2644799760150716e-06
    },
    "DNN": {
        "MSE": 384.1657331645847,
        "MAE": 9.311813590057334,
        "R2": 0.12365361413061526,
        "emission": 4.395856741451479e-06
    }
}