{
    "Linear-SVR": {
        "MSE": 460.7374445379201,
        "MAE": 11.030988452106762,
        "R2": -0.07259513196629253,
        "emission": 1.2617694932823969e-08
    },
    "RBF-SVR": {
        "MSE": 505.8624354521244,
        "MAE": 10.874416534988633,
        "R2": -0.17764595029763197,
        "emission": 1.493825133405764e-08
    },
    "DecisionTree": {
        "MSE": 438.68956518628454,
        "MAE": 12.173431406664067,
        "R2": -0.02126774726357583,
        "emission": 1.053985824066191e-08
    },
    "ExtraTrees": {
        "MSE": 359.0306831957427,
        "MAE": 12.355500807076377,
        "R2": 0.16417784665081336,
        "emission": 6.077904674326432e-07
    },
    "RandomForest": {
        "MSE": 363.5743933656397,
        "MAE": 12.406015625454362,
        "R2": 0.15360010553800896,
        "emission": 1.7475624892062015e-06
    },
    "KNeighbors": {
        "MSE": 401.55110985915496,
        "MAE": 11.819530516431925,
        "R2": 0.06519044463045931,
        "emission": 6.5164606564376934e-09
    },
    "PLS": {
        "MSE": 459.4376643187325,
        "MAE": 14.729939603723862,
        "R2": -0.06956924823955335,
        "emission": 3.725449959337707e-07
    },
    "PLS-SKLEARN": {
        "MSE": 435.510372394345,
        "MAE": 14.42713618364991,
        "R2": -0.013866597752846044,
        "emission": 8.536578054011457e-07
    },
    "XGBoost": {
        "MSE": 363.7271274301822,
        "MAE": 12.237534991826667,
        "R2": 0.15324454117905395,
        "emission": 2.0572584893844787e-06
    },
    "CatBoost": {
        "MSE": 359.23258622456774,
        "MAE": 11.846772798613912,
        "R2": 0.16370781711791071,
        "emission": 3.734282818070619e-06
    },
    "DNN": {
        "MSE": 385.79736444623336,
        "MAE": 12.075803483707803,
        "R2": 0.10186510791310743,
        "emission": 1.6941468606570413e-05
    }
}