{
    "Linear-SVR": {
        "MSE": 864.5026279056272,
        "MAE": 17.69126675086758,
        "R2": -0.1344575642821566,
        "emission": 1.2787097212588258e-08
    },
    "RBF-SVR": {
        "MSE": 992.3652035891432,
        "MAE": 17.858676809074403,
        "R2": -0.30224729850676946,
        "emission": 1.5720662629659825e-08
    },
    "DecisionTree": {
        "MSE": 829.5467196662078,
        "MAE": 20.005700234216633,
        "R2": -0.0885861079805903,
        "emission": 1.1484696484602949e-08
    },
    "ExtraTrees": {
        "MSE": 514.2619010204259,
        "MAE": 16.768658587811842,
        "R2": 0.32515149774833163,
        "emission": 6.449580570991357e-07
    },
    "RandomForest": {
        "MSE": 523.305561122269,
        "MAE": 17.325944525165706,
        "R2": 0.3132838084202054,
        "emission": 1.8551260407604963e-06
    },
    "KNeighbors": {
        "MSE": 574.9497539906102,
        "MAE": 16.933521126760564,
        "R2": 0.24551288053688136,
        "emission": 8.847422031335753e-09
    },
    "PLS": {
        "MSE": 580.6935346045593,
        "MAE": 18.110862752185824,
        "R2": 0.23797551147085805,
        "emission": 3.776916870268411e-07
    },
    "PLS-SKLEARN": {
        "MSE": 592.621745927819,
        "MAE": 18.281565313239522,
        "R2": 0.22232252311984368,
        "emission": 8.283739399318281e-07
    },
    "XGBoost": {
        "MSE": 561.5536880205332,
        "MAE": 17.093414413607178,
        "R2": 0.2630920849034363,
        "emission": 1.8716522520290033e-06
    },
    "CatBoost": {
        "MSE": 466.442732627915,
        "MAE": 15.78590811239537,
        "R2": 0.38790297536036744,
        "emission": 3.7774985978852783e-06
    },
    "DNN": {
        "MSE": 506.69720298041165,
        "MAE": 17.18226472116972,
        "R2": 0.33507839517580984,
        "emission": 1.670332796588168e-05
    }
}