{
    "Linear-SVR": {
        "MSE": 457.63711736628926,
        "MAE": 11.916938138951302,
        "R2": -0.1555031662387356,
        "emission": 2.3955042346660823e-09
    },
    "RBF-SVR": {
        "MSE": 470.1157612511515,
        "MAE": 12.001865530956056,
        "R2": -0.18701090888493144,
        "emission": 3.2200344634890512e-09
    },
    "DecisionTree": {
        "MSE": 599.0358588296755,
        "MAE": 15.493747008677746,
        "R2": -0.5125255476474133,
        "emission": 1.4814247583209863e-09
    },
    "ExtraTrees": {
        "MSE": 344.8922429490596,
        "MAE": 12.15047867907091,
        "R2": 0.12917011401450207,
        "emission": 1.1871977828538354e-07
    },
    "RandomForest": {
        "MSE": 327.8011380399742,
        "MAE": 12.455543055488548,
        "R2": 0.17232401278613452,
        "emission": 3.350470463146848e-07
    },
    "KNeighbors": {
        "MSE": 374.12202441314554,
        "MAE": 12.588356807511738,
        "R2": 0.05536686740593577,
        "emission": 4.169825089310169e-09
    },
    "PLS": {
        "MSE": 357.9449242241745,
        "MAE": 12.762334775276894,
        "R2": 0.0962129652847401,
        "emission": 1.7851709325792463e-08
    },
    "PLS-SKLEARN": {
        "MSE": 365.2614346430952,
        "MAE": 12.447823514828432,
        "R2": 0.07773926497927552,
        "emission": 3.9934507110708334e-09
    },
    "XGBoost": {
        "MSE": 392.08496046438717,
        "MAE": 13.894552373686727,
        "R2": 0.010011653210010962,
        "emission": 6.941966474767121e-07
    },
    "CatBoost": {
        "MSE": 362.430347083889,
        "MAE": 12.76556030093147,
        "R2": 0.0848875720427158,
        "emission": 2.331824975283944e-06
    },
    "DNN": {
        "MSE": 359.3582261161557,
        "MAE": 13.121531439128336,
        "R2": 0.09264447236958095,
        "emission": 4.565033927530696e-06
    }
}