{
    "Linear-SVR": {
        "MSE": 305.8517849408737,
        "MAE": 9.31945299613574,
        "R2": -0.1274330744107537,
        "emission": 1.2571256961387353e-08
    },
    "RBF-SVR": {
        "MSE": 325.0741808610646,
        "MAE": 9.163308712287206,
        "R2": -0.19829081007520677,
        "emission": 1.4494398007988007e-08
    },
    "DecisionTree": {
        "MSE": 341.1273822613364,
        "MAE": 10.684230458278371,
        "R2": -0.2574662378476562,
        "emission": 9.205150719647969e-09
    },
    "ExtraTrees": {
        "MSE": 271.4405489722584,
        "MAE": 9.747925665520858,
        "R2": -0.0005861260763837528,
        "emission": 6.164211644328961e-07
    },
    "RandomForest": {
        "MSE": 272.392918718622,
        "MAE": 9.927143847851797,
        "R2": -0.004096758362953867,
        "emission": 1.8604487117735882e-06
    },
    "KNeighbors": {
        "MSE": 279.9081164319249,
        "MAE": 9.779154929577466,
        "R2": -0.03179933483917652,
        "emission": 7.626664466449367e-09
    },
    "PLS": {
        "MSE": 341.1509893218102,
        "MAE": 12.223850540490147,
        "R2": -0.2575532583656923,
        "emission": 3.7629496471891127e-07
    },
    "PLS-SKLEARN": {
        "MSE": 327.74046895119346,
        "MAE": 12.050359920127615,
        "R2": -0.208119300627583,
        "emission": 8.45886602588545e-07
    },
    "XGBoost": {
        "MSE": 321.51694780354416,
        "MAE": 11.071988708836775,
        "R2": -0.18517811170331044,
        "emission": 3.1574844587542723e-06
    },
    "CatBoost": {
        "MSE": 308.1208160529032,
        "MAE": 10.15176760223489,
        "R2": -0.1357971934008182,
        "emission": 3.8540894246188235e-06
    },
    "DNN": {
        "MSE": 333.48759934837886,
        "MAE": 10.921771901887908,
        "R2": -0.22930441450223582,
        "emission": 1.5913216608858357e-05
    }
}