{
    "Linear-SVR": {
        "MSE": 865.2019906897161,
        "MAE": 20.858857182363824,
        "R2": 0.04721594329901968,
        "emission": 1.0262254870281488e-08
    },
    "RBF-SVR": {
        "MSE": 969.4842606332036,
        "MAE": 21.849778209062762,
        "R2": -0.06762253981581545,
        "emission": 1.636264978350906e-08
    },
    "DecisionTree": {
        "MSE": 1098.031538718749,
        "MAE": 23.291588926663703,
        "R2": -0.20918231245870866,
        "emission": 9.394349777746895e-09
    },
    "ExtraTrees": {
        "MSE": 625.8918573048227,
        "MAE": 19.62774744470214,
        "R2": 0.31075079660460125,
        "emission": 6.294982206255237e-07
    },
    "RandomForest": {
        "MSE": 632.4034106975133,
        "MAE": 19.634884197121202,
        "R2": 0.30358009620900106,
        "emission": 1.7962369721218748e-06
    },
    "KNeighbors": {
        "MSE": 667.3878816901408,
        "MAE": 19.886478873239444,
        "R2": 0.26505424149232215,
        "emission": 8.580504397067842e-09
    },
    "PLS": {
        "MSE": 721.3833892733772,
        "MAE": 19.983088582433783,
        "R2": 0.20559291418102799,
        "emission": 3.6992952522908885e-07
    },
    "PLS-SKLEARN": {
        "MSE": 712.6957790177428,
        "MAE": 20.16025108861028,
        "R2": 0.21515994781187042,
        "emission": 9.51457899461584e-07
    },
    "XGBoost": {
        "MSE": 634.0890735185313,
        "MAE": 19.24517291823463,
        "R2": 0.3017237982830575,
        "emission": 1.956954069224367e-06
    },
    "CatBoost": {
        "MSE": 566.4270131457504,
        "MAE": 18.375054726480297,
        "R2": 0.3762351066947882,
        "emission": 3.859447804806549e-06
    },
    "DNN": {
        "MSE": 588.6548922168466,
        "MAE": 18.08145565668322,
        "R2": 0.351757159323984,
        "emission": 1.679315976391453e-05
    }
}