{
    "Linear-SVR": {
        "MSE": 352.7048060184897,
        "MAE": 7.811779947165781,
        "R2": -0.11026041843418488,
        "emission": 1.3537640718248327e-08
    },
    "RBF-SVR": {
        "MSE": 358.3300758957031,
        "MAE": 7.648367275042359,
        "R2": -0.12796790180585393,
        "emission": 1.7100705744668007e-08
    },
    "DecisionTree": {
        "MSE": 372.44052638155927,
        "MAE": 10.225103384302985,
        "R2": -0.1723854271511147,
        "emission": 9.509234032560776e-09
    },
    "ExtraTrees": {
        "MSE": 289.6507846315882,
        "MAE": 9.927808585263449,
        "R2": 0.08822393157863961,
        "emission": 6.145754212841352e-07
    },
    "RandomForest": {
        "MSE": 288.5490012159278,
        "MAE": 10.147618562031495,
        "R2": 0.09169217611407365,
        "emission": 1.9327134143805176e-06
    },
    "KNeighbors": {
        "MSE": 314.45406384976525,
        "MAE": 9.698497652582159,
        "R2": 0.010147027909032214,
        "emission": 8.005714361360409e-09
    },
    "PLS": {
        "MSE": 420.7755743100589,
        "MAE": 12.667800025826697,
        "R2": -0.32453671520393224,
        "emission": 3.8338728357911837e-07
    },
    "PLS-SKLEARN": {
        "MSE": 420.6664497699415,
        "MAE": 12.747791310629129,
        "R2": -0.32419320795508066,
        "emission": 8.508310335204675e-07
    },
    "XGBoost": {
        "MSE": 293.06312247643507,
        "MAE": 9.909487190480592,
        "R2": 0.07748241748863927,
        "emission": 1.9222791379985314e-06
    },
    "CatBoost": {
        "MSE": 272.3073297298767,
        "MAE": 9.782748942753782,
        "R2": 0.14281845699392182,
        "emission": 3.7893321283040373e-06
    },
    "DNN": {
        "MSE": 309.9483637302389,
        "MAE": 10.444075494291077,
        "R2": 0.024330278079380152,
        "emission": 1.653348721737992e-05
    }
}