{
    "Linear-SVR": {
        "MSE": 565.107513283889,
        "MAE": 13.203464003048738,
        "R2": -0.06957150521276145,
        "emission": 3.184026442007497e-09
    },
    "RBF-SVR": {
        "MSE": 608.6305852722996,
        "MAE": 12.920703381542012,
        "R2": -0.1519470470766724,
        "emission": 3.3285086508165308e-09
    },
    "DecisionTree": {
        "MSE": 813.378276711056,
        "MAE": 17.93109809069656,
        "R2": -0.5394702906598365,
        "emission": 1.582513515096481e-09
    },
    "ExtraTrees": {
        "MSE": 468.10426356035754,
        "MAE": 14.470839626391658,
        "R2": 0.11402526067416785,
        "emission": 1.1946467886224414e-07
    },
    "RandomForest": {
        "MSE": 480.43480385868975,
        "MAE": 14.70172758838601,
        "R2": 0.09068741037673533,
        "emission": 3.552978117783463e-07
    },
    "KNeighbors": {
        "MSE": 508.1881276995305,
        "MAE": 14.377276995305166,
        "R2": 0.038159061952188544,
        "emission": 3.0206161935539638e-09
    },
    "PLS": {
        "MSE": 500.2446344846708,
        "MAE": 15.784424224696705,
        "R2": 0.053193606343738264,
        "emission": 1.8014968396510283e-08
    },
    "PLS-SKLEARN": {
        "MSE": 505.0041935072553,
        "MAE": 15.594078291546042,
        "R2": 0.044185252024836696,
        "emission": 4.049796891986654e-09
    },
    "XGBoost": {
        "MSE": 526.1031120919245,
        "MAE": 14.645478826099263,
        "R2": 0.004251608287154762,
        "emission": 7.008621267944863e-07
    },
    "CatBoost": {
        "MSE": 477.86275769281843,
        "MAE": 14.281303081360614,
        "R2": 0.09555548808662362,
        "emission": 2.268243047103786e-06
    },
    "DNN": {
        "MSE": 494.8395911546544,
        "MAE": 14.627907876859249,
        "R2": 0.06342366026149893,
        "emission": 4.213391316375425e-06
    }
}