{
    "Linear-SVR": {
        "MSE": 236.37347594884204,
        "MAE": 7.120409607270336,
        "R2": -0.17746784558575102,
        "emission": 2.5172692439000733e-09
    },
    "RBF-SVR": {
        "MSE": 238.94523105506784,
        "MAE": 6.957931691991877,
        "R2": -0.19027875396769312,
        "emission": 3.2947297705291055e-09
    },
    "DecisionTree": {
        "MSE": 341.34515376894353,
        "MAE": 9.940765420880519,
        "R2": -0.7003724347500073,
        "emission": 1.5461509184547894e-09
    },
    "ExtraTrees": {
        "MSE": 205.0275729976642,
        "MAE": 8.699127018255577,
        "R2": -0.02132176080316106,
        "emission": 1.157287624677017e-07
    },
    "RandomForest": {
        "MSE": 213.93438638876214,
        "MAE": 9.004752760120944,
        "R2": -0.06569004845706061,
        "emission": 3.612135270896442e-07
    },
    "KNeighbors": {
        "MSE": 228.98215962441313,
        "MAE": 8.854460093896714,
        "R2": -0.14064883586550758,
        "emission": 3.792621840248083e-09
    },
    "PLS": {
        "MSE": 195.5075389333062,
        "MAE": 8.71353355642442,
        "R2": 0.026101216562068763,
        "emission": 1.8758983729611844e-08
    },
    "PLS-SKLEARN": {
        "MSE": 195.5075389333062,
        "MAE": 8.71353355642442,
        "R2": 0.026101216562068763,
        "emission": 4.031044769899308e-09
    },
    "XGBoost": {
        "MSE": 219.97809718429284,
        "MAE": 9.175858068037035,
        "R2": -0.095796113027931,
        "emission": 6.904575788416492e-07
    },
    "CatBoost": {
        "MSE": 215.51329694551882,
        "MAE": 8.810246071990571,
        "R2": -0.07355521354876182,
        "emission": 2.295452218119655e-06
    },
    "DNN": {
        "MSE": 245.48575319863775,
        "MAE": 9.436695043378872,
        "R2": -0.22285962830852646,
        "emission": 4.156329228726621e-06
    }
}