{
    "Linear-SVR": {
        "MSE": 348.4026498496362,
        "MAE": 12.8255285107186,
        "R2": -0.04812242711984305,
        "emission": 1.1468506357691978e-08
    },
    "RBF-SVR": {
        "MSE": 348.20025718961887,
        "MAE": 12.499064610265746,
        "R2": -0.04751355607325336,
        "emission": 1.6768055406014297e-08
    },
    "DecisionTree": {
        "MSE": 502.05578321220344,
        "MAE": 14.638278055429348,
        "R2": -0.5103671750976435,
        "emission": 1.0313105772743878e-08
    },
    "ExtraTrees": {
        "MSE": 328.0558434791106,
        "MAE": 12.8084580952952,
        "R2": 0.013088198248295324,
        "emission": 6.273176173012428e-07
    },
    "RandomForest": {
        "MSE": 337.8850421375064,
        "MAE": 13.129540060495263,
        "R2": -0.016481621495977983,
        "emission": 2.029369619019562e-06
    },
    "KNeighbors": {
        "MSE": 364.5318723004695,
        "MAE": 12.932582159624413,
        "R2": -0.09664501955712601,
        "emission": 8.659754735344141e-09
    },
    "PLS": {
        "MSE": 364.02603633210396,
        "MAE": 13.922345272028313,
        "R2": -0.09512328020434957,
        "emission": 3.9079876097424785e-07
    },
    "PLS-SKLEARN": {
        "MSE": 343.8202731112722,
        "MAE": 13.565590485385536,
        "R2": -0.03433696414743337,
        "emission": 8.89240749033486e-07
    },
    "XGBoost": {
        "MSE": 346.5417168383653,
        "MAE": 13.166009090071274,
        "R2": -0.04252406090384997,
        "emission": 1.9385695622322483e-06
    },
    "CatBoost": {
        "MSE": 335.6530104864118,
        "MAE": 13.057684728061533,
        "R2": -0.009766855025162613,
        "emission": 3.835064449328252e-06
    },
    "DNN": {
        "MSE": 362.917971846654,
        "MAE": 13.429884993484322,
        "R2": -0.09178981750423398,
        "emission": 1.7838141893632377e-05
    }
}