{
    "Linear-SVR": {
        "MSE": 858.7814811687786,
        "MAE": 21.35875932409602,
        "R2": 0.10779835778077007,
        "emission": 1.1299617610848127e-08
    },
    "RBF-SVR": {
        "MSE": 994.9763396123702,
        "MAE": 21.79986450580882,
        "R2": -0.03369663137504131,
        "emission": 1.611419705035161e-08
    },
    "DecisionTree": {
        "MSE": 811.8371343625874,
        "MAE": 19.980790083403132,
        "R2": 0.1565695809985671,
        "emission": 8.477270840485342e-09
    },
    "ExtraTrees": {
        "MSE": 646.1579874413985,
        "MAE": 20.24334182616414,
        "R2": 0.3286962630543886,
        "emission": 6.222272416411618e-07
    },
    "RandomForest": {
        "MSE": 672.4119225146526,
        "MAE": 20.790994670396643,
        "R2": 0.30142063531822083,
        "emission": 1.7723823408951068e-06
    },
    "KNeighbors": {
        "MSE": 565.2222629107982,
        "MAE": 18.078967136150236,
        "R2": 0.4127816653643308,
        "emission": 6.538883344993803e-09
    },
    "PLS": {
        "MSE": 777.1586909310678,
        "MAE": 22.621023854530446,
        "R2": 0.19259756350361568,
        "emission": 3.6188454975428405e-07
    },
    "PLS-SKLEARN": {
        "MSE": 751.3333622417955,
        "MAE": 22.239434825652296,
        "R2": 0.21942790529913436,
        "emission": 9.501684283841692e-07
    },
    "XGBoost": {
        "MSE": 714.7464022252329,
        "MAE": 20.817019656884696,
        "R2": 0.257438675822691,
        "emission": 1.8431799449048894e-06
    },
    "CatBoost": {
        "MSE": 596.5082146099223,
        "MAE": 19.30048693226756,
        "R2": 0.38027819609254265,
        "emission": 3.821587030566977e-06
    },
    "DNN": {
        "MSE": 667.4484170429384,
        "MAE": 20.083185641866336,
        "R2": 0.306577299533896,
        "emission": 1.6386142642804986e-05
    }
}