{
    "Linear-SVR": {
        "MSE": 541.1299313610787,
        "MAE": 9.903570932853805,
        "R2": -0.1647560573787059,
        "emission": 1.2425455635493721e-08
    },
    "RBF-SVR": {
        "MSE": 545.2626861303387,
        "MAE": 9.812659804521754,
        "R2": -0.1736516125350227,
        "emission": 1.5042240566912667e-08
    },
    "DecisionTree": {
        "MSE": 492.2565065586741,
        "MAE": 11.065906665061595,
        "R2": -0.05955836956967819,
        "emission": 1.1626546544650931e-08
    },
    "ExtraTrees": {
        "MSE": 346.8113612049193,
        "MAE": 10.090499891393117,
        "R2": 0.2535052852923029,
        "emission": 5.757040030144107e-07
    },
    "RandomForest": {
        "MSE": 372.8983169223378,
        "MAE": 10.551445322551368,
        "R2": 0.19735437230545794,
        "emission": 1.8166112794050144e-06
    },
    "KNeighbors": {
        "MSE": 397.4693690140845,
        "MAE": 10.522723004694836,
        "R2": 0.14446636870150842,
        "emission": 7.214027002348025e-09
    },
    "PLS": {
        "MSE": 403.5320365619511,
        "MAE": 13.249500081759514,
        "R2": 0.13141676944446978,
        "emission": 3.8904450207270377e-07
    },
    "PLS-SKLEARN": {
        "MSE": 399.8663965220497,
        "MAE": 13.276315297503032,
        "R2": 0.139306882693068,
        "emission": 7.974430046987991e-07
    },
    "XGBoost": {
        "MSE": 333.86089006380075,
        "MAE": 10.231796051023153,
        "R2": 0.2813805493154655,
        "emission": 1.9965077044916246e-06
    },
    "CatBoost": {
        "MSE": 347.4957603937017,
        "MAE": 10.176449726553308,
        "R2": 0.25203214907380844,
        "emission": 3.819773774033588e-06
    },
    "DNN": {
        "MSE": 342.384286292939,
        "MAE": 10.623847149357971,
        "R2": 0.26303435034924494,
        "emission": 1.692752875804298e-05
    }
}