{
    "Linear-SVR": {
        "MSE": 741.0739290754165,
        "MAE": 14.184118206755024,
        "R2": 0.0385970470614726,
        "emission": 2.580351569148667e-09
    },
    "RBF-SVR": {
        "MSE": 880.9813876874103,
        "MAE": 14.586823230802217,
        "R2": -0.14290636112819444,
        "emission": 3.4259754019653993e-09
    },
    "DecisionTree": {
        "MSE": 819.6607294382696,
        "MAE": 16.485248155600267,
        "R2": -0.0633544303371456,
        "emission": 1.5585153542080554e-09
    },
    "ExtraTrees": {
        "MSE": 544.6735362493491,
        "MAE": 15.227085059020737,
        "R2": 0.29338932919835026,
        "emission": 1.1747548259075798e-07
    },
    "RandomForest": {
        "MSE": 542.0522877463451,
        "MAE": 15.297656374874078,
        "R2": 0.2967899022752063,
        "emission": 3.509449356462181e-07
    },
    "KNeighbors": {
        "MSE": 603.914965258216,
        "MAE": 14.635023474178405,
        "R2": 0.21653480423013127,
        "emission": 3.778826116295443e-09
    },
    "PLS": {
        "MSE": 595.8361370966384,
        "MAE": 17.77009311644802,
        "R2": 0.22701555243363913,
        "emission": 1.7790574189573412e-08
    },
    "PLS-SKLEARN": {
        "MSE": 580.4175302553754,
        "MAE": 17.345712240166794,
        "R2": 0.2470182722242038,
        "emission": 3.881189213418455e-09
    },
    "XGBoost": {
        "MSE": 597.8421365459392,
        "MAE": 16.036639180174316,
        "R2": 0.22441314838394189,
        "emission": 7.030266986458053e-07
    },
    "CatBoost": {
        "MSE": 518.16607517751,
        "MAE": 13.9738240227805,
        "R2": 0.3277777354686452,
        "emission": 2.2763481259950525e-06
    },
    "DNN": {
        "MSE": 591.8588209445617,
        "MAE": 13.515786656807284,
        "R2": 0.2321753662435072,
        "emission": 4.33631161046505e-06
    }
}