{
    "Linear-SVR": {
        "MSE": 466.5787841109227,
        "MAE": 13.788830400001153,
        "R2": 0.1673276354194947,
        "emission": 1.1688604051510645e-08
    },
    "RBF-SVR": {
        "MSE": 536.4710734586054,
        "MAE": 14.78485515273468,
        "R2": 0.042595479095721145,
        "emission": 1.516669279634595e-08
    },
    "DecisionTree": {
        "MSE": 870.740211397687,
        "MAE": 17.99207381038367,
        "R2": -0.5539525916109218,
        "emission": 1.0703764665407196e-08
    },
    "ExtraTrees": {
        "MSE": 387.64014268933005,
        "MAE": 13.641205144130783,
        "R2": 0.3082042192841904,
        "emission": 6.038837587167705e-07
    },
    "RandomForest": {
        "MSE": 400.63588342428665,
        "MAE": 13.920885080104192,
        "R2": 0.28501157843603964,
        "emission": 1.8296824406244103e-06
    },
    "KNeighbors": {
        "MSE": 407.34651643192495,
        "MAE": 13.794929577464787,
        "R2": 0.2730355545691383,
        "emission": 8.771133016542556e-09
    },
    "PLS": {
        "MSE": 396.96000495112133,
        "MAE": 14.46045483140287,
        "R2": 0.29157167616100066,
        "emission": 3.6437991347779364e-07
    },
    "PLS-SKLEARN": {
        "MSE": 407.63495197602356,
        "MAE": 14.23915300821247,
        "R2": 0.27252080268861456,
        "emission": 8.559657298339483e-07
    },
    "XGBoost": {
        "MSE": 439.6604298200157,
        "MAE": 14.533138869814751,
        "R2": 0.21536704587133526,
        "emission": 1.8775956988193997e-06
    },
    "CatBoost": {
        "MSE": 412.8656113597105,
        "MAE": 14.367058484002772,
        "R2": 0.2631859900789302,
        "emission": 3.7251772616199e-06
    },
    "DNN": {
        "MSE": 392.02038379093045,
        "MAE": 13.398888254165652,
        "R2": 0.3003870920600017,
        "emission": 1.62170561520912e-05
    }
}