{
    "Linear-SVR": {
        "MSE": 619.0429531312845,
        "MAE": 16.487715295722086,
        "R2": -0.09544819744926225,
        "emission": 1.0431913222137687e-08
    },
    "RBF-SVR": {
        "MSE": 645.1190778961908,
        "MAE": 16.687141191466022,
        "R2": -0.14159207765287163,
        "emission": 1.6306371496418495e-08
    },
    "DecisionTree": {
        "MSE": 660.462135774302,
        "MAE": 17.609805505333103,
        "R2": -0.168742899758058,
        "emission": 1.0403321325035555e-08
    },
    "ExtraTrees": {
        "MSE": 475.7073300229368,
        "MAE": 15.542977398816692,
        "R2": 0.1581961565815424,
        "emission": 6.409824830713003e-07
    },
    "RandomForest": {
        "MSE": 462.63523954534145,
        "MAE": 15.571298307190935,
        "R2": 0.18132831223914603,
        "emission": 2.2359980088780067e-06
    },
    "KNeighbors": {
        "MSE": 498.835220657277,
        "MAE": 15.304694835680754,
        "R2": 0.11726942285807718,
        "emission": 1.0944839437141554e-08
    },
    "PLS": {
        "MSE": 513.317234291171,
        "MAE": 17.064898410706924,
        "R2": 0.0916422904427272,
        "emission": 4.06204342169801e-07
    },
    "PLS-SKLEARN": {
        "MSE": 498.72144716392415,
        "MAE": 16.88184037651262,
        "R2": 0.1174707545549819,
        "emission": 1.1160776125591255e-06
    },
    "XGBoost": {
        "MSE": 412.7774169284051,
        "MAE": 14.208474725496217,
        "R2": 0.2695558926327234,
        "emission": 2.0993538948072033e-06
    },
    "CatBoost": {
        "MSE": 408.1922893013499,
        "MAE": 14.385650463968783,
        "R2": 0.2776696588402635,
        "emission": 3.8867338519854174e-06
    },
    "DNN": {
        "MSE": 488.50585241857937,
        "MAE": 16.156705406790888,
        "R2": 0.1355481024886832,
        "emission": 1.7363796089287532e-05
    }
}