{
    "Linear-SVR": {
        "MSE": 398.3609317806924,
        "MAE": 9.519479187979666,
        "R2": -0.09001952855116757,
        "emission": 2.470196992961768e-09
    },
    "RBF-SVR": {
        "MSE": 411.6894535075577,
        "MAE": 9.33279344869701,
        "R2": -0.12648984431245291,
        "emission": 3.170771710533533e-09
    },
    "DecisionTree": {
        "MSE": 451.35105559705033,
        "MAE": 10.82387252809788,
        "R2": -0.2350143439864647,
        "emission": 1.5847187505945819e-09
    },
    "ExtraTrees": {
        "MSE": 335.0368216148659,
        "MAE": 10.17884169990487,
        "R2": 0.08325177192584832,
        "emission": 1.1782111409481203e-07
    },
    "RandomForest": {
        "MSE": 345.52989367545723,
        "MAE": 10.518545591672108,
        "R2": 0.054539986838359145,
        "emission": 3.698034897826556e-07
    },
    "KNeighbors": {
        "MSE": 334.7714384976526,
        "MAE": 10.551267605633804,
        "R2": 0.0839779294308457,
        "emission": 3.759195228057874e-09
    },
    "PLS": {
        "MSE": 318.2084547137381,
        "MAE": 11.155508411112299,
        "R2": 0.129298577956395,
        "emission": 1.8387927248298757e-08
    },
    "PLS-SKLEARN": {
        "MSE": 327.85440068529147,
        "MAE": 11.036248265567444,
        "R2": 0.10290475104836139,
        "emission": 3.8683011688495076e-09
    },
    "XGBoost": {
        "MSE": 318.7706353792007,
        "MAE": 10.717205642964778,
        "R2": 0.12776030486021328,
        "emission": 6.861292006249361e-07
    },
    "CatBoost": {
        "MSE": 347.3916541235791,
        "MAE": 9.747361849536862,
        "R2": 0.0494457241131826,
        "emission": 2.2743625694293303e-06
    },
    "DNN": {
        "MSE": 334.3572083647177,
        "MAE": 10.878672021639668,
        "R2": 0.08511137123748835,
        "emission": 4.132491475654349e-06
    }
}