{
    "Linear-SVR": {
        "MSE": 398.3609317806924,
        "MAE": 9.519479187979666,
        "R2": -0.09001952855116757,
        "emission": 1.254079821049476e-08
    },
    "RBF-SVR": {
        "MSE": 411.6894535075577,
        "MAE": 9.33279344869701,
        "R2": -0.12648984431245291,
        "emission": 1.727049517175772e-08
    },
    "DecisionTree": {
        "MSE": 451.35105559705033,
        "MAE": 10.82387252809788,
        "R2": -0.2350143439864647,
        "emission": 1.1477902156171202e-08
    },
    "ExtraTrees": {
        "MSE": 335.0368216148659,
        "MAE": 10.17884169990487,
        "R2": 0.08325177192584832,
        "emission": 6.176363306531527e-07
    },
    "RandomForest": {
        "MSE": 345.52989367545723,
        "MAE": 10.518545591672108,
        "R2": 0.054539986838359145,
        "emission": 1.9518627876820044e-06
    },
    "KNeighbors": {
        "MSE": 334.7714384976526,
        "MAE": 10.551267605633804,
        "R2": 0.0839779294308457,
        "emission": 8.961163710129883e-09
    },
    "PLS": {
        "MSE": 429.96155597151323,
        "MAE": 13.918332757655197,
        "R2": -0.17648708782820077,
        "emission": 3.866504981334074e-07
    },
    "PLS-SKLEARN": {
        "MSE": 428.6819169032673,
        "MAE": 13.930774804496806,
        "R2": -0.17298566120071968,
        "emission": 1.0311769309493153e-06
    },
    "XGBoost": {
        "MSE": 318.7706353792007,
        "MAE": 10.717205642964778,
        "R2": 0.12776030486021328,
        "emission": 1.887518961372829e-06
    },
    "CatBoost": {
        "MSE": 347.3916541235791,
        "MAE": 9.747361849536862,
        "R2": 0.0494457241131826,
        "emission": 3.770770279006877e-06
    },
    "DNN": {
        "MSE": 307.1543420640247,
        "MAE": 10.474384067275784,
        "R2": 0.1595455165935039,
        "emission": 1.7132819521023388e-05
    }
}