{
    "Linear-SVR": {
        "MSE": 649.0049046877058,
        "MAE": 14.454813352489019,
        "R2": -0.08934218314941877,
        "emission": 2.088718965362741e-09
    },
    "RBF-SVR": {
        "MSE": 697.8225751680958,
        "MAE": 14.329488769818191,
        "R2": -0.1712816990964765,
        "emission": 3.2913063356571596e-09
    },
    "DecisionTree": {
        "MSE": 681.727132016439,
        "MAE": 15.671282257346425,
        "R2": -0.1442658089931188,
        "emission": 1.3882241781047927e-09
    },
    "ExtraTrees": {
        "MSE": 508.26640813014654,
        "MAE": 14.59414614994475,
        "R2": 0.1468846619573233,
        "emission": 1.1736535800588097e-07
    },
    "RandomForest": {
        "MSE": 490.22991483244226,
        "MAE": 15.032477120540555,
        "R2": 0.1771585671980478,
        "emission": 3.426088026050072e-07
    },
    "KNeighbors": {
        "MSE": 451.92868544600935,
        "MAE": 14.176244131455398,
        "R2": 0.24144644011820737,
        "emission": 5.792985438160596e-09
    },
    "PLS": {
        "MSE": 540.7356509010449,
        "MAE": 16.183197608269136,
        "R2": 0.09238566580215779,
        "emission": 1.7780318058856564e-08
    },
    "PLS-SKLEARN": {
        "MSE": 545.7751314013062,
        "MAE": 16.513442457666592,
        "R2": 0.08392699522749503,
        "emission": 7.70542143008226e-09
    },
    "XGBoost": {
        "MSE": 596.3424744238162,
        "MAE": 16.639852248614943,
        "R2": -0.0009493122492765238,
        "emission": 6.960321365665008e-07
    },
    "CatBoost": {
        "MSE": 456.9937679971818,
        "MAE": 14.164852924146103,
        "R2": 0.23294479699614,
        "emission": 2.2633305339899517e-06
    },
    "DNN": {
        "MSE": 474.06517027461564,
        "MAE": 14.553605546651871,
        "R2": 0.20429077837162712,
        "emission": 4.172904809503642e-06
    }
}