{
    "Linear-SVR": {
        "MSE": 323.7700784193503,
        "MAE": 6.120663185084063,
        "R2": -0.09493272105197703,
        "emission": 1.3077781455179963e-08
    },
    "RBF-SVR": {
        "MSE": 320.47310949133396,
        "MAE": 5.98464988759624,
        "R2": -0.08378295953849624,
        "emission": 1.4604070092128057e-08
    },
    "DecisionTree": {
        "MSE": 533.4792396301256,
        "MAE": 10.626480054330177,
        "R2": -0.8041317416502889,
        "emission": 9.672824204491452e-09
    },
    "ExtraTrees": {
        "MSE": 310.04899311815745,
        "MAE": 9.165873475149871,
        "R2": -0.04853045516636145,
        "emission": 5.918247943301616e-07
    },
    "RandomForest": {
        "MSE": 288.4426111113802,
        "MAE": 9.350839163221877,
        "R2": 0.02453847930178188,
        "emission": 1.9362524618782523e-06
    },
    "KNeighbors": {
        "MSE": 294.53838873239437,
        "MAE": 9.088075117370892,
        "R2": 0.003923645435447987,
        "emission": 8.215092704820227e-09
    },
    "PLS": {
        "MSE": 290.47425253480327,
        "MAE": 9.557694176746137,
        "R2": 0.01766782997306493,
        "emission": 3.948849787896115e-07
    },
    "PLS-SKLEARN": {
        "MSE": 290.4742525348034,
        "MAE": 9.557694176746136,
        "R2": 0.017667829973064708,
        "emission": 9.134610641579228e-07
    },
    "XGBoost": {
        "MSE": 354.0656056881362,
        "MAE": 10.263228907257957,
        "R2": -0.19738679670362513,
        "emission": 1.7824537872539676e-06
    },
    "CatBoost": {
        "MSE": 264.9229449915997,
        "MAE": 9.02551382627102,
        "R2": 0.10407779976181031,
        "emission": 3.7398454640235805e-06
    },
    "DNN": {
        "MSE": 289.5185268761506,
        "MAE": 8.353861500511707,
        "R2": 0.02089992387475148,
        "emission": 1.618882428761912e-05
    }
}