{
    "Linear-SVR": {
        "MSE": 590.8790685793942,
        "MAE": 14.1323965648309,
        "R2": 0.0035417343521443323,
        "emission": 2.3815213351345646e-09
    },
    "RBF-SVR": {
        "MSE": 649.5729171230759,
        "MAE": 14.456398772009223,
        "R2": -0.09543955240192559,
        "emission": 3.3844894500282867e-09
    },
    "DecisionTree": {
        "MSE": 714.2228895299543,
        "MAE": 16.805332224830465,
        "R2": -0.2044652444671775,
        "emission": 1.5500978188045204e-09
    },
    "ExtraTrees": {
        "MSE": 478.3605581912566,
        "MAE": 14.717963823498655,
        "R2": 0.19329291302260476,
        "emission": 1.1948397522863397e-07
    },
    "RandomForest": {
        "MSE": 447.52394555693763,
        "MAE": 14.739645752571269,
        "R2": 0.24529576636097705,
        "emission": 3.397598001249385e-07
    },
    "KNeighbors": {
        "MSE": 441.48654647887327,
        "MAE": 14.547230046948357,
        "R2": 0.2554772341676059,
        "emission": 2.9266665365570924e-09
    },
    "PLS": {
        "MSE": 519.4296755421399,
        "MAE": 15.693525953188473,
        "R2": 0.12403396711758385,
        "emission": 1.7886485084636655e-08
    },
    "PLS-SKLEARN": {
        "MSE": 530.441079019658,
        "MAE": 15.989550700305422,
        "R2": 0.10546433993830906,
        "emission": 3.762236660483539e-09
    },
    "XGBoost": {
        "MSE": 580.1661176959872,
        "MAE": 16.83732786734759,
        "R2": 0.021608051175510012,
        "emission": 7.695839364148323e-07
    },
    "CatBoost": {
        "MSE": 443.28440839847514,
        "MAE": 14.310050261230726,
        "R2": 0.252445320421553,
        "emission": 2.2590866267531894e-06
    },
    "DNN": {
        "MSE": 470.66328624465035,
        "MAE": 14.606944753096696,
        "R2": 0.2062735898852589,
        "emission": 4.172785275662328e-06
    }
}