{
    "Linear-SVR": {
        "MSE": 649.0049046877058,
        "MAE": 14.454813352489019,
        "R2": -0.08934218314941877,
        "emission": 1.1987052403907762e-08
    },
    "RBF-SVR": {
        "MSE": 697.8225751680958,
        "MAE": 14.329488769818191,
        "R2": -0.1712816990964765,
        "emission": 1.6209136946934617e-08
    },
    "DecisionTree": {
        "MSE": 681.727132016439,
        "MAE": 15.671282257346425,
        "R2": -0.1442658089931188,
        "emission": 1.0744819563415163e-08
    },
    "ExtraTrees": {
        "MSE": 508.26640813014654,
        "MAE": 14.59414614994475,
        "R2": 0.1468846619573233,
        "emission": 6.015210509897741e-07
    },
    "RandomForest": {
        "MSE": 490.22991483244226,
        "MAE": 15.032477120540555,
        "R2": 0.1771585671980478,
        "emission": 1.857013242053294e-06
    },
    "KNeighbors": {
        "MSE": 451.92868544600935,
        "MAE": 14.176244131455398,
        "R2": 0.24144644011820737,
        "emission": 8.949325406963019e-09
    },
    "PLS": {
        "MSE": 540.7356509010449,
        "MAE": 16.183197608269136,
        "R2": 0.09238566580215779,
        "emission": 3.660535328279227e-07
    },
    "PLS-SKLEARN": {
        "MSE": 532.3848732700922,
        "MAE": 16.14629856846781,
        "R2": 0.10640228458237289,
        "emission": 8.179925608885392e-07
    },
    "XGBoost": {
        "MSE": 596.3424744238162,
        "MAE": 16.639852248614943,
        "R2": -0.0009493122492765238,
        "emission": 1.8285627428544325e-06
    },
    "CatBoost": {
        "MSE": 456.9937679971818,
        "MAE": 14.164852924146103,
        "R2": 0.23294479699614,
        "emission": 3.7208028167483105e-06
    },
    "DNN": {
        "MSE": 440.0176796712529,
        "MAE": 14.14642689278428,
        "R2": 0.2614388329960733,
        "emission": 1.6552028290452273e-05
    }
}