{
    "Linear-SVR": {
        "MSE": 323.7700784193503,
        "MAE": 6.120663185084063,
        "R2": -0.09493272105197703,
        "emission": 2.49755565797877e-09
    },
    "RBF-SVR": {
        "MSE": 320.47310949133396,
        "MAE": 5.98464988759624,
        "R2": -0.08378295953849624,
        "emission": 2.885061521732138e-09
    },
    "DecisionTree": {
        "MSE": 533.4792396301256,
        "MAE": 10.626480054330177,
        "R2": -0.8041317416502889,
        "emission": 1.5762474314322311e-09
    },
    "ExtraTrees": {
        "MSE": 310.04899311815745,
        "MAE": 9.165873475149871,
        "R2": -0.04853045516636145,
        "emission": 1.152034831082598e-07
    },
    "RandomForest": {
        "MSE": 288.4426111113802,
        "MAE": 9.350839163221877,
        "R2": 0.02453847930178188,
        "emission": 3.5595466625521457e-07
    },
    "KNeighbors": {
        "MSE": 294.53838873239437,
        "MAE": 9.088075117370892,
        "R2": 0.003923645435447987,
        "emission": 3.927730704727435e-09
    },
    "PLS": {
        "MSE": 290.47425253480327,
        "MAE": 9.557694176746137,
        "R2": 0.01766782997306493,
        "emission": 1.7766948707300003e-08
    },
    "PLS-SKLEARN": {
        "MSE": 290.4742525348034,
        "MAE": 9.557694176746136,
        "R2": 0.017667829973064708,
        "emission": 3.897113082339516e-09
    },
    "XGBoost": {
        "MSE": 354.0656056881362,
        "MAE": 10.263228907257957,
        "R2": -0.19738679670362513,
        "emission": 7.010192133620888e-07
    },
    "CatBoost": {
        "MSE": 264.9229449915997,
        "MAE": 9.02551382627102,
        "R2": 0.10407779976181031,
        "emission": 2.3081471881129265e-06
    },
    "DNN": {
        "MSE": 291.00588743595347,
        "MAE": 9.03464159898355,
        "R2": 0.015869935455559148,
        "emission": 4.0258261442443246e-06
    }
}