{
    "Linear-SVR": {
        "MSE": 977.6775466086332,
        "MAE": 23.438515327941833,
        "R2": 0.08878432693400484,
        "emission": 2.29836958517352e-09
    },
    "RBF-SVR": {
        "MSE": 1097.9250880928305,
        "MAE": 24.41857013262441,
        "R2": -0.023288866142930686,
        "emission": 3.352484096526975e-09
    },
    "DecisionTree": {
        "MSE": 888.0936750049938,
        "MAE": 21.293166818087787,
        "R2": 0.17227834614547877,
        "emission": 1.4743102231024985e-09
    },
    "ExtraTrees": {
        "MSE": 774.6787156099006,
        "MAE": 22.009214313276985,
        "R2": 0.2779834315485722,
        "emission": 1.2048042684136115e-07
    },
    "RandomForest": {
        "MSE": 781.0379494106406,
        "MAE": 22.15157742543733,
        "R2": 0.2720564942592524,
        "emission": 3.292423171272676e-07
    },
    "KNeighbors": {
        "MSE": 736.9344413145541,
        "MAE": 21.24131455399061,
        "R2": 0.3131618750197602,
        "emission": 4.755813055238476e-09
    },
    "PLS": {
        "MSE": 832.646067022665,
        "MAE": 22.731695085724255,
        "R2": 0.2239566623784507,
        "emission": 1.8316778106330084e-08
    },
    "PLS-SKLEARN": {
        "MSE": 905.8571770149351,
        "MAE": 24.28282449840692,
        "R2": 0.15572239526356968,
        "emission": 4.082218122676376e-09
    },
    "XGBoost": {
        "MSE": 806.1306531117434,
        "MAE": 21.381617406468855,
        "R2": 0.2486695759738119,
        "emission": 6.877918015443839e-07
    },
    "CatBoost": {
        "MSE": 725.3874460031733,
        "MAE": 21.00483671047112,
        "R2": 0.3239239132204408,
        "emission": 2.2656991937123726e-06
    },
    "DNN": {
        "MSE": 842.8975855569197,
        "MAE": 21.834830723723897,
        "R2": 0.2144020352996734,
        "emission": 4.417312620006651e-06
    }
}