{
    "Linear-SVR": {
        "MSE": 416.4753110710543,
        "MAE": 11.074247496608022,
        "R2": -0.05155758834164903,
        "emission": 1.1392134814836045e-08
    },
    "RBF-SVR": {
        "MSE": 454.20794882133174,
        "MAE": 10.808848336668657,
        "R2": -0.14682864163028286,
        "emission": 1.7755080100257124e-08
    },
    "DecisionTree": {
        "MSE": 429.1225088134922,
        "MAE": 12.790280881167375,
        "R2": -0.0834904698445551,
        "emission": 1.0916555430666843e-08
    },
    "ExtraTrees": {
        "MSE": 317.5746458394529,
        "MAE": 11.882200242948489,
        "R2": 0.19815648174060918,
        "emission": 6.336055693158012e-07
    },
    "RandomForest": {
        "MSE": 330.58405156592846,
        "MAE": 12.2818673783055,
        "R2": 0.16530906210291374,
        "emission": 1.9156616667561592e-06
    },
    "KNeighbors": {
        "MSE": 295.30573145539915,
        "MAE": 11.181220657276997,
        "R2": 0.25438321423157095,
        "emission": 7.82754273963322e-09
    },
    "PLS": {
        "MSE": 353.8461027940949,
        "MAE": 12.59079574475579,
        "R2": 0.10657476059903115,
        "emission": 3.680011508751247e-07
    },
    "PLS-SKLEARN": {
        "MSE": 370.5140088127887,
        "MAE": 12.582882833160475,
        "R2": 0.06449000169544139,
        "emission": 7.333422926683227e-07
    },
    "XGBoost": {
        "MSE": 390.0389891435494,
        "MAE": 12.67034944051378,
        "R2": 0.01519142220406311,
        "emission": 1.8503134908168685e-06
    },
    "CatBoost": {
        "MSE": 306.92671403550105,
        "MAE": 11.472775292196987,
        "R2": 0.2250414211138333,
        "emission": 3.716323016426997e-06
    },
    "DNN": {
        "MSE": 333.7216700604534,
        "MAE": 12.547270699398057,
        "R2": 0.15738689613164958,
        "emission": 1.5749464292748743e-05
    }
}