{
    "Linear-SVR": {
        "MSE": 386.281671582537,
        "MAE": 12.03285210793011,
        "R2": -0.06762876830300368,
        "emission": 1.2324255483202823e-08
    },
    "RBF-SVR": {
        "MSE": 394.2293382469266,
        "MAE": 11.705611782169962,
        "R2": -0.08959501261644154,
        "emission": 2.1661657551808986e-08
    },
    "DecisionTree": {
        "MSE": 504.5579441307172,
        "MAE": 13.46260396604224,
        "R2": -0.3945279210967514,
        "emission": 9.54860240715504e-09
    },
    "ExtraTrees": {
        "MSE": 342.5921592683031,
        "MAE": 12.111404590538505,
        "R2": 0.05312296197897004,
        "emission": 6.194458439364705e-07
    },
    "RandomForest": {
        "MSE": 339.9174570213137,
        "MAE": 12.212677456414333,
        "R2": 0.06051546666041563,
        "emission": 1.9036284942768664e-06
    },
    "KNeighbors": {
        "MSE": 337.856103286385,
        "MAE": 12.407042253521128,
        "R2": 0.06621276143508747,
        "emission": 8.738852531995381e-09
    },
    "PLS": {
        "MSE": 341.95448921257076,
        "MAE": 12.228965453127996,
        "R2": 0.05488539324679609,
        "emission": 3.7375393129744974e-07
    },
    "PLS-SKLEARN": {
        "MSE": 341.95448921257076,
        "MAE": 12.228965453128,
        "R2": 0.05488539324679609,
        "emission": 1.0393678754924495e-06
    },
    "XGBoost": {
        "MSE": 410.09510448567096,
        "MAE": 13.70812870660718,
        "R2": -0.1334457819223176,
        "emission": 2.262476758713547e-06
    },
    "CatBoost": {
        "MSE": 329.03786084225663,
        "MAE": 11.794200539848935,
        "R2": 0.09058515601609829,
        "emission": 4.0308243707534296e-06
    },
    "DNN": {
        "MSE": 371.19377792022715,
        "MAE": 13.092049070479165,
        "R2": -0.025927930515423858,
        "emission": 1.544275005224949e-05
    }
}