{
    "Linear-SVR": {
        "MSE": 416.4753110710543,
        "MAE": 11.074247496608022,
        "R2": -0.05155758834164903,
        "emission": 2.4458974586116434e-09
    },
    "RBF-SVR": {
        "MSE": 454.20794882133174,
        "MAE": 10.808848336668657,
        "R2": -0.14682864163028286,
        "emission": 3.2906352840306607e-09
    },
    "DecisionTree": {
        "MSE": 429.1225088134922,
        "MAE": 12.790280881167375,
        "R2": -0.0834904698445551,
        "emission": 1.5598927504304817e-09
    },
    "ExtraTrees": {
        "MSE": 317.5746458394529,
        "MAE": 11.882200242948489,
        "R2": 0.19815648174060918,
        "emission": 1.1879616564178543e-07
    },
    "RandomForest": {
        "MSE": 330.58405156592846,
        "MAE": 12.2818673783055,
        "R2": 0.16530906210291374,
        "emission": 3.461805377489527e-07
    },
    "KNeighbors": {
        "MSE": 295.30573145539915,
        "MAE": 11.181220657276997,
        "R2": 0.25438321423157095,
        "emission": 3.8271022121902836e-09
    },
    "PLS": {
        "MSE": 353.8461027940949,
        "MAE": 12.59079574475579,
        "R2": 0.10657476059903115,
        "emission": 1.884810646151402e-08
    },
    "PLS-SKLEARN": {
        "MSE": 370.5140088127887,
        "MAE": 12.582882833160475,
        "R2": 0.06449000169544139,
        "emission": 4.083369528995729e-09
    },
    "XGBoost": {
        "MSE": 390.0389891435494,
        "MAE": 12.67034944051378,
        "R2": 0.01519142220406311,
        "emission": 7.173099917214246e-07
    },
    "CatBoost": {
        "MSE": 306.92671403550105,
        "MAE": 11.472775292196987,
        "R2": 0.2250414211138333,
        "emission": 2.2777600346313996e-06
    },
    "DNN": {
        "MSE": 344.5915135335081,
        "MAE": 12.587407449713334,
        "R2": 0.1299416524777549,
        "emission": 4.126519841606834e-06
    }
}