{
    "Linear-SVR": {
        "MSE": 544.4794312655977,
        "MAE": 17.291900991453367,
        "R2": 0.08795814318757911,
        "emission": 2.2548576822819897e-09
    },
    "RBF-SVR": {
        "MSE": 693.7268714495002,
        "MAE": 17.76736380888837,
        "R2": -0.1620419571898175,
        "emission": 3.394344687332072e-09
    },
    "DecisionTree": {
        "MSE": 911.6299274214252,
        "MAE": 20.82954337757855,
        "R2": -0.5270451076518805,
        "emission": 2.197727175120785e-09
    },
    "ExtraTrees": {
        "MSE": 461.80865390602014,
        "MAE": 17.370293344539846,
        "R2": 0.22643758787825563,
        "emission": 1.2060562478225637e-07
    },
    "RandomForest": {
        "MSE": 467.93237021995316,
        "MAE": 17.359459165522257,
        "R2": 0.21617992656574303,
        "emission": 3.285390241197232e-07
    },
    "KNeighbors": {
        "MSE": 475.53395305164315,
        "MAE": 16.539906103286384,
        "R2": 0.20344673349651565,
        "emission": 5.792058259801251e-09
    },
    "PLS": {
        "MSE": 538.7927969003791,
        "MAE": 18.06447524070164,
        "R2": 0.09748366108163753,
        "emission": 1.772682415663625e-08
    },
    "PLS-SKLEARN": {
        "MSE": 546.1086893362982,
        "MAE": 18.652049291634285,
        "R2": 0.08522901978878628,
        "emission": 3.859257866420204e-09
    },
    "XGBoost": {
        "MSE": 465.79057580496374,
        "MAE": 16.95418476612775,
        "R2": 0.21976758487382064,
        "emission": 6.903183452376189e-07
    },
    "CatBoost": {
        "MSE": 448.1234532542215,
        "MAE": 16.80538690576769,
        "R2": 0.24936127442469658,
        "emission": 2.257054243525158e-06
    },
    "DNN": {
        "MSE": 475.49762292588804,
        "MAE": 16.966481664147175,
        "R2": 0.20350758904669664,
        "emission": 4.060707096422674e-06
    }
}