{
    "Linear-SVR": {
        "MSE": 179.30399344446406,
        "MAE": 6.382482256088069,
        "R2": -0.1821830712447834,
        "emission": 1.4182088595153388e-08
    },
    "RBF-SVR": {
        "MSE": 180.7728008461885,
        "MAE": 6.175180268642557,
        "R2": -0.19186717928878783,
        "emission": 1.5520218775068763e-08
    },
    "DecisionTree": {
        "MSE": 178.0076443662022,
        "MAE": 8.184458335606983,
        "R2": -0.17363601155411534,
        "emission": 1.105359265494774e-08
    },
    "ExtraTrees": {
        "MSE": 149.91581662899245,
        "MAE": 7.762687908205971,
        "R2": 0.011578397524509176,
        "emission": 6.132560599269882e-07
    },
    "RandomForest": {
        "MSE": 155.92590711885987,
        "MAE": 7.831893847994087,
        "R2": -0.028047196402773755,
        "emission": 1.9575444019058843e-06
    },
    "KNeighbors": {
        "MSE": 159.31962441314556,
        "MAE": 7.36431924882629,
        "R2": -0.05042257721177856,
        "emission": 7.922448785112738e-09
    },
    "PLS": {
        "MSE": 155.50057761353537,
        "MAE": 7.941857115607037,
        "R2": -0.025242923440212728,
        "emission": 4.108565428262172e-07
    },
    "PLS-SKLEARN": {
        "MSE": 155.50057761353537,
        "MAE": 7.9418571156070366,
        "R2": -0.025242923440212728,
        "emission": 9.319352295550748e-07
    },
    "XGBoost": {
        "MSE": 142.34146383942908,
        "MAE": 7.662296762226473,
        "R2": 0.061517450589888445,
        "emission": 1.8486476452476143e-06
    },
    "CatBoost": {
        "MSE": 152.18198021880065,
        "MAE": 7.828092587837074,
        "R2": -0.003362821469435673,
        "emission": 3.7758414152723155e-06
    },
    "DNN": {
        "MSE": 157.51930735774334,
        "MAE": 8.020404766423042,
        "R2": -0.03855276714851885,
        "emission": 1.7297950660638593e-05
    }
}