{
    "Linear-SVR": {
        "MSE": 188.48692360520036,
        "MAE": 9.060377934760051,
        "R2": -0.11241729676092627,
        "emission": 1.1622414156585453e-08
    },
    "RBF-SVR": {
        "MSE": 200.83010522673194,
        "MAE": 8.701206481778229,
        "R2": -0.1852646246828007,
        "emission": 1.746001953286541e-08
    },
    "DecisionTree": {
        "MSE": 335.65215696797634,
        "MAE": 11.427637547193752,
        "R2": -0.9809611084128738,
        "emission": 1.0479043351563994e-08
    },
    "ExtraTrees": {
        "MSE": 198.8168026720794,
        "MAE": 10.879643853723694,
        "R2": -0.17338246043198247,
        "emission": 5.863040238249153e-07
    },
    "RandomForest": {
        "MSE": 189.60098129386287,
        "MAE": 10.50506625467561,
        "R2": -0.11899227299139148,
        "emission": 1.880278126732692e-06
    },
    "KNeighbors": {
        "MSE": 229.9420187793427,
        "MAE": 11.361032863849763,
        "R2": -0.357078114755804,
        "emission": 1.0058186356323551e-08
    },
    "PLS": {
        "MSE": 190.01771312637706,
        "MAE": 10.64609268970768,
        "R2": -0.12145175235331607,
        "emission": 3.975439435365768e-07
    },
    "PLS-SKLEARN": {
        "MSE": 190.0177131263771,
        "MAE": 10.64609268970768,
        "R2": -0.12145175235331629,
        "emission": 8.172173144254575e-07
    },
    "XGBoost": {
        "MSE": 212.87197762730017,
        "MAE": 10.847815949609721,
        "R2": -0.2563336775781524,
        "emission": 1.8289436872077945e-06
    },
    "CatBoost": {
        "MSE": 173.5858855720612,
        "MAE": 10.128000484694633,
        "R2": -0.024473941695741797,
        "emission": 3.754941451967686e-06
    },
    "DNN": {
        "MSE": 183.39255618309207,
        "MAE": 9.540328677271454,
        "R2": -0.08235121934815726,
        "emission": 1.571980074367422e-05
    }
}