{
    "Linear-SVR": {
        "MSE": 277.173241340075,
        "MAE": 10.521395787972196,
        "R2": -0.03855959813946175,
        "emission": 2.369604422402705e-09
    },
    "RBF-SVR": {
        "MSE": 295.34898238580337,
        "MAE": 10.316781956679666,
        "R2": -0.10666354001016409,
        "emission": 3.2244134140845464e-09
    },
    "DecisionTree": {
        "MSE": 385.5735461924335,
        "MAE": 13.588578417344644,
        "R2": -0.4447322016034865,
        "emission": 1.5926646466715625e-09
    },
    "ExtraTrees": {
        "MSE": 263.4755744110862,
        "MAE": 12.499440202568511,
        "R2": 0.012765137944150573,
        "emission": 1.1962426004895533e-07
    },
    "RandomForest": {
        "MSE": 263.58643469865916,
        "MAE": 12.487408272216532,
        "R2": 0.01234974786120202,
        "emission": 3.376936287193072e-07
    },
    "KNeighbors": {
        "MSE": 305.1256338028169,
        "MAE": 12.997183098591547,
        "R2": -0.14329635174087962,
        "emission": 3.829523769352978e-09
    },
    "PLS": {
        "MSE": 294.122593508493,
        "MAE": 13.127973953196731,
        "R2": -0.10206829866065958,
        "emission": 1.8769672250383267e-08
    },
    "PLS-SKLEARN": {
        "MSE": 282.777078482902,
        "MAE": 13.110040122167755,
        "R2": -0.05955700331088232,
        "emission": 4.215094795454318e-09
    },
    "XGBoost": {
        "MSE": 307.00371737233877,
        "MAE": 13.268659332154993,
        "R2": -0.15033347302937305,
        "emission": 6.931215425904259e-07
    },
    "CatBoost": {
        "MSE": 272.4740635217121,
        "MAE": 12.760687139947688,
        "R2": -0.020951923592563926,
        "emission": 2.2610626457950795e-06
    },
    "DNN": {
        "MSE": 306.9972369565777,
        "MAE": 14.147337175870724,
        "R2": -0.1503091911111185,
        "emission": 4.233477253492453e-06
    }
}