{
    "Linear-SVR": {
        "MSE": 453.6665006487961,
        "MAE": 7.947524952847468,
        "R2": -0.11183588354579399,
        "emission": 1.2640593450608288e-08
    },
    "RBF-SVR": {
        "MSE": 459.11411361656786,
        "MAE": 7.842949003477682,
        "R2": -0.12518677361278385,
        "emission": 1.415690615264929e-08
    },
    "DecisionTree": {
        "MSE": 687.2013815407594,
        "MAE": 12.610263391564994,
        "R2": -0.6841780341430819,
        "emission": 9.478079340701115e-09
    },
    "ExtraTrees": {
        "MSE": 400.38287917735204,
        "MAE": 10.733407985936822,
        "R2": 0.018750444235734354,
        "emission": 5.736175163521478e-07
    },
    "RandomForest": {
        "MSE": 415.1151847369355,
        "MAE": 11.146890209366173,
        "R2": -0.017355166262463806,
        "emission": 1.8811613206684362e-06
    },
    "KNeighbors": {
        "MSE": 373.7886666666667,
        "MAE": 9.282159624413147,
        "R2": 0.083926955443276,
        "emission": 7.932579042287693e-09
    },
    "PLS": {
        "MSE": 483.33243257580415,
        "MAE": 13.615511942570999,
        "R2": -0.184540497150951,
        "emission": 3.8007800480613096e-07
    },
    "PLS-SKLEARN": {
        "MSE": 486.9693064440985,
        "MAE": 13.578309694367116,
        "R2": -0.19345366765156502,
        "emission": 7.701523532502225e-07
    },
    "XGBoost": {
        "MSE": 425.8257117309663,
        "MAE": 11.303409566597342,
        "R2": -0.04360429029216184,
        "emission": 1.7853899388457078e-06
    },
    "CatBoost": {
        "MSE": 370.7453677647569,
        "MAE": 9.78068868440045,
        "R2": 0.09138540546914253,
        "emission": 3.826621699154933e-06
    },
    "DNN": {
        "MSE": 408.9040992044596,
        "MAE": 10.451819730373405,
        "R2": -0.002133174422857431,
        "emission": 1.6068978491487034e-05
    }
}