{
    "Linear-SVR": {
        "MSE": 453.6665006487961,
        "MAE": 7.947524952847468,
        "R2": -0.11183588354579399,
        "emission": 2.7528582922238676e-09
    },
    "RBF-SVR": {
        "MSE": 459.11411361656786,
        "MAE": 7.842949003477682,
        "R2": -0.12518677361278385,
        "emission": 3.1206228419621677e-09
    },
    "DecisionTree": {
        "MSE": 687.2013815407594,
        "MAE": 12.610263391564994,
        "R2": -0.6841780341430819,
        "emission": 1.5385422100555647e-09
    },
    "ExtraTrees": {
        "MSE": 400.38287917735204,
        "MAE": 10.733407985936822,
        "R2": 0.018750444235734354,
        "emission": 1.1724680362249391e-07
    },
    "RandomForest": {
        "MSE": 415.1151847369355,
        "MAE": 11.146890209366173,
        "R2": -0.017355166262463806,
        "emission": 3.4858998806587914e-07
    },
    "KNeighbors": {
        "MSE": 373.7886666666667,
        "MAE": 9.282159624413147,
        "R2": 0.083926955443276,
        "emission": 3.756143787356875e-09
    },
    "PLS": {
        "MSE": 463.98246919674426,
        "MAE": 12.852392730028496,
        "R2": -0.13711803241227538,
        "emission": 1.8744143622642526e-08
    },
    "PLS-SKLEARN": {
        "MSE": 449.78717382467823,
        "MAE": 12.486337410845556,
        "R2": -0.10232851467265114,
        "emission": 4.201792848290652e-09
    },
    "XGBoost": {
        "MSE": 425.8257117309663,
        "MAE": 11.303409566597342,
        "R2": -0.04360429029216184,
        "emission": 7.026535499580812e-07
    },
    "CatBoost": {
        "MSE": 370.7453677647569,
        "MAE": 9.78068868440045,
        "R2": 0.09138540546914253,
        "emission": 2.2645310910072585e-06
    },
    "DNN": {
        "MSE": 420.1721588501029,
        "MAE": 11.283076285784233,
        "R2": -0.029748687214839586,
        "emission": 4.474637849623476e-06
    }
}