{
    "Linear-SVR": {
        "MSE": 376.0853541386595,
        "MAE": 12.912410916612675,
        "R2": -0.04954599517662994,
        "emission": 2.3157093246043478e-09
    },
    "RBF-SVR": {
        "MSE": 415.520871751673,
        "MAE": 13.07927874916079,
        "R2": -0.1595991762510407,
        "emission": 3.2975279976151106e-09
    },
    "DecisionTree": {
        "MSE": 500.9997943172164,
        "MAE": 15.17775280688369,
        "R2": -0.3981462503750772,
        "emission": 1.4413066951479257e-09
    },
    "ExtraTrees": {
        "MSE": 297.4226329987022,
        "MAE": 12.254970543010067,
        "R2": 0.16997902230570183,
        "emission": 1.223006569155836e-07
    },
    "RandomForest": {
        "MSE": 313.6947857174285,
        "MAE": 12.60170950657116,
        "R2": 0.12456812679780338,
        "emission": 3.3466736669585725e-07
    },
    "KNeighbors": {
        "MSE": 324.3783323943662,
        "MAE": 12.657089201877934,
        "R2": 0.09475342248754581,
        "emission": 2.360782265669652e-09
    },
    "PLS": {
        "MSE": 310.0566925180174,
        "MAE": 12.990912435132229,
        "R2": 0.13472099796255876,
        "emission": 1.8579813746136538e-08
    },
    "PLS-SKLEARN": {
        "MSE": 307.54162395732726,
        "MAE": 12.7910406443362,
        "R2": 0.14173983053984063,
        "emission": 4.277637840338282e-09
    },
    "XGBoost": {
        "MSE": 320.7847474768042,
        "MAE": 13.192107746368842,
        "R2": 0.10478208384606236,
        "emission": 6.922908914994837e-07
    },
    "CatBoost": {
        "MSE": 311.66558038483856,
        "MAE": 12.66338425291281,
        "R2": 0.13023105492508602,
        "emission": 2.267429529366939e-06
    },
    "DNN": {
        "MSE": 309.4545809168027,
        "MAE": 12.73273847136699,
        "R2": 0.13640131816846435,
        "emission": 4.059933800714285e-06
    }
}