{
    "Linear-SVR": {
        "MSE": 212.1940445893963,
        "MAE": 7.871874786277686,
        "R2": -0.09484214711420358,
        "emission": 1.0798882322187093e-08
    },
    "RBF-SVR": {
        "MSE": 224.14129577680114,
        "MAE": 7.572873018022528,
        "R2": -0.15648550834727692,
        "emission": 1.6464024491784956e-08
    },
    "DecisionTree": {
        "MSE": 194.70095211638005,
        "MAE": 9.13085349705068,
        "R2": -0.004584312782025979,
        "emission": 1.1571670678560236e-08
    },
    "ExtraTrees": {
        "MSE": 188.96708634441853,
        "MAE": 9.733986700646108,
        "R2": 0.025000296556028423,
        "emission": 6.050971451360459e-07
    },
    "RandomForest": {
        "MSE": 182.16161454427092,
        "MAE": 9.57973023008196,
        "R2": 0.06011399341880597,
        "emission": 1.892872125398168e-06
    },
    "KNeighbors": {
        "MSE": 208.41309295774644,
        "MAE": 9.727323943661972,
        "R2": -0.07533384653705655,
        "emission": 7.295316757712177e-09
    },
    "PLS": {
        "MSE": 220.9702989158566,
        "MAE": 10.769004524443663,
        "R2": -0.1401243469468858,
        "emission": 3.862075741109561e-07
    },
    "PLS-SKLEARN": {
        "MSE": 208.55406891566506,
        "MAE": 10.563353212604886,
        "R2": -0.07606122991276698,
        "emission": 9.118820367307282e-07
    },
    "XGBoost": {
        "MSE": 207.24429605663812,
        "MAE": 9.798999026147518,
        "R2": -0.06930329034861105,
        "emission": 1.7864220955573326e-06
    },
    "CatBoost": {
        "MSE": 188.68294501603944,
        "MAE": 9.610349362693873,
        "R2": 0.026466359859776634,
        "emission": 3.7583700273861667e-06
    },
    "DNN": {
        "MSE": 203.90409823394745,
        "MAE": 10.65667385333021,
        "R2": -0.052069115077305606,
        "emission": 1.5310701175352125e-05
    }
}