{
    "Linear-SVR": {
        "MSE": 467.7460102420959,
        "MAE": 10.767096240185092,
        "R2": -0.2403638745380583,
        "emission": 1.3043805490847e-08
    },
    "RBF-SVR": {
        "MSE": 473.29801802817246,
        "MAE": 10.689939040570492,
        "R2": -0.2550866294909848,
        "emission": 1.5805886963910778e-08
    },
    "DecisionTree": {
        "MSE": 476.2900841196302,
        "MAE": 11.650508193192074,
        "R2": -0.2630209583977212,
        "emission": 1.0276135216646332e-08
    },
    "ExtraTrees": {
        "MSE": 416.93959066308827,
        "MAE": 12.09415350457343,
        "R2": -0.10563595369955214,
        "emission": 6.004006644786636e-07
    },
    "RandomForest": {
        "MSE": 389.7180263829824,
        "MAE": 11.381469935221755,
        "R2": -0.03345010026173667,
        "emission": 1.9577291791295134e-06
    },
    "KNeighbors": {
        "MSE": 404.8801389671362,
        "MAE": 11.657089201877934,
        "R2": -0.07365682848445188,
        "emission": 6.8236487321891075e-09
    },
    "PLS": {
        "MSE": 392.25672235836225,
        "MAE": 11.500112448966457,
        "R2": -0.0401821871365482,
        "emission": 3.9425895885216397e-07
    },
    "PLS-SKLEARN": {
        "MSE": 392.25672235836225,
        "MAE": 11.500112448966457,
        "R2": -0.0401821871365482,
        "emission": 8.646797652334855e-07
    },
    "XGBoost": {
        "MSE": 418.57179377482674,
        "MAE": 12.873532370658497,
        "R2": -0.10996421247969912,
        "emission": 1.8831428196073311e-06
    },
    "CatBoost": {
        "MSE": 386.9745916503654,
        "MAE": 11.150321586368076,
        "R2": -0.026175089337047375,
        "emission": 3.7745323487806853e-06
    },
    "DNN": {
        "MSE": 394.50665016150134,
        "MAE": 11.903775576638505,
        "R2": -0.04614852165619099,
        "emission": 1.546664755859921e-05
    }
}