{
    "Linear-SVR": {
        "MSE": 634.6572164821729,
        "MAE": 13.289559572359007,
        "R2": -0.12965220772400188,
        "emission": 1.1519008629340602e-08
    },
    "RBF-SVR": {
        "MSE": 685.2200500602424,
        "MAE": 13.359533245197115,
        "R2": -0.21965105292243514,
        "emission": 1.7627903921003047e-08
    },
    "DecisionTree": {
        "MSE": 512.9213610749777,
        "MAE": 13.512690783320444,
        "R2": 0.0870303954963001,
        "emission": 9.503743009354496e-09
    },
    "ExtraTrees": {
        "MSE": 539.1353026223148,
        "MAE": 14.718412811215162,
        "R2": 0.04037113412961024,
        "emission": 6.127955923403351e-07
    },
    "RandomForest": {
        "MSE": 497.58313274371466,
        "MAE": 14.09978688799266,
        "R2": 0.1143315323100067,
        "emission": 1.8645559389494148e-06
    },
    "KNeighbors": {
        "MSE": 514.0382910798121,
        "MAE": 14.24995305164319,
        "R2": 0.08504232632594033,
        "emission": 8.616852801189212e-09
    },
    "PLS": {
        "MSE": 517.7061801751382,
        "MAE": 14.438232008644144,
        "R2": 0.0785137012561925,
        "emission": 3.7733355833270146e-07
    },
    "PLS-SKLEARN": {
        "MSE": 527.5481286760584,
        "MAE": 14.882505819507706,
        "R2": 0.06099561658995978,
        "emission": 9.142074938707349e-07
    },
    "XGBoost": {
        "MSE": 508.74207030982086,
        "MAE": 14.929237837438851,
        "R2": 0.09446928521026021,
        "emission": 1.827488025328252e-06
    },
    "CatBoost": {
        "MSE": 462.5100801019706,
        "MAE": 13.692970368573235,
        "R2": 0.1767594860453744,
        "emission": 3.836914681288253e-06
    },
    "DNN": {
        "MSE": 503.3536644554443,
        "MAE": 14.4394652854179,
        "R2": 0.10406032807785592,
        "emission": 1.6491431365232012e-05
    }
}