{
    "Linear-SVR": {
        "MSE": 416.4250549386552,
        "MAE": 11.486876008670576,
        "R2": -0.05794970212728412,
        "emission": 1.2809633512454929e-08
    },
    "RBF-SVR": {
        "MSE": 430.50486353330683,
        "MAE": 11.607447946955999,
        "R2": -0.09372019463743153,
        "emission": 1.6014006912604867e-08
    },
    "DecisionTree": {
        "MSE": 504.308761534478,
        "MAE": 13.351986804618383,
        "R2": -0.2812228700412296,
        "emission": 1.0732516748636082e-08
    },
    "ExtraTrees": {
        "MSE": 376.06215530096387,
        "MAE": 12.548239298181754,
        "R2": 0.044594362266198506,
        "emission": 6.270915276383645e-07
    },
    "RandomForest": {
        "MSE": 362.6964588789919,
        "MAE": 12.322465954428566,
        "R2": 0.07855061533178787,
        "emission": 1.9195725743031256e-06
    },
    "KNeighbors": {
        "MSE": 369.5482403755869,
        "MAE": 12.420657276995307,
        "R2": 0.06114330492287956,
        "emission": 9.074844603670015e-09
    },
    "PLS": {
        "MSE": 374.1509492511399,
        "MAE": 12.748087418683701,
        "R2": 0.04944988151782714,
        "emission": 3.8322834933152697e-07
    },
    "PLS-SKLEARN": {
        "MSE": 374.1509492511398,
        "MAE": 12.748087418683701,
        "R2": 0.049449881517827254,
        "emission": 8.152332038801139e-07
    },
    "XGBoost": {
        "MSE": 380.9895221399527,
        "MAE": 12.994581509098202,
        "R2": 0.03207612827005224,
        "emission": 1.9785071178864006e-06
    },
    "CatBoost": {
        "MSE": 373.9051103950996,
        "MAE": 12.413910527907246,
        "R2": 0.050074448030899776,
        "emission": 3.7738411604573936e-06
    },
    "DNN": {
        "MSE": 430.4379356198924,
        "MAE": 13.67559767513243,
        "R2": -0.09355016076165712,
        "emission": 1.678879044012913e-05
    }
}