{
    "Linear-SVR": {
        "MSE": 542.7725566158804,
        "MAE": 16.962947117271373,
        "R2": 0.11916944254592232,
        "emission": 1.074158376057827e-08
    },
    "RBF-SVR": {
        "MSE": 598.7072918740558,
        "MAE": 17.60387252266547,
        "R2": 0.028396570119042175,
        "emission": 1.8006667851562168e-08
    },
    "DecisionTree": {
        "MSE": 667.4927855460777,
        "MAE": 18.436232818598338,
        "R2": -0.08323096888853376,
        "emission": 9.576310591175509e-09
    },
    "ExtraTrees": {
        "MSE": 481.21088953380416,
        "MAE": 16.87192483955657,
        "R2": 0.21907389952841272,
        "emission": 6.145340002459899e-07
    },
    "RandomForest": {
        "MSE": 494.6179673319716,
        "MAE": 17.196609487648246,
        "R2": 0.19731641811774603,
        "emission": 1.8749852799793983e-06
    },
    "KNeighbors": {
        "MSE": 525.5770929577465,
        "MAE": 17.35211267605634,
        "R2": 0.14707485090722683,
        "emission": 8.723948915807285e-09
    },
    "PLS": {
        "MSE": 662.1753848632019,
        "MAE": 20.421012105457777,
        "R2": -0.07460170244789688,
        "emission": 3.815053894786925e-07
    },
    "PLS-SKLEARN": {
        "MSE": 660.0127395429976,
        "MAE": 20.428434147545104,
        "R2": -0.07109208491150554,
        "emission": 8.300910654566312e-07
    },
    "XGBoost": {
        "MSE": 585.2122505031995,
        "MAE": 18.330463632689398,
        "R2": 0.05029680193560693,
        "emission": 1.8053478516197926e-06
    },
    "CatBoost": {
        "MSE": 473.4563157994289,
        "MAE": 16.526461618101376,
        "R2": 0.23165829684550554,
        "emission": 3.745148331671588e-06
    },
    "DNN": {
        "MSE": 669.7080056023512,
        "MAE": 18.390948024434103,
        "R2": -0.08682590657148648,
        "emission": 1.6479821762911353e-05
    }
}