{
    "Linear-SVR": {
        "MSE": 542.7725566158804,
        "MAE": 16.962947117271373,
        "R2": 0.11916944254592232,
        "emission": 2.1945387772841345e-09
    },
    "RBF-SVR": {
        "MSE": 598.7072918740558,
        "MAE": 17.60387252266547,
        "R2": 0.028396570119042175,
        "emission": 3.383754299725574e-09
    },
    "DecisionTree": {
        "MSE": 667.4927855460777,
        "MAE": 18.436232818598338,
        "R2": -0.08323096888853376,
        "emission": 1.489195250299063e-09
    },
    "ExtraTrees": {
        "MSE": 481.21088953380416,
        "MAE": 16.87192483955657,
        "R2": 0.21907389952841272,
        "emission": 1.1807301187791332e-07
    },
    "RandomForest": {
        "MSE": 494.6179673319716,
        "MAE": 17.196609487648246,
        "R2": 0.19731641811774603,
        "emission": 3.3291876706794567e-07
    },
    "KNeighbors": {
        "MSE": 525.5770929577465,
        "MAE": 17.35211267605634,
        "R2": 0.14707485090722683,
        "emission": 3.040513972160162e-09
    },
    "PLS": {
        "MSE": 537.655268521777,
        "MAE": 17.81348013147961,
        "R2": 0.12747395917934556,
        "emission": 1.783334601933822e-08
    },
    "PLS-SKLEARN": {
        "MSE": 544.0000570029604,
        "MAE": 18.050451010094626,
        "R2": 0.11717741137734583,
        "emission": 4.114297583813387e-09
    },
    "XGBoost": {
        "MSE": 585.2122505031995,
        "MAE": 18.330463632689398,
        "R2": 0.05029680193560693,
        "emission": 6.790982786787352e-07
    },
    "CatBoost": {
        "MSE": 473.4563157994289,
        "MAE": 16.526461618101376,
        "R2": 0.23165829684550554,
        "emission": 2.277807058377437e-06
    },
    "DNN": {
        "MSE": 516.8863179491154,
        "MAE": 17.31208281651349,
        "R2": 0.16117854885999194,
        "emission": 4.228147297696958e-06
    }
}