{
    "Linear-SVR": {
        "MSE": 835.8381077534839,
        "MAE": 20.23126580449589,
        "R2": 0.0784411363117582,
        "emission": 2.182564109808104e-09
    },
    "RBF-SVR": {
        "MSE": 964.3317490214495,
        "MAE": 21.111091467081827,
        "R2": -0.06323038229887135,
        "emission": 3.39397028441782e-09
    },
    "DecisionTree": {
        "MSE": 800.5488417232807,
        "MAE": 19.616682334694328,
        "R2": 0.11734955123267454,
        "emission": 1.5628478730417196e-09
    },
    "ExtraTrees": {
        "MSE": 598.5899793234352,
        "MAE": 17.963697660984728,
        "R2": 0.3400206379162021,
        "emission": 1.2172048161129884e-07
    },
    "RandomForest": {
        "MSE": 618.5023450259794,
        "MAE": 18.331334790440835,
        "R2": 0.31806612670170076,
        "emission": 3.311182405630225e-07
    },
    "KNeighbors": {
        "MSE": 598.1599699530517,
        "MAE": 18.140281690140842,
        "R2": 0.34049474760690635,
        "emission": 3.718034529698529e-09
    },
    "PLS": {
        "MSE": 661.7460927601502,
        "MAE": 19.812684826841284,
        "R2": 0.2703874450839957,
        "emission": 1.808053808203748e-08
    },
    "PLS-SKLEARN": {
        "MSE": 657.0977116578596,
        "MAE": 19.967939955777624,
        "R2": 0.2755125485781764,
        "emission": 3.979566035480164e-09
    },
    "XGBoost": {
        "MSE": 555.1923583852539,
        "MAE": 17.881840540146886,
        "R2": 0.3878689734581833,
        "emission": 6.84307239096024e-07
    },
    "CatBoost": {
        "MSE": 504.19547466507333,
        "MAE": 16.637544062311424,
        "R2": 0.4440959267124752,
        "emission": 2.3068271631369513e-06
    },
    "DNN": {
        "MSE": 545.0900128724921,
        "MAE": 17.724092031357713,
        "R2": 0.3990073816797818,
        "emission": 4.233231200799714e-06
    }
}