{
    "Linear-SVR": {
        "MSE": 1269.5341232715525,
        "MAE": 24.764192195385785,
        "R2": 0.004584501598461466,
        "emission": 9.55309441495392e-09
    },
    "RBF-SVR": {
        "MSE": 1459.1814660997018,
        "MAE": 25.66961516982996,
        "R2": -0.14411406492398404,
        "emission": 1.638437740883978e-08
    },
    "DecisionTree": {
        "MSE": 1199.3563344069544,
        "MAE": 25.750194070861802,
        "R2": 0.059609457130460064,
        "emission": 1.2062337903589057e-08
    },
    "ExtraTrees": {
        "MSE": 909.5027343018884,
        "MAE": 24.62378853667604,
        "R2": 0.286877681373653,
        "emission": 6.220048239906228e-07
    },
    "RandomForest": {
        "MSE": 920.3237938512281,
        "MAE": 24.487636149588607,
        "R2": 0.2783931119657973,
        "emission": 1.8214413262655214e-06
    },
    "KNeighbors": {
        "MSE": 921.9721633802816,
        "MAE": 22.516338028169013,
        "R2": 0.2771006594462191,
        "emission": 9.588010727423178e-09
    },
    "PLS": {
        "MSE": 968.1346371772299,
        "MAE": 25.804962045926363,
        "R2": 0.24090561669807842,
        "emission": 3.7980719020240253e-07
    },
    "PLS-SKLEARN": {
        "MSE": 1033.4999225828371,
        "MAE": 26.574669747927366,
        "R2": 0.18965404578125333,
        "emission": 8.178755853492741e-07
    },
    "XGBoost": {
        "MSE": 899.3105924851221,
        "MAE": 22.848130241386208,
        "R2": 0.29486912937047494,
        "emission": 1.987512428134969e-06
    },
    "CatBoost": {
        "MSE": 832.9151384979006,
        "MAE": 22.315987079811475,
        "R2": 0.34692843420583597,
        "emission": 3.726261758892425e-06
    },
    "DNN": {
        "MSE": 876.2160320268496,
        "MAE": 22.7615025383276,
        "R2": 0.31297709747273794,
        "emission": 1.6819421568024402e-05
    }
}