{
    "Linear-SVR": {
        "MSE": 941.5114956689583,
        "MAE": 18.630353359297132,
        "R2": 0.04353102754562843,
        "emission": 2.157172631195927e-09
    },
    "RBF-SVR": {
        "MSE": 1093.612798614079,
        "MAE": 19.1569708021836,
        "R2": -0.11098665769359939,
        "emission": 3.43243159119846e-09
    },
    "DecisionTree": {
        "MSE": 1329.4529177716383,
        "MAE": 22.62224738819399,
        "R2": -0.35057348958233137,
        "emission": 1.473495125157786e-09
    },
    "ExtraTrees": {
        "MSE": 714.5237816104475,
        "MAE": 18.725179256856986,
        "R2": 0.2741248191498966,
        "emission": 1.1880945518214349e-07
    },
    "RandomForest": {
        "MSE": 690.438708330182,
        "MAE": 19.17680339783244,
        "R2": 0.29859252389682145,
        "emission": 3.3061607092708107e-07
    },
    "KNeighbors": {
        "MSE": 688.9455230046949,
        "MAE": 18.08779342723005,
        "R2": 0.30010943095586684,
        "emission": 3.946326918361993e-09
    },
    "PLS": {
        "MSE": 739.3827274585872,
        "MAE": 20.898696081003326,
        "R2": 0.24887094758163142,
        "emission": 1.760959880338616e-08
    },
    "PLS-SKLEARN": {
        "MSE": 735.4494459134195,
        "MAE": 20.51347963556136,
        "R2": 0.25286671584913123,
        "emission": 3.899822500205889e-09
    },
    "XGBoost": {
        "MSE": 703.8642976474175,
        "MAE": 19.201406840165035,
        "R2": 0.28495364675307855,
        "emission": 6.935320161199729e-07
    },
    "CatBoost": {
        "MSE": 584.4633329343891,
        "MAE": 17.43215892036878,
        "R2": 0.40625149447397946,
        "emission": 2.2650712036815206e-06
    },
    "DNN": {
        "MSE": 714.7683322758851,
        "MAE": 18.968639015025094,
        "R2": 0.2738763833902057,
        "emission": 4.406171370324701e-06
    }
}