{
    "Linear-SVR": {
        "MSE": 941.5114956689583,
        "MAE": 18.630353359297132,
        "R2": 0.04353102754562843,
        "emission": 1.013733089913729e-08
    },
    "RBF-SVR": {
        "MSE": 1093.612798614079,
        "MAE": 19.1569708021836,
        "R2": -0.11098665769359939,
        "emission": 1.496549147849868e-08
    },
    "DecisionTree": {
        "MSE": 1329.4529177716383,
        "MAE": 22.62224738819399,
        "R2": -0.35057348958233137,
        "emission": 1.1278745235698418e-08
    },
    "ExtraTrees": {
        "MSE": 714.5237816104475,
        "MAE": 18.725179256856986,
        "R2": 0.2741248191498966,
        "emission": 6.009303016514623e-07
    },
    "RandomForest": {
        "MSE": 690.438708330182,
        "MAE": 19.17680339783244,
        "R2": 0.29859252389682145,
        "emission": 1.7707314151892252e-06
    },
    "KNeighbors": {
        "MSE": 688.9455230046949,
        "MAE": 18.08779342723005,
        "R2": 0.30010943095586684,
        "emission": 9.194394276358966e-09
    },
    "PLS": {
        "MSE": 741.1354729148563,
        "MAE": 20.847411829166326,
        "R2": 0.24709035684721814,
        "emission": 3.8125870189939564e-07
    },
    "PLS-SKLEARN": {
        "MSE": 716.4680010977249,
        "MAE": 20.316564641380936,
        "R2": 0.27214971250087927,
        "emission": 8.895808748424826e-07
    },
    "XGBoost": {
        "MSE": 703.8642976474175,
        "MAE": 19.201406840165035,
        "R2": 0.28495364675307855,
        "emission": 1.898909222902871e-06
    },
    "CatBoost": {
        "MSE": 584.4633329343891,
        "MAE": 17.43215892036878,
        "R2": 0.40625149447397946,
        "emission": 3.696831708468891e-06
    },
    "DNN": {
        "MSE": 605.5312481323424,
        "MAE": 17.75881759459634,
        "R2": 0.38484888038606024,
        "emission": 1.6541123491657584e-05
    }
}