{
    "Linear-SVR": {
        "MSE": 716.5305461221262,
        "MAE": 15.096026089583356,
        "R2": -0.03394793490956438,
        "emission": 1.3301740228077963e-08
    },
    "RBF-SVR": {
        "MSE": 806.0017893838829,
        "MAE": 15.467073072174827,
        "R2": -0.16305423429197385,
        "emission": 1.523137943272316e-08
    },
    "DecisionTree": {
        "MSE": 711.9313689281622,
        "MAE": 15.116727605934221,
        "R2": -0.027311358440189837,
        "emission": 8.766013878161462e-09
    },
    "ExtraTrees": {
        "MSE": 514.545832013568,
        "MAE": 15.49020404399274,
        "R2": 0.25751441678792664,
        "emission": 6.190518062419577e-07
    },
    "RandomForest": {
        "MSE": 545.6391636477967,
        "MAE": 16.1713010251672,
        "R2": 0.21264698411996963,
        "emission": 1.8493548155227296e-06
    },
    "KNeighbors": {
        "MSE": 512.0068920187794,
        "MAE": 15.09032863849765,
        "R2": 0.2611780872046009,
        "emission": 1.774059156318906e-08
    },
    "PLS": {
        "MSE": 577.6971928291465,
        "MAE": 18.06427354095803,
        "R2": 0.1663875004891382,
        "emission": 3.9150054058871165e-07
    },
    "PLS-SKLEARN": {
        "MSE": 574.2910617778338,
        "MAE": 17.861624458844094,
        "R2": 0.17130252077068242,
        "emission": 8.947924222416651e-07
    },
    "XGBoost": {
        "MSE": 557.9693235178464,
        "MAE": 16.513190874632254,
        "R2": 0.19485466053552636,
        "emission": 2.142124611884476e-06
    },
    "CatBoost": {
        "MSE": 461.20666586269556,
        "MAE": 14.787504378522131,
        "R2": 0.33448241346296703,
        "emission": 3.741557651003706e-06
    },
    "DNN": {
        "MSE": 526.2109672186198,
        "MAE": 15.840700110905047,
        "R2": 0.24068171855757314,
        "emission": 1.6464964050420203e-05
    }
}