{
    "Linear-SVR": {
        "MSE": 651.5176493667744,
        "MAE": 13.295207724919425,
        "R2": -0.13260694117528948,
        "emission": 1.663666736517955e-08
    },
    "RBF-SVR": {
        "MSE": 674.2048944752563,
        "MAE": 13.043332794857463,
        "R2": -0.17204674961483968,
        "emission": 1.471519229558346e-08
    },
    "DecisionTree": {
        "MSE": 762.5312183803703,
        "MAE": 15.663269418176856,
        "R2": -0.3255944050630988,
        "emission": 8.92053062757101e-09
    },
    "ExtraTrees": {
        "MSE": 484.03083618750253,
        "MAE": 14.838220997922246,
        "R2": 0.15855436097292253,
        "emission": 6.016103081562314e-07
    },
    "RandomForest": {
        "MSE": 462.18091506929795,
        "MAE": 14.901002214929,
        "R2": 0.19653855425865108,
        "emission": 1.902545165454565e-06
    },
    "KNeighbors": {
        "MSE": 522.5407455399061,
        "MAE": 14.085164319248825,
        "R2": 0.09160822270797242,
        "emission": 8.015846289003128e-09
    },
    "PLS": {
        "MSE": 635.0956220743831,
        "MAE": 18.076322715251017,
        "R2": -0.10405867066011631,
        "emission": 3.8457748159396204e-07
    },
    "PLS-SKLEARN": {
        "MSE": 635.6382212624952,
        "MAE": 18.308977976596037,
        "R2": -0.10500193230057842,
        "emission": 8.5570264626114e-07
    },
    "XGBoost": {
        "MSE": 497.1023847422305,
        "MAE": 15.015968357131515,
        "R2": 0.13583060722751916,
        "emission": 1.7014516921081386e-06
    },
    "CatBoost": {
        "MSE": 438.65062765455514,
        "MAE": 13.872357370937129,
        "R2": 0.2374439186485331,
        "emission": 3.7912163762181804e-06
    },
    "DNN": {
        "MSE": 525.5631124512734,
        "MAE": 15.161705486791234,
        "R2": 0.08635409989806819,
        "emission": 1.6903419702588703e-05
    }
}