{
    "Linear-SVR": {
        "MSE": 233.9402023946351,
        "MAE": 5.15938001913817,
        "R2": -0.10222831771863317,
        "emission": 3.0367342728345795e-09
    },
    "RBF-SVR": {
        "MSE": 232.33038952795863,
        "MAE": 5.1884687526629,
        "R2": -0.09464355328004648,
        "emission": 2.895110800363597e-09
    },
    "DecisionTree": {
        "MSE": 227.1458938879011,
        "MAE": 7.744786112350321,
        "R2": -0.07021637980124273,
        "emission": 1.7002694123378054e-09
    },
    "ExtraTrees": {
        "MSE": 176.84938183358562,
        "MAE": 7.541114964904307,
        "R2": 0.16675973333053962,
        "emission": 1.2019404829602212e-07
    },
    "RandomForest": {
        "MSE": 177.4289132608696,
        "MAE": 7.537397300030444,
        "R2": 0.1640292238087827,
        "emission": 3.428319879374542e-07
    },
    "KNeighbors": {
        "MSE": 190.39535211267608,
        "MAE": 6.863380281690142,
        "R2": 0.10293679105830156,
        "emission": 3.3736807917626184e-09
    },
    "PLS": {
        "MSE": 204.3258068601888,
        "MAE": 7.815575033789839,
        "R2": 0.037302318897313946,
        "emission": 1.9126582563570015e-08
    },
    "PLS-SKLEARN": {
        "MSE": 204.32580686018875,
        "MAE": 7.815575033789841,
        "R2": 0.03730231889731428,
        "emission": 4.2147178577943445e-09
    },
    "XGBoost": {
        "MSE": 196.40570207903363,
        "MAE": 8.260167815567742,
        "R2": 0.07461853765633542,
        "emission": 7.029334573316433e-07
    },
    "CatBoost": {
        "MSE": 191.19301827469698,
        "MAE": 7.767712619802591,
        "R2": 0.09917852196703081,
        "emission": 2.3000184083386136e-06
    },
    "DNN": {
        "MSE": 213.79061866145304,
        "MAE": 7.215991554237868,
        "R2": -0.0072919128014024,
        "emission": 4.334572873437386e-06
    }
}