{
    "Linear-SVR": {
        "MSE": 485.92232353497525,
        "MAE": 8.162265535856609,
        "R2": -0.11387403402568275,
        "emission": 1.3326098855937425e-08
    },
    "RBF-SVR": {
        "MSE": 486.2866737005695,
        "MAE": 8.104700639918656,
        "R2": -0.11470922963018992,
        "emission": 1.4998596254756654e-08
    },
    "DecisionTree": {
        "MSE": 371.93531156265624,
        "MAE": 9.958615867288957,
        "R2": 0.14741705449332831,
        "emission": 1.1237586362792592e-08
    },
    "ExtraTrees": {
        "MSE": 305.9753842361107,
        "MAE": 10.109186437459972,
        "R2": 0.29861622106129926,
        "emission": 6.531811381013762e-07
    },
    "RandomForest": {
        "MSE": 324.87870205787993,
        "MAE": 10.48069690978193,
        "R2": 0.255284367679,
        "emission": 2.0050954883997837e-06
    },
    "KNeighbors": {
        "MSE": 301.5368694835681,
        "MAE": 9.361220657276995,
        "R2": 0.30879057628855244,
        "emission": 8.636989499741473e-09
    },
    "PLS": {
        "MSE": 421.7266475471628,
        "MAE": 14.128541885827675,
        "R2": 0.033280959923475684,
        "emission": 3.628924726299363e-07
    },
    "PLS-SKLEARN": {
        "MSE": 417.4839121845994,
        "MAE": 14.017581330734806,
        "R2": 0.04300653235493401,
        "emission": 9.207211245746654e-07
    },
    "XGBoost": {
        "MSE": 305.55152547635623,
        "MAE": 10.476689161017466,
        "R2": 0.2995878275171422,
        "emission": 1.64093730929613e-06
    },
    "CatBoost": {
        "MSE": 274.8107266711508,
        "MAE": 9.568238850634472,
        "R2": 0.37005459950083663,
        "emission": 3.7034984063001712e-06
    },
    "DNN": {
        "MSE": 298.1754739834163,
        "MAE": 9.799329706003775,
        "R2": 0.3164958637066564,
        "emission": 1.539272823872215e-05
    }
}