{
    "Linear-SVR": {
        "MSE": 329.45927110583847,
        "MAE": 10.80622125306055,
        "R2": 0.045596645146779524,
        "emission": 1.1883785608940097e-08
    },
    "RBF-SVR": {
        "MSE": 350.1271334248407,
        "MAE": 11.146093806106988,
        "R2": -0.014275633052255987,
        "emission": 1.6259930451104028e-08
    },
    "DecisionTree": {
        "MSE": 323.5113269501467,
        "MAE": 11.690385605370283,
        "R2": 0.06282711444763622,
        "emission": 1.0667697112329143e-08
    },
    "ExtraTrees": {
        "MSE": 294.99042278096124,
        "MAE": 11.462264765837595,
        "R2": 0.14544869778068892,
        "emission": 6.148547232881009e-07
    },
    "RandomForest": {
        "MSE": 298.78747064720847,
        "MAE": 11.510403601486427,
        "R2": 0.13444911288535155,
        "emission": 1.8162102138935784e-06
    },
    "KNeighbors": {
        "MSE": 294.11938028169016,
        "MAE": 11.129765258215961,
        "R2": 0.14797200174094394,
        "emission": 8.274325791968139e-09
    },
    "PLS": {
        "MSE": 304.9822393776068,
        "MAE": 12.231394871916722,
        "R2": 0.11650362287383309,
        "emission": 3.545385885600113e-07
    },
    "PLS-SKLEARN": {
        "MSE": 311.48518094582244,
        "MAE": 12.11088666980788,
        "R2": 0.09766539371036942,
        "emission": 7.766254652024456e-07
    },
    "XGBoost": {
        "MSE": 301.6656618526015,
        "MAE": 11.823052019554195,
        "R2": 0.1261113437489243,
        "emission": 1.6690440873172382e-06
    },
    "CatBoost": {
        "MSE": 302.2620290910659,
        "MAE": 11.61949512675833,
        "R2": 0.12438374054260204,
        "emission": 3.717696991242585e-06
    },
    "DNN": {
        "MSE": 323.68443455419737,
        "MAE": 12.419414383363625,
        "R2": 0.06232564281655428,
        "emission": 1.587547872753889e-05
    }
}