{
    "Linear-SVR": {
        "MSE": 329.45927110583847,
        "MAE": 10.80622125306055,
        "R2": 0.045596645146779524,
        "emission": 2.355067241866432e-09
    },
    "RBF-SVR": {
        "MSE": 350.1271334248407,
        "MAE": 11.146093806106988,
        "R2": -0.014275633052255987,
        "emission": 3.275485129670105e-09
    },
    "DecisionTree": {
        "MSE": 323.5113269501467,
        "MAE": 11.690385605370283,
        "R2": 0.06282711444763622,
        "emission": 1.4954012788079944e-09
    },
    "ExtraTrees": {
        "MSE": 294.99042278096124,
        "MAE": 11.462264765837595,
        "R2": 0.14544869778068892,
        "emission": 1.1875370423537397e-07
    },
    "RandomForest": {
        "MSE": 298.78747064720847,
        "MAE": 11.510403601486427,
        "R2": 0.13444911288535155,
        "emission": 3.425060806317097e-07
    },
    "KNeighbors": {
        "MSE": 294.11938028169016,
        "MAE": 11.129765258215961,
        "R2": 0.14797200174094394,
        "emission": 4.718806812006004e-09
    },
    "PLS": {
        "MSE": 304.9822393776068,
        "MAE": 12.231394871916722,
        "R2": 0.11650362287383309,
        "emission": 1.778176737214083e-08
    },
    "PLS-SKLEARN": {
        "MSE": 311.4851809458224,
        "MAE": 12.110886669807883,
        "R2": 0.09766539371036964,
        "emission": 4.096190690190362e-09
    },
    "XGBoost": {
        "MSE": 301.6656618526015,
        "MAE": 11.823052019554195,
        "R2": 0.1261113437489243,
        "emission": 6.891064993062675e-07
    },
    "CatBoost": {
        "MSE": 302.2620290910659,
        "MAE": 11.61949512675833,
        "R2": 0.12438374054260204,
        "emission": 2.271304607756342e-06
    },
    "DNN": {
        "MSE": 300.40587262522746,
        "MAE": 11.936717742380681,
        "R2": 0.1297607996011696,
        "emission": 4.509949332494403e-06
    }
}