{
    "Linear-SVR": {
        "MSE": 734.2016818319688,
        "MAE": 15.447764829839004,
        "R2": -0.012496678123990579,
        "emission": 2.2344437170893243e-09
    },
    "RBF-SVR": {
        "MSE": 861.7705648091022,
        "MAE": 15.919380271988713,
        "R2": -0.18841982491391596,
        "emission": 3.0860323505424566e-09
    },
    "DecisionTree": {
        "MSE": 728.0984504712986,
        "MAE": 16.79680629319757,
        "R2": -0.004080051423978492,
        "emission": 1.5214173915115366e-09
    },
    "ExtraTrees": {
        "MSE": 539.9319348023122,
        "MAE": 16.64229524622201,
        "R2": 0.2554099181081494,
        "emission": 1.1762399479697239e-07
    },
    "RandomForest": {
        "MSE": 561.9283831527605,
        "MAE": 17.120215310364397,
        "R2": 0.22507584037928374,
        "emission": 3.2943900602911825e-07
    },
    "KNeighbors": {
        "MSE": 632.473076056338,
        "MAE": 16.9475117370892,
        "R2": 0.12779158049318873,
        "emission": 5.7460587599859364e-09
    },
    "PLS": {
        "MSE": 642.946642563901,
        "MAE": 18.78561435691185,
        "R2": 0.11334806781890805,
        "emission": 1.7914384827073814e-08
    },
    "PLS-SKLEARN": {
        "MSE": 628.2017180784292,
        "MAE": 18.61980765913139,
        "R2": 0.13368197256219094,
        "emission": 4.0028823260202715e-09
    },
    "XGBoost": {
        "MSE": 667.979127905742,
        "MAE": 17.738269169201875,
        "R2": 0.0788271604429398,
        "emission": 7.434463258497907e-07
    },
    "CatBoost": {
        "MSE": 514.56042605217,
        "MAE": 16.312578920125986,
        "R2": 0.2903983537984831,
        "emission": 2.258361860122145e-06
    },
    "DNN": {
        "MSE": 601.1594702358984,
        "MAE": 17.12849571456512,
        "R2": 0.17097443155145586,
        "emission": 4.297167977839989e-06
    }
}