{
    "Linear-SVR": {
        "MSE": 802.5251061911066,
        "MAE": 18.15975619996919,
        "R2": -0.053372031464021585,
        "emission": 2.1661392916999096e-09
    },
    "RBF-SVR": {
        "MSE": 881.7217406383975,
        "MAE": 18.800053936218237,
        "R2": -0.15732332104896152,
        "emission": 3.3350353706670657e-09
    },
    "DecisionTree": {
        "MSE": 843.4220193640502,
        "MAE": 19.996354785469908,
        "R2": -0.1070521770161692,
        "emission": 1.5426424845757605e-09
    },
    "ExtraTrees": {
        "MSE": 616.5771671552872,
        "MAE": 17.928951099994023,
        "R2": 0.1906980378430262,
        "emission": 1.1816617732295273e-07
    },
    "RandomForest": {
        "MSE": 615.8784032977757,
        "MAE": 17.823919161284792,
        "R2": 0.1916152157586105,
        "emission": 3.449020329883369e-07
    },
    "KNeighbors": {
        "MSE": 673.8742685446009,
        "MAE": 17.066666666666666,
        "R2": 0.11549146346691064,
        "emission": 4.5358362053622496e-09
    },
    "PLS": {
        "MSE": 647.3451988390725,
        "MAE": 19.367296494593315,
        "R2": 0.15031277912791685,
        "emission": 1.758433624134087e-08
    },
    "PLS-SKLEARN": {
        "MSE": 658.1634472184589,
        "MAE": 19.05675641101661,
        "R2": 0.13611304857199458,
        "emission": 3.892017129206379e-09
    },
    "XGBoost": {
        "MSE": 601.4403021461003,
        "MAE": 17.675849944758863,
        "R2": 0.21056626392307964,
        "emission": 6.871225957753578e-07
    },
    "CatBoost": {
        "MSE": 543.5602799390583,
        "MAE": 16.23533473894063,
        "R2": 0.286537963877468,
        "emission": 2.255203116347936e-06
    },
    "DNN": {
        "MSE": 603.7749121291523,
        "MAE": 16.86653261351893,
        "R2": 0.2075019200894076,
        "emission": 4.134133304775702e-06
    }
}