{
    "Linear-SVR": {
        "MSE": 884.5930115703701,
        "MAE": 15.807331713733177,
        "R2": -0.13804129592994197,
        "emission": 1.2086025175657482e-08
    },
    "RBF-SVR": {
        "MSE": 963.7521633887519,
        "MAE": 15.874529721884636,
        "R2": -0.23988065317308904,
        "emission": 1.8409569064785582e-08
    },
    "DecisionTree": {
        "MSE": 868.5816432360028,
        "MAE": 17.793099947434804,
        "R2": -0.11744244636803192,
        "emission": 1.083784466960997e-08
    },
    "ExtraTrees": {
        "MSE": 602.5570597393731,
        "MAE": 16.605015468634537,
        "R2": 0.22480190531894007,
        "emission": 6.179783945719575e-07
    },
    "RandomForest": {
        "MSE": 583.9857389342782,
        "MAE": 16.76203247391423,
        "R2": 0.24869416958026558,
        "emission": 1.8791064048882628e-06
    },
    "KNeighbors": {
        "MSE": 581.1243004694835,
        "MAE": 14.985727699530516,
        "R2": 0.2523754502326162,
        "emission": 8.29811130580302e-09
    },
    "PLS": {
        "MSE": 572.9880438039219,
        "MAE": 17.23787494089302,
        "R2": 0.26284285836108057,
        "emission": 4.0516391250088215e-07
    },
    "PLS-SKLEARN": {
        "MSE": 577.5005464982623,
        "MAE": 17.474912309944823,
        "R2": 0.2570374604583343,
        "emission": 9.855256576232008e-07
    },
    "XGBoost": {
        "MSE": 579.0681012118423,
        "MAE": 16.32159557869667,
        "R2": 0.2550207793695739,
        "emission": 1.794294062933672e-06
    },
    "CatBoost": {
        "MSE": 494.78587809493496,
        "MAE": 14.60101663456646,
        "R2": 0.3634510395742595,
        "emission": 3.7979057550637014e-06
    },
    "DNN": {
        "MSE": 579.1963262128592,
        "MAE": 17.08363746298311,
        "R2": 0.2548558161102906,
        "emission": 1.6349651741744153e-05
    }
}