{
    "Linear-SVR": {
        "MSE": 252.94968942924623,
        "MAE": 8.207082200884809,
        "R2": -0.15915542525333426,
        "emission": 2.4264765482279477e-09
    },
    "RBF-SVR": {
        "MSE": 265.83553473290476,
        "MAE": 8.092855460641374,
        "R2": -0.2182054977259038,
        "emission": 3.517841175611494e-09
    },
    "DecisionTree": {
        "MSE": 260.2578285340954,
        "MAE": 9.019113944822674,
        "R2": -0.19264536197160598,
        "emission": 1.5308609025677637e-09
    },
    "ExtraTrees": {
        "MSE": 231.60559760664304,
        "MAE": 9.496593144910632,
        "R2": -0.061344987576571475,
        "emission": 1.1595072810884528e-07
    },
    "RandomForest": {
        "MSE": 250.32838471529388,
        "MAE": 9.827523213085374,
        "R2": -0.14714315677703738,
        "emission": 3.4680423753399617e-07
    },
    "KNeighbors": {
        "MSE": 258.5401502347418,
        "MAE": 9.504600938967139,
        "R2": -0.18477400967214974,
        "emission": 4.6996408429801015e-09
    },
    "PLS": {
        "MSE": 264.43503377110954,
        "MAE": 11.102846512885792,
        "R2": -0.2117876274703583,
        "emission": 1.9054719421467852e-08
    },
    "PLS-SKLEARN": {
        "MSE": 252.40164765714758,
        "MAE": 10.8506527600318,
        "R2": -0.15664399464107692,
        "emission": 4.167105374424705e-09
    },
    "XGBoost": {
        "MSE": 248.47204617830587,
        "MAE": 9.879638076661058,
        "R2": -0.13863638655284083,
        "emission": 7.009503757985626e-07
    },
    "CatBoost": {
        "MSE": 217.72301021930852,
        "MAE": 9.352399595223892,
        "R2": 0.0022727085862204177,
        "emission": 2.260934572833773e-06
    },
    "DNN": {
        "MSE": 230.92665621215542,
        "MAE": 8.697679161913518,
        "R2": -0.058233702472307414,
        "emission": 4.042754087170856e-06
    }
}