{
    "Linear-SVR": {
        "MSE": 519.1654730995056,
        "MAE": 13.227825906295674,
        "R2": -0.16619998382647494,
        "emission": 9.986432498791e-09
    },
    "RBF-SVR": {
        "MSE": 542.2413051251813,
        "MAE": 13.21297593059561,
        "R2": -0.21803516226093822,
        "emission": 1.5658350727917827e-08
    },
    "DecisionTree": {
        "MSE": 497.0148614754912,
        "MAE": 14.565466227315586,
        "R2": -0.1164431254524958,
        "emission": 8.69164396309349e-09
    },
    "ExtraTrees": {
        "MSE": 369.42226516781705,
        "MAE": 13.322493413500068,
        "R2": 0.1701677750413979,
        "emission": 6.032928871690119e-07
    },
    "RandomForest": {
        "MSE": 390.6424341633183,
        "MAE": 13.74105994945971,
        "R2": 0.12250096740181216,
        "emission": 1.776430232752775e-06
    },
    "KNeighbors": {
        "MSE": 388.45757370892017,
        "MAE": 13.698967136150234,
        "R2": 0.1274088134713327,
        "emission": 9.456356416946624e-09
    },
    "PLS": {
        "MSE": 481.75497412504365,
        "MAE": 16.587100424201463,
        "R2": -0.08216488218828144,
        "emission": 3.839770541096659e-07
    },
    "PLS-SKLEARN": {
        "MSE": 471.5900375340322,
        "MAE": 16.31858449908157,
        "R2": -0.059331412895220925,
        "emission": 8.754176441610479e-07
    },
    "XGBoost": {
        "MSE": 405.2213403991495,
        "MAE": 13.838604076759356,
        "R2": 0.0897524101548719,
        "emission": 1.8791646032696715e-06
    },
    "CatBoost": {
        "MSE": 381.19304447515896,
        "MAE": 13.42142958958197,
        "R2": 0.14372710564192082,
        "emission": 3.737446564177657e-06
    },
    "DNN": {
        "MSE": 423.1794056006108,
        "MAE": 13.744030993683658,
        "R2": 0.04941325735553892,
        "emission": 1.584560967840046e-05
    }
}