{
    "Linear-SVR": {
        "MSE": 477.60611174406915,
        "MAE": 14.36894378731263,
        "R2": -0.140809079448446,
        "emission": 2.3418979845225265e-09
    },
    "RBF-SVR": {
        "MSE": 541.0597947417415,
        "MAE": 14.470317609248426,
        "R2": -0.29237442986627826,
        "emission": 3.2202730137413624e-09
    },
    "DecisionTree": {
        "MSE": 522.8923127231786,
        "MAE": 16.342959845064424,
        "R2": -0.2489796157551074,
        "emission": 1.5000859889542992e-09
    },
    "ExtraTrees": {
        "MSE": 377.91581530307263,
        "MAE": 14.408198710609925,
        "R2": 0.09731097914439335,
        "emission": 1.197339487825453e-07
    },
    "RandomForest": {
        "MSE": 387.59895129705956,
        "MAE": 14.560328103808452,
        "R2": 0.07418185833156377,
        "emission": 3.286749108168419e-07
    },
    "KNeighbors": {
        "MSE": 386.3871906103286,
        "MAE": 14.02788732394366,
        "R2": 0.07707626767756925,
        "emission": 3.7951946163552e-09
    },
    "PLS": {
        "MSE": 429.901384111706,
        "MAE": 14.889344056048223,
        "R2": -0.026861654829270165,
        "emission": 1.8246245101027878e-08
    },
    "PLS-SKLEARN": {
        "MSE": 432.4037799567946,
        "MAE": 15.107552288898463,
        "R2": -0.0328388729390352,
        "emission": 4.170475584549612e-09
    },
    "XGBoost": {
        "MSE": 376.9283742573426,
        "MAE": 14.525229113237678,
        "R2": 0.09966957900877804,
        "emission": 7.161260452259631e-07
    },
    "CatBoost": {
        "MSE": 369.36878534845454,
        "MAE": 14.507676997016516,
        "R2": 0.11772639916265948,
        "emission": 2.2856687050928554e-06
    },
    "DNN": {
        "MSE": 448.3226567276618,
        "MAE": 15.186957030299125,
        "R2": -0.07086267269425628,
        "emission": 4.468456247248605e-06
    }
}