{
    "Linear-SVR": {
        "MSE": 711.9238098520791,
        "MAE": 16.39619463915141,
        "R2": -0.3458453123426506,
        "emission": 1.1886843987445492e-08
    },
    "RBF-SVR": {
        "MSE": 753.5531504022878,
        "MAE": 16.37895772795613,
        "R2": -0.424542852809874,
        "emission": 1.7303343699567442e-08
    },
    "DecisionTree": {
        "MSE": 822.2820199595571,
        "MAE": 18.82270552827118,
        "R2": -0.554470277115966,
        "emission": 1.0914557171170104e-08
    },
    "ExtraTrees": {
        "MSE": 550.5588132249984,
        "MAE": 16.72865877898673,
        "R2": -0.04079535997223105,
        "emission": 5.880800676897213e-07
    },
    "RandomForest": {
        "MSE": 523.4874233987858,
        "MAE": 16.389594563880717,
        "R2": 0.010381328589117556,
        "emission": 1.7954940203872782e-06
    },
    "KNeighbors": {
        "MSE": 548.4234854460094,
        "MAE": 16.944413145539905,
        "R2": -0.03675866272752959,
        "emission": 7.213913200169679e-09
    },
    "PLS": {
        "MSE": 672.4677548970423,
        "MAE": 18.931178224414175,
        "R2": -0.2712562258843627,
        "emission": 3.743788880063137e-07
    },
    "PLS-SKLEARN": {
        "MSE": 647.1525365874546,
        "MAE": 18.74594575346394,
        "R2": -0.22339946449866277,
        "emission": 8.484787565946722e-07
    },
    "XGBoost": {
        "MSE": 595.1035556925815,
        "MAE": 17.657678017775776,
        "R2": -0.12500427672690972,
        "emission": 1.6337970476377045e-06
    },
    "CatBoost": {
        "MSE": 544.8995754024747,
        "MAE": 16.65688142204223,
        "R2": -0.03009694170123911,
        "emission": 3.689188813635029e-06
    },
    "DNN": {
        "MSE": 547.3154777097429,
        "MAE": 17.54849984889299,
        "R2": -0.034664046706464724,
        "emission": 1.5651101943508675e-05
    }
}