{
    "Linear-SVR": {
        "MSE": 258.47215066786214,
        "MAE": 6.009952519807453,
        "R2": -0.12501590572951193,
        "emission": 1.2518977399340645e-08
    },
    "RBF-SVR": {
        "MSE": 258.00414416639893,
        "MAE": 5.989624028407515,
        "R2": -0.12297887869673318,
        "emission": 1.4823976082818279e-08
    },
    "DecisionTree": {
        "MSE": 514.9889026368008,
        "MAE": 10.839937498679571,
        "R2": -1.2415208185623134,
        "emission": 1.1425059261751506e-08
    },
    "ExtraTrees": {
        "MSE": 248.34483296749846,
        "MAE": 9.133443471629798,
        "R2": -0.08093613363087027,
        "emission": 6.230043006571416e-07
    },
    "RandomForest": {
        "MSE": 254.65044625434885,
        "MAE": 9.432156712146684,
        "R2": -0.10838170262062863,
        "emission": 1.9581332988157417e-06
    },
    "KNeighbors": {
        "MSE": 275.40904976525826,
        "MAE": 9.251737089201878,
        "R2": -0.19873479896064872,
        "emission": 6.963828836872803e-09
    },
    "PLS": {
        "MSE": 261.09246237568806,
        "MAE": 9.705403152422935,
        "R2": -0.1364209733225057,
        "emission": 3.7572534255645325e-07
    },
    "PLS-SKLEARN": {
        "MSE": 252.1923428558356,
        "MAE": 9.590705325535392,
        "R2": -0.0976826566533564,
        "emission": 9.200093676661482e-07
    },
    "XGBoost": {
        "MSE": 289.6215360551789,
        "MAE": 9.729304831158675,
        "R2": -0.26059551817085747,
        "emission": 1.8171658548773734e-06
    },
    "CatBoost": {
        "MSE": 230.172961099841,
        "MAE": 8.76868940729292,
        "R2": -0.0018419455910010374,
        "emission": 3.7607635948732142e-06
    },
    "DNN": {
        "MSE": 275.48514291500095,
        "MAE": 9.683135756612383,
        "R2": -0.19906599906695188,
        "emission": 1.547742664380539e-05
    }
}