{
    "Linear-SVR": {
        "MSE": 632.7086763179881,
        "MAE": 13.533345680041757,
        "R2": -0.1367007743876325,
        "emission": 1.3062567667207289e-08
    },
    "RBF-SVR": {
        "MSE": 682.8565788316622,
        "MAE": 13.658726296879257,
        "R2": -0.22679462287558994,
        "emission": 1.7152567032718126e-08
    },
    "DecisionTree": {
        "MSE": 605.0905178618741,
        "MAE": 16.028456945094533,
        "R2": -0.08708302252287514,
        "emission": 9.683694389728565e-09
    },
    "ExtraTrees": {
        "MSE": 456.6777835623528,
        "MAE": 14.738098747352426,
        "R2": 0.17954975227799674,
        "emission": 6.363345123629717e-07
    },
    "RandomForest": {
        "MSE": 456.1897800760294,
        "MAE": 15.154753928492912,
        "R2": 0.18042648111319415,
        "emission": 1.9619344930375654e-06
    },
    "KNeighbors": {
        "MSE": 429.5360638497653,
        "MAE": 14.092582159624415,
        "R2": 0.2283115520924892,
        "emission": 7.3113577785023625e-09
    },
    "PLS": {
        "MSE": 490.7127810738113,
        "MAE": 15.684863934995676,
        "R2": 0.11840374705376555,
        "emission": 3.8679313841899156e-07
    },
    "PLS-SKLEARN": {
        "MSE": 533.0792434830901,
        "MAE": 16.138498052058694,
        "R2": 0.042289743198240304,
        "emission": 1.1142834448610022e-06
    },
    "XGBoost": {
        "MSE": 469.7676576484479,
        "MAE": 14.867550040256809,
        "R2": 0.15603297343929012,
        "emission": 1.98508198318772e-06
    },
    "CatBoost": {
        "MSE": 449.9695671069889,
        "MAE": 14.332113178212683,
        "R2": 0.19160148339056282,
        "emission": 3.7780091360360554e-06
    },
    "DNN": {
        "MSE": 515.3795183991627,
        "MAE": 14.638228495013266,
        "R2": 0.07408840814848472,
        "emission": 1.6547061704268464e-05
    }
}