{
    "Linear-SVR": {
        "MSE": 518.1719869047037,
        "MAE": 12.760175622239073,
        "R2": -0.16160402634430526,
        "emission": 2.2397980608628794e-09
    },
    "RBF-SVR": {
        "MSE": 549.7382612744805,
        "MAE": 12.956245769258325,
        "R2": -0.23236723302333662,
        "emission": 3.2272803216003966e-09
    },
    "DecisionTree": {
        "MSE": 450.7172622049983,
        "MAE": 13.024692074012703,
        "R2": -0.010388441968196105,
        "emission": 1.5183544505180864e-09
    },
    "ExtraTrees": {
        "MSE": 475.4374977840145,
        "MAE": 14.072471653179514,
        "R2": -0.06580464721752755,
        "emission": 1.1401285844724015e-07
    },
    "RandomForest": {
        "MSE": 433.0435103760953,
        "MAE": 13.481142942958837,
        "R2": 0.029231417468241205,
        "emission": 3.4138307106179876e-07
    },
    "KNeighbors": {
        "MSE": 435.64707605633805,
        "MAE": 13.038873239436619,
        "R2": 0.02339491442783659,
        "emission": 2.2646360536565636e-09
    },
    "PLS": {
        "MSE": 453.9618134271224,
        "MAE": 13.975816384280032,
        "R2": -0.017661864419712847,
        "emission": 1.8063137640544365e-08
    },
    "PLS-SKLEARN": {
        "MSE": 435.7203595733246,
        "MAE": 13.663305400356657,
        "R2": 0.023230632238626092,
        "emission": 3.898108994032753e-09
    },
    "XGBoost": {
        "MSE": 415.03939824107636,
        "MAE": 12.663551678578477,
        "R2": 0.06959185700438808,
        "emission": 6.835124350928381e-07
    },
    "CatBoost": {
        "MSE": 414.8266141725452,
        "MAE": 12.994619657129354,
        "R2": 0.07006886239447896,
        "emission": 2.264059212350346e-06
    },
    "DNN": {
        "MSE": 436.19725216488985,
        "MAE": 13.75637769620743,
        "R2": 0.022161565657460525,
        "emission": 4.327572109048876e-06
    }
}