{
    "Linear-SVR": {
        "MSE": 674.3603946470425,
        "MAE": 17.142160111503582,
        "R2": -0.0825491596264365,
        "emission": 2.275166254700532e-09
    },
    "RBF-SVR": {
        "MSE": 701.5593616637709,
        "MAE": 17.51259106203827,
        "R2": -0.1262115975756246,
        "emission": 3.3852549153830857e-09
    },
    "DecisionTree": {
        "MSE": 815.0600835357267,
        "MAE": 18.756929998661423,
        "R2": -0.3084140401490638,
        "emission": 1.429176335305999e-09
    },
    "ExtraTrees": {
        "MSE": 539.2969743207835,
        "MAE": 17.3873520484948,
        "R2": 0.13426783219437022,
        "emission": 1.1770301834968848e-07
    },
    "RandomForest": {
        "MSE": 564.469780273485,
        "MAE": 17.60208463018474,
        "R2": 0.0938579858483386,
        "emission": 3.3766019175706066e-07
    },
    "KNeighbors": {
        "MSE": 579.9493446009391,
        "MAE": 17.61295774647887,
        "R2": 0.06900867754511364,
        "emission": 1.9890638591709247e-09
    },
    "PLS": {
        "MSE": 650.6026477514339,
        "MAE": 19.62264354590503,
        "R2": -0.04441090426534,
        "emission": 1.7662472490192622e-08
    },
    "PLS-SKLEARN": {
        "MSE": 646.7890900078202,
        "MAE": 19.434861249361305,
        "R2": -0.038289008965280535,
        "emission": 3.981363407155854e-09
    },
    "XGBoost": {
        "MSE": 598.193731211451,
        "MAE": 18.285450241179536,
        "R2": 0.039721006516557966,
        "emission": 6.96563499230208e-07
    },
    "CatBoost": {
        "MSE": 505.6052362663441,
        "MAE": 16.856771016764824,
        "R2": 0.1883531002597898,
        "emission": 2.2528476910950855e-06
    },
    "DNN": {
        "MSE": 624.0854104537358,
        "MAE": 19.289780921863276,
        "R2": -0.0018428454349239676,
        "emission": 4.664165389309994e-06
    }
}