{
    "Linear-SVR": {
        "MSE": 457.84807313102453,
        "MAE": 10.242686914396314,
        "R2": -0.12605856225309586,
        "emission": 1.1553462955218827e-08
    },
    "RBF-SVR": {
        "MSE": 478.0327577379524,
        "MAE": 10.016180276097426,
        "R2": -0.17570196639057478,
        "emission": 1.6334861352288317e-08
    },
    "DecisionTree": {
        "MSE": 573.66588258375,
        "MAE": 14.85968205611236,
        "R2": -0.4109077156060177,
        "emission": 9.761101901607819e-09
    },
    "ExtraTrees": {
        "MSE": 367.6632563363691,
        "MAE": 12.613677568657675,
        "R2": 0.09574729671310866,
        "emission": 6.19498080562545e-07
    },
    "RandomForest": {
        "MSE": 362.10502220020436,
        "MAE": 12.628007809974754,
        "R2": 0.10941754566104867,
        "emission": 1.979760523826935e-06
    },
    "KNeighbors": {
        "MSE": 412.86438497652586,
        "MAE": 12.651737089201877,
        "R2": -0.01542302574926424,
        "emission": 8.217214213773223e-09
    },
    "PLS": {
        "MSE": 419.253087345836,
        "MAE": 13.990594014056686,
        "R2": -0.03113577726408745,
        "emission": 3.8439923007094757e-07
    },
    "PLS-SKLEARN": {
        "MSE": 411.1798991455583,
        "MAE": 13.698942339938569,
        "R2": -0.01128010191869433,
        "emission": 9.096559439929738e-07
    },
    "XGBoost": {
        "MSE": 335.65345691035117,
        "MAE": 12.582062533109541,
        "R2": 0.17447408587086632,
        "emission": 1.9402692338700184e-06
    },
    "CatBoost": {
        "MSE": 371.77892847818504,
        "MAE": 12.80377098895767,
        "R2": 0.08562496983942525,
        "emission": 3.7944901011379184e-06
    },
    "DNN": {
        "MSE": 477.1700700396652,
        "MAE": 13.445750614035298,
        "R2": -0.17358022137030304,
        "emission": 1.6075862771726564e-05
    }
}