{
    "Linear-SVR": {
        "MSE": 373.58958816666393,
        "MAE": 8.678082852878847,
        "R2": -0.13537368667428362,
        "emission": 2.5992300012130864e-09
    },
    "RBF-SVR": {
        "MSE": 383.2398963700946,
        "MAE": 8.681557551267492,
        "R2": -0.16470187554657123,
        "emission": 3.3089713310830895e-09
    },
    "DecisionTree": {
        "MSE": 446.6020672998366,
        "MAE": 12.063555071435808,
        "R2": -0.3572654369595676,
        "emission": 1.5799802560053102e-09
    },
    "ExtraTrees": {
        "MSE": 261.08210777670615,
        "MAE": 10.873484125432329,
        "R2": 0.20654706496024844,
        "emission": 1.181231438923201e-07
    },
    "RandomForest": {
        "MSE": 279.4830850347106,
        "MAE": 11.041036260204278,
        "R2": 0.15062477469955227,
        "emission": 3.354666426437184e-07
    },
    "KNeighbors": {
        "MSE": 287.5708863849765,
        "MAE": 10.470892018779344,
        "R2": 0.1260451902384241,
        "emission": 5.030344842876836e-09
    },
    "PLS": {
        "MSE": 299.1448413025973,
        "MAE": 12.030201644757412,
        "R2": 0.09087085915305448,
        "emission": 1.929243187003705e-08
    },
    "PLS-SKLEARN": {
        "MSE": 305.5147550810631,
        "MAE": 12.19475176450012,
        "R2": 0.07151209563412164,
        "emission": 4.319317833375019e-09
    },
    "XGBoost": {
        "MSE": 314.3610257100397,
        "MAE": 10.724787962083386,
        "R2": 0.04462745212296737,
        "emission": 7.065933892778061e-07
    },
    "CatBoost": {
        "MSE": 266.2946550606048,
        "MAE": 10.58491474313866,
        "R2": 0.19070564642466614,
        "emission": 2.267406856790348e-06
    },
    "DNN": {
        "MSE": 280.11394990285476,
        "MAE": 11.126935746299296,
        "R2": 0.14870751738343413,
        "emission": 4.465082301500364e-06
    }
}