{
    "Linear-SVR": {
        "MSE": 633.1952844016007,
        "MAE": 13.397024348884441,
        "R2": -0.1073780686665815,
        "emission": 2.6153731925983283e-09
    },
    "RBF-SVR": {
        "MSE": 688.6736868361075,
        "MAE": 13.23885122925542,
        "R2": -0.2044027428138171,
        "emission": 3.4013617183942974e-09
    },
    "DecisionTree": {
        "MSE": 600.6308013559521,
        "MAE": 15.203340791693273,
        "R2": -0.05042692700371276,
        "emission": 1.5065731922522863e-09
    },
    "ExtraTrees": {
        "MSE": 380.4644634511954,
        "MAE": 13.627193158762362,
        "R2": 0.3346160132398692,
        "emission": 1.1762948904816803e-07
    },
    "RandomForest": {
        "MSE": 423.0589375996547,
        "MAE": 14.484637205783613,
        "R2": 0.2601236920234129,
        "emission": 3.3380404155138836e-07
    },
    "KNeighbors": {
        "MSE": 468.26295399061036,
        "MAE": 13.78694835680751,
        "R2": 0.18106761311673558,
        "emission": 4.737327534890029e-09
    },
    "PLS": {
        "MSE": 480.2425780403657,
        "MAE": 15.700198395103405,
        "R2": 0.16011677335154884,
        "emission": 1.876637462144863e-08
    },
    "PLS-SKLEARN": {
        "MSE": 478.5638732473332,
        "MAE": 15.342314495051339,
        "R2": 0.1630526146589053,
        "emission": 4.30754728572693e-09
    },
    "XGBoost": {
        "MSE": 434.08434446768075,
        "MAE": 14.246823359997899,
        "R2": 0.24084165682108782,
        "emission": 7.06962902253009e-07
    },
    "CatBoost": {
        "MSE": 380.60367840937306,
        "MAE": 13.509589230425318,
        "R2": 0.3343725439732559,
        "emission": 2.261775298319758e-06
    },
    "DNN": {
        "MSE": 431.53033151091506,
        "MAE": 14.539913407797126,
        "R2": 0.2453083008487441,
        "emission": 4.525443498133908e-06
    }
}