{
    "Linear-SVR": {
        "MSE": 803.708674093072,
        "MAE": 19.738545940297776,
        "R2": 0.0983435197317728,
        "emission": 2.1411778352656307e-09
    },
    "RBF-SVR": {
        "MSE": 980.5764669618163,
        "MAE": 21.046294300055045,
        "R2": -0.10007911365686994,
        "emission": 3.2489533861763626e-09
    },
    "DecisionTree": {
        "MSE": 841.9240284605463,
        "MAE": 19.517187269154448,
        "R2": 0.05547086820780811,
        "emission": 1.5833076785100591e-09
    },
    "ExtraTrees": {
        "MSE": 660.7741414709425,
        "MAE": 18.827090441614708,
        "R2": 0.2586974536224115,
        "emission": 1.1821808163389023e-07
    },
    "RandomForest": {
        "MSE": 649.0052198669617,
        "MAE": 18.959095788253766,
        "R2": 0.27190065121384266,
        "emission": 3.279460040509144e-07
    },
    "KNeighbors": {
        "MSE": 646.378738028169,
        "MAE": 18.785915492957745,
        "R2": 0.27484722183898447,
        "emission": 2.8743864322472686e-09
    },
    "PLS": {
        "MSE": 734.3455212931127,
        "MAE": 19.67552940192088,
        "R2": 0.17615994529728307,
        "emission": 1.8867662290049183e-08
    },
    "PLS-SKLEARN": {
        "MSE": 707.1705346911308,
        "MAE": 20.1561618248571,
        "R2": 0.20664674177055575,
        "emission": 4.322958904283785e-09
    },
    "XGBoost": {
        "MSE": 668.5174445302249,
        "MAE": 20.00857361146542,
        "R2": 0.25001047585654235,
        "emission": 6.910485882335889e-07
    },
    "CatBoost": {
        "MSE": 631.6101922157864,
        "MAE": 18.388312479329084,
        "R2": 0.29141560720685333,
        "emission": 2.273301679418005e-06
    },
    "DNN": {
        "MSE": 649.307297924641,
        "MAE": 17.377608415862206,
        "R2": 0.2715617589671455,
        "emission": 4.48685808163612e-06
    }
}