{
    "Linear-SVR": {
        "MSE": 803.708674093072,
        "MAE": 19.738545940297776,
        "R2": 0.0983435197317728,
        "emission": 1.0753137771226788e-08
    },
    "RBF-SVR": {
        "MSE": 980.5764669618163,
        "MAE": 21.046294300055045,
        "R2": -0.10007911365686994,
        "emission": 1.74679041447059e-08
    },
    "DecisionTree": {
        "MSE": 841.9240284605463,
        "MAE": 19.517187269154448,
        "R2": 0.05547086820780811,
        "emission": 1.1258817776048424e-08
    },
    "ExtraTrees": {
        "MSE": 660.7741414709425,
        "MAE": 18.827090441614708,
        "R2": 0.2586974536224115,
        "emission": 6.230680513837955e-07
    },
    "RandomForest": {
        "MSE": 649.0052198669617,
        "MAE": 18.959095788253766,
        "R2": 0.27190065121384266,
        "emission": 1.8110423926376394e-06
    },
    "KNeighbors": {
        "MSE": 646.378738028169,
        "MAE": 18.785915492957745,
        "R2": 0.27484722183898447,
        "emission": 7.888769415578319e-09
    },
    "PLS": {
        "MSE": 732.230246457923,
        "MAE": 19.788376745292492,
        "R2": 0.17853300822938256,
        "emission": 3.84585669518001e-07
    },
    "PLS-SKLEARN": {
        "MSE": 734.3455212931126,
        "MAE": 19.675529401920873,
        "R2": 0.1761599452972833,
        "emission": 8.199846550821253e-07
    },
    "XGBoost": {
        "MSE": 668.5174445302249,
        "MAE": 20.00857361146542,
        "R2": 0.25001047585654235,
        "emission": 1.760337825301878e-06
    },
    "CatBoost": {
        "MSE": 631.6101922157864,
        "MAE": 18.388312479329084,
        "R2": 0.29141560720685333,
        "emission": 3.7619394446463004e-06
    },
    "DNN": {
        "MSE": 663.5784142725114,
        "MAE": 18.037417162185264,
        "R2": 0.2555514246874523,
        "emission": 1.628496380675286e-05
    }
}