{
    "Linear-SVR": {
        "MSE": 478.32059317195086,
        "MAE": 10.125638560864065,
        "R2": -0.04075790041918914,
        "emission": 1.2756542384957938e-08
    },
    "RBF-SVR": {
        "MSE": 504.70138230780185,
        "MAE": 9.649659347413365,
        "R2": -0.09815876315511463,
        "emission": 1.628015171709378e-08
    },
    "DecisionTree": {
        "MSE": 538.7604391023705,
        "MAE": 13.022534599363317,
        "R2": -0.17226644939272195,
        "emission": 9.74058113180935e-09
    },
    "ExtraTrees": {
        "MSE": 402.62777852040904,
        "MAE": 12.175023876298043,
        "R2": 0.12393894930485716,
        "emission": 6.042158475944276e-07
    },
    "RandomForest": {
        "MSE": 416.3632065507136,
        "MAE": 12.534081511060775,
        "R2": 0.09405260227685108,
        "emission": 1.930435634605991e-06
    },
    "KNeighbors": {
        "MSE": 461.0188563380283,
        "MAE": 12.791455399061032,
        "R2": -0.0031117702756655596,
        "emission": 9.332810711280648e-09
    },
    "PLS": {
        "MSE": 513.2648592494581,
        "MAE": 14.74899870030184,
        "R2": -0.1167916767476147,
        "emission": 3.7777013905536816e-07
    },
    "PLS-SKLEARN": {
        "MSE": 505.3589903108386,
        "MAE": 14.573635467088916,
        "R2": -0.09958962507975144,
        "emission": 9.297310531354516e-07
    },
    "XGBoost": {
        "MSE": 520.0445203300033,
        "MAE": 13.83199754279684,
        "R2": -0.13154325954054968,
        "emission": 1.8294470819900045e-06
    },
    "CatBoost": {
        "MSE": 403.21190243713727,
        "MAE": 12.22260884966895,
        "R2": 0.12266797834973431,
        "emission": 3.7462759011240808e-06
    },
    "DNN": {
        "MSE": 417.15134276189673,
        "MAE": 12.908688678333597,
        "R2": 0.09233772944865903,
        "emission": 1.560179530188756e-05
    }
}