{
    "Linear-SVR": {
        "MSE": 486.2970365028436,
        "MAE": 10.670377964823539,
        "R2": -0.11489345840834697,
        "emission": 1.2760722805421215e-08
    },
    "RBF-SVR": {
        "MSE": 509.7206964497079,
        "MAE": 10.351245934816864,
        "R2": -0.1685949685687691,
        "emission": 1.7404569121755557e-08
    },
    "DecisionTree": {
        "MSE": 492.8963911388483,
        "MAE": 12.34110623691364,
        "R2": -0.13002325925251768,
        "emission": 9.700008794404018e-09
    },
    "ExtraTrees": {
        "MSE": 408.70132823816544,
        "MAE": 12.358785281454548,
        "R2": 0.06300387809813668,
        "emission": 5.930568428633648e-07
    },
    "RandomForest": {
        "MSE": 389.9529063800668,
        "MAE": 12.022924602612719,
        "R2": 0.10598685211622338,
        "emission": 1.8476904457208414e-06
    },
    "KNeighbors": {
        "MSE": 444.2231455399061,
        "MAE": 13.253051643192489,
        "R2": -0.01843408834576432,
        "emission": 6.9698672161237275e-09
    },
    "PLS": {
        "MSE": 395.8315108728482,
        "MAE": 12.305441799601095,
        "R2": 0.09250945620054096,
        "emission": 3.859926644143939e-07
    },
    "PLS-SKLEARN": {
        "MSE": 395.8315108728482,
        "MAE": 12.305441799601095,
        "R2": 0.09250945620054096,
        "emission": 8.209322341083938e-07
    },
    "XGBoost": {
        "MSE": 392.71644849424604,
        "MAE": 12.381709558558715,
        "R2": 0.09965110504424546,
        "emission": 1.9367422998774387e-06
    },
    "CatBoost": {
        "MSE": 382.01322227447463,
        "MAE": 11.796088909033168,
        "R2": 0.12418951675677103,
        "emission": 3.788598559011488e-06
    },
    "DNN": {
        "MSE": 388.3737723792593,
        "MAE": 11.992698540038345,
        "R2": 0.1096072035378799,
        "emission": 1.4903102509585106e-05
    }
}