{
    "Linear-SVR": {
        "MSE": 376.73174077599685,
        "MAE": 10.458007417003211,
        "R2": -0.23100297139898873,
        "emission": 2.613049823914642e-09
    },
    "RBF-SVR": {
        "MSE": 378.49798352422647,
        "MAE": 9.92793506294981,
        "R2": -0.23677431964483597,
        "emission": 3.241611567917717e-09
    },
    "DecisionTree": {
        "MSE": 373.6805962205781,
        "MAE": 12.12683950332488,
        "R2": -0.2210330973285115,
        "emission": 1.5405790842783226e-09
    },
    "ExtraTrees": {
        "MSE": 296.13791142326477,
        "MAE": 12.15461764428136,
        "R2": 0.032344213537644606,
        "emission": 1.1861953012893374e-07
    },
    "RandomForest": {
        "MSE": 298.71755851579326,
        "MAE": 12.218607577929243,
        "R2": 0.023914997487193612,
        "emission": 3.367127600732897e-07
    },
    "KNeighbors": {
        "MSE": 345.116090140845,
        "MAE": 12.747230046948356,
        "R2": -0.1276961467751372,
        "emission": 3.795898085591128e-09
    },
    "PLS": {
        "MSE": 307.99838109793257,
        "MAE": 12.201349433854478,
        "R2": -0.006410878830282352,
        "emission": 1.8736566440968302e-08
    },
    "PLS-SKLEARN": {
        "MSE": 307.99838109793257,
        "MAE": 12.201349433854478,
        "R2": -0.006410878830282352,
        "emission": 4.048914191225118e-09
    },
    "XGBoost": {
        "MSE": 366.3263819057384,
        "MAE": 13.127465355377034,
        "R2": -0.1970025772156454,
        "emission": 6.995661817811746e-07
    },
    "CatBoost": {
        "MSE": 290.0753154962366,
        "MAE": 11.908188860085458,
        "R2": 0.05215426082803354,
        "emission": 2.2647052075992483e-06
    },
    "DNN": {
        "MSE": 305.43052464626595,
        "MAE": 12.500686538275419,
        "R2": 0.0019798102993793254,
        "emission": 4.123374189911975e-06
    }
}