{
    "Linear-SVR": {
        "MSE": 436.781990313008,
        "MAE": 10.430460253560593,
        "R2": -0.26502350868856484,
        "emission": 2.501254413406774e-09
    },
    "RBF-SVR": {
        "MSE": 439.1795403828587,
        "MAE": 10.426320937198167,
        "R2": -0.2719673783280745,
        "emission": 3.049689593832771e-09
    },
    "DecisionTree": {
        "MSE": 392.85636767638056,
        "MAE": 12.832405591379368,
        "R2": -0.1378045607889602,
        "emission": 1.5106771866652062e-09
    },
    "ExtraTrees": {
        "MSE": 329.49251518572646,
        "MAE": 12.735970169812116,
        "R2": 0.045712078586005345,
        "emission": 1.1579297852626632e-07
    },
    "RandomForest": {
        "MSE": 331.3383995289905,
        "MAE": 12.618184704389892,
        "R2": 0.04036596281123217,
        "emission": 3.4007971446707353e-07
    },
    "KNeighbors": {
        "MSE": 351.9711267605634,
        "MAE": 11.871830985915494,
        "R2": -0.01939127438069943,
        "emission": 3.2304643209611506e-09
    },
    "PLS": {
        "MSE": 372.1036842200082,
        "MAE": 13.057669420936845,
        "R2": -0.07769990211960853,
        "emission": 1.7732823746779733e-08
    },
    "PLS-SKLEARN": {
        "MSE": 382.781643935754,
        "MAE": 13.412682157247888,
        "R2": -0.10862578817907709,
        "emission": 3.88050040754521e-09
    },
    "XGBoost": {
        "MSE": 384.5736588720055,
        "MAE": 13.577969744763045,
        "R2": -0.11381588546457788,
        "emission": 6.821081568516996e-07
    },
    "CatBoost": {
        "MSE": 328.1365254321379,
        "MAE": 12.51102259866852,
        "R2": 0.049639344256004914,
        "emission": 2.264485196313615e-06
    },
    "DNN": {
        "MSE": 337.0715989534419,
        "MAE": 13.230039304634776,
        "R2": 0.023761267075647297,
        "emission": 4.0877603622586306e-06
    }
}