{
    "Linear-SVR": {
        "MSE": 190.29849156737697,
        "MAE": 9.074861480116134,
        "R2": -0.0020471489392108744,
        "emission": 2.2120948209373473e-09
    },
    "RBF-SVR": {
        "MSE": 194.98084665605555,
        "MAE": 9.14076026454872,
        "R2": -0.026702838683709818,
        "emission": 3.356057456400785e-09
    },
    "DecisionTree": {
        "MSE": 407.03753865736223,
        "MAE": 12.06514479889905,
        "R2": -1.1433212726146764,
        "emission": 1.490759192514282e-09
    },
    "ExtraTrees": {
        "MSE": 160.10810558857332,
        "MAE": 9.314922631876666,
        "R2": 0.15692515791548356,
        "emission": 1.1655061842334844e-07
    },
    "RandomForest": {
        "MSE": 175.0559080316456,
        "MAE": 9.709108715763099,
        "R2": 0.07821511298754502,
        "emission": 3.3819097235853715e-07
    },
    "KNeighbors": {
        "MSE": 188.9015154929577,
        "MAE": 10.163849765258218,
        "R2": 0.005308852051540414,
        "emission": 4.4853313702641365e-09
    },
    "PLS": {
        "MSE": 174.70183141092988,
        "MAE": 9.542528739651104,
        "R2": 0.08007956007470751,
        "emission": 1.7805514311450165e-08
    },
    "PLS-SKLEARN": {
        "MSE": 174.70183141092988,
        "MAE": 9.542528739651104,
        "R2": 0.08007956007470751,
        "emission": 3.856326303405645e-09
    },
    "XGBoost": {
        "MSE": 214.29403752952834,
        "MAE": 10.26013944756257,
        "R2": -0.12839953471259125,
        "emission": 6.784709781312488e-07
    },
    "CatBoost": {
        "MSE": 174.3513850601526,
        "MAE": 9.632229377234504,
        "R2": 0.08192489139478365,
        "emission": 2.259153389874491e-06
    },
    "DNN": {
        "MSE": 184.7447029960162,
        "MAE": 9.946943186818155,
        "R2": 0.027197213209465554,
        "emission": 4.013109224485132e-06
    }
}