{
    "Linear-SVR": {
        "MSE": 674.6974024838036,
        "MAE": 14.642952537465911,
        "R2": -0.10866888828048271,
        "emission": 1.2263770006645484e-08
    },
    "RBF-SVR": {
        "MSE": 731.5182749249838,
        "MAE": 14.727720214502169,
        "R2": -0.2020374609896427,
        "emission": 1.638493240603587e-08
    },
    "DecisionTree": {
        "MSE": 697.0348359325853,
        "MAE": 16.687796092226648,
        "R2": -0.14537396142517234,
        "emission": 9.10568249857633e-09
    },
    "ExtraTrees": {
        "MSE": 460.2753508151414,
        "MAE": 14.968104423082522,
        "R2": 0.24367137088039725,
        "emission": 5.887363942403461e-07
    },
    "RandomForest": {
        "MSE": 512.9281532428141,
        "MAE": 15.719794710044384,
        "R2": 0.15715180860337918,
        "emission": 1.9145627624784886e-06
    },
    "KNeighbors": {
        "MSE": 521.2382197183097,
        "MAE": 14.184413145539905,
        "R2": 0.1434966320353238,
        "emission": 6.600937385638985e-09
    },
    "PLS": {
        "MSE": 615.125610164362,
        "MAE": 18.318596366095335,
        "R2": -0.010779979088696656,
        "emission": 3.9179110167666536e-07
    },
    "PLS-SKLEARN": {
        "MSE": 614.9685686610554,
        "MAE": 18.24778059514671,
        "R2": -0.010521927066792003,
        "emission": 7.807083958597648e-07
    },
    "XGBoost": {
        "MSE": 495.8896545302571,
        "MAE": 15.150905735425196,
        "R2": 0.1851496241516204,
        "emission": 1.9567152235358446e-06
    },
    "CatBoost": {
        "MSE": 456.19114891569535,
        "MAE": 14.510330527689478,
        "R2": 0.25038256846720075,
        "emission": 4.222235616906565e-06
    },
    "DNN": {
        "MSE": 489.6582353358939,
        "MAE": 13.74866199191887,
        "R2": 0.19538914866318857,
        "emission": 1.7618925417185516e-05
    }
}