{
    "Linear-SVR": {
        "MSE": 643.9279455692143,
        "MAE": 12.488787037154237,
        "R2": -0.2097516305972842,
        "emission": 1.481223455484911e-08
    },
    "RBF-SVR": {
        "MSE": 656.0379903362957,
        "MAE": 12.282413520954435,
        "R2": -0.23250285067460608,
        "emission": 1.6035192335164276e-08
    },
    "DecisionTree": {
        "MSE": 637.167529743414,
        "MAE": 14.993656949750031,
        "R2": -0.19705079329855812,
        "emission": 9.70885912778423e-09
    },
    "ExtraTrees": {
        "MSE": 485.23774619182757,
        "MAE": 14.629664794720835,
        "R2": 0.08838068184164949,
        "emission": 6.089119808203867e-07
    },
    "RandomForest": {
        "MSE": 482.05568116735185,
        "MAE": 14.519648053367348,
        "R2": 0.09435884815437756,
        "emission": 1.911995344520079e-06
    },
    "KNeighbors": {
        "MSE": 513.5057615023475,
        "MAE": 13.36225352112676,
        "R2": 0.03527337713316847,
        "emission": 8.100115413984284e-09
    },
    "PLS": {
        "MSE": 684.1133800729485,
        "MAE": 18.662092091280805,
        "R2": -0.28524826846129114,
        "emission": 3.9190463994317484e-07
    },
    "PLS-SKLEARN": {
        "MSE": 687.8115947664863,
        "MAE": 18.70715153130634,
        "R2": -0.2921961285232604,
        "emission": 1.0680688099278226e-06
    },
    "XGBoost": {
        "MSE": 502.1352735831133,
        "MAE": 14.626620619483466,
        "R2": 0.05663518693755709,
        "emission": 1.9507845905154837e-06
    },
    "CatBoost": {
        "MSE": 453.8869620639308,
        "MAE": 13.591339372416988,
        "R2": 0.14727960443104016,
        "emission": 3.7511924085379004e-06
    },
    "DNN": {
        "MSE": 499.28156562235847,
        "MAE": 13.339957515897115,
        "R2": 0.061996466693353236,
        "emission": 1.6888886595617023e-05
    }
}