{
    "Linear-SVR": {
        "MSE": 741.8659518383582,
        "MAE": 14.027371276579455,
        "R2": -0.06380212640857108,
        "emission": 2.1785017323157892e-09
    },
    "RBF-SVR": {
        "MSE": 808.379243996891,
        "MAE": 13.905195165063594,
        "R2": -0.15917917054618713,
        "emission": 3.3740048855525896e-09
    },
    "DecisionTree": {
        "MSE": 781.6148098893173,
        "MAE": 16.809633375495995,
        "R2": -0.12080018598003384,
        "emission": 1.5075503622915556e-09
    },
    "ExtraTrees": {
        "MSE": 607.2736853193977,
        "MAE": 16.39332162950484,
        "R2": 0.12919707913013534,
        "emission": 1.176127530604033e-07
    },
    "RandomForest": {
        "MSE": 608.2661488533766,
        "MAE": 16.61046036295672,
        "R2": 0.12777393143719495,
        "emission": 3.3544698696919366e-07
    },
    "KNeighbors": {
        "MSE": 573.2300732394366,
        "MAE": 16.190046948356805,
        "R2": 0.17801407474982633,
        "emission": 5.588936696162797e-09
    },
    "PLS": {
        "MSE": 629.8363303562566,
        "MAE": 17.29728668291138,
        "R2": 0.09684326951246192,
        "emission": 1.8931864911371482e-08
    },
    "PLS-SKLEARN": {
        "MSE": 649.3634350694109,
        "MAE": 17.911663443606813,
        "R2": 0.06884228703715012,
        "emission": 4.154422151805323e-09
    },
    "XGBoost": {
        "MSE": 586.512763946064,
        "MAE": 16.22992251838072,
        "R2": 0.1589672987343984,
        "emission": 7.14779651719038e-07
    },
    "CatBoost": {
        "MSE": 554.8591409274599,
        "MAE": 15.851530890887295,
        "R2": 0.20435715844191504,
        "emission": 2.264924034689236e-06
    },
    "DNN": {
        "MSE": 589.093650558322,
        "MAE": 16.909619081775908,
        "R2": 0.15526642439269833,
        "emission": 4.414323997047575e-06
    }
}