{
    "Linear-SVR": {
        "MSE": 612.777045978272,
        "MAE": 11.157801682161821,
        "R2": -0.10817003506057032,
        "emission": 1.1816835553601025e-08
    },
    "RBF-SVR": {
        "MSE": 646.15675281621,
        "MAE": 11.006487549993103,
        "R2": -0.1685352056224927,
        "emission": 2.1067135702458382e-08
    },
    "DecisionTree": {
        "MSE": 827.9198891762393,
        "MAE": 16.303873219511168,
        "R2": -0.4972427877925254,
        "emission": 1.0516580376691057e-08
    },
    "ExtraTrees": {
        "MSE": 502.1659565927058,
        "MAE": 13.919273336252996,
        "R2": 0.09186339570673863,
        "emission": 6.13982261362426e-07
    },
    "RandomForest": {
        "MSE": 490.7525045589459,
        "MAE": 13.861421906947154,
        "R2": 0.11250392985113011,
        "emission": 1.8527701593797267e-06
    },
    "KNeighbors": {
        "MSE": 557.4391661971832,
        "MAE": 13.971830985915492,
        "R2": -0.008094843635463977,
        "emission": 2.191763899625171e-08
    },
    "PLS": {
        "MSE": 505.29122399599254,
        "MAE": 15.000799164587468,
        "R2": 0.08621153960246042,
        "emission": 3.899782918581922e-07
    },
    "PLS-SKLEARN": {
        "MSE": 492.8720034094179,
        "MAE": 14.657391635178426,
        "R2": 0.10867094503087027,
        "emission": 1.0333558562138736e-06
    },
    "XGBoost": {
        "MSE": 541.2690726715206,
        "MAE": 14.688824851648278,
        "R2": 0.02114778747624646,
        "emission": 2.057801861498837e-06
    },
    "CatBoost": {
        "MSE": 512.4885679015367,
        "MAE": 14.185499302368449,
        "R2": 0.07319558069783683,
        "emission": 3.7964907211340456e-06
    },
    "DNN": {
        "MSE": 451.0692012594252,
        "MAE": 13.320102750779316,
        "R2": 0.18426877139891285,
        "emission": 1.7154923018370946e-05
    }
}