{
    "Linear-SVR": {
        "MSE": 122.61089825647343,
        "MAE": 3.2033558864175364,
        "R2": -0.08386805345245829,
        "emission": 2.900422429166559e-09
    },
    "RBF-SVR": {
        "MSE": 121.37996876542924,
        "MAE": 3.2248884016656487,
        "R2": -0.07298676010605032,
        "emission": 2.6571424579138046e-09
    },
    "DecisionTree": {
        "MSE": 118.0594156102588,
        "MAE": 4.705857093782205,
        "R2": -0.04363340297500895,
        "emission": 1.5463567276975526e-09
    },
    "ExtraTrees": {
        "MSE": 106.32281050266928,
        "MAE": 5.025893828276392,
        "R2": 0.06011701002248815,
        "emission": 1.1525113230555914e-07
    },
    "RandomForest": {
        "MSE": 113.00746166972682,
        "MAE": 5.205666021112681,
        "R2": 0.001025363590766104,
        "emission": 3.384363994700436e-07
    },
    "KNeighbors": {
        "MSE": 109.09464976525823,
        "MAE": 4.744694835680751,
        "R2": 0.035614228713920726,
        "emission": 3.829984878473418e-09
    },
    "PLS": {
        "MSE": 120.79797049172674,
        "MAE": 6.064717084713714,
        "R2": -0.06784195368997525,
        "emission": 1.8885468634655636e-08
    },
    "PLS-SKLEARN": {
        "MSE": 118.38095143993363,
        "MAE": 5.90895031058158,
        "R2": -0.04647574748745109,
        "emission": 4.379547229912351e-09
    },
    "XGBoost": {
        "MSE": 103.94539555079594,
        "MAE": 5.44536366773673,
        "R2": 0.08113311995054406,
        "emission": 6.759864132817355e-07
    },
    "CatBoost": {
        "MSE": 112.78018378840646,
        "MAE": 5.069155814532608,
        "R2": 0.003034477285571824,
        "emission": 2.249416514766406e-06
    },
    "DNN": {
        "MSE": 110.10612638863599,
        "MAE": 4.380915935400506,
        "R2": 0.026672876725781003,
        "emission": 4.328586147199208e-06
    }
}