{
    "Linear-SVR": {
        "MSE": 122.61089825647343,
        "MAE": 3.2033558864175364,
        "R2": -0.08386805345245829,
        "emission": 1.4421640288235436e-08
    },
    "RBF-SVR": {
        "MSE": 121.37996876542924,
        "MAE": 3.2248884016656487,
        "R2": -0.07298676010605032,
        "emission": 1.4269755584358805e-08
    },
    "DecisionTree": {
        "MSE": 118.0594156102588,
        "MAE": 4.705857093782205,
        "R2": -0.04363340297500895,
        "emission": 1.0476685824379086e-08
    },
    "ExtraTrees": {
        "MSE": 106.32281050266928,
        "MAE": 5.025893828276392,
        "R2": 0.06011701002248815,
        "emission": 5.922975043670482e-07
    },
    "RandomForest": {
        "MSE": 113.00746166972682,
        "MAE": 5.205666021112681,
        "R2": 0.001025363590766104,
        "emission": 1.8778049336595018e-06
    },
    "KNeighbors": {
        "MSE": 109.09464976525823,
        "MAE": 4.744694835680751,
        "R2": 0.035614228713920726,
        "emission": 6.766349507785242e-09
    },
    "PLS": {
        "MSE": 120.79797049172674,
        "MAE": 6.064717084713714,
        "R2": -0.06784195368997525,
        "emission": 3.6011373562911065e-07
    },
    "PLS-SKLEARN": {
        "MSE": 118.38095143993361,
        "MAE": 5.90895031058158,
        "R2": -0.04647574748745109,
        "emission": 7.682857988624094e-07
    },
    "XGBoost": {
        "MSE": 103.94539555079594,
        "MAE": 5.44536366773673,
        "R2": 0.08113311995054406,
        "emission": 1.770840981469059e-06
    },
    "CatBoost": {
        "MSE": 112.78018378840646,
        "MAE": 5.069155814532608,
        "R2": 0.003034477285571824,
        "emission": 3.7593766274727447e-06
    },
    "DNN": {
        "MSE": 101.46115009219857,
        "MAE": 4.114106388360332,
        "R2": 0.10309360085229691,
        "emission": 1.6009684904273665e-05
    }
}