{
    "Linear-SVR": {
        "MSE": 442.22555526799283,
        "MAE": 10.27149585375227,
        "R2": -0.18734334741502368,
        "emission": 2.572344807697934e-09
    },
    "RBF-SVR": {
        "MSE": 456.86164811840723,
        "MAE": 10.240273812172715,
        "R2": -0.22664018874649505,
        "emission": 3.34005978579464e-09
    },
    "DecisionTree": {
        "MSE": 591.2590602560929,
        "MAE": 14.130512084854809,
        "R2": -0.5874874335756,
        "emission": 1.648071467364955e-09
    },
    "ExtraTrees": {
        "MSE": 360.86862336914965,
        "MAE": 11.573735226858519,
        "R2": 0.031094078250367696,
        "emission": 1.1597700874953315e-07
    },
    "RandomForest": {
        "MSE": 359.8470615044472,
        "MAE": 11.53954589641176,
        "R2": 0.03383689731538586,
        "emission": 3.452609082089313e-07
    },
    "KNeighbors": {
        "MSE": 413.5525727699531,
        "MAE": 11.131737089201879,
        "R2": -0.11035848162868644,
        "emission": 5.288295799863793e-09
    },
    "PLS": {
        "MSE": 358.6217152404008,
        "MAE": 11.604492160304554,
        "R2": 0.037126862622826384,
        "emission": 1.854488772133413e-08
    },
    "PLS-SKLEARN": {
        "MSE": 360.31463954463067,
        "MAE": 11.592132238066245,
        "R2": 0.03258148439590236,
        "emission": 4.0981261775160665e-09
    },
    "XGBoost": {
        "MSE": 438.00150338076656,
        "MAE": 13.032441705998313,
        "R2": -0.1760020763200174,
        "emission": 7.092264470671633e-07
    },
    "CatBoost": {
        "MSE": 417.30315996039405,
        "MAE": 12.104918458734517,
        "R2": -0.12042853456077318,
        "emission": 2.252181250053267e-06
    },
    "DNN": {
        "MSE": 449.63188132289577,
        "MAE": 11.972156991888747,
        "R2": -0.20722879244487147,
        "emission": 4.167810838948312e-06
    }
}