{
    "Linear-SVR": {
        "MSE": 326.19819445761226,
        "MAE": 8.20115826126256,
        "R2": -0.17899646183196416,
        "emission": 1.1302619265290547e-08
    },
    "RBF-SVR": {
        "MSE": 333.93883933083146,
        "MAE": 8.14626021196287,
        "R2": -0.20697390950912808,
        "emission": 1.5811912775296918e-08
    },
    "DecisionTree": {
        "MSE": 269.5570881651738,
        "MAE": 10.168290544957507,
        "R2": 0.02572467104883347,
        "emission": 9.031173267566178e-09
    },
    "ExtraTrees": {
        "MSE": 278.2403788449457,
        "MAE": 10.958467756568371,
        "R2": -0.005659834329965863,
        "emission": 5.898636728615806e-07
    },
    "RandomForest": {
        "MSE": 258.37524874870036,
        "MAE": 10.807449187274592,
        "R2": 0.06613982150886621,
        "emission": 1.859396385637504e-06
    },
    "KNeighbors": {
        "MSE": 298.2630478873239,
        "MAE": 10.717652582159623,
        "R2": -0.07802889203320773,
        "emission": 9.69951444419022e-09
    },
    "PLS": {
        "MSE": 316.7782690093072,
        "MAE": 12.691688795696667,
        "R2": -0.14494949602107376,
        "emission": 3.60604552436113e-07
    },
    "PLS-SKLEARN": {
        "MSE": 316.6239339154255,
        "MAE": 12.572299271191337,
        "R2": -0.14439167401986497,
        "emission": 8.457808877293694e-07
    },
    "XGBoost": {
        "MSE": 291.60693087397794,
        "MAE": 11.81724198618051,
        "R2": -0.05397131433470781,
        "emission": 1.9020191868603175e-06
    },
    "CatBoost": {
        "MSE": 256.1135655574403,
        "MAE": 10.471642900711325,
        "R2": 0.07431435014080467,
        "emission": 3.741603469742223e-06
    },
    "DNN": {
        "MSE": 335.0186872406836,
        "MAE": 11.299878897228465,
        "R2": -0.21087686448148557,
        "emission": 1.6339314826476545e-05
    }
}