{
    "Linear-SVR": {
        "MSE": 442.22555526799283,
        "MAE": 10.27149585375227,
        "R2": -0.18734334741502368,
        "emission": 1.3465467139257911e-08
    },
    "RBF-SVR": {
        "MSE": 456.86164811840723,
        "MAE": 10.240273812172715,
        "R2": -0.22664018874649505,
        "emission": 2.1585788126585948e-08
    },
    "DecisionTree": {
        "MSE": 591.2590602560929,
        "MAE": 14.130512084854809,
        "R2": -0.5874874335756,
        "emission": 9.455480120333868e-09
    },
    "ExtraTrees": {
        "MSE": 360.86862336914965,
        "MAE": 11.573735226858519,
        "R2": 0.031094078250367696,
        "emission": 5.982549201056953e-07
    },
    "RandomForest": {
        "MSE": 359.8470615044472,
        "MAE": 11.53954589641176,
        "R2": 0.03383689731538586,
        "emission": 1.8261320796247588e-06
    },
    "KNeighbors": {
        "MSE": 413.5525727699531,
        "MAE": 11.131737089201879,
        "R2": -0.11035848162868644,
        "emission": 7.168245412018191e-09
    },
    "PLS": {
        "MSE": 358.6217152404008,
        "MAE": 11.604492160304554,
        "R2": 0.037126862622826384,
        "emission": 3.784534568666648e-07
    },
    "PLS-SKLEARN": {
        "MSE": 360.31463954463067,
        "MAE": 11.592132238066245,
        "R2": 0.03258148439590236,
        "emission": 8.803302818266717e-07
    },
    "XGBoost": {
        "MSE": 438.00150338076656,
        "MAE": 13.032441705998313,
        "R2": -0.1760020763200174,
        "emission": 1.943381835487094e-06
    },
    "CatBoost": {
        "MSE": 417.30315996039405,
        "MAE": 12.104918458734517,
        "R2": -0.12042853456077318,
        "emission": 3.7387032708020967e-06
    },
    "DNN": {
        "MSE": 411.80297552259276,
        "MAE": 12.31653048272284,
        "R2": -0.10566094068478948,
        "emission": 1.5778462805403908e-05
    }
}