{
    "Linear-SVR": {
        "MSE": 341.543505205744,
        "MAE": 10.515435150021986,
        "R2": -0.09365351962047419,
        "emission": 2.198820942937826e-09
    },
    "RBF-SVR": {
        "MSE": 351.6177382327084,
        "MAE": 10.411685586342841,
        "R2": -0.12591213452453864,
        "emission": 3.2853858697440695e-09
    },
    "DecisionTree": {
        "MSE": 430.2453847158613,
        "MAE": 12.382111978803515,
        "R2": -0.37768504487156385,
        "emission": 1.5295979026520915e-09
    },
    "ExtraTrees": {
        "MSE": 314.37520915432964,
        "MAE": 11.544574656480242,
        "R2": -0.006658152571050735,
        "emission": 1.14186693259644e-07
    },
    "RandomForest": {
        "MSE": 315.43215883217476,
        "MAE": 11.737206659900991,
        "R2": -0.010042602041230975,
        "emission": 3.4373335786015404e-07
    },
    "KNeighbors": {
        "MSE": 368.27089201877925,
        "MAE": 12.181032863849767,
        "R2": -0.1792370549909552,
        "emission": 3.074009535967738e-09
    },
    "PLS": {
        "MSE": 303.45218273811355,
        "MAE": 11.528804887898547,
        "R2": 0.028318376342318374,
        "emission": 1.8529137246805814e-08
    },
    "PLS-SKLEARN": {
        "MSE": 303.4521827381136,
        "MAE": 11.528804887898547,
        "R2": 0.028318376342318263,
        "emission": 4.0020403618427015e-09
    },
    "XGBoost": {
        "MSE": 359.33548857654455,
        "MAE": 12.746010233628008,
        "R2": -0.15062507650246904,
        "emission": 6.821141323775033e-07
    },
    "CatBoost": {
        "MSE": 314.3460510392902,
        "MAE": 11.61709403534861,
        "R2": -0.006564785621738789,
        "emission": 2.2702932175056367e-06
    },
    "DNN": {
        "MSE": 333.6651231383919,
        "MAE": 12.670853136179032,
        "R2": -0.06842622018263489,
        "emission": 4.0968672819613865e-06
    }
}