{
    "Linear-SVR": {
        "MSE": 348.64941542627713,
        "MAE": 11.088766033125156,
        "R2": -0.12977737811104273,
        "emission": 1.1870939574587901e-08
    },
    "RBF-SVR": {
        "MSE": 383.92726001918135,
        "MAE": 10.775646016627988,
        "R2": -0.24409310332414824,
        "emission": 1.4438209724145262e-08
    },
    "DecisionTree": {
        "MSE": 375.85436792068356,
        "MAE": 14.05588943745735,
        "R2": -0.21793338394626582,
        "emission": 1.0954822100616024e-08
    },
    "ExtraTrees": {
        "MSE": 315.4059512421218,
        "MAE": 13.657913478369686,
        "R2": -0.02205393977002812,
        "emission": 6.198725893665219e-07
    },
    "RandomForest": {
        "MSE": 309.23186111920216,
        "MAE": 13.466847255834672,
        "R2": -0.0020471735382103784,
        "emission": 1.7989094420396483e-06
    },
    "KNeighbors": {
        "MSE": 402.696082629108,
        "MAE": 14.256525821596245,
        "R2": -0.30491233966948483,
        "emission": 7.523705232167527e-09
    },
    "PLS": {
        "MSE": 365.9346174940594,
        "MAE": 14.437885981421882,
        "R2": -0.18578903167536098,
        "emission": 3.8979853914243516e-07
    },
    "PLS-SKLEARN": {
        "MSE": 321.49308152668357,
        "MAE": 14.08116973362706,
        "R2": -0.04177891789656307,
        "emission": 8.074789164304598e-07
    },
    "XGBoost": {
        "MSE": 401.2450878084808,
        "MAE": 14.633319529390153,
        "R2": -0.3002104785689963,
        "emission": 1.7393704445488417e-06
    },
    "CatBoost": {
        "MSE": 313.33341164569697,
        "MAE": 14.369384851118495,
        "R2": -0.015338000354448544,
        "emission": 3.7648381682539323e-06
    },
    "DNN": {
        "MSE": 327.30733542072744,
        "MAE": 14.23816008724517,
        "R2": -0.0606196565567827,
        "emission": 1.597575356113652e-05
    }
}