{
    "Linear-SVR": {
        "MSE": 406.34043899230994,
        "MAE": 15.045545183962757,
        "R2": 0.02431553246128948,
        "emission": 3.211008026946128e-09
    },
    "RBF-SVR": {
        "MSE": 438.7543397687214,
        "MAE": 15.640265175320462,
        "R2": -0.05351511515605023,
        "emission": 3.2820689396875832e-09
    },
    "DecisionTree": {
        "MSE": 450.17010109344744,
        "MAE": 16.068496608752096,
        "R2": -0.08092607390110174,
        "emission": 1.5154018621964697e-09
    },
    "ExtraTrees": {
        "MSE": 352.7420200368097,
        "MAE": 14.66795426865002,
        "R2": 0.15301339228838795,
        "emission": 1.1841185322916859e-07
    },
    "RandomForest": {
        "MSE": 366.51395282596695,
        "MAE": 15.057198322661156,
        "R2": 0.11994491172147581,
        "emission": 3.436895353477963e-07
    },
    "KNeighbors": {
        "MSE": 379.6708093896714,
        "MAE": 15.295962441314554,
        "R2": 0.08835332161866527,
        "emission": 3.0400836817895e-09
    },
    "PLS": {
        "MSE": 392.9810989315261,
        "MAE": 15.868486865241122,
        "R2": 0.05639331587413143,
        "emission": 1.7556026497297467e-08
    },
    "PLS-SKLEARN": {
        "MSE": 385.3054860972223,
        "MAE": 15.866368108926453,
        "R2": 0.07482361594429687,
        "emission": 4.04235438918063e-09
    },
    "XGBoost": {
        "MSE": 362.5238812115511,
        "MAE": 14.832711244231099,
        "R2": 0.1295256733808544,
        "emission": 6.846816894311491e-07
    },
    "CatBoost": {
        "MSE": 336.3599506813516,
        "MAE": 14.561029010444388,
        "R2": 0.1923492030580487,
        "emission": 2.2693992061051842e-06
    },
    "DNN": {
        "MSE": 367.4395145690533,
        "MAE": 15.481989227997865,
        "R2": 0.11772249886314223,
        "emission": 4.373050102374424e-06
    }
}