{
    "Linear-SVR": {
        "MSE": 686.5242127235399,
        "MAE": 18.43607072197293,
        "R2": 0.059659404406155914,
        "emission": 1.2547720869038459e-08
    },
    "RBF-SVR": {
        "MSE": 778.5602150493658,
        "MAE": 19.28271213855438,
        "R2": -0.06640343160046691,
        "emission": 1.6731345789979025e-08
    },
    "DecisionTree": {
        "MSE": 867.5224271312999,
        "MAE": 20.978265068804856,
        "R2": -0.18825605958368308,
        "emission": 9.813594179217768e-09
    },
    "ExtraTrees": {
        "MSE": 568.8001044776634,
        "MAE": 18.386006223778843,
        "R2": 0.2209075527045472,
        "emission": 6.217601963149159e-07
    },
    "RandomForest": {
        "MSE": 581.8637726099257,
        "MAE": 18.758771933379276,
        "R2": 0.2030140869760796,
        "emission": 1.8185521519833458e-06
    },
    "KNeighbors": {
        "MSE": 599.0544319248826,
        "MAE": 16.73305164319249,
        "R2": 0.17946783104033015,
        "emission": 8.632580180709376e-09
    },
    "PLS": {
        "MSE": 687.5464726452032,
        "MAE": 20.162382706998788,
        "R2": 0.05825920251120009,
        "emission": 4.0313231221716147e-07
    },
    "PLS-SKLEARN": {
        "MSE": 669.5900163965033,
        "MAE": 19.93006532612024,
        "R2": 0.08285437985632427,
        "emission": 8.361316275037517e-07
    },
    "XGBoost": {
        "MSE": 659.6108395709597,
        "MAE": 19.67408424853194,
        "R2": 0.09652298018498717,
        "emission": 1.8312161985607551e-06
    },
    "CatBoost": {
        "MSE": 569.1610685623249,
        "MAE": 17.97999128401318,
        "R2": 0.22041313579095878,
        "emission": 3.7906044862216217e-06
    },
    "DNN": {
        "MSE": 727.6415507238195,
        "MAE": 18.92651685651199,
        "R2": 0.0033404845664178895,
        "emission": 1.7381008359556542e-05
    }
}