{
    "Linear-SVR": {
        "MSE": 201.46889542405572,
        "MAE": 6.599368019923048,
        "R2": -0.22088090395497972,
        "emission": 3.2241621254887326e-09
    },
    "RBF-SVR": {
        "MSE": 201.98853227897848,
        "MAE": 6.588835236639582,
        "R2": -0.22402985015747467,
        "emission": 2.9919829256030717e-09
    },
    "DecisionTree": {
        "MSE": 209.39591667426407,
        "MAE": 9.315135293936795,
        "R2": -0.2689178421098961,
        "emission": 1.590346722065813e-09
    },
    "ExtraTrees": {
        "MSE": 170.97141076948193,
        "MAE": 8.998892433832893,
        "R2": -0.0360692656370214,
        "emission": 1.1583234406992113e-07
    },
    "RandomForest": {
        "MSE": 165.844699915658,
        "MAE": 8.98550690947956,
        "R2": -0.005001922122986002,
        "emission": 3.3884053412384147e-07
    },
    "KNeighbors": {
        "MSE": 204.39361502347415,
        "MAE": 9.990610328638498,
        "R2": -0.2386044056440968,
        "emission": 5.128910332192463e-09
    },
    "PLS": {
        "MSE": 165.62124573796441,
        "MAE": 9.055596489833869,
        "R2": -0.00364781265670433,
        "emission": 1.80921027127948e-08
    },
    "PLS-SKLEARN": {
        "MSE": 165.62124573796444,
        "MAE": 9.055596489833869,
        "R2": -0.003647812656704552,
        "emission": 3.845516896419444e-09
    },
    "XGBoost": {
        "MSE": 199.20071388251333,
        "MAE": 9.369187036271212,
        "R2": -0.2071359557586656,
        "emission": 6.931675415435861e-07
    },
    "CatBoost": {
        "MSE": 164.98588205573637,
        "MAE": 9.131292974489467,
        "R2": 0.00020242628497468829,
        "emission": 2.2679451363653217e-06
    },
    "DNN": {
        "MSE": 169.81683329286673,
        "MAE": 9.293623722774882,
        "R2": -0.029072644196430852,
        "emission": 4.460720348259332e-06
    }
}