{
    "Linear-SVR": {
        "MSE": 201.46889542405572,
        "MAE": 6.599368019923048,
        "R2": -0.22088090395497972,
        "emission": 1.677530237107599e-08
    },
    "RBF-SVR": {
        "MSE": 201.98853227897848,
        "MAE": 6.588835236639582,
        "R2": -0.22402985015747467,
        "emission": 1.4681333570197081e-08
    },
    "DecisionTree": {
        "MSE": 209.39591667426407,
        "MAE": 9.315135293936795,
        "R2": -0.2689178421098961,
        "emission": 1.1057497916242829e-08
    },
    "ExtraTrees": {
        "MSE": 170.97141076948193,
        "MAE": 8.998892433832893,
        "R2": -0.0360692656370214,
        "emission": 6.061665321553178e-07
    },
    "RandomForest": {
        "MSE": 165.844699915658,
        "MAE": 8.98550690947956,
        "R2": -0.005001922122986002,
        "emission": 1.8575228446802283e-06
    },
    "KNeighbors": {
        "MSE": 204.39361502347415,
        "MAE": 9.990610328638498,
        "R2": -0.2386044056440968,
        "emission": 7.44290348480413e-09
    },
    "PLS": {
        "MSE": 165.62124573796441,
        "MAE": 9.055596489833869,
        "R2": -0.00364781265670433,
        "emission": 3.895624010088884e-07
    },
    "PLS-SKLEARN": {
        "MSE": 165.62124573796444,
        "MAE": 9.055596489833869,
        "R2": -0.003647812656704552,
        "emission": 9.011308348057101e-07
    },
    "XGBoost": {
        "MSE": 199.20071388251333,
        "MAE": 9.369187036271212,
        "R2": -0.2071359557586656,
        "emission": 1.9755323946458067e-06
    },
    "CatBoost": {
        "MSE": 164.98588205573637,
        "MAE": 9.131292974489467,
        "R2": 0.00020242628497468829,
        "emission": 3.7799533458731096e-06
    },
    "DNN": {
        "MSE": 167.3827837832696,
        "MAE": 9.32380968416241,
        "R2": -0.014322553075450273,
        "emission": 1.6655364272949816e-05
    }
}