{
    "Linear-SVR": {
        "MSE": 386.4966640321002,
        "MAE": 11.52508532010851,
        "R2": -0.10755800555671335,
        "emission": 2.3835936838785997e-09
    },
    "RBF-SVR": {
        "MSE": 427.2154433442504,
        "MAE": 11.259793934166495,
        "R2": -0.224243126543743,
        "emission": 3.4127487511493193e-09
    },
    "DecisionTree": {
        "MSE": 515.5458536521894,
        "MAE": 15.779044638199569,
        "R2": -0.47736575909133405,
        "emission": 1.5026940928012353e-09
    },
    "ExtraTrees": {
        "MSE": 347.0155925346776,
        "MAE": 13.913887983966795,
        "R2": 0.005580297756806796,
        "emission": 1.1567474397258802e-07
    },
    "RandomForest": {
        "MSE": 327.56432271519975,
        "MAE": 13.678793630004163,
        "R2": 0.061320519113587046,
        "emission": 3.428962767749224e-07
    },
    "KNeighbors": {
        "MSE": 377.31849765258215,
        "MAE": 14.337089201877935,
        "R2": -0.08125673934676114,
        "emission": 5.302728955016243e-09
    },
    "PLS": {
        "MSE": 325.9789475968985,
        "MAE": 13.827360023589039,
        "R2": 0.06586362405469248,
        "emission": 1.900711410946285e-08
    },
    "PLS-SKLEARN": {
        "MSE": 325.9789475968985,
        "MAE": 13.827360023589039,
        "R2": 0.06586362405469248,
        "emission": 4.1690306028385445e-09
    },
    "XGBoost": {
        "MSE": 356.68061005760944,
        "MAE": 13.859271488919363,
        "R2": -0.022116105673159137,
        "emission": 6.994187009769942e-07
    },
    "CatBoost": {
        "MSE": 321.3471630239906,
        "MAE": 13.589641139046046,
        "R2": 0.07913662369774266,
        "emission": 2.272281446720844e-06
    },
    "DNN": {
        "MSE": 364.0830632484839,
        "MAE": 14.066195822405703,
        "R2": -0.04332882768421098,
        "emission": 4.172321450908401e-06
    }
}