{
    "Linear-SVR": {
        "MSE": 543.9547516148082,
        "MAE": 12.155561576632573,
        "R2": -0.10250929441083301,
        "emission": 1.1608944036306759e-08
    },
    "RBF-SVR": {
        "MSE": 580.5105593572481,
        "MAE": 12.415335393960909,
        "R2": -0.176602070843229,
        "emission": 1.5187862865117384e-08
    },
    "DecisionTree": {
        "MSE": 569.5862725464979,
        "MAE": 14.33108136961595,
        "R2": -0.15446028844697812,
        "emission": 1.0943128140261051e-08
    },
    "ExtraTrees": {
        "MSE": 425.685094802053,
        "MAE": 13.317926902583428,
        "R2": 0.13720438672854562,
        "emission": 5.77370848236549e-07
    },
    "RandomForest": {
        "MSE": 429.00339929843096,
        "MAE": 13.480002550377996,
        "R2": 0.13047871416463985,
        "emission": 1.9013924134179784e-06
    },
    "KNeighbors": {
        "MSE": 403.6138967136151,
        "MAE": 13.103661971830983,
        "R2": 0.18193917571429752,
        "emission": 7.009057859189383e-09
    },
    "PLS": {
        "MSE": 430.4976676581811,
        "MAE": 14.353401633444802,
        "R2": 0.12745007115696705,
        "emission": 4.3366084983367496e-07
    },
    "PLS-SKLEARN": {
        "MSE": 431.475230822566,
        "MAE": 14.342635289606172,
        "R2": 0.12546870695082957,
        "emission": 1.1376182521284166e-06
    },
    "XGBoost": {
        "MSE": 424.6078828701065,
        "MAE": 13.75580143850699,
        "R2": 0.13938772305109015,
        "emission": 2.2261347790135955e-06
    },
    "CatBoost": {
        "MSE": 385.58783066070424,
        "MAE": 12.71782602297986,
        "R2": 0.21847512894569998,
        "emission": 3.7968501365792282e-06
    },
    "DNN": {
        "MSE": 389.3366021001721,
        "MAE": 11.339657905082188,
        "R2": 0.21087696872673756,
        "emission": 1.7843386587320832e-05
    }
}