{
    "Linear-SVR": {
        "MSE": 318.53580252809314,
        "MAE": 9.318182380519447,
        "R2": -0.10468789939247247,
        "emission": 1.1543131020516797e-08
    },
    "RBF-SVR": {
        "MSE": 334.42696215769354,
        "MAE": 9.190699565743765,
        "R2": -0.15979872715754162,
        "emission": 1.717397348592647e-08
    },
    "DecisionTree": {
        "MSE": 361.91551963818637,
        "MAE": 10.93546839161515,
        "R2": -0.2551295395166222,
        "emission": 1.0454316400140092e-08
    },
    "ExtraTrees": {
        "MSE": 277.21600991104793,
        "MAE": 10.478353916506583,
        "R2": 0.03860988549445721,
        "emission": 6.376772333280466e-07
    },
    "RandomForest": {
        "MSE": 267.10260456870856,
        "MAE": 10.193267005992265,
        "R2": 0.0736833573449196,
        "emission": 1.9389662399666916e-06
    },
    "KNeighbors": {
        "MSE": 287.49849765258216,
        "MAE": 10.015023474178404,
        "R2": 0.0029500328387341845,
        "emission": 8.547886367144523e-09
    },
    "PLS": {
        "MSE": 299.1583503112391,
        "MAE": 11.30929622604025,
        "R2": -0.037486546153297384,
        "emission": 3.9350560656177875e-07
    },
    "PLS-SKLEARN": {
        "MSE": 295.41376730537564,
        "MAE": 11.217882114623587,
        "R2": -0.024500264856132326,
        "emission": 7.949382441638582e-07
    },
    "XGBoost": {
        "MSE": 281.57630472146695,
        "MAE": 10.717746651998148,
        "R2": 0.023488304571292917,
        "emission": 1.8396213212754592e-06
    },
    "CatBoost": {
        "MSE": 268.36987840371893,
        "MAE": 10.106295973479563,
        "R2": 0.06928842886390785,
        "emission": 3.8075607926040224e-06
    },
    "DNN": {
        "MSE": 301.6904542441667,
        "MAE": 10.643348159539588,
        "R2": -0.04626792819107495,
        "emission": 1.6760820221104183e-05
    }
}