{
    "Linear-SVR": {
        "MSE": 329.1382437271035,
        "MAE": 6.882275886643528,
        "R2": -0.12573404470218397,
        "emission": 1.250687232157732e-08
    },
    "RBF-SVR": {
        "MSE": 328.69200130652877,
        "MAE": 6.835826932873098,
        "R2": -0.12420778546429423,
        "emission": 1.4296003882576005e-08
    },
    "DecisionTree": {
        "MSE": 412.68813972875284,
        "MAE": 11.288277025990368,
        "R2": -0.4114953141776534,
        "emission": 1.0865153338550952e-08
    },
    "ExtraTrees": {
        "MSE": 285.56306188781736,
        "MAE": 10.322798115159609,
        "R2": 0.023303834169299376,
        "emission": 6.424555548603215e-07
    },
    "RandomForest": {
        "MSE": 290.2839437575409,
        "MAE": 10.261601762975264,
        "R2": 0.007157252776674894,
        "emission": 1.9684366476723118e-06
    },
    "KNeighbors": {
        "MSE": 313.6954666666666,
        "MAE": 9.544600938967136,
        "R2": -0.07291593494738557,
        "emission": 8.661820786163934e-09
    },
    "PLS": {
        "MSE": 326.491978897258,
        "MAE": 12.711534345038313,
        "R2": -0.11668316572646353,
        "emission": 3.8626388567741807e-07
    },
    "PLS-SKLEARN": {
        "MSE": 322.5021460207317,
        "MAE": 12.437807440574838,
        "R2": -0.10303695235752519,
        "emission": 1.0755643907832767e-06
    },
    "XGBoost": {
        "MSE": 341.99349115028383,
        "MAE": 11.241007170950374,
        "R2": -0.16970216433930174,
        "emission": 1.9611403846450115e-06
    },
    "CatBoost": {
        "MSE": 330.8987213976503,
        "MAE": 10.452212716015994,
        "R2": -0.1317553129274458,
        "emission": 3.837428168201744e-06
    },
    "DNN": {
        "MSE": 363.4417402133616,
        "MAE": 10.586041260121538,
        "R2": -0.2430604708555677,
        "emission": 1.7298408175567926e-05
    }
}