{
    "Linear-SVR": {
        "MSE": 653.0776886912851,
        "MAE": 14.002554648974524,
        "R2": -0.08336567240344683,
        "emission": 1.2867223715360025e-08
    },
    "RBF-SVR": {
        "MSE": 690.7747505982828,
        "MAE": 13.788888577727967,
        "R2": -0.14589989080914445,
        "emission": 1.5509168310607383e-08
    },
    "DecisionTree": {
        "MSE": 437.7306224876609,
        "MAE": 11.936490096583995,
        "R2": 0.27386536337931344,
        "emission": 1.0888968149205352e-08
    },
    "ExtraTrees": {
        "MSE": 500.7231015915293,
        "MAE": 13.986109982754392,
        "R2": 0.16936954203610133,
        "emission": 6.124662586896689e-07
    },
    "RandomForest": {
        "MSE": 511.75521887220225,
        "MAE": 14.427682033263746,
        "R2": 0.15106878339318952,
        "emission": 1.9232959472094955e-06
    },
    "KNeighbors": {
        "MSE": 459.72447323943663,
        "MAE": 13.019530516431924,
        "R2": 0.23738060311107245,
        "emission": 6.745980125284913e-09
    },
    "PLS": {
        "MSE": 536.447668267154,
        "MAE": 15.908668808178456,
        "R2": 0.11010742074787139,
        "emission": 3.8426248684999544e-07
    },
    "PLS-SKLEARN": {
        "MSE": 536.9123093075334,
        "MAE": 15.886470447200907,
        "R2": 0.10933664544524913,
        "emission": 8.253278106611682e-07
    },
    "XGBoost": {
        "MSE": 496.27590012134266,
        "MAE": 14.122527522787871,
        "R2": 0.17674683495927124,
        "emission": 1.915318199623674e-06
    },
    "CatBoost": {
        "MSE": 434.6848387498772,
        "MAE": 12.936827778117193,
        "R2": 0.27891789786979937,
        "emission": 3.767308105558052e-06
    },
    "DNN": {
        "MSE": 456.5658374332944,
        "MAE": 13.086896215592612,
        "R2": 0.24262034359410156,
        "emission": 1.7811647089126124e-05
    }
}