{
    "Linear-SVR": {
        "MSE": 753.9388371780943,
        "MAE": 13.614656402813962,
        "R2": 0.02045089808187317,
        "emission": 1.1009484103643856e-08
    },
    "RBF-SVR": {
        "MSE": 851.4404579843223,
        "MAE": 13.8934079708417,
        "R2": -0.10622731556974907,
        "emission": 1.6681743554589056e-08
    },
    "DecisionTree": {
        "MSE": 906.4056389708351,
        "MAE": 15.952919668548928,
        "R2": -0.17764039447894397,
        "emission": 1.113665450952343e-08
    },
    "ExtraTrees": {
        "MSE": 544.6103268893457,
        "MAE": 13.836646690308825,
        "R2": 0.29241931799597687,
        "emission": 5.994362113819509e-07
    },
    "RandomForest": {
        "MSE": 547.7366369663604,
        "MAE": 14.276519700537563,
        "R2": 0.28835748422744556,
        "emission": 1.8025759708792075e-06
    },
    "KNeighbors": {
        "MSE": 583.3597840375587,
        "MAE": 13.649295774647886,
        "R2": 0.24207439069203862,
        "emission": 7.40209438883226e-09
    },
    "PLS": {
        "MSE": 502.76568381970134,
        "MAE": 15.868842291188336,
        "R2": 0.3467856412542022,
        "emission": 3.6620419374127305e-07
    },
    "PLS-SKLEARN": {
        "MSE": 515.6924968658383,
        "MAE": 15.875586011117974,
        "R2": 0.32999058111722734,
        "emission": 7.794146246030129e-07
    },
    "XGBoost": {
        "MSE": 576.6104960920052,
        "MAE": 14.38299855000991,
        "R2": 0.25084334994926294,
        "emission": 1.888882581674209e-06
    },
    "CatBoost": {
        "MSE": 429.97618126995184,
        "MAE": 11.626244349288015,
        "R2": 0.4413568297057022,
        "emission": 3.7401898042004064e-06
    },
    "DNN": {
        "MSE": 494.3509700125968,
        "MAE": 13.335036840908964,
        "R2": 0.35771839195782495,
        "emission": 1.632686604533859e-05
    }
}