{
    "Linear-SVR": {
        "MSE": 547.056673926336,
        "MAE": 12.952311987144794,
        "R2": -0.09531920185243803,
        "emission": 2.1506588851792277e-09
    },
    "RBF-SVR": {
        "MSE": 598.5460793199045,
        "MAE": 13.184723085116408,
        "R2": -0.19841150856860512,
        "emission": 3.398097046107295e-09
    },
    "DecisionTree": {
        "MSE": 668.6604364842273,
        "MAE": 16.356032827068915,
        "R2": -0.33879477302351235,
        "emission": 1.500828363518397e-09
    },
    "ExtraTrees": {
        "MSE": 328.0723543837904,
        "MAE": 12.149598581812283,
        "R2": 0.3431321351507888,
        "emission": 1.1765206883101102e-07
    },
    "RandomForest": {
        "MSE": 399.7752771579516,
        "MAE": 14.060840278967978,
        "R2": 0.19956823786789646,
        "emission": 3.3714665480060613e-07
    },
    "KNeighbors": {
        "MSE": 415.95816901408455,
        "MAE": 13.347136150234743,
        "R2": 0.16716678288827824,
        "emission": 2.9835485284673224e-09
    },
    "PLS": {
        "MSE": 435.35998956295174,
        "MAE": 14.525667645666331,
        "R2": 0.1283203751741645,
        "emission": 1.7815695381780458e-08
    },
    "PLS-SKLEARN": {
        "MSE": 486.93302092176947,
        "MAE": 15.232354297960718,
        "R2": 0.025060632194303656,
        "emission": 3.742698280237208e-09
    },
    "XGBoost": {
        "MSE": 448.05305578827637,
        "MAE": 14.668691651509121,
        "R2": 0.10290626393190805,
        "emission": 6.962009447418765e-07
    },
    "CatBoost": {
        "MSE": 330.79038415256787,
        "MAE": 12.32902148507364,
        "R2": 0.3376900843746211,
        "emission": 2.2844435955106333e-06
    },
    "DNN": {
        "MSE": 334.33721565932296,
        "MAE": 11.920745754441324,
        "R2": 0.33058860322971295,
        "emission": 4.163980327663817e-06
    }
}