{
    "Linear-SVR": {
        "MSE": 454.5272252547964,
        "MAE": 14.059929036100735,
        "R2": 0.026427481286610766,
        "emission": 2.070916357749142e-09
    },
    "RBF-SVR": {
        "MSE": 486.13185188040944,
        "MAE": 14.517517409986572,
        "R2": -0.041267904682064094,
        "emission": 3.294128264986293e-09
    },
    "DecisionTree": {
        "MSE": 432.1382034724859,
        "MAE": 13.722123273526103,
        "R2": 0.0743835444595351,
        "emission": 1.5993839689647529e-09
    },
    "ExtraTrees": {
        "MSE": 334.94597899092037,
        "MAE": 13.37303106053904,
        "R2": 0.28256398675280203,
        "emission": 1.1861336883486212e-07
    },
    "RandomForest": {
        "MSE": 350.44648018709887,
        "MAE": 13.319952991516404,
        "R2": 0.2493627588562246,
        "emission": 3.3285363229011864e-07
    },
    "KNeighbors": {
        "MSE": 350.3291774647887,
        "MAE": 13.463943661971829,
        "R2": 0.2496140148876922,
        "emission": 3.714847740033283e-09
    },
    "PLS": {
        "MSE": 407.4054583557045,
        "MAE": 15.123830472958403,
        "R2": 0.1273597351476572,
        "emission": 1.7760179483996088e-08
    },
    "PLS-SKLEARN": {
        "MSE": 382.50559083671754,
        "MAE": 14.443344807847371,
        "R2": 0.1806938929035551,
        "emission": 3.846012578831455e-09
    },
    "XGBoost": {
        "MSE": 386.83959078032586,
        "MAE": 14.86645262358894,
        "R2": 0.17141070147572124,
        "emission": 6.854382315103483e-07
    },
    "CatBoost": {
        "MSE": 334.2696370194876,
        "MAE": 13.213541957886447,
        "R2": 0.2840126743562128,
        "emission": 2.2761893637523672e-06
    },
    "DNN": {
        "MSE": 387.71333335633386,
        "MAE": 14.482875702064923,
        "R2": 0.16953919254695604,
        "emission": 4.126498832900765e-06
    }
}