{
    "Linear-SVR": {
        "MSE": 473.7932301059318,
        "MAE": 12.715286011000847,
        "R2": -0.14798935671343383,
        "emission": 2.2955387802754057e-09
    },
    "RBF-SVR": {
        "MSE": 509.21848757818424,
        "MAE": 12.988545302303669,
        "R2": -0.23382388526481535,
        "emission": 3.292819028403184e-09
    },
    "DecisionTree": {
        "MSE": 570.0209119460036,
        "MAE": 14.481938281221776,
        "R2": -0.38114666575499667,
        "emission": 1.539421803524354e-09
    },
    "ExtraTrees": {
        "MSE": 377.645710319401,
        "MAE": 12.568017310393623,
        "R2": 0.08497372164176642,
        "emission": 1.1571207407675822e-07
    },
    "RandomForest": {
        "MSE": 397.2374574740005,
        "MAE": 12.90762272726147,
        "R2": 0.03750339960303173,
        "emission": 3.4312434936930914e-07
    },
    "KNeighbors": {
        "MSE": 409.74582723004687,
        "MAE": 13.280845070422535,
        "R2": 0.007195926981341971,
        "emission": 3.815505021405138e-09
    },
    "PLS": {
        "MSE": 371.2813565316911,
        "MAE": 13.209664335383358,
        "R2": 0.1003943945142266,
        "emission": 1.80851197886355e-08
    },
    "PLS-SKLEARN": {
        "MSE": 359.86458637340655,
        "MAE": 12.827559549092264,
        "R2": 0.12805694812822366,
        "emission": 4.039829125663877e-09
    },
    "XGBoost": {
        "MSE": 388.69788714609007,
        "MAE": 12.818157133195951,
        "R2": 0.05819456871314155,
        "emission": 6.823063467037522e-07
    },
    "CatBoost": {
        "MSE": 383.94804342807674,
        "MAE": 12.681420543747675,
        "R2": 0.06970332335092377,
        "emission": 2.2669703945353e-06
    },
    "DNN": {
        "MSE": 373.6204870970915,
        "MAE": 12.788874673171781,
        "R2": 0.094726738620447,
        "emission": 4.7766183173597785e-06
    }
}