{
    "Linear-SVR": {
        "MSE": 505.41820706248757,
        "MAE": 10.416491956412056,
        "R2": -0.0714054101663768,
        "emission": 2.6208393983890166e-09
    },
    "RBF-SVR": {
        "MSE": 536.9335815688275,
        "MAE": 10.281498722461219,
        "R2": -0.1382129415882467,
        "emission": 3.3980861197374697e-09
    },
    "DecisionTree": {
        "MSE": 529.6691222097693,
        "MAE": 12.194400658621955,
        "R2": -0.1228134546871611,
        "emission": 1.5968139432414468e-09
    },
    "ExtraTrees": {
        "MSE": 363.80534858517115,
        "MAE": 11.196845453565484,
        "R2": 0.22879110155715854,
        "emission": 1.1917235656692769e-07
    },
    "RandomForest": {
        "MSE": 382.085875354212,
        "MAE": 11.397476280797646,
        "R2": 0.19003932133365709,
        "emission": 3.450312073322262e-07
    },
    "KNeighbors": {
        "MSE": 366.7088957746479,
        "MAE": 10.973802816901408,
        "R2": 0.222636047932242,
        "emission": 4.301007483589079e-09
    },
    "PLS": {
        "MSE": 439.8743590351707,
        "MAE": 12.629858176076455,
        "R2": 0.06753701889199681,
        "emission": 1.8880525047278652e-08
    },
    "PLS-SKLEARN": {
        "MSE": 439.8743590351707,
        "MAE": 12.629858176076455,
        "R2": 0.06753701889199681,
        "emission": 4.289412108107146e-09
    },
    "XGBoost": {
        "MSE": 378.8867441534365,
        "MAE": 12.170673352906682,
        "R2": 0.19682096558083229,
        "emission": 7.292572497061998e-07
    },
    "CatBoost": {
        "MSE": 387.15541043647585,
        "MAE": 11.465256718112434,
        "R2": 0.17929272131357865,
        "emission": 2.2633778071999322e-06
    },
    "DNN": {
        "MSE": 419.49485091987736,
        "MAE": 12.493255691349226,
        "R2": 0.11073830239572968,
        "emission": 4.4546797891976595e-06
    }
}