{
    "Linear-SVR": {
        "MSE": 231.2843874101806,
        "MAE": 7.771588630517742,
        "R2": -0.24707263032039828,
        "emission": 2.414258853171172e-09
    },
    "RBF-SVR": {
        "MSE": 233.46958555908344,
        "MAE": 7.620384596598378,
        "R2": -0.2588550979302442,
        "emission": 3.30005158870315e-09
    },
    "DecisionTree": {
        "MSE": 204.62930713460278,
        "MAE": 8.531278942541466,
        "R2": -0.10334991110496783,
        "emission": 1.4249785008593547e-09
    },
    "ExtraTrees": {
        "MSE": 195.24470899530726,
        "MAE": 8.822744826692619,
        "R2": -0.052748676766933844,
        "emission": 1.182104152882886e-07
    },
    "RandomForest": {
        "MSE": 194.4609362046193,
        "MAE": 8.86225208506059,
        "R2": -0.04852261721055151,
        "emission": 3.415398974768177e-07
    },
    "KNeighbors": {
        "MSE": 208.52524882629106,
        "MAE": 9.044413145539906,
        "R2": -0.12435661331877568,
        "emission": 5.515047139362958e-09
    },
    "PLS": {
        "MSE": 200.2888851417708,
        "MAE": 9.033919576922141,
        "R2": -0.07994659568055984,
        "emission": 1.904896168821286e-08
    },
    "PLS-SKLEARN": {
        "MSE": 190.8281482576038,
        "MAE": 8.776279594139877,
        "R2": -0.02893482543952164,
        "emission": 4.178673975027128e-09
    },
    "XGBoost": {
        "MSE": 209.2879139723472,
        "MAE": 8.88317349786245,
        "R2": -0.1284688616222427,
        "emission": 6.912268299928748e-07
    },
    "CatBoost": {
        "MSE": 190.66175557358392,
        "MAE": 8.573701760270572,
        "R2": -0.028037645286333346,
        "emission": 2.263238705753749e-06
    },
    "DNN": {
        "MSE": 185.34268903289265,
        "MAE": 8.71290991026471,
        "R2": 0.0006424674356078075,
        "emission": 4.43304437657526e-06
    }
}