{
    "Linear-SVR": {
        "MSE": 517.2421397469216,
        "MAE": 12.296309897463635,
        "R2": 0.06224542058291538,
        "emission": 2.491585899398596e-09
    },
    "RBF-SVR": {
        "MSE": 570.81697254454,
        "MAE": 12.469467469698326,
        "R2": -0.03488518989296918,
        "emission": 3.290328772562963e-09
    },
    "DecisionTree": {
        "MSE": 490.1197801890332,
        "MAE": 12.584425374605084,
        "R2": 0.11141797425855204,
        "emission": 1.529721087202761e-09
    },
    "ExtraTrees": {
        "MSE": 341.06038270467684,
        "MAE": 12.40949892389841,
        "R2": 0.3816610999723604,
        "emission": 1.1682496703199968e-07
    },
    "RandomForest": {
        "MSE": 384.6764660292969,
        "MAE": 13.103563938189183,
        "R2": 0.3025855979378358,
        "emission": 3.5218694958479327e-07
    },
    "KNeighbors": {
        "MSE": 363.09996995305164,
        "MAE": 12.68131455399061,
        "R2": 0.341703559233823,
        "emission": 3.279004070934699e-09
    },
    "PLS": {
        "MSE": 432.28451745778386,
        "MAE": 14.56769132064525,
        "R2": 0.21627269956101047,
        "emission": 1.9145878597692208e-08
    },
    "PLS-SKLEARN": {
        "MSE": 410.87075311202705,
        "MAE": 13.427627226644661,
        "R2": 0.2550956299348137,
        "emission": 4.330067094429978e-09
    },
    "XGBoost": {
        "MSE": 361.73912710889726,
        "MAE": 12.964478763483218,
        "R2": 0.3441707530506245,
        "emission": 7.129395295268831e-07
    },
    "CatBoost": {
        "MSE": 306.6543649966123,
        "MAE": 11.247619725384162,
        "R2": 0.4440388495521401,
        "emission": 2.271806572196162e-06
    },
    "DNN": {
        "MSE": 353.6357655343547,
        "MAE": 12.833611473958817,
        "R2": 0.35886206267384624,
        "emission": 4.5050393459166006e-06
    }
}