{
    "Linear-SVR": {
        "MSE": 287.9397817037109,
        "MAE": 6.870219089544438,
        "R2": -0.11812049453345952,
        "emission": 1.2286667497774212e-08
    },
    "RBF-SVR": {
        "MSE": 290.9230102372166,
        "MAE": 6.761266864181222,
        "R2": -0.1297048922969548,
        "emission": 1.585946374387192e-08
    },
    "DecisionTree": {
        "MSE": 323.440156676979,
        "MAE": 8.891146248560545,
        "R2": -0.25597465482478876,
        "emission": 1.1093746419230616e-08
    },
    "ExtraTrees": {
        "MSE": 235.42654236255376,
        "MAE": 8.599790068846923,
        "R2": 0.08579759137419474,
        "emission": 6.000834749042039e-07
    },
    "RandomForest": {
        "MSE": 234.27254382881935,
        "MAE": 8.656917589959766,
        "R2": 0.09027876936077017,
        "emission": 1.8775108037185594e-06
    },
    "KNeighbors": {
        "MSE": 284.6645746478873,
        "MAE": 8.731830985915492,
        "R2": -0.10540229313979022,
        "emission": 7.555295546400386e-09
    },
    "PLS": {
        "MSE": 234.6022762774797,
        "MAE": 8.694677219187854,
        "R2": 0.08899836063649313,
        "emission": 3.8557162206419677e-07
    },
    "PLS-SKLEARN": {
        "MSE": 239.0029343274249,
        "MAE": 8.827122773414112,
        "R2": 0.07190983634171366,
        "emission": 9.488098536209095e-07
    },
    "XGBoost": {
        "MSE": 248.69622915970714,
        "MAE": 9.201655041150085,
        "R2": 0.03426907844643057,
        "emission": 1.6437509387178508e-06
    },
    "CatBoost": {
        "MSE": 250.55723556433367,
        "MAE": 8.675933883267334,
        "R2": 0.02704246533601251,
        "emission": 3.7806135178551484e-06
    },
    "DNN": {
        "MSE": 233.93589970056036,
        "MAE": 8.750324853730033,
        "R2": 0.0915860173448575,
        "emission": 1.5984317587107296e-05
    }
}