{
    "Linear-SVR": {
        "MSE": 340.4716795108042,
        "MAE": 12.523664091652893,
        "R2": -0.1317024083562386,
        "emission": 2.3262066650638094e-09
    },
    "RBF-SVR": {
        "MSE": 339.80249876501824,
        "MAE": 12.121996083213542,
        "R2": -0.12947810158652495,
        "emission": 3.486923345223937e-09
    },
    "DecisionTree": {
        "MSE": 415.34808128729514,
        "MAE": 14.504598531359097,
        "R2": -0.3805859699530707,
        "emission": 1.519451964864055e-09
    },
    "ExtraTrees": {
        "MSE": 292.02133120342876,
        "MAE": 12.97219509124225,
        "R2": 0.02934292717339526,
        "emission": 1.1754815581196046e-07
    },
    "RandomForest": {
        "MSE": 306.5386200155385,
        "MAE": 13.201847879691053,
        "R2": -0.018911455496768426,
        "emission": 3.48045187166786e-07
    },
    "KNeighbors": {
        "MSE": 297.0060863849765,
        "MAE": 12.752957746478874,
        "R2": 0.012773973620109125,
        "emission": 4.251293988967549e-09
    },
    "PLS": {
        "MSE": 334.6429776410338,
        "MAE": 13.832431071722906,
        "R2": -0.11232823910642753,
        "emission": 1.818692378340312e-08
    },
    "PLS-SKLEARN": {
        "MSE": 334.6429776410338,
        "MAE": 13.832431071722908,
        "R2": -0.11232823910642753,
        "emission": 3.730520804399788e-09
    },
    "XGBoost": {
        "MSE": 327.0454804310466,
        "MAE": 13.652515191623301,
        "R2": -0.08707472638438207,
        "emission": 6.998141254092223e-07
    },
    "CatBoost": {
        "MSE": 304.2331436075717,
        "MAE": 13.622242251085186,
        "R2": -0.011248224278673113,
        "emission": 2.2283296022826506e-06
    },
    "DNN": {
        "MSE": 331.2928328764963,
        "MAE": 13.105006752862757,
        "R2": -0.10119260837256827,
        "emission": 4.0708517248508065e-06
    }
}