{
    "Linear-SVR": {
        "MSE": 437.5558873431006,
        "MAE": 13.68211170905563,
        "R2": -0.13334932774222086,
        "emission": 1.1047675037896978e-08
    },
    "RBF-SVR": {
        "MSE": 438.4174421829488,
        "MAE": 13.94528452118895,
        "R2": -0.13558091147083684,
        "emission": 1.8372958473170245e-08
    },
    "DecisionTree": {
        "MSE": 445.9084270027153,
        "MAE": 14.566385610106886,
        "R2": -0.15498392456057375,
        "emission": 9.805652491616922e-09
    },
    "ExtraTrees": {
        "MSE": 400.80177371722425,
        "MAE": 14.281208661025058,
        "R2": -0.03814948887687142,
        "emission": 6.589349367544945e-07
    },
    "RandomForest": {
        "MSE": 380.7261111944228,
        "MAE": 13.829069356376408,
        "R2": 0.013850128274561446,
        "emission": 1.9572459799479206e-06
    },
    "KNeighbors": {
        "MSE": 417.43459718309856,
        "MAE": 14.503943661971832,
        "R2": -0.08123152671201139,
        "emission": 6.79639300301663e-09
    },
    "PLS": {
        "MSE": 429.2041207695502,
        "MAE": 15.023201194612708,
        "R2": -0.11171673335737786,
        "emission": 3.8615082456587685e-07
    },
    "PLS-SKLEARN": {
        "MSE": 409.1274932900312,
        "MAE": 14.445728573337968,
        "R2": -0.059714616792547304,
        "emission": 9.559252801486317e-07
    },
    "XGBoost": {
        "MSE": 446.065118694354,
        "MAE": 14.800345612740571,
        "R2": -0.15538978453987773,
        "emission": 1.7904442734634418e-06
    },
    "CatBoost": {
        "MSE": 413.9314525480374,
        "MAE": 14.395903808364418,
        "R2": -0.07215774498040561,
        "emission": 3.793761513986241e-06
    },
    "DNN": {
        "MSE": 482.9201570802588,
        "MAE": 15.603165703032497,
        "R2": -0.25085103688917165,
        "emission": 1.7318258813408648e-05
    }
}