{
    "Linear-SVR": {
        "MSE": 437.5558873431006,
        "MAE": 13.68211170905563,
        "R2": -0.13334932774222086,
        "emission": 2.244245260743884e-09
    },
    "RBF-SVR": {
        "MSE": 438.4174421829488,
        "MAE": 13.94528452118895,
        "R2": -0.13558091147083684,
        "emission": 3.3555057966151914e-09
    },
    "DecisionTree": {
        "MSE": 445.9084270027153,
        "MAE": 14.566385610106886,
        "R2": -0.15498392456057375,
        "emission": 1.4692180801890366e-09
    },
    "ExtraTrees": {
        "MSE": 400.80177371722425,
        "MAE": 14.281208661025058,
        "R2": -0.03814948887687142,
        "emission": 1.1309403567241026e-07
    },
    "RandomForest": {
        "MSE": 380.7261111944228,
        "MAE": 13.829069356376408,
        "R2": 0.013850128274561446,
        "emission": 3.35800441259062e-07
    },
    "KNeighbors": {
        "MSE": 417.43459718309856,
        "MAE": 14.503943661971832,
        "R2": -0.08123152671201139,
        "emission": 2.9970818011407e-09
    },
    "PLS": {
        "MSE": 429.2041207695502,
        "MAE": 15.023201194612708,
        "R2": -0.11171673335737786,
        "emission": 1.7974695392093602e-08
    },
    "PLS-SKLEARN": {
        "MSE": 409.1274932900312,
        "MAE": 14.445728573337968,
        "R2": -0.059714616792547304,
        "emission": 3.887258436286539e-09
    },
    "XGBoost": {
        "MSE": 446.065118694354,
        "MAE": 14.800345612740571,
        "R2": -0.15538978453987773,
        "emission": 6.780729465342672e-07
    },
    "CatBoost": {
        "MSE": 413.9314525480374,
        "MAE": 14.395903808364418,
        "R2": -0.07215774498040561,
        "emission": 2.237067205139878e-06
    },
    "DNN": {
        "MSE": 503.3387815904927,
        "MAE": 15.979640569212568,
        "R2": -0.30373898796351884,
        "emission": 4.128244005965921e-06
    }
}