{
    "Linear-SVR": {
        "MSE": 788.5953357785,
        "MAE": 18.050519548650094,
        "R2": -0.16918772913304347,
        "emission": 2.3103320325368823e-09
    },
    "RBF-SVR": {
        "MSE": 860.5581238757262,
        "MAE": 18.69164299174404,
        "R2": -0.27588124478060605,
        "emission": 3.0966736853676524e-09
    },
    "DecisionTree": {
        "MSE": 687.8438751952515,
        "MAE": 17.84989578386294,
        "R2": -0.019811533178401675,
        "emission": 1.5747182605262993e-09
    },
    "ExtraTrees": {
        "MSE": 571.8152645434225,
        "MAE": 17.479340687646076,
        "R2": 0.15221488093746594,
        "emission": 1.2874097819358398e-07
    },
    "RandomForest": {
        "MSE": 578.0562998177015,
        "MAE": 17.599815160296707,
        "R2": 0.14296179316391233,
        "emission": 3.42529958375175e-07
    },
    "KNeighbors": {
        "MSE": 600.7510272300469,
        "MAE": 17.940657276995307,
        "R2": 0.10931412166159626,
        "emission": 4.6943699686952176e-09
    },
    "PLS": {
        "MSE": 640.1730071321388,
        "MAE": 18.923146946015425,
        "R2": 0.0508662802041604,
        "emission": 1.7769710379798744e-08
    },
    "PLS-SKLEARN": {
        "MSE": 631.7240145897172,
        "MAE": 18.838325926443297,
        "R2": 0.06339293101725951,
        "emission": 3.7807598272874745e-09
    },
    "XGBoost": {
        "MSE": 637.2476891728827,
        "MAE": 19.075734316959906,
        "R2": 0.055203417017679834,
        "emission": 6.843607378413651e-07
    },
    "CatBoost": {
        "MSE": 548.0540987080681,
        "MAE": 17.147424289424173,
        "R2": 0.18744367606743728,
        "emission": 2.2314451988805574e-06
    },
    "DNN": {
        "MSE": 588.5650448815964,
        "MAE": 18.210732371321587,
        "R2": 0.12738131072907288,
        "emission": 4.093509449968338e-06
    }
}