{
    "Linear-SVR": {
        "MSE": 280.9760015122528,
        "MAE": 8.758114706778947,
        "R2": -0.15556174704237424,
        "emission": 2.5314791934698435e-09
    },
    "RBF-SVR": {
        "MSE": 283.6412042214604,
        "MAE": 8.783972497913783,
        "R2": -0.16652284792749605,
        "emission": 3.2311136330311317e-09
    },
    "DecisionTree": {
        "MSE": 320.93049963221824,
        "MAE": 10.32788170446134,
        "R2": -0.31988143769643584,
        "emission": 1.5769397415601115e-09
    },
    "ExtraTrees": {
        "MSE": 250.9642616440489,
        "MAE": 9.608576820177682,
        "R2": -0.03213334615678942,
        "emission": 1.1510383914340094e-07
    },
    "RandomForest": {
        "MSE": 249.28413778113233,
        "MAE": 9.671191464609054,
        "R2": -0.02522355010363886,
        "emission": 3.4181561103815924e-07
    },
    "KNeighbors": {
        "MSE": 282.1430629107981,
        "MAE": 9.970046948356806,
        "R2": -0.16036148617080626,
        "emission": 3.2624322958006474e-09
    },
    "PLS": {
        "MSE": 258.03169685288645,
        "MAE": 9.761150243358928,
        "R2": -0.06119937931648267,
        "emission": 1.8433433777515417e-08
    },
    "PLS-SKLEARN": {
        "MSE": 254.35586570896152,
        "MAE": 10.000039533400615,
        "R2": -0.046081896557651936,
        "emission": 3.885917285449449e-09
    },
    "XGBoost": {
        "MSE": 297.8903148027478,
        "MAE": 10.857953974863452,
        "R2": -0.22512474641167834,
        "emission": 6.802090615247024e-07
    },
    "CatBoost": {
        "MSE": 293.2877421342532,
        "MAE": 10.187735374401727,
        "R2": -0.20619588101011432,
        "emission": 2.2520299239899113e-06
    },
    "DNN": {
        "MSE": 267.96033819828386,
        "MAE": 10.208795495226349,
        "R2": -0.10203261089887539,
        "emission": 4.0826252422225464e-06
    }
}