{
    "Linear-SVR": {
        "MSE": 423.81536198025725,
        "MAE": 13.494862721594334,
        "R2": -0.13381832224292967,
        "emission": 2.217473583523104e-09
    },
    "RBF-SVR": {
        "MSE": 422.97765161113216,
        "MAE": 13.087472912215969,
        "R2": -0.13157722517460013,
        "emission": 2.945583072332399e-09
    },
    "DecisionTree": {
        "MSE": 448.1229028979897,
        "MAE": 14.806886668844875,
        "R2": -0.19884743098599267,
        "emission": 1.4875733729280754e-09
    },
    "ExtraTrees": {
        "MSE": 378.410686167341,
        "MAE": 14.87803615484316,
        "R2": -0.012348791002617876,
        "emission": 1.1297072966568163e-07
    },
    "RandomForest": {
        "MSE": 380.1531273169826,
        "MAE": 14.762192366890156,
        "R2": -0.017010282487170958,
        "emission": 3.24669742763379e-07
    },
    "KNeighbors": {
        "MSE": 387.89185539906106,
        "MAE": 14.307136150234742,
        "R2": -0.03771342937009381,
        "emission": 3.780310020434814e-09
    },
    "PLS": {
        "MSE": 456.7037129669275,
        "MAE": 16.264557845386864,
        "R2": -0.22180337017231566,
        "emission": 1.757358616730807e-08
    },
    "PLS-SKLEARN": {
        "MSE": 442.60301122979365,
        "MAE": 16.028627257548234,
        "R2": -0.18408025907189773,
        "emission": 3.739103860171924e-09
    },
    "XGBoost": {
        "MSE": 419.33450358231215,
        "MAE": 15.245824331031159,
        "R2": -0.12183083946923312,
        "emission": 6.599905876349902e-07
    },
    "CatBoost": {
        "MSE": 372.4184841324594,
        "MAE": 14.834946646712059,
        "R2": 0.003681936213085435,
        "emission": 2.3530334378916185e-06
    },
    "DNN": {
        "MSE": 421.3781404578291,
        "MAE": 15.948443779475253,
        "R2": -0.12729810927900553,
        "emission": 4.2652841673107886e-06
    }
}