{
    "Linear-SVR": {
        "MSE": 268.2714029196444,
        "MAE": 10.163485212963126,
        "R2": -0.19902555366554653,
        "emission": 2.2612290707252276e-09
    },
    "RBF-SVR": {
        "MSE": 277.4171156731706,
        "MAE": 10.335479432669809,
        "R2": -0.2399018572097129,
        "emission": 4.710079793472899e-09
    },
    "DecisionTree": {
        "MSE": 261.3984884646723,
        "MAE": 10.704488262910797,
        "R2": -0.16830740789979282,
        "emission": 1.4952536373737022e-09
    },
    "ExtraTrees": {
        "MSE": 215.62742273295228,
        "MAE": 9.980764251452326,
        "R2": 0.03626407021364664,
        "emission": 1.1763488935171042e-07
    },
    "RandomForest": {
        "MSE": 219.34659356630556,
        "MAE": 10.08525447235428,
        "R2": 0.019641423076807052,
        "emission": 3.367436228108542e-07
    },
    "KNeighbors": {
        "MSE": 213.5057089201878,
        "MAE": 9.59774647887324,
        "R2": 0.0457469634754073,
        "emission": 2.9143970352798943e-09
    },
    "PLS": {
        "MSE": 221.04208377134015,
        "MAE": 10.487872802890752,
        "R2": 0.012063514810397358,
        "emission": 1.7896137620981186e-08
    },
    "PLS-SKLEARN": {
        "MSE": 224.4631295189447,
        "MAE": 10.517679792333311,
        "R2": -0.003226677237636144,
        "emission": 3.99403566867778e-09
    },
    "XGBoost": {
        "MSE": 233.82322785169669,
        "MAE": 10.669126690151126,
        "R2": -0.04506116635444135,
        "emission": 6.758107713822932e-07
    },
    "CatBoost": {
        "MSE": 224.75769753279963,
        "MAE": 10.303493207315293,
        "R2": -0.004543234172369681,
        "emission": 2.26667100081712e-06
    },
    "DNN": {
        "MSE": 228.32997349124392,
        "MAE": 10.962516993913852,
        "R2": -0.020509342047843715,
        "emission": 4.139317122137967e-06
    }
}