{
    "Linear-SVR": {
        "MSE": 331.27578663631965,
        "MAE": 12.842872324708356,
        "R2": -0.10051881285775455,
        "emission": 2.3265280587228462e-09
    },
    "RBF-SVR": {
        "MSE": 324.61360626869936,
        "MAE": 12.785243012839132,
        "R2": -0.07838663439803906,
        "emission": 3.1375474555796833e-09
    },
    "DecisionTree": {
        "MSE": 386.01514185280456,
        "MAE": 13.868880780998259,
        "R2": -0.2823663629945212,
        "emission": 1.5651707932279436e-09
    },
    "ExtraTrees": {
        "MSE": 268.4123228840095,
        "MAE": 12.682934500273879,
        "R2": 0.10831753224092455,
        "emission": 1.1847000576510046e-07
    },
    "RandomForest": {
        "MSE": 268.19121741278326,
        "MAE": 12.65584307469423,
        "R2": 0.1090520583986645,
        "emission": 3.315111790213281e-07
    },
    "KNeighbors": {
        "MSE": 313.2356995305164,
        "MAE": 13.186291079812207,
        "R2": -0.04058851898655025,
        "emission": 2.9357024898485935e-09
    },
    "PLS": {
        "MSE": 312.6503605556398,
        "MAE": 13.346755521059125,
        "R2": -0.0386439864256547,
        "emission": 1.7820795663648996e-08
    },
    "PLS-SKLEARN": {
        "MSE": 303.88695019200804,
        "MAE": 12.975913403004837,
        "R2": -0.009531390941708295,
        "emission": 3.782139434406528e-09
    },
    "XGBoost": {
        "MSE": 314.82444415636746,
        "MAE": 13.206327083242943,
        "R2": -0.04586642766598903,
        "emission": 7.189012742814501e-07
    },
    "CatBoost": {
        "MSE": 275.95685434231456,
        "MAE": 12.741821979692956,
        "R2": 0.08325412845772873,
        "emission": 2.2378317065638444e-06
    },
    "DNN": {
        "MSE": 316.0717974448655,
        "MAE": 13.642485381152149,
        "R2": -0.05001021304254927,
        "emission": 4.130166925766777e-06
    }
}