{
    "Linear-SVR": {
        "MSE": 707.4490215143381,
        "MAE": 16.83448584148201,
        "R2": -0.18966785494960203,
        "emission": 2.401970161963467e-09
    },
    "RBF-SVR": {
        "MSE": 768.1452887498838,
        "MAE": 17.108954317205058,
        "R2": -0.2917365494415285,
        "emission": 3.2279313002644786e-09
    },
    "DecisionTree": {
        "MSE": 778.1477992095612,
        "MAE": 17.984922044438502,
        "R2": -0.3085570761519951,
        "emission": 1.2800574378887793e-09
    },
    "ExtraTrees": {
        "MSE": 517.3665995956653,
        "MAE": 16.061570308564054,
        "R2": 0.12998054411603954,
        "emission": 1.1604463457568667e-07
    },
    "RandomForest": {
        "MSE": 525.5339413116803,
        "MAE": 16.113570947218445,
        "R2": 0.11624609314580092,
        "emission": 3.446487777868453e-07
    },
    "KNeighbors": {
        "MSE": 562.4928713615024,
        "MAE": 16.63549295774648,
        "R2": 0.0540948289607347,
        "emission": 3.6349711194812394e-09
    },
    "PLS": {
        "MSE": 537.284038603772,
        "MAE": 17.294727627626838,
        "R2": 0.09648677110870263,
        "emission": 1.8281468007409034e-08
    },
    "PLS-SKLEARN": {
        "MSE": 572.5569191778054,
        "MAE": 16.72856552679223,
        "R2": 0.03717081915420073,
        "emission": 3.8316287164672394e-09
    },
    "XGBoost": {
        "MSE": 562.6586592615004,
        "MAE": 16.46989900837412,
        "R2": 0.05381603497082288,
        "emission": 6.849699397397734e-07
    },
    "CatBoost": {
        "MSE": 513.1156773804604,
        "MAE": 15.819844293229831,
        "R2": 0.13712902458533927,
        "emission": 2.2508143641964885e-06
    },
    "DNN": {
        "MSE": 559.547563635101,
        "MAE": 16.552609663963878,
        "R2": 0.05904774827855919,
        "emission": 4.015625768256174e-06
    }
}