{
    "Linear-SVR": {
        "MSE": 346.6306760083727,
        "MAE": 7.710465850676488,
        "R2": -0.16155969377489643,
        "emission": 1.3864443636984192e-08
    },
    "RBF-SVR": {
        "MSE": 346.9979860715523,
        "MAE": 7.548167543837458,
        "R2": -0.16279055011288857,
        "emission": 1.5129596308364645e-08
    },
    "DecisionTree": {
        "MSE": 386.8747544472162,
        "MAE": 9.844240570846077,
        "R2": -0.29641763527614695,
        "emission": 9.98740189189178e-09
    },
    "ExtraTrees": {
        "MSE": 277.5141290787351,
        "MAE": 9.630865157327204,
        "R2": 0.0700499145000184,
        "emission": 6.065162116790629e-07
    },
    "RandomForest": {
        "MSE": 285.2719287360135,
        "MAE": 9.570077652825395,
        "R2": 0.04405352116852446,
        "emission": 1.93872242969523e-06
    },
    "KNeighbors": {
        "MSE": 314.04526760563385,
        "MAE": 9.404976525821596,
        "R2": -0.05236596215923006,
        "emission": 1.0146589006177543e-08
    },
    "PLS": {
        "MSE": 308.33781963314215,
        "MAE": 11.70178558711224,
        "R2": -0.03324029908893822,
        "emission": 3.7811463729086977e-07
    },
    "PLS-SKLEARN": {
        "MSE": 304.78693902747364,
        "MAE": 11.493564993382744,
        "R2": -0.021341295121811266,
        "emission": 7.335261974914699e-07
    },
    "XGBoost": {
        "MSE": 285.1726579111557,
        "MAE": 10.207065644116959,
        "R2": 0.04438617778810139,
        "emission": 1.6649516142968956e-06
    },
    "CatBoost": {
        "MSE": 283.7889796606014,
        "MAE": 9.318846039561535,
        "R2": 0.049022884797142896,
        "emission": 3.7746476773774585e-06
    },
    "DNN": {
        "MSE": 285.06152534221224,
        "MAE": 9.742801215274898,
        "R2": 0.04475858312232306,
        "emission": 1.6241297493260948e-05
    }
}