{
    "Linear-SVR": {
        "MSE": 557.4674672949902,
        "MAE": 10.763884078123988,
        "R2": -0.12535121460232435,
        "emission": 2.497969810696904e-09
    },
    "RBF-SVR": {
        "MSE": 580.8920633408565,
        "MAE": 10.430588693358807,
        "R2": -0.1726380952873907,
        "emission": 2.980571992687148e-09
    },
    "DecisionTree": {
        "MSE": 676.193981674015,
        "MAE": 13.706491017152308,
        "R2": -0.36502264836374065,
        "emission": 1.5217591439498609e-09
    },
    "ExtraTrees": {
        "MSE": 489.266372024076,
        "MAE": 12.482373345932842,
        "R2": 0.012325313451857056,
        "emission": 1.1149346727328941e-07
    },
    "RandomForest": {
        "MSE": 498.5926208328582,
        "MAE": 12.567733987211744,
        "R2": -0.006501445131156025,
        "emission": 3.3467903429004956e-07
    },
    "KNeighbors": {
        "MSE": 501.77190985915496,
        "MAE": 11.79981220657277,
        "R2": -0.012919428201406902,
        "emission": 3.918219966110775e-09
    },
    "PLS": {
        "MSE": 489.65987960496625,
        "MAE": 13.495053618666812,
        "R2": 0.011530945600655373,
        "emission": 1.7849271805207076e-08
    },
    "PLS-SKLEARN": {
        "MSE": 492.55988932715127,
        "MAE": 13.205486320201844,
        "R2": 0.005676739472618597,
        "emission": 3.836452460464948e-09
    },
    "XGBoost": {
        "MSE": 482.91951052244644,
        "MAE": 12.37519343627853,
        "R2": 0.025137627566668153,
        "emission": 6.724449199896306e-07
    },
    "CatBoost": {
        "MSE": 471.9018453923348,
        "MAE": 11.708675403503856,
        "R2": 0.04737882290747519,
        "emission": 2.227436835725064e-06
    },
    "DNN": {
        "MSE": 460.5741118490021,
        "MAE": 10.729052247066804,
        "R2": 0.07024594870323997,
        "emission": 4.010971076103634e-06
    }
}