{
    "Linear-SVR": {
        "MSE": 557.4674672949902,
        "MAE": 10.763884078123988,
        "R2": -0.12535121460232435,
        "emission": 1.306171545214225e-08
    },
    "RBF-SVR": {
        "MSE": 580.8920633408565,
        "MAE": 10.430588693358807,
        "R2": -0.1726380952873907,
        "emission": 1.4395025923138047e-08
    },
    "DecisionTree": {
        "MSE": 676.193981674015,
        "MAE": 13.706491017152308,
        "R2": -0.36502264836374065,
        "emission": 1.0500668767556702e-08
    },
    "ExtraTrees": {
        "MSE": 489.266372024076,
        "MAE": 12.482373345932842,
        "R2": 0.012325313451857056,
        "emission": 6.173246372643916e-07
    },
    "RandomForest": {
        "MSE": 498.5926208328582,
        "MAE": 12.567733987211744,
        "R2": -0.006501445131156025,
        "emission": 1.9126815768469753e-06
    },
    "KNeighbors": {
        "MSE": 501.77190985915496,
        "MAE": 11.79981220657277,
        "R2": -0.012919428201406902,
        "emission": 8.688640506408941e-09
    },
    "PLS": {
        "MSE": 482.6095752248541,
        "MAE": 13.428425629793173,
        "R2": 0.02576328930310301,
        "emission": 3.775329076799245e-07
    },
    "PLS-SKLEARN": {
        "MSE": 484.80912845007794,
        "MAE": 13.547238389529056,
        "R2": 0.021323084199119102,
        "emission": 7.425901745554432e-07
    },
    "XGBoost": {
        "MSE": 482.91951052244644,
        "MAE": 12.37519343627853,
        "R2": 0.025137627566668153,
        "emission": 1.7618841563898123e-06
    },
    "CatBoost": {
        "MSE": 471.9018453923348,
        "MAE": 11.708675403503856,
        "R2": 0.04737882290747519,
        "emission": 3.768917596647311e-06
    },
    "DNN": {
        "MSE": 487.40855213774967,
        "MAE": 11.941284859763293,
        "R2": 0.016075666590372073,
        "emission": 1.715833830617115e-05
    }
}