{
    "Linear-SVR": {
        "MSE": 497.3302625858136,
        "MAE": 10.417683356912898,
        "R2": -0.09429636528683538,
        "emission": 2.4524925534830273e-09
    },
    "RBF-SVR": {
        "MSE": 526.4656975420143,
        "MAE": 10.32263886508485,
        "R2": -0.15840426897210524,
        "emission": 3.1478053280736144e-09
    },
    "DecisionTree": {
        "MSE": 587.0010121976261,
        "MAE": 12.519899693954399,
        "R2": -0.2916026278548016,
        "emission": 1.4385223599832917e-09
    },
    "ExtraTrees": {
        "MSE": 387.0705568984937,
        "MAE": 11.538566991120552,
        "R2": 0.1483126296773738,
        "emission": 1.1192895797301046e-07
    },
    "RandomForest": {
        "MSE": 408.17849852561517,
        "MAE": 11.802648509893498,
        "R2": 0.10186795188690823,
        "emission": 3.300699672365829e-07
    },
    "KNeighbors": {
        "MSE": 418.7657802816901,
        "MAE": 11.148169014084505,
        "R2": 0.07857231754585225,
        "emission": 4.506674937085466e-09
    },
    "PLS": {
        "MSE": 417.7475846872797,
        "MAE": 12.69432360482675,
        "R2": 0.08081269546357872,
        "emission": 1.7791957725998928e-08
    },
    "PLS-SKLEARN": {
        "MSE": 412.07283651330926,
        "MAE": 12.233220254755842,
        "R2": 0.09329907879445931,
        "emission": 3.750532763229239e-09
    },
    "XGBoost": {
        "MSE": 434.90839712566054,
        "MAE": 12.637620372398636,
        "R2": 0.043053049430679335,
        "emission": 6.861114239335252e-07
    },
    "CatBoost": {
        "MSE": 416.9259737438816,
        "MAE": 11.7098274683218,
        "R2": 0.08262052003545517,
        "emission": 2.2068218635213263e-06
    },
    "DNN": {
        "MSE": 401.79043654637945,
        "MAE": 11.284533622790951,
        "R2": 0.11592386911333774,
        "emission": 4.048029135666142e-06
    }
}