{
    "Linear-SVR": {
        "MSE": 348.19893672935456,
        "MAE": 7.593603374356014,
        "R2": -0.06933404710328528,
        "emission": 2.3930275617733522e-09
    },
    "RBF-SVR": {
        "MSE": 361.6244363904478,
        "MAE": 7.2741610395486545,
        "R2": -0.11056433925130338,
        "emission": 3.062724702655115e-09
    },
    "DecisionTree": {
        "MSE": 406.26548781829433,
        "MAE": 10.54695113355291,
        "R2": -0.2476589456813887,
        "emission": 1.476110470266467e-09
    },
    "ExtraTrees": {
        "MSE": 290.4841523646098,
        "MAE": 9.483090970447622,
        "R2": 0.10791056059755999,
        "emission": 1.2762088367137846e-07
    },
    "RandomForest": {
        "MSE": 297.4602995082469,
        "MAE": 9.743420420134827,
        "R2": 0.08648650994317275,
        "emission": 3.332450232016281e-07
    },
    "KNeighbors": {
        "MSE": 297.4093502347418,
        "MAE": 8.968920187793428,
        "R2": 0.08664297737338944,
        "emission": 3.6841369425382406e-09
    },
    "PLS": {
        "MSE": 279.4804853499751,
        "MAE": 10.224974810519232,
        "R2": 0.14170329957677796,
        "emission": 1.733931803654224e-08
    },
    "PLS-SKLEARN": {
        "MSE": 288.7794980147682,
        "MAE": 10.060241196534227,
        "R2": 0.11314562809073059,
        "emission": 3.739266686408115e-09
    },
    "XGBoost": {
        "MSE": 295.36622145197765,
        "MAE": 9.791268833324382,
        "R2": 0.09291751454041286,
        "emission": 6.751797609833565e-07
    },
    "CatBoost": {
        "MSE": 263.50271759081295,
        "MAE": 9.057375411760017,
        "R2": 0.1907717178266055,
        "emission": 2.2079199967315855e-06
    },
    "DNN": {
        "MSE": 257.5939379422537,
        "MAE": 9.383874896609447,
        "R2": 0.20891783657810115,
        "emission": 3.927300987696357e-06
    }
}