{
    "Linear-SVR": {
        "MSE": 348.19893672935456,
        "MAE": 7.593603374356014,
        "R2": -0.06933404710328528,
        "emission": 1.1788548388901402e-08
    },
    "RBF-SVR": {
        "MSE": 361.6244363904478,
        "MAE": 7.2741610395486545,
        "R2": -0.11056433925130338,
        "emission": 1.9260451783782446e-08
    },
    "DecisionTree": {
        "MSE": 406.26548781829433,
        "MAE": 10.54695113355291,
        "R2": -0.2476589456813887,
        "emission": 1.173725827311496e-08
    },
    "ExtraTrees": {
        "MSE": 290.4841523646098,
        "MAE": 9.483090970447622,
        "R2": 0.10791056059755999,
        "emission": 6.536488766475408e-07
    },
    "RandomForest": {
        "MSE": 297.4602995082469,
        "MAE": 9.743420420134827,
        "R2": 0.08648650994317275,
        "emission": 2.0150132580354032e-06
    },
    "KNeighbors": {
        "MSE": 297.4093502347418,
        "MAE": 8.968920187793428,
        "R2": 0.08664297737338944,
        "emission": 1.1061474497070526e-08
    },
    "PLS": {
        "MSE": 279.4804853499751,
        "MAE": 10.224974810519232,
        "R2": 0.14170329957677796,
        "emission": 3.912638102610416e-07
    },
    "PLS-SKLEARN": {
        "MSE": 288.7794980147682,
        "MAE": 10.060241196534227,
        "R2": 0.11314562809073059,
        "emission": 9.09150529893728e-07
    },
    "XGBoost": {
        "MSE": 295.36622145197765,
        "MAE": 9.791268833324382,
        "R2": 0.09291751454041286,
        "emission": 1.97526921182922e-06
    },
    "CatBoost": {
        "MSE": 263.50271759081295,
        "MAE": 9.057375411760017,
        "R2": 0.1907717178266055,
        "emission": 3.81948910092836e-06
    },
    "DNN": {
        "MSE": 265.33922633921844,
        "MAE": 9.377428103301307,
        "R2": 0.18513171975274745,
        "emission": 1.6361166778123373e-05
    }
}