{
    "Linear-SVR": {
        "MSE": 359.9938161126022,
        "MAE": 11.11443399839477,
        "R2": -0.1269203462308317,
        "emission": 2.1471596882910067e-09
    },
    "RBF-SVR": {
        "MSE": 351.8282231230729,
        "MAE": 10.633975299744971,
        "R2": -0.10135887137465782,
        "emission": 3.050109802409091e-09
    },
    "DecisionTree": {
        "MSE": 263.8799621262979,
        "MAE": 10.751188794688652,
        "R2": 0.17395331538214043,
        "emission": 1.4576523719113415e-09
    },
    "ExtraTrees": {
        "MSE": 299.46533128569394,
        "MAE": 11.580411165883262,
        "R2": 0.0625573003980523,
        "emission": 1.1315142958304572e-07
    },
    "RandomForest": {
        "MSE": 299.23821314640435,
        "MAE": 11.571876483506932,
        "R2": 0.06326826831113286,
        "emission": 3.297865448101584e-07
    },
    "KNeighbors": {
        "MSE": 309.3168995305165,
        "MAE": 11.506760563380283,
        "R2": 0.03171806872108496,
        "emission": 4.589253410727991e-09
    },
    "PLS": {
        "MSE": 305.08994843171376,
        "MAE": 11.785193140618706,
        "R2": 0.0449500660014871,
        "emission": 1.774222195320465e-08
    },
    "PLS-SKLEARN": {
        "MSE": 305.08994843171376,
        "MAE": 11.785193140618706,
        "R2": 0.0449500660014871,
        "emission": 3.7072398240254485e-09
    },
    "XGBoost": {
        "MSE": 290.7779017207969,
        "MAE": 11.744739353712735,
        "R2": 0.08975232624279483,
        "emission": 6.609526474553344e-07
    },
    "CatBoost": {
        "MSE": 277.0054275045161,
        "MAE": 11.291357446311427,
        "R2": 0.13286551518549528,
        "emission": 2.221003058329093e-06
    },
    "DNN": {
        "MSE": 317.2792741365725,
        "MAE": 12.444118024811077,
        "R2": 0.006792746267574867,
        "emission": 3.92667694002986e-06
    }
}