{
    "Linear-SVR": {
        "MSE": 1333.3469658069923,
        "MAE": 24.513416955649877,
        "R2": -0.05300348610771444,
        "emission": 2.3548452219795005e-09
    },
    "RBF-SVR": {
        "MSE": 1646.437256364982,
        "MAE": 25.041810094784456,
        "R2": -0.3002648335878899,
        "emission": 3.351860519747241e-09
    },
    "DecisionTree": {
        "MSE": 1646.5060834163853,
        "MAE": 28.77252204829669,
        "R2": -0.3003191893759365,
        "emission": 1.3315768744208155e-09
    },
    "ExtraTrees": {
        "MSE": 875.2748015042506,
        "MAE": 23.64234692930452,
        "R2": 0.3087565045543975,
        "emission": 1.1546879730631643e-07
    },
    "RandomForest": {
        "MSE": 885.6227926704626,
        "MAE": 23.95722108250759,
        "R2": 0.3005842350314095,
        "emission": 3.2090491227584427e-07
    },
    "KNeighbors": {
        "MSE": 929.3326985915492,
        "MAE": 22.421596244131457,
        "R2": 0.2660645754884132,
        "emission": 3.781875687120308e-09
    },
    "PLS": {
        "MSE": 1026.4288491733664,
        "MAE": 25.19923890838991,
        "R2": 0.1893834207160603,
        "emission": 1.782904163677094e-08
    },
    "PLS-SKLEARN": {
        "MSE": 1024.3977965382362,
        "MAE": 25.15678659079534,
        "R2": 0.19098743344500957,
        "emission": 3.934015783662688e-09
    },
    "XGBoost": {
        "MSE": 867.2768712296255,
        "MAE": 22.17343772574909,
        "R2": 0.3150728263196999,
        "emission": 6.710231734248711e-07
    },
    "CatBoost": {
        "MSE": 762.947811571128,
        "MAE": 20.60822902631102,
        "R2": 0.39746613154333077,
        "emission": 2.2378210480677365e-06
    },
    "DNN": {
        "MSE": 935.9785677838931,
        "MAE": 21.701064384753153,
        "R2": 0.260816036580524,
        "emission": 4.020025386676807e-06
    }
}