{
    "Linear-SVR": {
        "MSE": 1103.5565898078328,
        "MAE": 27.348156351649276,
        "R2": 0.260674460078992,
        "emission": 2.0582659287367422e-09
    },
    "RBF-SVR": {
        "MSE": 1469.00126109938,
        "MAE": 31.704013370882205,
        "R2": 0.01584553022689761,
        "emission": 3.137079734462886e-09
    },
    "DecisionTree": {
        "MSE": 1349.4745874302923,
        "MAE": 28.281668006830735,
        "R2": 0.09592218724794666,
        "emission": 1.5009526254825435e-09
    },
    "ExtraTrees": {
        "MSE": 958.8285812307677,
        "MAE": 25.736738208352488,
        "R2": 0.3576347012403116,
        "emission": 1.1638819805023031e-07
    },
    "RandomForest": {
        "MSE": 991.4973256871377,
        "MAE": 26.496114188466226,
        "R2": 0.33574834094232897,
        "emission": 3.082365472496605e-07
    },
    "KNeighbors": {
        "MSE": 990.9325990610329,
        "MAE": 24.829201877934267,
        "R2": 0.33612667842099464,
        "emission": 4.455979512373892e-09
    },
    "PLS": {
        "MSE": 1037.6715449315418,
        "MAE": 26.484650023182212,
        "R2": 0.3048140147024353,
        "emission": 1.7656428962031163e-08
    },
    "PLS-SKLEARN": {
        "MSE": 1022.6624483536692,
        "MAE": 26.106853391708484,
        "R2": 0.31486932906841136,
        "emission": 3.891866630224877e-09
    },
    "XGBoost": {
        "MSE": 890.0649182887165,
        "MAE": 23.742319386255243,
        "R2": 0.40370278030495743,
        "emission": 6.924014377668157e-07
    },
    "CatBoost": {
        "MSE": 893.436241709287,
        "MAE": 24.194064833320272,
        "R2": 0.4014441688923831,
        "emission": 2.2188989022685045e-06
    },
    "DNN": {
        "MSE": 1321.3093545609358,
        "MAE": 24.947278325125012,
        "R2": 0.11479142892567873,
        "emission": 4.06327774933974e-06
    }
}