{
    "Linear-SVR": {
        "MSE": 430.3444330544366,
        "MAE": 9.973831133430958,
        "R2": -0.0936710194451893,
        "emission": 2.3129710074816005e-09
    },
    "RBF-SVR": {
        "MSE": 459.9459728598346,
        "MAE": 9.816426757748802,
        "R2": -0.16889993779399903,
        "emission": 3.007640874997257e-09
    },
    "DecisionTree": {
        "MSE": 644.2069713295976,
        "MAE": 13.994302241747294,
        "R2": -0.6371781321000998,
        "emission": 1.4163688678226024e-09
    },
    "ExtraTrees": {
        "MSE": 319.8136412499879,
        "MAE": 11.807130193205131,
        "R2": 0.18723031090283004,
        "emission": 1.1044453178285404e-07
    },
    "RandomForest": {
        "MSE": 356.567836280611,
        "MAE": 12.345049991341332,
        "R2": 0.09382373965308832,
        "emission": 3.606559574612638e-07
    },
    "KNeighbors": {
        "MSE": 310.67719812206565,
        "MAE": 10.892206572769952,
        "R2": 0.21044953323340843,
        "emission": 2.5435607913384744e-09
    },
    "PLS": {
        "MSE": 370.8339490023628,
        "MAE": 13.33695311287773,
        "R2": 0.057568050383036584,
        "emission": 1.73296393509118e-08
    },
    "PLS-SKLEARN": {
        "MSE": 370.83394900236283,
        "MAE": 13.336953112877733,
        "R2": 0.05756805038303647,
        "emission": 3.657081197473204e-09
    },
    "XGBoost": {
        "MSE": 378.8104430609558,
        "MAE": 12.899552635582682,
        "R2": 0.03729670557501308,
        "emission": 6.65985188381258e-07
    },
    "CatBoost": {
        "MSE": 323.0218962129815,
        "MAE": 11.756526999753987,
        "R2": 0.1790768988762974,
        "emission": 2.2551188006142626e-06
    },
    "DNN": {
        "MSE": 306.94125925074985,
        "MAE": 11.91222795530664,
        "R2": 0.21994399339169746,
        "emission": 3.951083317924882e-06
    }
}