{
    "Linear-SVR": {
        "MSE": 298.9117960415102,
        "MAE": 8.342110647148372,
        "R2": -0.10450131931375028,
        "emission": 2.274085935051476e-09
    },
    "RBF-SVR": {
        "MSE": 319.97212412252117,
        "MAE": 8.22959372589672,
        "R2": -0.18232079803190304,
        "emission": 3.1558178572447085e-09
    },
    "DecisionTree": {
        "MSE": 316.8365285171139,
        "MAE": 10.142156135990351,
        "R2": -0.17073453904557034,
        "emission": 1.4397173780328143e-09
    },
    "ExtraTrees": {
        "MSE": 259.3821995426628,
        "MAE": 10.218948053819455,
        "R2": 0.041563479945138426,
        "emission": 1.1062948562528207e-07
    },
    "RandomForest": {
        "MSE": 246.41805418794485,
        "MAE": 10.201892757572093,
        "R2": 0.08946696129879084,
        "emission": 3.3318961508775485e-07
    },
    "KNeighbors": {
        "MSE": 244.0710366197183,
        "MAE": 9.283286384976526,
        "R2": 0.09813936578362015,
        "emission": 4.010132567860405e-09
    },
    "PLS": {
        "MSE": 251.5486511225823,
        "MAE": 10.493753260982201,
        "R2": 0.07050902401354842,
        "emission": 1.7453853899546655e-08
    },
    "PLS-SKLEARN": {
        "MSE": 251.54865112258236,
        "MAE": 10.493753260982205,
        "R2": 0.07050902401354808,
        "emission": 3.760731282204698e-09
    },
    "XGBoost": {
        "MSE": 213.99891244938541,
        "MAE": 9.44439470238389,
        "R2": 0.20925810134562195,
        "emission": 6.649074956436386e-07
    },
    "CatBoost": {
        "MSE": 191.71684424423736,
        "MAE": 9.16955175635679,
        "R2": 0.291592000695005,
        "emission": 2.2165834689016977e-06
    },
    "DNN": {
        "MSE": 225.3328330552686,
        "MAE": 9.152901807232396,
        "R2": 0.16737842169438188,
        "emission": 3.9635488158084955e-06
    }
}