{
    "Linear-SVR": {
        "MSE": 318.74500376250506,
        "MAE": 7.464978910956634,
        "R2": -0.06969781225705707,
        "emission": 2.3044499120921226e-09
    },
    "RBF-SVR": {
        "MSE": 338.1331715914528,
        "MAE": 7.286692091998339,
        "R2": -0.13476386965556264,
        "emission": 3.043291752755468e-09
    },
    "DecisionTree": {
        "MSE": 426.58855165757524,
        "MAE": 10.286334061536094,
        "R2": -0.4316172333857715,
        "emission": 1.4462460031643093e-09
    },
    "ExtraTrees": {
        "MSE": 285.95022855074455,
        "MAE": 9.894155115332834,
        "R2": 0.04036038123111574,
        "emission": 1.1127228404482999e-07
    },
    "RandomForest": {
        "MSE": 262.3103566388784,
        "MAE": 9.684014090505965,
        "R2": 0.11969501853574283,
        "emission": 3.4430622606794074e-07
    },
    "KNeighbors": {
        "MSE": 295.7259192488263,
        "MAE": 9.056901408450704,
        "R2": 0.0075534828339532956,
        "emission": 2.4954360216439303e-09
    },
    "PLS": {
        "MSE": 262.1036566652506,
        "MAE": 9.966466118977975,
        "R2": 0.12038869688982912,
        "emission": 1.7177899751697342e-08
    },
    "PLS-SKLEARN": {
        "MSE": 262.1036566652506,
        "MAE": 9.966466118977978,
        "R2": 0.12038869688982912,
        "emission": 3.732641562076858e-09
    },
    "XGBoost": {
        "MSE": 302.8004070417309,
        "MAE": 10.23113658138389,
        "R2": -0.016188266920806438,
        "emission": 6.667212057204593e-07
    },
    "CatBoost": {
        "MSE": 274.722571606966,
        "MAE": 9.570860326938016,
        "R2": 0.07804003088134648,
        "emission": 2.2074387569745815e-06
    },
    "DNN": {
        "MSE": 244.14962464499706,
        "MAE": 9.591948854601439,
        "R2": 0.18064184139893713,
        "emission": 3.9310573160701946e-06
    }
}