{
    "Linear-SVR": {
        "MSE": 795.0677331672557,
        "MAE": 12.985493310992931,
        "R2": -0.14306940619762143,
        "emission": 1.1166167785959795e-08
    },
    "RBF-SVR": {
        "MSE": 826.6801041793697,
        "MAE": 12.909313951138023,
        "R2": -0.1885185329246828,
        "emission": 1.469734595114904e-08
    },
    "DecisionTree": {
        "MSE": 719.7092588877659,
        "MAE": 15.72235524256651,
        "R2": -0.034726477849283954,
        "emission": 9.902349662305388e-09
    },
    "ExtraTrees": {
        "MSE": 409.723270706314,
        "MAE": 14.15437023701039,
        "R2": 0.4109405825263316,
        "emission": 5.807843994760154e-07
    },
    "RandomForest": {
        "MSE": 446.633050258136,
        "MAE": 14.878278559444368,
        "R2": 0.3578753680355924,
        "emission": 1.8921343650196165e-06
    },
    "KNeighbors": {
        "MSE": 508.0655061032864,
        "MAE": 14.701220657276997,
        "R2": 0.2695538856073709,
        "emission": 6.6893787414642425e-09
    },
    "PLS": {
        "MSE": 596.449133171898,
        "MAE": 17.652880134741576,
        "R2": 0.14248468647329315,
        "emission": 3.8340542352419257e-07
    },
    "PLS-SKLEARN": {
        "MSE": 598.1464253526169,
        "MAE": 17.81321672132803,
        "R2": 0.1400444883817047,
        "emission": 9.13303086366724e-07
    },
    "XGBoost": {
        "MSE": 557.9274425104493,
        "MAE": 16.01696308278632,
        "R2": 0.19786734663320116,
        "emission": 1.7924030748894904e-06
    },
    "CatBoost": {
        "MSE": 454.04275191537306,
        "MAE": 14.453922782522577,
        "R2": 0.3472224350588019,
        "emission": 3.750245805023764e-06
    },
    "DNN": {
        "MSE": 476.38562773561915,
        "MAE": 15.127293078811237,
        "R2": 0.3151000677041915,
        "emission": 1.612860275891837e-05
    }
}