{
    "Linear-SVR": {
        "MSE": 561.7078784367067,
        "MAE": 8.918295797403738,
        "R2": -0.1301724699049991,
        "emission": 2.571694580280671e-09
    },
    "RBF-SVR": {
        "MSE": 563.1994059372046,
        "MAE": 8.862631904111861,
        "R2": -0.1331734663016677,
        "emission": 2.930208148157202e-09
    },
    "DecisionTree": {
        "MSE": 653.4349559400675,
        "MAE": 13.578447769953051,
        "R2": -0.3147299983264591,
        "emission": 1.3701214355366453e-09
    },
    "ExtraTrees": {
        "MSE": 477.5750904252531,
        "MAE": 12.894828718718374,
        "R2": 0.039105128784783894,
        "emission": 1.1146456134508181e-07
    },
    "RandomForest": {
        "MSE": 494.09925434266415,
        "MAE": 13.235223906891227,
        "R2": 0.005858033871978918,
        "emission": 3.3983892266293125e-07
    },
    "KNeighbors": {
        "MSE": 506.26262159624406,
        "MAE": 13.31380281690141,
        "R2": -0.01861501224159623,
        "emission": 3.6822917521432364e-09
    },
    "PLS": {
        "MSE": 484.44149415171063,
        "MAE": 13.975267803958491,
        "R2": 0.025289726229824394,
        "emission": 1.7361494077410948e-08
    },
    "PLS-SKLEARN": {
        "MSE": 489.9273228926583,
        "MAE": 13.881838723819188,
        "R2": 0.014252080407786472,
        "emission": 3.6700268710547164e-09
    },
    "XGBoost": {
        "MSE": 445.22191795360453,
        "MAE": 13.445773857119692,
        "R2": 0.10420064594809819,
        "emission": 6.752683769905485e-07
    },
    "CatBoost": {
        "MSE": 482.61018600948785,
        "MAE": 12.916750349005538,
        "R2": 0.02897437108831058,
        "emission": 2.2025026455073607e-06
    },
    "DNN": {
        "MSE": 412.7427899743217,
        "MAE": 10.95393045575931,
        "R2": 0.169549589229553,
        "emission": 4.240419566011728e-06
    }
}