{
    "Linear-SVR": {
        "MSE": 545.6404877897353,
        "MAE": 11.083950650156407,
        "R2": -0.040980101212845454,
        "emission": 1.2748277233337164e-08
    },
    "RBF-SVR": {
        "MSE": 576.820887471153,
        "MAE": 10.532704965931194,
        "R2": -0.10046647794361152,
        "emission": 1.7853950743194155e-08
    },
    "DecisionTree": {
        "MSE": 554.2117488991915,
        "MAE": 13.660310369798099,
        "R2": -0.05733246592351149,
        "emission": 1.1315930748381114e-08
    },
    "ExtraTrees": {
        "MSE": 500.2653401573683,
        "MAE": 14.41643538075683,
        "R2": 0.04558720240904268,
        "emission": 6.159729537614841e-07
    },
    "RandomForest": {
        "MSE": 496.7071719739306,
        "MAE": 14.494844500312297,
        "R2": 0.05237552248171795,
        "emission": 1.8269223088238747e-06
    },
    "KNeighbors": {
        "MSE": 478.51341032863843,
        "MAE": 13.690610328638497,
        "R2": 0.08708582031111389,
        "emission": 6.065415974160045e-09
    },
    "PLS": {
        "MSE": 444.86008502919475,
        "MAE": 14.364896692707397,
        "R2": 0.15129007707049047,
        "emission": 3.596257189107315e-07
    },
    "PLS-SKLEARN": {
        "MSE": 466.73965558102014,
        "MAE": 14.76901751955619,
        "R2": 0.10954794451761862,
        "emission": 9.234541705488252e-07
    },
    "XGBoost": {
        "MSE": 484.9208105039044,
        "MAE": 14.572560999997204,
        "R2": 0.07486169795909026,
        "emission": 1.962001681699392e-06
    },
    "CatBoost": {
        "MSE": 467.33478691697445,
        "MAE": 13.650257299747015,
        "R2": 0.10841254512516119,
        "emission": 3.7596183049641326e-06
    },
    "DNN": {
        "MSE": 423.882234616462,
        "MAE": 13.294437018218735,
        "R2": 0.1913118960787048,
        "emission": 1.6391212120030165e-05
    }
}