{
    "Linear-SVR": {
        "MSE": 545.6404877897353,
        "MAE": 11.083950650156407,
        "R2": -0.040980101212845454,
        "emission": 2.1845188608683855e-09
    },
    "RBF-SVR": {
        "MSE": 576.820887471153,
        "MAE": 10.532704965931194,
        "R2": -0.10046647794361152,
        "emission": 3.231860248898664e-09
    },
    "DecisionTree": {
        "MSE": 554.2117488991915,
        "MAE": 13.660310369798099,
        "R2": -0.05733246592351149,
        "emission": 1.4063095805737332e-09
    },
    "ExtraTrees": {
        "MSE": 500.2653401573683,
        "MAE": 14.41643538075683,
        "R2": 0.04558720240904268,
        "emission": 1.1370014776490299e-07
    },
    "RandomForest": {
        "MSE": 496.7071719739306,
        "MAE": 14.494844500312297,
        "R2": 0.05237552248171795,
        "emission": 3.251967920463174e-07
    },
    "KNeighbors": {
        "MSE": 478.51341032863843,
        "MAE": 13.690610328638497,
        "R2": 0.08708582031111389,
        "emission": 4.5010126807598046e-09
    },
    "PLS": {
        "MSE": 444.86008502919475,
        "MAE": 14.364896692707397,
        "R2": 0.15129007707049047,
        "emission": 1.722953754008327e-08
    },
    "PLS-SKLEARN": {
        "MSE": 466.73965558102026,
        "MAE": 14.76901751955619,
        "R2": 0.10954794451761851,
        "emission": 3.785399434491797e-09
    },
    "XGBoost": {
        "MSE": 484.9208105039044,
        "MAE": 14.572560999997204,
        "R2": 0.07486169795909026,
        "emission": 6.687239053616739e-07
    },
    "CatBoost": {
        "MSE": 467.33478691697445,
        "MAE": 13.650257299747015,
        "R2": 0.10841254512516119,
        "emission": 2.225009940750827e-06
    },
    "DNN": {
        "MSE": 414.0185840192222,
        "MAE": 12.769561637367861,
        "R2": 0.21012989845722252,
        "emission": 3.994028523824627e-06
    }
}