{
    "Linear-SVR": {
        "MSE": 384.84662197127767,
        "MAE": 8.520633902973287,
        "R2": -0.1362796098940089,
        "emission": 1.4244749661776865e-08
    },
    "RBF-SVR": {
        "MSE": 393.58377398415604,
        "MAE": 8.342115219446699,
        "R2": -0.16207650432931708,
        "emission": 1.4814930875278705e-08
    },
    "DecisionTree": {
        "MSE": 385.0508480711416,
        "MAE": 11.921430564873045,
        "R2": -0.1368825980452233,
        "emission": 1.0322828177455352e-08
    },
    "ExtraTrees": {
        "MSE": 347.62181691483556,
        "MAE": 12.222311563539373,
        "R2": -0.026371442449911076,
        "emission": 6.44690688061374e-07
    },
    "RandomForest": {
        "MSE": 331.368408969438,
        "MAE": 12.181560059292346,
        "R2": 0.02161758742657527,
        "emission": 1.921216995935634e-06
    },
    "KNeighbors": {
        "MSE": 371.08624413145543,
        "MAE": 11.283098591549297,
        "R2": -0.0956513806952235,
        "emission": 2.2887660301327488e-08
    },
    "PLS": {
        "MSE": 331.9275383309138,
        "MAE": 12.02178493049895,
        "R2": 0.019966728989820104,
        "emission": 3.99262558757239e-07
    },
    "PLS-SKLEARN": {
        "MSE": 345.60095652931807,
        "MAE": 12.255137891986307,
        "R2": -0.02040474735786635,
        "emission": 8.302109549417019e-07
    },
    "XGBoost": {
        "MSE": 308.1238838832059,
        "MAE": 11.424329234442801,
        "R2": 0.09024825322757724,
        "emission": 2.0372355321619534e-06
    },
    "CatBoost": {
        "MSE": 322.2949222076943,
        "MAE": 11.961698816417794,
        "R2": 0.04840752765055911,
        "emission": 3.8112022944584385e-06
    },
    "DNN": {
        "MSE": 352.6076933932957,
        "MAE": 12.587762375255531,
        "R2": -0.04109250132501585,
        "emission": 1.6646524967225702e-05
    }
}