{
    "Linear-SVR": {
        "MSE": 795.0677331672557,
        "MAE": 12.985493310992931,
        "R2": -0.14306940619762143,
        "emission": 2.286499555766807e-09
    },
    "RBF-SVR": {
        "MSE": 826.6801041793697,
        "MAE": 12.909313951138023,
        "R2": -0.1885185329246828,
        "emission": 3.210123228121895e-09
    },
    "DecisionTree": {
        "MSE": 719.7092588877659,
        "MAE": 15.72235524256651,
        "R2": -0.034726477849283954,
        "emission": 1.5316690830071808e-09
    },
    "ExtraTrees": {
        "MSE": 409.723270706314,
        "MAE": 14.15437023701039,
        "R2": 0.4109405825263316,
        "emission": 1.1108936658761712e-07
    },
    "RandomForest": {
        "MSE": 446.633050258136,
        "MAE": 14.878278559444368,
        "R2": 0.3578753680355924,
        "emission": 3.2957380618524107e-07
    },
    "KNeighbors": {
        "MSE": 508.0655061032864,
        "MAE": 14.701220657276997,
        "R2": 0.2695538856073709,
        "emission": 3.955395738594193e-09
    },
    "PLS": {
        "MSE": 511.11752333445486,
        "MAE": 15.45274856823281,
        "R2": 0.2651659984141137,
        "emission": 1.7381380338253982e-08
    },
    "PLS-SKLEARN": {
        "MSE": 522.8586278292265,
        "MAE": 16.02946528262689,
        "R2": 0.2482858047110199,
        "emission": 3.776426338681214e-09
    },
    "XGBoost": {
        "MSE": 557.9274425104493,
        "MAE": 16.01696308278632,
        "R2": 0.19786734663320116,
        "emission": 7.238569844044807e-07
    },
    "CatBoost": {
        "MSE": 454.04275191537306,
        "MAE": 14.453922782522577,
        "R2": 0.3472224350588019,
        "emission": 2.1931965114536083e-06
    },
    "DNN": {
        "MSE": 478.20546173318365,
        "MAE": 14.347700394913906,
        "R2": 0.31248369116141883,
        "emission": 3.94276840863615e-06
    }
}