{
    "Linear-SVR": {
        "MSE": 645.5153416401103,
        "MAE": 13.069324768148604,
        "R2": -0.20077867388494286,
        "emission": 2.262847711613875e-09
    },
    "RBF-SVR": {
        "MSE": 669.915145754675,
        "MAE": 12.78530025464696,
        "R2": -0.2461668506450767,
        "emission": 3.012753574518697e-09
    },
    "DecisionTree": {
        "MSE": 529.5547687658919,
        "MAE": 14.594341671922079,
        "R2": 0.014929573366093574,
        "emission": 1.3645832604927243e-09
    },
    "ExtraTrees": {
        "MSE": 483.497379521245,
        "MAE": 15.276257282990716,
        "R2": 0.10060488921416122,
        "emission": 1.1150878485973413e-07
    },
    "RandomForest": {
        "MSE": 464.7883876774975,
        "MAE": 15.055437120456075,
        "R2": 0.13540709601962597,
        "emission": 3.242202433642197e-07
    },
    "KNeighbors": {
        "MSE": 490.67993051643197,
        "MAE": 15.237464788732394,
        "R2": 0.0872440076010329,
        "emission": 4.390947198942903e-09
    },
    "PLS": {
        "MSE": 580.5375343398958,
        "MAE": 17.010471874837695,
        "R2": -0.0799078591283775,
        "emission": 1.71598930769245e-08
    },
    "PLS-SKLEARN": {
        "MSE": 533.9024708114805,
        "MAE": 16.447518485607528,
        "R2": 0.006842038399869077,
        "emission": 3.7452498152281395e-09
    },
    "XGBoost": {
        "MSE": 550.7025940978226,
        "MAE": 16.170406200752286,
        "R2": -0.02440931762463938,
        "emission": 6.588084206712579e-07
    },
    "CatBoost": {
        "MSE": 450.3713736684901,
        "MAE": 14.890772982925574,
        "R2": 0.16222542526201322,
        "emission": 2.2661807591536427e-06
    },
    "DNN": {
        "MSE": 545.1295724661999,
        "MAE": 15.559963742328783,
        "R2": -0.014042460181175498,
        "emission": 3.966270390675904e-06
    }
}