{
    "Linear-SVR": {
        "MSE": 384.84662197127767,
        "MAE": 8.520633902973287,
        "R2": -0.1362796098940089,
        "emission": 2.469097483367952e-09
    },
    "RBF-SVR": {
        "MSE": 393.58377398415604,
        "MAE": 8.342115219446699,
        "R2": -0.16207650432931708,
        "emission": 2.975145464243366e-09
    },
    "DecisionTree": {
        "MSE": 385.0508480711416,
        "MAE": 11.921430564873045,
        "R2": -0.1368825980452233,
        "emission": 1.4983975863510023e-09
    },
    "ExtraTrees": {
        "MSE": 347.62181691483556,
        "MAE": 12.222311563539373,
        "R2": -0.026371442449911076,
        "emission": 1.133458000649709e-07
    },
    "RandomForest": {
        "MSE": 331.368408969438,
        "MAE": 12.181560059292346,
        "R2": 0.02161758742657527,
        "emission": 3.2491098567888567e-07
    },
    "KNeighbors": {
        "MSE": 371.08624413145543,
        "MAE": 11.283098591549297,
        "R2": -0.0956513806952235,
        "emission": 3.779830708670108e-09
    },
    "PLS": {
        "MSE": 331.9275383309138,
        "MAE": 12.02178493049895,
        "R2": 0.019966728989820104,
        "emission": 1.8348187302043267e-08
    },
    "PLS-SKLEARN": {
        "MSE": 345.60095652931807,
        "MAE": 12.255137891986307,
        "R2": -0.02040474735786635,
        "emission": 3.709646071388846e-09
    },
    "XGBoost": {
        "MSE": 308.1238838832059,
        "MAE": 11.424329234442801,
        "R2": 0.09024825322757724,
        "emission": 6.887288372727871e-07
    },
    "CatBoost": {
        "MSE": 322.2949222076943,
        "MAE": 11.961698816417794,
        "R2": 0.04840752765055911,
        "emission": 2.2548738890193562e-06
    },
    "DNN": {
        "MSE": 347.489902428122,
        "MAE": 12.089755362300247,
        "R2": -0.025981958086674473,
        "emission": 3.9224118172718306e-06
    }
}