{
    "Linear-SVR": {
        "MSE": 375.0773828713404,
        "MAE": 6.282871373743199,
        "R2": -0.07534430326505359,
        "emission": 2.442011312772147e-09
    },
    "RBF-SVR": {
        "MSE": 377.79866380168716,
        "MAE": 6.124216584957024,
        "R2": -0.08314619716660077,
        "emission": 2.947040200786786e-09
    },
    "DecisionTree": {
        "MSE": 437.92608725967307,
        "MAE": 8.79066122734248,
        "R2": -0.25553111088913716,
        "emission": 1.4577214663604476e-09
    },
    "ExtraTrees": {
        "MSE": 363.52567596325883,
        "MAE": 9.18930894169073,
        "R2": -0.0422256382005326,
        "emission": 1.114758210138349e-07
    },
    "RandomForest": {
        "MSE": 362.2007890650839,
        "MAE": 9.41676670080915,
        "R2": -0.03842719648294257,
        "emission": 3.305587996700253e-07
    },
    "KNeighbors": {
        "MSE": 383.5794985915493,
        "MAE": 9.807417840375587,
        "R2": -0.0997198111547497,
        "emission": 2.2396761580960326e-09
    },
    "PLS": {
        "MSE": 371.8737451125454,
        "MAE": 10.151307932619606,
        "R2": -0.06615949562010215,
        "emission": 1.7874511684349218e-08
    },
    "PLS-SKLEARN": {
        "MSE": 360.84717862207964,
        "MAE": 9.71259138255151,
        "R2": -0.03454640455786939,
        "emission": 3.827750155583873e-09
    },
    "XGBoost": {
        "MSE": 364.67068912785265,
        "MAE": 10.131994482899355,
        "R2": -0.04550838314847794,
        "emission": 6.879659513775825e-07
    },
    "CatBoost": {
        "MSE": 359.7815808021393,
        "MAE": 8.966245604745845,
        "R2": -0.03149134286240707,
        "emission": 2.226737542446697e-06
    },
    "DNN": {
        "MSE": 358.0098153210883,
        "MAE": 7.6721535176738325,
        "R2": -0.026411703289942023,
        "emission": 3.821595570193334e-06
    }
}