{
    "Linear-SVR": {
        "MSE": 542.5035574746926,
        "MAE": 11.550963056763539,
        "R2": -0.13463646035082943,
        "emission": 2.38025055470514e-09
    },
    "RBF-SVR": {
        "MSE": 578.3597191367523,
        "MAE": 11.540943633532605,
        "R2": -0.2096289793665307,
        "emission": 3.0588353232708537e-09
    },
    "DecisionTree": {
        "MSE": 648.3784428388369,
        "MAE": 15.896055904148275,
        "R2": -0.35607188416411284,
        "emission": 1.4408968185748832e-09
    },
    "ExtraTrees": {
        "MSE": 419.55859222766594,
        "MAE": 14.62369861438948,
        "R2": 0.12250072937598555,
        "emission": 1.104963683630681e-07
    },
    "RandomForest": {
        "MSE": 436.8851318875685,
        "MAE": 14.83091599204056,
        "R2": 0.0862625824385671,
        "emission": 3.2101697102272994e-07
    },
    "KNeighbors": {
        "MSE": 433.76427042253516,
        "MAE": 13.987417840375588,
        "R2": 0.09278980821827254,
        "emission": 3.499005665497594e-09
    },
    "PLS": {
        "MSE": 465.0244006336416,
        "MAE": 15.596803480978537,
        "R2": 0.027409806549821947,
        "emission": 1.8033062720850194e-08
    },
    "PLS-SKLEARN": {
        "MSE": 465.0244006336416,
        "MAE": 15.59680348097854,
        "R2": 0.027409806549821947,
        "emission": 3.6983830848458555e-09
    },
    "XGBoost": {
        "MSE": 449.7107188082819,
        "MAE": 14.457674827644418,
        "R2": 0.059438097428035075,
        "emission": 6.788307579936915e-07
    },
    "CatBoost": {
        "MSE": 438.22448160762565,
        "MAE": 14.643982700810877,
        "R2": 0.08346135652106068,
        "emission": 2.220495025310522e-06
    },
    "DNN": {
        "MSE": 476.74567335760827,
        "MAE": 14.980857905983365,
        "R2": 0.002894974875287337,
        "emission": 3.852665470480949e-06
    }
}