{
    "Linear-SVR": {
        "MSE": 622.9352600397077,
        "MAE": 14.63179410132685,
        "R2": -0.16602071235461202,
        "emission": 1.2901134585581786e-08
    },
    "RBF-SVR": {
        "MSE": 681.7723288677757,
        "MAE": 14.388610703129446,
        "R2": -0.2761529288282598,
        "emission": 1.8472210944323008e-08
    },
    "DecisionTree": {
        "MSE": 720.7837569063039,
        "MAE": 17.278107442469025,
        "R2": -0.34917517693242983,
        "emission": 1.1150960439255087e-08
    },
    "ExtraTrees": {
        "MSE": 506.65069860233876,
        "MAE": 15.618671358890232,
        "R2": 0.051642688420617255,
        "emission": 6.348839303097887e-07
    },
    "RandomForest": {
        "MSE": 488.41893321959697,
        "MAE": 15.231625624079019,
        "R2": 0.08576921395669257,
        "emission": 1.9409241479003087e-06
    },
    "KNeighbors": {
        "MSE": 503.4106835680751,
        "MAE": 14.2543661971831,
        "R2": 0.05770740313599709,
        "emission": 8.224066896721769e-09
    },
    "PLS": {
        "MSE": 498.4435934522017,
        "MAE": 15.54009986554287,
        "R2": 0.06700488607968391,
        "emission": 3.865742243008183e-07
    },
    "PLS-SKLEARN": {
        "MSE": 499.29625335796254,
        "MAE": 16.15180921210599,
        "R2": 0.06540886290602677,
        "emission": 7.849891564165267e-07
    },
    "XGBoost": {
        "MSE": 478.5488128771382,
        "MAE": 15.347125739229956,
        "R2": 0.10424427146428317,
        "emission": 2.0664577986666836e-06
    },
    "CatBoost": {
        "MSE": 472.4989868615183,
        "MAE": 15.056078267467033,
        "R2": 0.11556843770252911,
        "emission": 3.946353470579272e-06
    },
    "DNN": {
        "MSE": 484.682587036684,
        "MAE": 15.722782635129112,
        "R2": 0.09276296967622888,
        "emission": 1.666524862912288e-05
    }
}