{
    "Linear-SVR": {
        "MSE": 337.506063647638,
        "MAE": 11.574097360419731,
        "R2": -0.2121462498459743,
        "emission": 2.2637028479922e-09
    },
    "RBF-SVR": {
        "MSE": 381.98239251249964,
        "MAE": 12.012465218678901,
        "R2": -0.37188209179737464,
        "emission": 3.211714359449682e-09
    },
    "DecisionTree": {
        "MSE": 345.39434655019375,
        "MAE": 11.803668415723095,
        "R2": -0.24047685947922748,
        "emission": 1.493808224329444e-09
    },
    "ExtraTrees": {
        "MSE": 271.47040587064424,
        "MAE": 10.90677264342346,
        "R2": 0.025019488942242707,
        "emission": 1.1221492442565111e-07
    },
    "RandomForest": {
        "MSE": 268.1769987271193,
        "MAE": 10.742062933253923,
        "R2": 0.03684769456052006,
        "emission": 3.237789808704851e-07
    },
    "KNeighbors": {
        "MSE": 321.45945727699535,
        "MAE": 11.78206572769953,
        "R2": -0.15451518531127606,
        "emission": 2.899156454834679e-09
    },
    "PLS": {
        "MSE": 284.14566317059985,
        "MAE": 11.635030421932559,
        "R2": -0.020503443107993125,
        "emission": 1.716711951149038e-08
    },
    "PLS-SKLEARN": {
        "MSE": 269.290799285597,
        "MAE": 11.340608226276812,
        "R2": 0.0328475022219179,
        "emission": 3.553925303592705e-09
    },
    "XGBoost": {
        "MSE": 317.54459968037554,
        "MAE": 12.176254252137992,
        "R2": -0.14045505287058035,
        "emission": 7.141948323719352e-07
    },
    "CatBoost": {
        "MSE": 308.92320086881153,
        "MAE": 11.894439008172744,
        "R2": -0.10949147217244426,
        "emission": 2.1974619869550653e-06
    },
    "DNN": {
        "MSE": 341.63765579462233,
        "MAE": 12.214568171177952,
        "R2": -0.22698478007187495,
        "emission": 3.978403066874584e-06
    }
}