{
    "Linear-SVR": {
        "MSE": 337.506063647638,
        "MAE": 11.574097360419731,
        "R2": -0.2121462498459743,
        "emission": 1.1135749625215664e-08
    },
    "RBF-SVR": {
        "MSE": 381.98239251249964,
        "MAE": 12.012465218678901,
        "R2": -0.37188209179737464,
        "emission": 1.6097878419678584e-08
    },
    "DecisionTree": {
        "MSE": 345.39434655019375,
        "MAE": 11.803668415723095,
        "R2": -0.24047685947922748,
        "emission": 1.1889691665737701e-08
    },
    "ExtraTrees": {
        "MSE": 271.47040587064424,
        "MAE": 10.90677264342346,
        "R2": 0.025019488942242707,
        "emission": 6.402681221500525e-07
    },
    "RandomForest": {
        "MSE": 268.1769987271193,
        "MAE": 10.742062933253923,
        "R2": 0.03684769456052006,
        "emission": 1.9360598077018553e-06
    },
    "KNeighbors": {
        "MSE": 321.45945727699535,
        "MAE": 11.78206572769953,
        "R2": -0.15451518531127606,
        "emission": 2.981657804299663e-08
    },
    "PLS": {
        "MSE": 284.14566317059985,
        "MAE": 11.635030421932559,
        "R2": -0.020503443107993125,
        "emission": 3.866383217707152e-07
    },
    "PLS-SKLEARN": {
        "MSE": 269.290799285597,
        "MAE": 11.340608226276812,
        "R2": 0.0328475022219179,
        "emission": 9.313107693471871e-07
    },
    "XGBoost": {
        "MSE": 317.54459968037554,
        "MAE": 12.176254252137992,
        "R2": -0.14045505287058035,
        "emission": 2.152164098787027e-06
    },
    "CatBoost": {
        "MSE": 308.92320086881153,
        "MAE": 11.894439008172744,
        "R2": -0.10949147217244426,
        "emission": 3.896691492612244e-06
    },
    "DNN": {
        "MSE": 322.50946839430486,
        "MAE": 12.459030644124278,
        "R2": -0.15828627915293247,
        "emission": 1.76470005376162e-05
    }
}