{
    "Linear-SVR": {
        "MSE": 441.09906483397083,
        "MAE": 7.418020452776249,
        "R2": -0.10222390954860439,
        "emission": 1.4502400738935782e-08
    },
    "RBF-SVR": {
        "MSE": 443.3721709588169,
        "MAE": 7.199335386680171,
        "R2": -0.10790397581827516,
        "emission": 1.4282558543919133e-08
    },
    "DecisionTree": {
        "MSE": 523.4762554237378,
        "MAE": 10.13616486039811,
        "R2": -0.3080690729330695,
        "emission": 1.1151915103486883e-08
    },
    "ExtraTrees": {
        "MSE": 374.3089235707509,
        "MAE": 9.799259367718168,
        "R2": 0.06467213828173823,
        "emission": 6.403997427457314e-07
    },
    "RandomForest": {
        "MSE": 379.1916432851619,
        "MAE": 9.862047084771863,
        "R2": 0.052471136643084115,
        "emission": 1.9700457388696423e-06
    },
    "KNeighbors": {
        "MSE": 414.7046704225352,
        "MAE": 9.551830985915496,
        "R2": -0.03626926371572159,
        "emission": 6.526003082380883e-09
    },
    "PLS": {
        "MSE": 427.56744746145085,
        "MAE": 11.207512724608797,
        "R2": -0.06841093329922443,
        "emission": 3.9231149053131174e-07
    },
    "PLS-SKLEARN": {
        "MSE": 420.86354415347154,
        "MAE": 11.087832197609638,
        "R2": -0.05165913511498199,
        "emission": 1.1433744615623462e-06
    },
    "XGBoost": {
        "MSE": 388.4553355362757,
        "MAE": 9.59567922275216,
        "R2": 0.02932290554510808,
        "emission": 2.154829911882012e-06
    },
    "CatBoost": {
        "MSE": 360.82402508982887,
        "MAE": 9.139506287557174,
        "R2": 0.09836837277523569,
        "emission": 3.9689489200547325e-06
    },
    "DNN": {
        "MSE": 438.92817027444465,
        "MAE": 9.594366070716706,
        "R2": -0.09679925082818897,
        "emission": 1.75676585602101e-05
    }
}