{
    "Linear-SVR": {
        "MSE": 385.74801284079086,
        "MAE": 13.02995583256776,
        "R2": -0.18494926977948611,
        "emission": 1.1981802228173054e-08
    },
    "RBF-SVR": {
        "MSE": 431.2992811342201,
        "MAE": 12.886645097449948,
        "R2": -0.3248746622768568,
        "emission": 1.721594613893167e-08
    },
    "DecisionTree": {
        "MSE": 499.01301808882994,
        "MAE": 15.716376608031545,
        "R2": -0.5328792157352342,
        "emission": 1.014848951188601e-08
    },
    "ExtraTrees": {
        "MSE": 316.103811100819,
        "MAE": 14.269070669783437,
        "R2": 0.02898532806435372,
        "emission": 6.757911013759398e-07
    },
    "RandomForest": {
        "MSE": 309.71362161130764,
        "MAE": 14.131113669727887,
        "R2": 0.048614853343267206,
        "emission": 1.9351881906652896e-06
    },
    "KNeighbors": {
        "MSE": 354.2356807511738,
        "MAE": 14.173708920187794,
        "R2": -0.08814899173359003,
        "emission": 7.338050289640923e-09
    },
    "PLS": {
        "MSE": 398.2463042226584,
        "MAE": 15.872427631731487,
        "R2": -0.22334179742303784,
        "emission": 3.879065205132309e-07
    },
    "PLS-SKLEARN": {
        "MSE": 385.97866327897304,
        "MAE": 15.58219823840098,
        "R2": -0.18565778689221335,
        "emission": 7.984238385886328e-07
    },
    "XGBoost": {
        "MSE": 407.98283906208206,
        "MAE": 15.560237656246889,
        "R2": -0.25325070029253705,
        "emission": 1.8107390988862894e-06
    },
    "CatBoost": {
        "MSE": 334.3066158006566,
        "MAE": 14.430744120525372,
        "R2": -0.02693044964287572,
        "emission": 3.909483112239426e-06
    },
    "DNN": {
        "MSE": 431.29042387665913,
        "MAE": 16.191860972155986,
        "R2": -0.32484745435736073,
        "emission": 1.7147044214168504e-05
    }
}