{
    "Linear-SVR": {
        "MSE": 568.7886514852811,
        "MAE": 19.87591386732556,
        "R2": 0.062148294176276764,
        "emission": 2.056135916523321e-09
    },
    "RBF-SVR": {
        "MSE": 590.7389920353933,
        "MAE": 20.583573750104378,
        "R2": 0.025955300039390283,
        "emission": 3.0810582153751633e-09
    },
    "DecisionTree": {
        "MSE": 756.6377810171199,
        "MAE": 22.550054686331308,
        "R2": -0.2475882417213553,
        "emission": 1.4424002739595176e-09
    },
    "ExtraTrees": {
        "MSE": 557.4201634843885,
        "MAE": 20.100033732332804,
        "R2": 0.08089331631487262,
        "emission": 1.1072313368751781e-07
    },
    "RandomForest": {
        "MSE": 561.4977067862801,
        "MAE": 19.954128832069692,
        "R2": 0.07417002651071924,
        "emission": 3.151685211884736e-07
    },
    "KNeighbors": {
        "MSE": 625.9410328638497,
        "MAE": 20.743661971830985,
        "R2": -0.03208786582412304,
        "emission": 3.962924102988163e-09
    },
    "PLS": {
        "MSE": 601.2078645317118,
        "MAE": 19.92752701155382,
        "R2": 0.008693616102685597,
        "emission": 1.8251609308012984e-08
    },
    "PLS-SKLEARN": {
        "MSE": 586.6735009672321,
        "MAE": 20.032502922522117,
        "R2": 0.03265871742180393,
        "emission": 3.780973166428839e-09
    },
    "XGBoost": {
        "MSE": 652.7943929166092,
        "MAE": 21.184695433842744,
        "R2": -0.0763652427844661,
        "emission": 6.98582679989609e-07
    },
    "CatBoost": {
        "MSE": 560.8827600078878,
        "MAE": 19.696599220441133,
        "R2": 0.07518398641234536,
        "emission": 2.1960933079203136e-06
    },
    "DNN": {
        "MSE": 674.6551671141966,
        "MAE": 21.00393948532606,
        "R2": -0.1124105547264278,
        "emission": 3.9619801122572695e-06
    }
}