{
    "Linear-SVR": {
        "MSE": 384.7081128387636,
        "MAE": 12.18456345223404,
        "R2": -0.14471065230578262,
        "emission": 1.2212369285630239e-08
    },
    "RBF-SVR": {
        "MSE": 385.5504857116244,
        "MAE": 12.00063101397777,
        "R2": -0.14721715832579285,
        "emission": 1.697967414074754e-08
    },
    "DecisionTree": {
        "MSE": 395.3323503850035,
        "MAE": 12.738088879432654,
        "R2": -0.1763233932019046,
        "emission": 1.2076623328809478e-08
    },
    "ExtraTrees": {
        "MSE": 310.1564948886277,
        "MAE": 12.71900676511617,
        "R2": 0.0771199469618723,
        "emission": 6.296676522617671e-07
    },
    "RandomForest": {
        "MSE": 305.0841815967733,
        "MAE": 12.749045306984813,
        "R2": 0.0922127689306449,
        "emission": 1.8141979038559703e-06
    },
    "KNeighbors": {
        "MSE": 302.56352863849764,
        "MAE": 12.589014084507042,
        "R2": 0.09971304822242466,
        "emission": 8.81242441985898e-09
    },
    "PLS": {
        "MSE": 329.2053577286432,
        "MAE": 13.082602810108554,
        "R2": 0.02043947810881097,
        "emission": 3.781450991478791e-07
    },
    "PLS-SKLEARN": {
        "MSE": 339.985834804288,
        "MAE": 13.072994536107954,
        "R2": -0.011638158243508112,
        "emission": 8.960798665697362e-07
    },
    "XGBoost": {
        "MSE": 365.5293118197534,
        "MAE": 14.222171359005529,
        "R2": -0.0876435484620035,
        "emission": 1.8107667980602953e-06
    },
    "CatBoost": {
        "MSE": 301.2499884429105,
        "MAE": 12.53718383419452,
        "R2": 0.10362152689480109,
        "emission": 3.886223565467242e-06
    },
    "DNN": {
        "MSE": 341.1085361786819,
        "MAE": 13.950226936625764,
        "R2": -0.014978790218081794,
        "emission": 1.62228592523839e-05
    }
}