{
    "Linear-SVR": {
        "MSE": 385.74801284079086,
        "MAE": 13.02995583256776,
        "R2": -0.18494926977948611,
        "emission": 2.269937807041576e-09
    },
    "RBF-SVR": {
        "MSE": 431.2992811342201,
        "MAE": 12.886645097449948,
        "R2": -0.3248746622768568,
        "emission": 3.020933348746028e-09
    },
    "DecisionTree": {
        "MSE": 499.01301808882994,
        "MAE": 15.716376608031545,
        "R2": -0.5328792157352342,
        "emission": 1.5184701050490026e-09
    },
    "ExtraTrees": {
        "MSE": 316.103811100819,
        "MAE": 14.269070669783437,
        "R2": 0.02898532806435372,
        "emission": 1.1588045236006323e-07
    },
    "RandomForest": {
        "MSE": 309.71362161130764,
        "MAE": 14.131113669727887,
        "R2": 0.048614853343267206,
        "emission": 3.1367785288713766e-07
    },
    "KNeighbors": {
        "MSE": 354.2356807511738,
        "MAE": 14.173708920187794,
        "R2": -0.08814899173359003,
        "emission": 3.174147088427071e-09
    },
    "PLS": {
        "MSE": 390.3193398057597,
        "MAE": 15.768437857541707,
        "R2": -0.19899157296381564,
        "emission": 1.811674021775283e-08
    },
    "PLS-SKLEARN": {
        "MSE": 377.6700213423413,
        "MAE": 15.593849235476702,
        "R2": -0.1601351169938865,
        "emission": 3.858777762078817e-09
    },
    "XGBoost": {
        "MSE": 407.98283906208206,
        "MAE": 15.560237656246889,
        "R2": -0.25325070029253705,
        "emission": 6.709387719450157e-07
    },
    "CatBoost": {
        "MSE": 334.3066158006566,
        "MAE": 14.430744120525372,
        "R2": -0.02693044964287572,
        "emission": 2.2477217807552395e-06
    },
    "DNN": {
        "MSE": 456.2215846546392,
        "MAE": 16.573794137808918,
        "R2": -0.4014315449429817,
        "emission": 4.023209321013669e-06
    }
}