{
    "Linear-SVR": {
        "MSE": 707.5073910984879,
        "MAE": 13.030107289388582,
        "R2": -0.14722328524779815,
        "emission": 2.4647724771973523e-09
    },
    "RBF-SVR": {
        "MSE": 746.9820990583069,
        "MAE": 13.176697589773116,
        "R2": -0.21123152702679726,
        "emission": 3.095186833596596e-09
    },
    "DecisionTree": {
        "MSE": 524.3018932089408,
        "MAE": 13.056160485501135,
        "R2": 0.1498444426779546,
        "emission": 1.5040447862733062e-09
    },
    "ExtraTrees": {
        "MSE": 364.7869560526723,
        "MAE": 12.977372503321769,
        "R2": 0.40849792468099444,
        "emission": 1.1208658438274138e-07
    },
    "RandomForest": {
        "MSE": 386.58335937557007,
        "MAE": 13.205503661864947,
        "R2": 0.37315505513463243,
        "emission": 3.280303867860542e-07
    },
    "KNeighbors": {
        "MSE": 386.8247136150234,
        "MAE": 12.105164319248827,
        "R2": 0.3727636992181037,
        "emission": 5.637770542318586e-09
    },
    "PLS": {
        "MSE": 424.4964065238769,
        "MAE": 14.686184993799117,
        "R2": 0.3116790464731476,
        "emission": 1.780626049278325e-08
    },
    "PLS-SKLEARN": {
        "MSE": 431.43770080822327,
        "MAE": 14.597543929714384,
        "R2": 0.3004237372948281,
        "emission": 3.6391109105967417e-09
    },
    "XGBoost": {
        "MSE": 351.0740998491991,
        "MAE": 13.416873816997162,
        "R2": 0.4307333219952951,
        "emission": 6.781019564900887e-07
    },
    "CatBoost": {
        "MSE": 288.5849432612096,
        "MAE": 11.313874996175038,
        "R2": 0.5320594938702374,
        "emission": 2.241542533680954e-06
    },
    "DNN": {
        "MSE": 296.7310672912778,
        "MAE": 11.532400984775292,
        "R2": 0.5188505531730936,
        "emission": 4.0178014107827725e-06
    }
}