{
    "Linear-SVR": {
        "MSE": 125.12160772077337,
        "MAE": 6.340060598618226,
        "R2": -0.27399288760680873,
        "emission": 1.3561650684240456e-08
    },
    "RBF-SVR": {
        "MSE": 128.02033991863763,
        "MAE": 6.180307831990169,
        "R2": -0.30350788721740596,
        "emission": 1.8155785005464347e-08
    },
    "DecisionTree": {
        "MSE": 214.93856596437507,
        "MAE": 7.889691452015396,
        "R2": -1.1885125143381448,
        "emission": 1.1886768858370825e-08
    },
    "ExtraTrees": {
        "MSE": 120.66108647465441,
        "MAE": 7.579683356918867,
        "R2": -0.22857569351786844,
        "emission": 6.128342856084433e-07
    },
    "RandomForest": {
        "MSE": 109.51149504793486,
        "MAE": 7.3085890942198,
        "R2": -0.11505013677261045,
        "emission": 1.9707469233405467e-06
    },
    "KNeighbors": {
        "MSE": 127.7814234741784,
        "MAE": 7.630798122065729,
        "R2": -0.30107523104779665,
        "emission": 9.695322694765332e-09
    },
    "PLS": {
        "MSE": 112.21511330399561,
        "MAE": 7.456512670674694,
        "R2": -0.1425784789332385,
        "emission": 3.7217431436919525e-07
    },
    "PLS-SKLEARN": {
        "MSE": 112.21511330399558,
        "MAE": 7.456512670674694,
        "R2": -0.14257847893323827,
        "emission": 9.278341587334311e-07
    },
    "XGBoost": {
        "MSE": 132.02880292113986,
        "MAE": 8.10476900464877,
        "R2": -0.3443222073692003,
        "emission": 1.9555140421470255e-06
    },
    "CatBoost": {
        "MSE": 98.25709803853974,
        "MAE": 6.927154402248957,
        "R2": -0.00045744566629069006,
        "emission": 3.929953981755883e-06
    },
    "DNN": {
        "MSE": 109.63235869568106,
        "MAE": 7.425365902448484,
        "R2": -0.11628077495256828,
        "emission": 1.633896065868115e-05
    }
}