{
    "Linear-SVR": {
        "MSE": 125.12160772077337,
        "MAE": 6.340060598618226,
        "R2": -0.27399288760680873,
        "emission": 2.385062041388201e-09
    },
    "RBF-SVR": {
        "MSE": 128.02033991863763,
        "MAE": 6.180307831990169,
        "R2": -0.30350788721740596,
        "emission": 3.271574742036158e-09
    },
    "DecisionTree": {
        "MSE": 214.93856596437507,
        "MAE": 7.889691452015396,
        "R2": -1.1885125143381448,
        "emission": 1.5316375098164517e-09
    },
    "ExtraTrees": {
        "MSE": 120.66108647465441,
        "MAE": 7.579683356918867,
        "R2": -0.22857569351786844,
        "emission": 1.1183054959824469e-07
    },
    "RandomForest": {
        "MSE": 109.51149504793486,
        "MAE": 7.3085890942198,
        "R2": -0.11505013677261045,
        "emission": 3.3109107601440424e-07
    },
    "KNeighbors": {
        "MSE": 127.7814234741784,
        "MAE": 7.630798122065729,
        "R2": -0.30107523104779665,
        "emission": 4.027447992790204e-09
    },
    "PLS": {
        "MSE": 112.21511330399561,
        "MAE": 7.456512670674694,
        "R2": -0.1425784789332385,
        "emission": 1.8077590390484657e-08
    },
    "PLS-SKLEARN": {
        "MSE": 112.21511330399558,
        "MAE": 7.456512670674694,
        "R2": -0.14257847893323827,
        "emission": 3.829613871823719e-09
    },
    "XGBoost": {
        "MSE": 132.02880292113986,
        "MAE": 8.10476900464877,
        "R2": -0.3443222073692003,
        "emission": 7.209796437341798e-07
    },
    "CatBoost": {
        "MSE": 98.25709803853974,
        "MAE": 6.927154402248957,
        "R2": -0.00045744566629069006,
        "emission": 2.1990101874187085e-06
    },
    "DNN": {
        "MSE": 108.02158766100403,
        "MAE": 7.395079785109686,
        "R2": -0.09987984405723349,
        "emission": 3.917135866865268e-06
    }
}