{
    "Linear-SVR": {
        "MSE": 380.3668958267361,
        "MAE": 8.303720736903513,
        "R2": -0.10665526485628707,
        "emission": 1.3548228945720202e-08
    },
    "RBF-SVR": {
        "MSE": 392.1979371797849,
        "MAE": 8.271422138125743,
        "R2": -0.14107698858076168,
        "emission": 1.4678115978635322e-08
    },
    "DecisionTree": {
        "MSE": 316.0029241208075,
        "MAE": 10.155951639037765,
        "R2": 0.08060795109895458,
        "emission": 1.0183187475881625e-08
    },
    "ExtraTrees": {
        "MSE": 263.59244146875596,
        "MAE": 10.285903831281077,
        "R2": 0.23309318889675734,
        "emission": 6.41835684813901e-07
    },
    "RandomForest": {
        "MSE": 265.77595647995196,
        "MAE": 10.327049503968366,
        "R2": 0.22674037951837878,
        "emission": 1.924896142468712e-06
    },
    "KNeighbors": {
        "MSE": 300.0728,
        "MAE": 10.439061032863853,
        "R2": 0.1269557166945604,
        "emission": 9.820707079336208e-09
    },
    "PLS": {
        "MSE": 276.1060487716222,
        "MAE": 11.041226513530862,
        "R2": 0.1966855794123369,
        "emission": 3.9021261667680157e-07
    },
    "PLS-SKLEARN": {
        "MSE": 276.47448613388,
        "MAE": 10.83327052245505,
        "R2": 0.195613632428554,
        "emission": 9.382667802459259e-07
    },
    "XGBoost": {
        "MSE": 318.0908103594065,
        "MAE": 11.495230975486512,
        "R2": 0.07453336804843846,
        "emission": 2.0330561143580005e-06
    },
    "CatBoost": {
        "MSE": 246.33835287640622,
        "MAE": 9.661526757861193,
        "R2": 0.2832929517849516,
        "emission": 3.8067401102522713e-06
    },
    "DNN": {
        "MSE": 266.96242512339717,
        "MAE": 10.907311965042437,
        "R2": 0.22328841830602975,
        "emission": 1.649776728898486e-05
    }
}