{
    "Linear-SVR": {
        "MSE": 504.7649870026909,
        "MAE": 9.831805115623345,
        "R2": -0.014553280460061657,
        "emission": 2.3180321368646287e-09
    },
    "RBF-SVR": {
        "MSE": 558.7257021604372,
        "MAE": 9.499887556420145,
        "R2": -0.1230117155515007,
        "emission": 3.040843186684961e-09
    },
    "DecisionTree": {
        "MSE": 428.9633907498513,
        "MAE": 10.756978233034571,
        "R2": 0.1378042723073959,
        "emission": 1.5132733763287086e-09
    },
    "ExtraTrees": {
        "MSE": 294.3651026918402,
        "MAE": 10.639884879200752,
        "R2": 0.40834034000187636,
        "emission": 1.1172255512496309e-07
    },
    "RandomForest": {
        "MSE": 377.11027949848994,
        "MAE": 12.328427184079636,
        "R2": 0.24202652519089218,
        "emission": 3.4000229703150893e-07
    },
    "KNeighbors": {
        "MSE": 308.85546103286384,
        "MAE": 10.067699530516432,
        "R2": 0.3792154185662123,
        "emission": 2.880235721491105e-09
    },
    "PLS": {
        "MSE": 426.5681063588228,
        "MAE": 14.124470265316655,
        "R2": 0.14261867841544051,
        "emission": 1.7646328954863567e-08
    },
    "PLS-SKLEARN": {
        "MSE": 462.8705476008089,
        "MAE": 14.642555036118164,
        "R2": 0.06965252228510388,
        "emission": 3.7369288140085554e-09
    },
    "XGBoost": {
        "MSE": 433.46813298406204,
        "MAE": 13.971794121784153,
        "R2": 0.12874995766785635,
        "emission": 6.755920599644332e-07
    },
    "CatBoost": {
        "MSE": 322.97492719683356,
        "MAE": 10.881701553378306,
        "R2": 0.35083597251932563,
        "emission": 2.2463133826018182e-06
    },
    "DNN": {
        "MSE": 312.6771703671107,
        "MAE": 10.252082768835985,
        "R2": 0.3715339671148177,
        "emission": 3.900887578744629e-06
    }
}