{
    "Linear-SVR": {
        "MSE": 503.7013881050331,
        "MAE": 10.495273201987954,
        "R2": -0.010526966809710325,
        "emission": 2.340832223604112e-09
    },
    "RBF-SVR": {
        "MSE": 554.6937701644931,
        "MAE": 10.09594650960491,
        "R2": -0.11282800943102411,
        "emission": 3.0467681475397304e-09
    },
    "DecisionTree": {
        "MSE": 507.24280232111175,
        "MAE": 12.854524583397822,
        "R2": -0.01763176074219075,
        "emission": 1.4820484052901916e-09
    },
    "ExtraTrees": {
        "MSE": 325.2119459696254,
        "MAE": 12.12552472522051,
        "R2": 0.3475589921097437,
        "emission": 1.0974108885870207e-07
    },
    "RandomForest": {
        "MSE": 418.18657628509976,
        "MAE": 13.929307159545083,
        "R2": 0.16103305952017732,
        "emission": 3.4116478280550594e-07
    },
    "KNeighbors": {
        "MSE": 341.2709971830986,
        "MAE": 10.947605633802816,
        "R2": 0.31534128396793315,
        "emission": 3.882650760493344e-09
    },
    "PLS": {
        "MSE": 435.40827313224344,
        "MAE": 14.685348135339385,
        "R2": 0.12648284884132277,
        "emission": 1.773890897893761e-08
    },
    "PLS-SKLEARN": {
        "MSE": 443.3137838291604,
        "MAE": 15.035557707260557,
        "R2": 0.11062279378828521,
        "emission": 3.756143213377237e-09
    },
    "XGBoost": {
        "MSE": 434.2205187976303,
        "MAE": 13.73728621939958,
        "R2": 0.12886572451610923,
        "emission": 6.804866541867168e-07
    },
    "CatBoost": {
        "MSE": 325.1217641309949,
        "MAE": 11.79441765565287,
        "R2": 0.3477399151367687,
        "emission": 2.234972751289138e-06
    },
    "DNN": {
        "MSE": 365.685976539946,
        "MAE": 11.659688708630386,
        "R2": 0.266359892181393,
        "emission": 3.945236252129056e-06
    }
}