{
    "Linear-SVR": {
        "MSE": 525.0081607111341,
        "MAE": 10.90604403296269,
        "R2": -0.05144353881675823,
        "emission": 2.398460469489694e-09
    },
    "RBF-SVR": {
        "MSE": 573.9020200975715,
        "MAE": 10.529561307529226,
        "R2": -0.1493641739361249,
        "emission": 2.936170414560993e-09
    },
    "DecisionTree": {
        "MSE": 394.1790814929415,
        "MAE": 11.091423012549773,
        "R2": 0.21057027416281038,
        "emission": 1.545774627937133e-09
    },
    "ExtraTrees": {
        "MSE": 328.823174431454,
        "MAE": 11.848989505005951,
        "R2": 0.3414597561667275,
        "emission": 1.111126096622591e-07
    },
    "RandomForest": {
        "MSE": 391.0440409123277,
        "MAE": 13.079602091323293,
        "R2": 0.2168488778286083,
        "emission": 3.430330965017978e-07
    },
    "KNeighbors": {
        "MSE": 336.6400638497652,
        "MAE": 11.028920187793426,
        "R2": 0.3258047273736595,
        "emission": 3.975402468773564e-09
    },
    "PLS": {
        "MSE": 467.32037167219613,
        "MAE": 14.795771959952555,
        "R2": 0.064088861615754,
        "emission": 1.8119479021138017e-08
    },
    "PLS-SKLEARN": {
        "MSE": 455.68482325479243,
        "MAE": 14.57831560847663,
        "R2": 0.08739158930573376,
        "emission": 3.7189473505390792e-09
    },
    "XGBoost": {
        "MSE": 421.1060829847803,
        "MAE": 13.106093842188605,
        "R2": 0.15664307101238006,
        "emission": 7.254043583468639e-07
    },
    "CatBoost": {
        "MSE": 359.3245572098828,
        "MAE": 12.433793782253128,
        "R2": 0.28037407360530675,
        "emission": 2.2490616637616755e-06
    },
    "DNN": {
        "MSE": 358.20045377716747,
        "MAE": 11.001634518204895,
        "R2": 0.2826253363088984,
        "emission": 3.910844468024023e-06
    }
}