{
    "Linear-SVR": {
        "MSE": 786.339837594487,
        "MAE": 15.710927422628146,
        "R2": -0.1651592260659287,
        "emission": 2.2270938474787783e-09
    },
    "RBF-SVR": {
        "MSE": 807.3226312769042,
        "MAE": 15.537160946264764,
        "R2": -0.1962504851867901,
        "emission": 3.2880618442015054e-09
    },
    "DecisionTree": {
        "MSE": 755.8096888704032,
        "MAE": 17.364774949958367,
        "R2": -0.11992117152725523,
        "emission": 1.4279759423344865e-09
    },
    "ExtraTrees": {
        "MSE": 595.5358749837302,
        "MAE": 16.50480302515705,
        "R2": 0.11756458719775831,
        "emission": 1.1486856531027504e-07
    },
    "RandomForest": {
        "MSE": 585.0583936776382,
        "MAE": 16.473002080914096,
        "R2": 0.13308959741099147,
        "emission": 3.385194181484946e-07
    },
    "KNeighbors": {
        "MSE": 652.250903286385,
        "MAE": 16.252957746478874,
        "R2": 0.033527081625636,
        "emission": 5.483622971199188e-09
    },
    "PLS": {
        "MSE": 688.2696730211719,
        "MAE": 18.5579389702149,
        "R2": -0.019843738294178292,
        "emission": 1.7864355131828268e-08
    },
    "PLS-SKLEARN": {
        "MSE": 661.862370542593,
        "MAE": 17.878382336017715,
        "R2": 0.019285287919927008,
        "emission": 3.975362649136539e-09
    },
    "XGBoost": {
        "MSE": 574.0092336378156,
        "MAE": 15.852011658856426,
        "R2": 0.14946169271276522,
        "emission": 6.843156011384399e-07
    },
    "CatBoost": {
        "MSE": 517.501218644358,
        "MAE": 15.269825969512937,
        "R2": 0.2331924562687797,
        "emission": 2.2191720410211673e-06
    },
    "DNN": {
        "MSE": 687.6656018157696,
        "MAE": 17.63192199006362,
        "R2": -0.018948655653664215,
        "emission": 4.1653898146651975e-06
    }
}