{
    "Linear-SVR": {
        "MSE": 568.416277475714,
        "MAE": 12.68371852667231,
        "R2": -0.06331470222623259,
        "emission": 1.1873246709375703e-08
    },
    "RBF-SVR": {
        "MSE": 625.660148611204,
        "MAE": 12.755457993291865,
        "R2": -0.1703986338494099,
        "emission": 1.589912039324051e-08
    },
    "DecisionTree": {
        "MSE": 431.50398316963054,
        "MAE": 11.927882446192305,
        "R2": 0.19280191726555096,
        "emission": 1.0657676134829869e-08
    },
    "ExtraTrees": {
        "MSE": 293.5169998937522,
        "MAE": 11.811912015230696,
        "R2": 0.45092891652157696,
        "emission": 6.089417950886702e-07
    },
    "RandomForest": {
        "MSE": 351.3201029630406,
        "MAE": 12.417246836336727,
        "R2": 0.3427988509984293,
        "emission": 1.7937083243232348e-06
    },
    "KNeighbors": {
        "MSE": 377.6186910798123,
        "MAE": 12.449107981220656,
        "R2": 0.2936030828607896,
        "emission": 5.739199697652266e-09
    },
    "PLS": {
        "MSE": 346.89663491956384,
        "MAE": 13.90661120196493,
        "R2": 0.3510736643558946,
        "emission": 3.632358114681592e-07
    },
    "PLS-SKLEARN": {
        "MSE": 352.5498792411959,
        "MAE": 14.22250404891492,
        "R2": 0.34049835530745665,
        "emission": 9.147087324104108e-07
    },
    "XGBoost": {
        "MSE": 323.0160726307693,
        "MAE": 12.54996025562986,
        "R2": 0.3957461235822042,
        "emission": 1.6780203154796406e-06
    },
    "CatBoost": {
        "MSE": 288.77829803277456,
        "MAE": 11.204611509583819,
        "R2": 0.45979342578690074,
        "emission": 3.777718695489417e-06
    },
    "DNN": {
        "MSE": 261.1410759666266,
        "MAE": 10.681994591576391,
        "R2": 0.5114933255190683,
        "emission": 1.6192775737877783e-05
    }
}