{
    "Linear-SVR": {
        "MSE": 691.689195310534,
        "MAE": 15.673528463622738,
        "R2": -0.03478089943956508,
        "emission": 2.2430508716424452e-09
    },
    "RBF-SVR": {
        "MSE": 769.8276069688734,
        "MAE": 16.12065631395722,
        "R2": -0.15167752937795087,
        "emission": 3.1578955625347722e-09
    },
    "DecisionTree": {
        "MSE": 590.7044978936523,
        "MAE": 15.072801722806735,
        "R2": 0.11629423189273691,
        "emission": 1.4986084642015134e-09
    },
    "ExtraTrees": {
        "MSE": 426.31694441616423,
        "MAE": 14.053290361188177,
        "R2": 0.36222130665026,
        "emission": 1.1490590757898014e-07
    },
    "RandomForest": {
        "MSE": 461.57309586185556,
        "MAE": 14.746616944974424,
        "R2": 0.30947739746230274,
        "emission": 3.300625494061467e-07
    },
    "KNeighbors": {
        "MSE": 527.8869953051643,
        "MAE": 14.844976525821597,
        "R2": 0.21027047479165917,
        "emission": 4.654710570180896e-09
    },
    "PLS": {
        "MSE": 447.789869010286,
        "MAE": 15.483218304503175,
        "R2": 0.33009738108405584,
        "emission": 1.830028532373398e-08
    },
    "PLS-SKLEARN": {
        "MSE": 481.8686041080399,
        "MAE": 15.763386386022672,
        "R2": 0.2791149103511066,
        "emission": 3.9551430285270636e-09
    },
    "XGBoost": {
        "MSE": 498.5893403873727,
        "MAE": 15.036197730730956,
        "R2": 0.25410035375007156,
        "emission": 6.90311440171102e-07
    },
    "CatBoost": {
        "MSE": 424.8387627240773,
        "MAE": 13.830409798298268,
        "R2": 0.3644326960882375,
        "emission": 2.2372156607354304e-06
    },
    "DNN": {
        "MSE": 422.38339430539384,
        "MAE": 13.7547932734232,
        "R2": 0.3681059764545732,
        "emission": 4.062135840825344e-06
    }
}