{
    "Linear-SVR": {
        "MSE": 289.2984736192059,
        "MAE": 12.246343934967937,
        "R2": -0.07996380666849268,
        "emission": 2.282454000171544e-09
    },
    "RBF-SVR": {
        "MSE": 282.6268412983345,
        "MAE": 12.096928719221452,
        "R2": -0.05505831253365434,
        "emission": 3.079958705781347e-09
    },
    "DecisionTree": {
        "MSE": 352.38376711060454,
        "MAE": 13.324930112731375,
        "R2": -0.31546395587925913,
        "emission": 1.4628700530468259e-09
    },
    "ExtraTrees": {
        "MSE": 241.12644523608657,
        "MAE": 11.405772736566135,
        "R2": 0.0998644741265653,
        "emission": 1.1564238450983996e-07
    },
    "RandomForest": {
        "MSE": 244.9866834136803,
        "MAE": 11.592663586802937,
        "R2": 0.0854540368201846,
        "emission": 3.221855208933964e-07
    },
    "KNeighbors": {
        "MSE": 287.33556807511735,
        "MAE": 12.212582159624413,
        "R2": -0.07263619474920247,
        "emission": 9.741467515057206e-10
    },
    "PLS": {
        "MSE": 290.05396853958376,
        "MAE": 12.937129590182959,
        "R2": -0.08278410212295095,
        "emission": 1.7567423949338077e-08
    },
    "PLS-SKLEARN": {
        "MSE": 268.17453394329226,
        "MAE": 12.250597798027103,
        "R2": -0.0011072194945713765,
        "emission": 3.774149978583927e-09
    },
    "XGBoost": {
        "MSE": 294.91944943311586,
        "MAE": 11.931944635158903,
        "R2": -0.10094715428605405,
        "emission": 6.656151538479548e-07
    },
    "CatBoost": {
        "MSE": 257.7584627431356,
        "MAE": 11.55611440825517,
        "R2": 0.03777642812072113,
        "emission": 2.2672010173347443e-06
    },
    "DNN": {
        "MSE": 319.5336034652559,
        "MAE": 13.108129981498589,
        "R2": -0.1928328637193646,
        "emission": 4.026197380171034e-06
    }
}