{
    "Linear-SVR": {
        "MSE": 632.6910822378239,
        "MAE": 14.181153468950427,
        "R2": -0.1841906010532144,
        "emission": 2.302423748173507e-09
    },
    "RBF-SVR": {
        "MSE": 693.3657001370116,
        "MAE": 14.400597846515955,
        "R2": -0.29775362455052545,
        "emission": 3.0750806211952023e-09
    },
    "DecisionTree": {
        "MSE": 379.5736860792991,
        "MAE": 12.6023666551279,
        "R2": 0.2895623091882459,
        "emission": 1.5520898406719394e-09
    },
    "ExtraTrees": {
        "MSE": 296.2763218223044,
        "MAE": 12.240176402512914,
        "R2": 0.44546770854483264,
        "emission": 1.1377320485348785e-07
    },
    "RandomForest": {
        "MSE": 348.48777972569576,
        "MAE": 12.980965437435318,
        "R2": 0.3477449502315729,
        "emission": 3.238226103750056e-07
    },
    "KNeighbors": {
        "MSE": 344.36961126760565,
        "MAE": 12.483004694835682,
        "R2": 0.355452813545175,
        "emission": 3.1767698383370118e-09
    },
    "PLS": {
        "MSE": 355.72752771317187,
        "MAE": 13.953616845644499,
        "R2": 0.3341945118558025,
        "emission": 1.7596770377697945e-08
    },
    "PLS-SKLEARN": {
        "MSE": 377.2425051242107,
        "MAE": 13.945992170471069,
        "R2": 0.29392551684814494,
        "emission": 3.77430155517845e-09
    },
    "XGBoost": {
        "MSE": 325.41689232790117,
        "MAE": 13.008208769115624,
        "R2": 0.3909260994233612,
        "emission": 8.092534564312092e-07
    },
    "CatBoost": {
        "MSE": 283.87849607312944,
        "MAE": 12.144932278249225,
        "R2": 0.46867238004698275,
        "emission": 2.6871007289681546e-06
    },
    "DNN": {
        "MSE": 317.4848401889547,
        "MAE": 12.428856571494414,
        "R2": 0.40577230455206514,
        "emission": 4.251911065371931e-06
    }
}