{
    "Linear-SVR": {
        "MSE": 289.2984736192059,
        "MAE": 12.246343934967937,
        "R2": -0.07996380666849268,
        "emission": 1.1194025751293153e-08
    },
    "RBF-SVR": {
        "MSE": 282.6268412983345,
        "MAE": 12.096928719221452,
        "R2": -0.05505831253365434,
        "emission": 1.5634674154676716e-08
    },
    "DecisionTree": {
        "MSE": 352.38376711060454,
        "MAE": 13.324930112731375,
        "R2": -0.31546395587925913,
        "emission": 9.022338232572528e-09
    },
    "ExtraTrees": {
        "MSE": 241.12644523608657,
        "MAE": 11.405772736566135,
        "R2": 0.0998644741265653,
        "emission": 6.191434719113557e-07
    },
    "RandomForest": {
        "MSE": 244.9866834136803,
        "MAE": 11.592663586802937,
        "R2": 0.0854540368201846,
        "emission": 1.8104627146929264e-06
    },
    "KNeighbors": {
        "MSE": 287.33556807511735,
        "MAE": 12.212582159624413,
        "R2": -0.07263619474920247,
        "emission": 1.562862279604114e-08
    },
    "PLS": {
        "MSE": 290.05396853958376,
        "MAE": 12.937129590182959,
        "R2": -0.08278410212295095,
        "emission": 3.6599262630844144e-07
    },
    "PLS-SKLEARN": {
        "MSE": 268.17453394329215,
        "MAE": 12.250597798027103,
        "R2": -0.0011072194945709324,
        "emission": 1.0926018105908209e-06
    },
    "XGBoost": {
        "MSE": 294.91944943311586,
        "MAE": 11.931944635158903,
        "R2": -0.10094715428605405,
        "emission": 1.9045194566705223e-06
    },
    "CatBoost": {
        "MSE": 257.7584627431356,
        "MAE": 11.55611440825517,
        "R2": 0.03777642812072113,
        "emission": 3.7824161006917764e-06
    },
    "DNN": {
        "MSE": 296.73264499105295,
        "MAE": 12.68394983231042,
        "R2": -0.10771589230422163,
        "emission": 1.6512104484977813e-05
    }
}