{
    "Linear-SVR": {
        "MSE": 568.416277475714,
        "MAE": 12.68371852667231,
        "R2": -0.06331470222623259,
        "emission": 2.3098075095693017e-09
    },
    "RBF-SVR": {
        "MSE": 625.660148611204,
        "MAE": 12.755457993291865,
        "R2": -0.1703986338494099,
        "emission": 3.13125583729034e-09
    },
    "DecisionTree": {
        "MSE": 431.50398316963054,
        "MAE": 11.927882446192305,
        "R2": 0.19280191726555096,
        "emission": 1.548940266577967e-09
    },
    "ExtraTrees": {
        "MSE": 293.5169998937522,
        "MAE": 11.811912015230696,
        "R2": 0.45092891652157696,
        "emission": 1.1304487310298428e-07
    },
    "RandomForest": {
        "MSE": 351.3201029630406,
        "MAE": 12.417246836336727,
        "R2": 0.3427988509984293,
        "emission": 3.257712780868326e-07
    },
    "KNeighbors": {
        "MSE": 377.6186910798123,
        "MAE": 12.449107981220656,
        "R2": 0.2936030828607896,
        "emission": 3.979105733426956e-09
    },
    "PLS": {
        "MSE": 358.36693540285273,
        "MAE": 14.47866319025751,
        "R2": 0.32961660968286965,
        "emission": 1.8239352221721924e-08
    },
    "PLS-SKLEARN": {
        "MSE": 392.79438860142795,
        "MAE": 14.48359952701386,
        "R2": 0.265214482937274,
        "emission": 3.926636586535558e-09
    },
    "XGBoost": {
        "MSE": 323.0160726307693,
        "MAE": 12.54996025562986,
        "R2": 0.3957461235822042,
        "emission": 6.842375386550435e-07
    },
    "CatBoost": {
        "MSE": 288.77829803277456,
        "MAE": 11.204611509583819,
        "R2": 0.45979342578690074,
        "emission": 2.222209025851852e-06
    },
    "DNN": {
        "MSE": 276.7004899685986,
        "MAE": 10.898212279620724,
        "R2": 0.4823869217760326,
        "emission": 4.121700663146065e-06
    }
}