{
    "Linear-SVR": {
        "MSE": 769.5302263011624,
        "MAE": 13.340296316231882,
        "R2": -0.15880432885450602,
        "emission": 1.1789824782203451e-08
    },
    "RBF-SVR": {
        "MSE": 802.0468914618567,
        "MAE": 13.091603719277236,
        "R2": -0.20776985491219002,
        "emission": 1.5090634537975525e-08
    },
    "DecisionTree": {
        "MSE": 1077.9291317143425,
        "MAE": 19.16411301768162,
        "R2": -0.6232097211216094,
        "emission": 1.1557482057362809e-08
    },
    "ExtraTrees": {
        "MSE": 604.0811713329263,
        "MAE": 16.35804843747915,
        "R2": 0.0903386866494057,
        "emission": 6.298204362021238e-07
    },
    "RandomForest": {
        "MSE": 599.4379326850478,
        "MAE": 16.669129425509766,
        "R2": 0.09733075123786072,
        "emission": 1.91629254181352e-06
    },
    "KNeighbors": {
        "MSE": 642.7442103286385,
        "MAE": 15.664225352112679,
        "R2": 0.032117585744439014,
        "emission": 7.761566132720305e-09
    },
    "PLS": {
        "MSE": 807.3304458838107,
        "MAE": 21.163242380679,
        "R2": -0.21572614503132903,
        "emission": 4.08794127350237e-07
    },
    "PLS-SKLEARN": {
        "MSE": 809.9402375494386,
        "MAE": 21.234229381425614,
        "R2": -0.2196561243566042,
        "emission": 9.776235500665408e-07
    },
    "XGBoost": {
        "MSE": 567.2667346251181,
        "MAE": 15.656990316212877,
        "R2": 0.1457760524126741,
        "emission": 2.0962359814238543e-06
    },
    "CatBoost": {
        "MSE": 550.979778897696,
        "MAE": 15.665267594835843,
        "R2": 0.1703019178767453,
        "emission": 3.8059108035297066e-06
    },
    "DNN": {
        "MSE": 614.6235895353402,
        "MAE": 15.688542351912831,
        "R2": 0.07446328704584193,
        "emission": 1.8242894809725305e-05
    }
}