{
    "Linear-SVR": {
        "MSE": 486.0216911547457,
        "MAE": 10.753125851384638,
        "R2": -0.12470133418215057,
        "emission": 2.3857780364880392e-09
    },
    "RBF-SVR": {
        "MSE": 523.8660886538291,
        "MAE": 11.029863172656272,
        "R2": -0.21227694064821412,
        "emission": 3.1232338732676776e-09
    },
    "DecisionTree": {
        "MSE": 393.5327129403947,
        "MAE": 11.091933602721914,
        "R2": 0.08932713221751987,
        "emission": 1.486898834660187e-09
    },
    "ExtraTrees": {
        "MSE": 260.6234243653957,
        "MAE": 10.587320802714764,
        "R2": 0.39689211729121576,
        "emission": 1.109327946044902e-07
    },
    "RandomForest": {
        "MSE": 285.62501716889517,
        "MAE": 10.439844316068342,
        "R2": 0.33903600655680466,
        "emission": 3.2294880435864843e-07
    },
    "KNeighbors": {
        "MSE": 249.5283361502347,
        "MAE": 9.963286384976527,
        "R2": 0.42256722757037213,
        "emission": 3.5738526598816647e-09
    },
    "PLS": {
        "MSE": 296.3652922257655,
        "MAE": 11.712050121134533,
        "R2": 0.31418196834043366,
        "emission": 1.7974434767371042e-08
    },
    "PLS-SKLEARN": {
        "MSE": 324.1844559518661,
        "MAE": 12.06696913298388,
        "R2": 0.24980572520560795,
        "emission": 3.843595603137329e-09
    },
    "XGBoost": {
        "MSE": 248.8295922436792,
        "MAE": 10.834824671236005,
        "R2": 0.4241841887436224,
        "emission": 6.70689854049131e-07
    },
    "CatBoost": {
        "MSE": 218.20884746099188,
        "MAE": 10.00381409078518,
        "R2": 0.4950435621779953,
        "emission": 2.2503129730701867e-06
    },
    "DNN": {
        "MSE": 225.36099874464028,
        "MAE": 9.79937529757514,
        "R2": 0.4784927903968429,
        "emission": 3.991512202341992e-06
    }
}