{
    "Linear-SVR": {
        "MSE": 288.0735505979818,
        "MAE": 6.629044418917562,
        "R2": -0.11796167978358407,
        "emission": 2.498209136169209e-09
    },
    "RBF-SVR": {
        "MSE": 290.2439017422354,
        "MAE": 6.597043214359399,
        "R2": -0.12638442253769422,
        "emission": 3.047969475420803e-09
    },
    "DecisionTree": {
        "MSE": 280.6780172341631,
        "MAE": 8.358381870168378,
        "R2": -0.08926094385990146,
        "emission": 1.5457459298783536e-09
    },
    "ExtraTrees": {
        "MSE": 237.87643861106204,
        "MAE": 8.589923203425776,
        "R2": 0.07684429084680211,
        "emission": 1.1263465862976093e-07
    },
    "RandomForest": {
        "MSE": 233.89035664785084,
        "MAE": 8.537162859912232,
        "R2": 0.09231355860184709,
        "emission": 3.5134232867802075e-07
    },
    "KNeighbors": {
        "MSE": 267.4140845070422,
        "MAE": 8.324882629107982,
        "R2": -0.03778600462522541,
        "emission": 4.959917376153696e-09
    },
    "PLS": {
        "MSE": 254.87369303884978,
        "MAE": 9.00709935622257,
        "R2": 0.0108810010121273,
        "emission": 1.7541791316073056e-08
    },
    "PLS-SKLEARN": {
        "MSE": 254.87369303884978,
        "MAE": 9.007099356222573,
        "R2": 0.0108810010121273,
        "emission": 3.74096031772207e-09
    },
    "XGBoost": {
        "MSE": 242.86011321688807,
        "MAE": 8.73985644522967,
        "R2": 0.057503545324491534,
        "emission": 6.64921918571263e-07
    },
    "CatBoost": {
        "MSE": 221.2531851779527,
        "MAE": 7.962900685794589,
        "R2": 0.14135615003335444,
        "emission": 2.226578754057269e-06
    },
    "DNN": {
        "MSE": 272.6353708097733,
        "MAE": 8.031126065716638,
        "R2": -0.05804887844170503,
        "emission": 3.869859907032216e-06
    }
}