{
    "Linear-SVR": {
        "MSE": 450.719785475444,
        "MAE": 15.014695035649012,
        "R2": -0.08162106100969058,
        "emission": 2.170926971251246e-09
    },
    "RBF-SVR": {
        "MSE": 468.8988220092413,
        "MAE": 15.196446578837245,
        "R2": -0.12524645624961406,
        "emission": 3.0983233256883147e-09
    },
    "DecisionTree": {
        "MSE": 566.4999866925411,
        "MAE": 16.734045186881215,
        "R2": -0.3594662058644973,
        "emission": 1.507020680332264e-09
    },
    "ExtraTrees": {
        "MSE": 377.32182473073027,
        "MAE": 15.08204675323558,
        "R2": 0.09451671402253092,
        "emission": 1.1573176518056268e-07
    },
    "RandomForest": {
        "MSE": 375.0050763529052,
        "MAE": 15.111082617849764,
        "R2": 0.10007636309778134,
        "emission": 3.1772053359023584e-07
    },
    "KNeighbors": {
        "MSE": 375.997785915493,
        "MAE": 14.879718309859156,
        "R2": 0.09769409454653932,
        "emission": 2.255383382066404e-09
    },
    "PLS": {
        "MSE": 417.3026949575524,
        "MAE": 15.882851924055371,
        "R2": -0.001427934223185101,
        "emission": 1.756052685236691e-08
    },
    "PLS-SKLEARN": {
        "MSE": 417.3026949575524,
        "MAE": 15.88285192405537,
        "R2": -0.001427934223185101,
        "emission": 3.5832426577891737e-09
    },
    "XGBoost": {
        "MSE": 476.3754134512216,
        "MAE": 16.28787763391407,
        "R2": -0.14318851033468216,
        "emission": 6.536100233838515e-07
    },
    "CatBoost": {
        "MSE": 378.1304171916306,
        "MAE": 15.049606893709326,
        "R2": 0.09257628304153698,
        "emission": 2.1941453564207713e-06
    },
    "DNN": {
        "MSE": 379.92899978557097,
        "MAE": 15.095574705813412,
        "R2": 0.08826010949810315,
        "emission": 3.868479749438823e-06
    }
}