{
    "Linear-SVR": {
        "MSE": 440.2905281741475,
        "MAE": 11.895865420386114,
        "R2": -0.20864032270073762,
        "emission": 2.311785604502655e-09
    },
    "RBF-SVR": {
        "MSE": 470.7571908057406,
        "MAE": 11.9288998103953,
        "R2": -0.29227427482631807,
        "emission": 2.9975015843716645e-09
    },
    "DecisionTree": {
        "MSE": 478.885662075694,
        "MAE": 13.048522564950103,
        "R2": -0.3145877190412578,
        "emission": 1.559104139426998e-09
    },
    "ExtraTrees": {
        "MSE": 372.7627947980694,
        "MAE": 12.39791544094574,
        "R2": -0.023270126804471047,
        "emission": 1.1355460194790603e-07
    },
    "RandomForest": {
        "MSE": 389.31212060706196,
        "MAE": 12.817107480254972,
        "R2": -0.06869963574532423,
        "emission": 3.3257103369705645e-07
    },
    "KNeighbors": {
        "MSE": 427.3684394366197,
        "MAE": 13.151549295774647,
        "R2": -0.17316793230782945,
        "emission": 2.9687641687823146e-09
    },
    "PLS": {
        "MSE": 427.53805787280265,
        "MAE": 14.015510896302217,
        "R2": -0.17363355141231995,
        "emission": 1.760604795739297e-08
    },
    "PLS-SKLEARN": {
        "MSE": 419.43805562640534,
        "MAE": 13.862756059060121,
        "R2": -0.15139825743595225,
        "emission": 3.7576142510384185e-09
    },
    "XGBoost": {
        "MSE": 434.3907011722036,
        "MAE": 14.246034749789697,
        "R2": -0.19244472376046784,
        "emission": 6.704790919567931e-07
    },
    "CatBoost": {
        "MSE": 372.26121261087985,
        "MAE": 12.202444083973829,
        "R2": -0.021893234916517512,
        "emission": 2.2095596149039297e-06
    },
    "DNN": {
        "MSE": 427.3210451695199,
        "MAE": 13.879339199689841,
        "R2": -0.17303783043505172,
        "emission": 3.946652302480929e-06
    }
}