{
    "Linear-SVR": {
        "MSE": 275.03570066353296,
        "MAE": 8.228876955631012,
        "R2": -0.05783468652945922,
        "emission": 1.1386965327397407e-08
    },
    "RBF-SVR": {
        "MSE": 303.4660561252554,
        "MAE": 8.148610003268386,
        "R2": -0.16718273147495633,
        "emission": 1.7909617865102354e-08
    },
    "DecisionTree": {
        "MSE": 414.64197097086793,
        "MAE": 12.072855016276522,
        "R2": -0.5947844528027932,
        "emission": 1.1809015303017674e-08
    },
    "ExtraTrees": {
        "MSE": 234.56215851076342,
        "MAE": 9.542993534823204,
        "R2": 0.09783352916988741,
        "emission": 6.139021664541571e-07
    },
    "RandomForest": {
        "MSE": 236.9633941020081,
        "MAE": 9.680232942702023,
        "R2": 0.08859796341308002,
        "emission": 1.9335631171925754e-06
    },
    "KNeighbors": {
        "MSE": 258.445158685446,
        "MAE": 9.121032863849765,
        "R2": 0.005975396054013871,
        "emission": 7.559485568405373e-09
    },
    "PLS": {
        "MSE": 220.98976148236503,
        "MAE": 9.474850084826723,
        "R2": 0.15003530632591333,
        "emission": 3.748628739481015e-07
    },
    "PLS-SKLEARN": {
        "MSE": 233.2656996120931,
        "MAE": 9.6756743798995,
        "R2": 0.10281993344164064,
        "emission": 9.297584527829807e-07
    },
    "XGBoost": {
        "MSE": 273.5817515823506,
        "MAE": 10.663812607453323,
        "R2": -0.0522425478841424,
        "emission": 1.9791003378747535e-06
    },
    "CatBoost": {
        "MSE": 236.34111021679325,
        "MAE": 9.743873375666142,
        "R2": 0.0909913744395775,
        "emission": 3.7912487949681883e-06
    },
    "DNN": {
        "MSE": 190.97271116632984,
        "MAE": 8.952922932712685,
        "R2": 0.2654860530289658,
        "emission": 1.6798241620289735e-05
    }
}