{
    "Linear-SVR": {
        "MSE": 757.7020928219321,
        "MAE": 16.555378309768336,
        "R2": 0.05848153537525558,
        "emission": 1.0700132856749375e-08
    },
    "RBF-SVR": {
        "MSE": 835.7418584892711,
        "MAE": 16.95364862997636,
        "R2": -0.038490455393754175,
        "emission": 1.8044951706996502e-08
    },
    "DecisionTree": {
        "MSE": 786.6398701048211,
        "MAE": 17.42932071909457,
        "R2": 0.022523535661189364,
        "emission": 1.1273710584724463e-08
    },
    "ExtraTrees": {
        "MSE": 523.3277173641083,
        "MAE": 16.06639095792109,
        "R2": 0.34971446744568735,
        "emission": 6.253029340581022e-07
    },
    "RandomForest": {
        "MSE": 547.3485438991223,
        "MAE": 16.46853982884656,
        "R2": 0.31986625674056157,
        "emission": 1.8773189901269792e-06
    },
    "KNeighbors": {
        "MSE": 469.70918309859144,
        "MAE": 15.969014084507043,
        "R2": 0.4163407055613614,
        "emission": 6.066195406440797e-09
    },
    "PLS": {
        "MSE": 602.53177416461,
        "MAE": 18.19620861157103,
        "R2": 0.25129573182740683,
        "emission": 3.7997920192345163e-07
    },
    "PLS-SKLEARN": {
        "MSE": 612.8220462517629,
        "MAE": 18.17997048618418,
        "R2": 0.2385090690111754,
        "emission": 7.132911935813285e-07
    },
    "XGBoost": {
        "MSE": 492.4604981824771,
        "MAE": 15.843613376664303,
        "R2": 0.3880699861732232,
        "emission": 1.987242722890774e-06
    },
    "CatBoost": {
        "MSE": 478.2076641800354,
        "MAE": 15.556045206365539,
        "R2": 0.40578051715057917,
        "emission": 3.790772063732976e-06
    },
    "DNN": {
        "MSE": 519.9605867243741,
        "MAE": 16.22739118782567,
        "R2": 0.3538984543980084,
        "emission": 1.720824549071627e-05
    }
}