{
    "Linear-SVR": {
        "MSE": 1054.310526236189,
        "MAE": 21.033637613705757,
        "R2": 0.03305441742496629,
        "emission": 2.264721509576797e-09
    },
    "RBF-SVR": {
        "MSE": 1210.1923117412555,
        "MAE": 22.094271083491584,
        "R2": -0.10991029756856152,
        "emission": 3.202819470060064e-09
    },
    "DecisionTree": {
        "MSE": 1010.2248478828283,
        "MAE": 20.89333349378568,
        "R2": 0.07348695686928564,
        "emission": 1.4820932756578644e-09
    },
    "ExtraTrees": {
        "MSE": 778.7918928227042,
        "MAE": 20.792948403842807,
        "R2": 0.2857423294458664,
        "emission": 1.1427459302074049e-07
    },
    "RandomForest": {
        "MSE": 796.9305049365935,
        "MAE": 21.290836749385626,
        "R2": 0.2691067648554414,
        "emission": 3.266188046862241e-07
    },
    "KNeighbors": {
        "MSE": 774.2404244131454,
        "MAE": 19.447323943661974,
        "R2": 0.2899166425759496,
        "emission": 3.8261818089178365e-09
    },
    "PLS": {
        "MSE": 862.2687460878108,
        "MAE": 22.246499494765892,
        "R2": 0.20918274618901056,
        "emission": 1.8351949544089134e-08
    },
    "PLS-SKLEARN": {
        "MSE": 918.1802049023596,
        "MAE": 22.851639556211747,
        "R2": 0.15790436399448182,
        "emission": 4.043769125722469e-09
    },
    "XGBoost": {
        "MSE": 736.3818577134335,
        "MAE": 19.67742919731063,
        "R2": 0.3246380770318814,
        "emission": 6.706625851405543e-07
    },
    "CatBoost": {
        "MSE": 693.2470358493446,
        "MAE": 19.35357025999343,
        "R2": 0.36419855226069275,
        "emission": 2.2685812904915526e-06
    },
    "DNN": {
        "MSE": 764.258788631992,
        "MAE": 19.258709457298046,
        "R2": 0.2990711548237929,
        "emission": 4.112656514731787e-06
    }
}