{
    "Linear-SVR": {
        "MSE": 583.6433683053415,
        "MAE": 18.303125814264543,
        "R2": 0.16922656046110218,
        "emission": 2.1840739448643866e-09
    },
    "RBF-SVR": {
        "MSE": 695.1162287147937,
        "MAE": 19.704535735326083,
        "R2": 0.010553136437631672,
        "emission": 3.38580603308956e-09
    },
    "DecisionTree": {
        "MSE": 659.5013637965725,
        "MAE": 19.003322691847963,
        "R2": 0.06124827911137576,
        "emission": 1.5187408575862226e-09
    },
    "ExtraTrees": {
        "MSE": 435.5682317451723,
        "MAE": 16.498188986976075,
        "R2": 0.38000063447735266,
        "emission": 1.162221643363932e-07
    },
    "RandomForest": {
        "MSE": 435.2231347860905,
        "MAE": 16.74640646373747,
        "R2": 0.3804918546354832,
        "emission": 3.202754900985924e-07
    },
    "KNeighbors": {
        "MSE": 506.16881126760563,
        "MAE": 17.26629107981221,
        "R2": 0.2795058983620504,
        "emission": 4.648555899587343e-09
    },
    "PLS": {
        "MSE": 524.5209171817744,
        "MAE": 18.483835343525385,
        "R2": 0.25338302439302807,
        "emission": 1.8136940088892656e-08
    },
    "PLS-SKLEARN": {
        "MSE": 573.0322166841468,
        "MAE": 19.309213453697346,
        "R2": 0.18433075492047757,
        "emission": 3.929186414498422e-09
    },
    "XGBoost": {
        "MSE": 443.9653987717423,
        "MAE": 16.832467170724286,
        "R2": 0.3680478843702075,
        "emission": 6.669125606901333e-07
    },
    "CatBoost": {
        "MSE": 386.63112433813853,
        "MAE": 15.536713313842947,
        "R2": 0.4496590102071636,
        "emission": 2.2268225355146984e-06
    },
    "DNN": {
        "MSE": 535.4675812130346,
        "MAE": 16.691471599832944,
        "R2": 0.23780125267662433,
        "emission": 4.023649888009238e-06
    }
}