{
    "Linear-SVR": {
        "MSE": 692.0199159012594,
        "MAE": 18.303894862576666,
        "R2": 0.11588150424823529,
        "emission": 1.2058325860962142e-08
    },
    "RBF-SVR": {
        "MSE": 875.4348614828045,
        "MAE": 18.69240675229384,
        "R2": -0.11844780053016235,
        "emission": 1.5307778452075585e-08
    },
    "DecisionTree": {
        "MSE": 906.276102873058,
        "MAE": 20.858431991495017,
        "R2": -0.157850296496707,
        "emission": 1.0937682202231564e-08
    },
    "ExtraTrees": {
        "MSE": 564.6607481755599,
        "MAE": 18.744519614760467,
        "R2": 0.27859444531033695,
        "emission": 6.110074690343077e-07
    },
    "RandomForest": {
        "MSE": 577.6203639192303,
        "MAE": 18.698445507191764,
        "R2": 0.26203735538628103,
        "emission": 1.7683091740470623e-06
    },
    "KNeighbors": {
        "MSE": 596.2525784037558,
        "MAE": 17.31286384976526,
        "R2": 0.2382330037136431,
        "emission": 8.721483426821862e-09
    },
    "PLS": {
        "MSE": 635.5425524431679,
        "MAE": 20.67937107014769,
        "R2": 0.18803648198404688,
        "emission": 3.63511587452805e-07
    },
    "PLS-SKLEARN": {
        "MSE": 636.2423963604166,
        "MAE": 20.7993133720913,
        "R2": 0.1871423676136923,
        "emission": 8.260458711193323e-07
    },
    "XGBoost": {
        "MSE": 570.7019847100479,
        "MAE": 17.926391199494148,
        "R2": 0.2708762151920665,
        "emission": 1.642332814038563e-06
    },
    "CatBoost": {
        "MSE": 547.4924248155661,
        "MAE": 18.085276411301475,
        "R2": 0.3005285426893832,
        "emission": 3.7760306757734558e-06
    },
    "DNN": {
        "MSE": 569.940043096888,
        "MAE": 17.765772389666015,
        "R2": 0.27184966502696073,
        "emission": 1.5655060846549006e-05
    }
}