{
    "Linear-SVR": {
        "MSE": 779.6704904427341,
        "MAE": 18.291663014342284,
        "R2": 0.029644822131044246,
        "emission": 2.0817048475323927e-09
    },
    "RBF-SVR": {
        "MSE": 907.5186443610893,
        "MAE": 19.307935966061326,
        "R2": -0.12947126557059097,
        "emission": 3.1254723538648106e-09
    },
    "DecisionTree": {
        "MSE": 727.9265554390792,
        "MAE": 17.81139626992551,
        "R2": 0.09404381615427548,
        "emission": 1.5064638995802282e-09
    },
    "ExtraTrees": {
        "MSE": 522.8235971035236,
        "MAE": 17.000169128002394,
        "R2": 0.34930898273013555,
        "emission": 1.1396949839679841e-07
    },
    "RandomForest": {
        "MSE": 524.4883628260031,
        "MAE": 16.936821908751305,
        "R2": 0.34723706381240205,
        "emission": 3.162764636579817e-07
    },
    "KNeighbors": {
        "MSE": 654.2143436619718,
        "MAE": 18.195492957746477,
        "R2": 0.18578388743678942,
        "emission": 5.003277991365496e-09
    },
    "PLS": {
        "MSE": 614.030205910791,
        "MAE": 18.723696116941554,
        "R2": 0.2357958945770311,
        "emission": 1.7986784740887955e-08
    },
    "PLS-SKLEARN": {
        "MSE": 622.9843505377394,
        "MAE": 18.346449334204706,
        "R2": 0.22465182703997066,
        "emission": 3.956163775853933e-09
    },
    "XGBoost": {
        "MSE": 681.1356025862203,
        "MAE": 19.793272685955664,
        "R2": 0.15227847289036833,
        "emission": 7.299231413966561e-07
    },
    "CatBoost": {
        "MSE": 613.0851611851622,
        "MAE": 17.569965802326614,
        "R2": 0.2369720697100811,
        "emission": 2.219579856273145e-06
    },
    "DNN": {
        "MSE": 626.0656750786643,
        "MAE": 18.54596460696677,
        "R2": 0.22081690028612722,
        "emission": 3.992716564405101e-06
    }
}