{
    "Linear-SVR": {
        "MSE": 779.6704904427341,
        "MAE": 18.291663014342284,
        "R2": 0.029644822131044246,
        "emission": 1.325946257206605e-08
    },
    "RBF-SVR": {
        "MSE": 907.5186443610893,
        "MAE": 19.307935966061326,
        "R2": -0.12947126557059097,
        "emission": 1.653687640511677e-08
    },
    "DecisionTree": {
        "MSE": 727.9265554390792,
        "MAE": 17.81139626992551,
        "R2": 0.09404381615427548,
        "emission": 9.828134121098805e-09
    },
    "ExtraTrees": {
        "MSE": 522.8235971035236,
        "MAE": 17.000169128002394,
        "R2": 0.34930898273013555,
        "emission": 6.351134320577162e-07
    },
    "RandomForest": {
        "MSE": 524.4883628260031,
        "MAE": 16.936821908751305,
        "R2": 0.34723706381240205,
        "emission": 1.8687837410328484e-06
    },
    "KNeighbors": {
        "MSE": 654.2143436619718,
        "MAE": 18.195492957746477,
        "R2": 0.18578388743678942,
        "emission": 7.308032657954642e-09
    },
    "PLS": {
        "MSE": 614.030205910791,
        "MAE": 18.723696116941554,
        "R2": 0.2357958945770311,
        "emission": 3.852480931372615e-07
    },
    "PLS-SKLEARN": {
        "MSE": 622.9843505377394,
        "MAE": 18.346449334204706,
        "R2": 0.22465182703997066,
        "emission": 8.287184934910882e-07
    },
    "XGBoost": {
        "MSE": 681.1356025862203,
        "MAE": 19.793272685955664,
        "R2": 0.15227847289036833,
        "emission": 1.8263825287601764e-06
    },
    "CatBoost": {
        "MSE": 613.0851611851622,
        "MAE": 17.569965802326614,
        "R2": 0.2369720697100811,
        "emission": 3.94556353202391e-06
    },
    "DNN": {
        "MSE": 610.7323294145009,
        "MAE": 18.23922459440122,
        "R2": 0.2399003355856042,
        "emission": 1.7184236831612813e-05
    }
}