{
    "Linear-SVR": {
        "MSE": 358.50447547704925,
        "MAE": 10.7467118479771,
        "R2": -0.06438522297138438,
        "emission": 1.1307394722104134e-08
    },
    "RBF-SVR": {
        "MSE": 380.6385458968655,
        "MAE": 10.576114877746479,
        "R2": -0.1301003788218409,
        "emission": 1.564852538129739e-08
    },
    "DecisionTree": {
        "MSE": 337.04693676776265,
        "MAE": 11.905703666443104,
        "R2": -0.0006786622844920931,
        "emission": 1.028880839232157e-08
    },
    "ExtraTrees": {
        "MSE": 292.3728560599902,
        "MAE": 11.367235116822062,
        "R2": 0.13195686839308263,
        "emission": 6.466776547824222e-07
    },
    "RandomForest": {
        "MSE": 302.34508739604854,
        "MAE": 11.857392524296426,
        "R2": 0.10234971869145448,
        "emission": 1.8878948804980342e-06
    },
    "KNeighbors": {
        "MSE": 294.9122516431925,
        "MAE": 11.321126760563379,
        "R2": 0.12441750607286972,
        "emission": 1.628507330277494e-08
    },
    "PLS": {
        "MSE": 318.6714066805016,
        "MAE": 12.647160058458917,
        "R2": 0.05387754001429568,
        "emission": 3.689791249054373e-07
    },
    "PLS-SKLEARN": {
        "MSE": 307.66847492428246,
        "MAE": 12.454703685302233,
        "R2": 0.08654479738980925,
        "emission": 5.988667233449606e-07
    },
    "XGBoost": {
        "MSE": 325.4987168287944,
        "MAE": 12.663763875715183,
        "R2": 0.03360753355254753,
        "emission": 1.7489051951263233e-06
    },
    "CatBoost": {
        "MSE": 286.9587979984246,
        "MAE": 11.731471303449757,
        "R2": 0.14803098682457883,
        "emission": 3.913346032909321e-06
    },
    "DNN": {
        "MSE": 334.501091250907,
        "MAE": 11.610712020218093,
        "R2": 0.006879849626700407,
        "emission": 1.6417722022498537e-05
    }
}