{
    "Linear-SVR": {
        "MSE": 304.341985214454,
        "MAE": 10.753720728053702,
        "R2": -0.046297698453013014,
        "emission": 2.2680168200309424e-09
    },
    "RBF-SVR": {
        "MSE": 315.4226796381395,
        "MAE": 10.971980649219228,
        "R2": -0.08439203191999711,
        "emission": 3.0980452935398214e-09
    },
    "DecisionTree": {
        "MSE": 318.16450035684716,
        "MAE": 11.507173370553652,
        "R2": -0.09381814085969231,
        "emission": 1.447712459128872e-09
    },
    "ExtraTrees": {
        "MSE": 247.41538554714262,
        "MAE": 10.840582918211764,
        "R2": 0.14941033102144008,
        "emission": 1.1104833604711972e-07
    },
    "RandomForest": {
        "MSE": 243.71324601149038,
        "MAE": 10.803349804880325,
        "R2": 0.1621379212445747,
        "emission": 3.2303068318222055e-07
    },
    "KNeighbors": {
        "MSE": 268.1593051643193,
        "MAE": 10.927511737089201,
        "R2": 0.07809478335866094,
        "emission": 3.671463297374115e-09
    },
    "PLS": {
        "MSE": 282.78472013026715,
        "MAE": 11.551172195044241,
        "R2": 0.027814050626341347,
        "emission": 1.7259165556802315e-08
    },
    "PLS-SKLEARN": {
        "MSE": 282.78472013026715,
        "MAE": 11.551172195044243,
        "R2": 0.027814050626341347,
        "emission": 3.8123465157366505e-09
    },
    "XGBoost": {
        "MSE": 276.5297608911432,
        "MAE": 11.75285930469842,
        "R2": 0.049317982958257955,
        "emission": 6.619570316549975e-07
    },
    "CatBoost": {
        "MSE": 195.12833288906552,
        "MAE": 9.924621228632407,
        "R2": 0.3291680559258361,
        "emission": 2.1950446714151026e-06
    },
    "DNN": {
        "MSE": 258.0546033372856,
        "MAE": 10.767346425375468,
        "R2": 0.11283375063499457,
        "emission": 3.8794836879228565e-06
    }
}