{
    "Linear-SVR": {
        "MSE": 304.341985214454,
        "MAE": 10.753720728053702,
        "R2": -0.046297698453013014,
        "emission": 1.189686711264183e-08
    },
    "RBF-SVR": {
        "MSE": 315.4226796381395,
        "MAE": 10.971980649219228,
        "R2": -0.08439203191999711,
        "emission": 1.7792712301893706e-08
    },
    "DecisionTree": {
        "MSE": 318.16450035684716,
        "MAE": 11.507173370553652,
        "R2": -0.09381814085969231,
        "emission": 1.0026175524600854e-08
    },
    "ExtraTrees": {
        "MSE": 247.41538554714262,
        "MAE": 10.840582918211764,
        "R2": 0.14941033102144008,
        "emission": 6.548413495933986e-07
    },
    "RandomForest": {
        "MSE": 243.71324601149038,
        "MAE": 10.803349804880325,
        "R2": 0.1621379212445747,
        "emission": 2.0264817600566656e-06
    },
    "KNeighbors": {
        "MSE": 268.1593051643193,
        "MAE": 10.927511737089201,
        "R2": 0.07809478335866094,
        "emission": 9.076455069493838e-09
    },
    "PLS": {
        "MSE": 282.78472013026715,
        "MAE": 11.551172195044241,
        "R2": 0.027814050626341347,
        "emission": 4.1580956539961826e-07
    },
    "PLS-SKLEARN": {
        "MSE": 282.78472013026715,
        "MAE": 11.551172195044243,
        "R2": 0.027814050626341347,
        "emission": 9.035146272807171e-07
    },
    "XGBoost": {
        "MSE": 276.5297608911432,
        "MAE": 11.75285930469842,
        "R2": 0.049317982958257955,
        "emission": 2.0322354536148997e-06
    },
    "CatBoost": {
        "MSE": 195.12833288906552,
        "MAE": 9.924621228632407,
        "R2": 0.3291680559258361,
        "emission": 3.912697576924926e-06
    },
    "DNN": {
        "MSE": 258.4490730482166,
        "MAE": 10.868870722296093,
        "R2": 0.111477602713551,
        "emission": 1.674773813703288e-05
    }
}