{
    "Linear-SVR": {
        "MSE": 314.64667598711884,
        "MAE": 10.558672682817045,
        "R2": -0.12023227695256589,
        "emission": 4.290103951846383e-09
    },
    "RBF-SVR": {
        "MSE": 348.27667220382887,
        "MAE": 10.912016377079214,
        "R2": -0.23996469464794168,
        "emission": 5.596882935841516e-09
    },
    "DecisionTree": {
        "MSE": 281.59458068773773,
        "MAE": 10.982817255476844,
        "R2": -0.0025573520256783056,
        "emission": 1.5220599608313705e-09
    },
    "ExtraTrees": {
        "MSE": 231.5624285684792,
        "MAE": 10.477157193077602,
        "R2": 0.17557143803243946,
        "emission": 1.1313115728458705e-07
    },
    "RandomForest": {
        "MSE": 247.30875869463216,
        "MAE": 10.773695391539786,
        "R2": 0.11950999325306011,
        "emission": 3.215988898219643e-07
    },
    "KNeighbors": {
        "MSE": 261.8446948356808,
        "MAE": 11.272300469483568,
        "R2": 0.06775789770068041,
        "emission": 4.332481139735082e-09
    },
    "PLS": {
        "MSE": 263.3830336890587,
        "MAE": 11.269141368663579,
        "R2": 0.06228097082377093,
        "emission": 1.747339177535413e-08
    },
    "PLS-SKLEARN": {
        "MSE": 285.79961418177646,
        "MAE": 11.750792304841713,
        "R2": -0.017528475527652576,
        "emission": 3.7343311327840366e-09
    },
    "XGBoost": {
        "MSE": 275.0340896523354,
        "MAE": 11.444609889367097,
        "R2": 0.020799874893879133,
        "emission": 6.624058345697471e-07
    },
    "CatBoost": {
        "MSE": 242.40821917575832,
        "MAE": 10.544634310860802,
        "R2": 0.13695731738671413,
        "emission": 2.205618336886798e-06
    },
    "DNN": {
        "MSE": 300.27746601079787,
        "MAE": 11.66134717899589,
        "R2": -0.06907377429467498,
        "emission": 3.933912430852084e-06
    }
}