{
    "Linear-SVR": {
        "MSE": 420.4520370440934,
        "MAE": 13.215512751634328,
        "R2": -0.012705856295640139,
        "emission": 2.1785382663237287e-09
    },
    "RBF-SVR": {
        "MSE": 434.5861203640467,
        "MAE": 12.93848659152322,
        "R2": -0.04674938014705643,
        "emission": 3.2926005681492825e-09
    },
    "DecisionTree": {
        "MSE": 614.4118439096839,
        "MAE": 15.422920597311805,
        "R2": -0.47987979052052165,
        "emission": 1.5431831276182558e-09
    },
    "ExtraTrees": {
        "MSE": 358.97707331806373,
        "MAE": 13.932687258822918,
        "R2": 0.13536348407096022,
        "emission": 1.1444082927630134e-07
    },
    "RandomForest": {
        "MSE": 369.68462810693774,
        "MAE": 14.208541397949702,
        "R2": 0.10957313823857218,
        "emission": 3.285468653604618e-07
    },
    "KNeighbors": {
        "MSE": 392.9642215962441,
        "MAE": 14.118497652582162,
        "R2": 0.053501628097856635,
        "emission": 4.417572097256631e-09
    },
    "PLS": {
        "MSE": 405.20899640827594,
        "MAE": 15.674255778595981,
        "R2": 0.024008715545109194,
        "emission": 1.7603251096663737e-08
    },
    "PLS-SKLEARN": {
        "MSE": 385.54049952208396,
        "MAE": 14.615219486745822,
        "R2": 0.0713824947785544,
        "emission": 3.6270672917884068e-09
    },
    "XGBoost": {
        "MSE": 495.18054836953115,
        "MAE": 16.469761203929014,
        "R2": -0.19269785153858243,
        "emission": 6.671153302801651e-07
    },
    "CatBoost": {
        "MSE": 363.7532948409271,
        "MAE": 13.766033022572431,
        "R2": 0.12385941920502697,
        "emission": 2.211239054342232e-06
    },
    "DNN": {
        "MSE": 409.52560425333286,
        "MAE": 15.071650750767178,
        "R2": 0.013611681736560022,
        "emission": 3.953277872908456e-06
    }
}