{
    "Linear-SVR": {
        "MSE": 256.51556701089066,
        "MAE": 8.915827822121255,
        "R2": -0.07589536816706843,
        "emission": 2.3403353905304264e-09
    },
    "RBF-SVR": {
        "MSE": 286.8168054101934,
        "MAE": 8.91781176049556,
        "R2": -0.2029869221940872,
        "emission": 3.1616356080396998e-09
    },
    "DecisionTree": {
        "MSE": 274.1003860706009,
        "MAE": 9.812238571710722,
        "R2": -0.14965083492825326,
        "emission": 1.4328315656590015e-09
    },
    "ExtraTrees": {
        "MSE": 236.20314258248038,
        "MAE": 9.556896577463935,
        "R2": 0.009300410059686848,
        "emission": 1.132067342677937e-07
    },
    "RandomForest": {
        "MSE": 228.6536633391617,
        "MAE": 9.426094318028799,
        "R2": 0.04096495909508768,
        "emission": 3.2290518421502304e-07
    },
    "KNeighbors": {
        "MSE": 257.45784788732396,
        "MAE": 9.837746478873239,
        "R2": -0.07984754792083737,
        "emission": 3.1915571251385184e-09
    },
    "PLS": {
        "MSE": 239.67816505587362,
        "MAE": 9.851785483137315,
        "R2": -0.005274770023795172,
        "emission": 1.788345732264763e-08
    },
    "PLS-SKLEARN": {
        "MSE": 234.28076116726282,
        "MAE": 9.932177781962814,
        "R2": 0.017363395416030714,
        "emission": 3.937604057549964e-09
    },
    "XGBoost": {
        "MSE": 267.77598315121054,
        "MAE": 9.980184429784266,
        "R2": -0.12312458591075992,
        "emission": 6.539080623916754e-07
    },
    "CatBoost": {
        "MSE": 238.4247653082165,
        "MAE": 9.649031741492859,
        "R2": -1.7673939217921486e-05,
        "emission": 2.237719906620166e-06
    },
    "DNN": {
        "MSE": 276.97831767365915,
        "MAE": 10.260457718106503,
        "R2": -0.16172165510385916,
        "emission": 3.990084986418335e-06
    }
}