{
    "Linear-SVR": {
        "MSE": 351.56163113810175,
        "MAE": 10.466613857800883,
        "R2": -0.03738185656818738,
        "emission": 2.340115995423977e-09
    },
    "RBF-SVR": {
        "MSE": 367.09043862554716,
        "MAE": 10.753647390303604,
        "R2": -0.08320398763939063,
        "emission": 3.3360812913684108e-09
    },
    "DecisionTree": {
        "MSE": 629.889432927825,
        "MAE": 14.576974165191272,
        "R2": -0.8586666219746399,
        "emission": 1.4243536686861344e-09
    },
    "ExtraTrees": {
        "MSE": 310.0501218992177,
        "MAE": 11.529441981458167,
        "R2": 0.08510957227111249,
        "emission": 1.1111651049209983e-07
    },
    "RandomForest": {
        "MSE": 318.1781795776129,
        "MAE": 11.89881742087318,
        "R2": 0.06112544312308632,
        "emission": 3.2885895842756463e-07
    },
    "KNeighbors": {
        "MSE": 328.6274478873239,
        "MAE": 11.515305164319248,
        "R2": 0.030291926610446773,
        "emission": 4.01395903387224e-09
    },
    "PLS": {
        "MSE": 322.3226067635572,
        "MAE": 12.379475043642499,
        "R2": 0.04889614052641689,
        "emission": 1.7873272264345872e-08
    },
    "PLS-SKLEARN": {
        "MSE": 316.0467701500593,
        "MAE": 12.119623926660118,
        "R2": 0.06741476844537653,
        "emission": 3.805888368896005e-09
    },
    "XGBoost": {
        "MSE": 348.57181221848174,
        "MAE": 12.423281909169482,
        "R2": -0.028559551666490934,
        "emission": 7.324295145798117e-07
    },
    "CatBoost": {
        "MSE": 310.8304188035214,
        "MAE": 11.520486189470535,
        "R2": 0.08280708593709318,
        "emission": 2.2400564197314103e-06
    },
    "DNN": {
        "MSE": 350.32128397577935,
        "MAE": 12.897512498204138,
        "R2": -0.0337218620520805,
        "emission": 3.9802994449958125e-06
    }
}