{
    "Linear-SVR": {
        "MSE": 351.56163113810175,
        "MAE": 10.466613857800883,
        "R2": -0.03738185656818738,
        "emission": 1.2472737969239786e-08
    },
    "RBF-SVR": {
        "MSE": 367.09043862554716,
        "MAE": 10.753647390303604,
        "R2": -0.08320398763939063,
        "emission": 1.5525832084527306e-08
    },
    "DecisionTree": {
        "MSE": 629.889432927825,
        "MAE": 14.576974165191272,
        "R2": -0.8586666219746399,
        "emission": 1.1900506295424495e-08
    },
    "ExtraTrees": {
        "MSE": 310.0501218992177,
        "MAE": 11.529441981458167,
        "R2": 0.08510957227111249,
        "emission": 6.472681822949016e-07
    },
    "RandomForest": {
        "MSE": 318.1781795776129,
        "MAE": 11.89881742087318,
        "R2": 0.06112544312308632,
        "emission": 1.9475392281197213e-06
    },
    "KNeighbors": {
        "MSE": 328.6274478873239,
        "MAE": 11.515305164319248,
        "R2": 0.030291926610446773,
        "emission": 2.7571412631463467e-08
    },
    "PLS": {
        "MSE": 322.3226067635572,
        "MAE": 12.379475043642499,
        "R2": 0.04889614052641689,
        "emission": 3.953510370167576e-07
    },
    "PLS-SKLEARN": {
        "MSE": 316.0467701500593,
        "MAE": 12.119623926660118,
        "R2": 0.06741476844537653,
        "emission": 7.840719493483971e-07
    },
    "XGBoost": {
        "MSE": 348.57181221848174,
        "MAE": 12.423281909169482,
        "R2": -0.028559551666490934,
        "emission": 1.937743616152779e-06
    },
    "CatBoost": {
        "MSE": 310.8304188035214,
        "MAE": 11.520486189470535,
        "R2": 0.08280708593709318,
        "emission": 3.9006851574855125e-06
    },
    "DNN": {
        "MSE": 338.2962070538555,
        "MAE": 12.779796126453391,
        "R2": 0.0017615227025554736,
        "emission": 1.725132032101094e-05
    }
}