{
    "Linear-SVR": {
        "MSE": 616.8346413629545,
        "MAE": 16.054160592628886,
        "R2": 0.007038911679029369,
        "emission": 1.3275427796942011e-08
    },
    "RBF-SVR": {
        "MSE": 672.7473282501049,
        "MAE": 16.293690715271005,
        "R2": -0.08296758066021392,
        "emission": 1.9302775288794717e-08
    },
    "DecisionTree": {
        "MSE": 782.4486070853634,
        "MAE": 18.83551845928372,
        "R2": -0.25956126382588596,
        "emission": 9.840462950952644e-09
    },
    "ExtraTrees": {
        "MSE": 540.381358671491,
        "MAE": 16.55568459316704,
        "R2": 0.13011101187639307,
        "emission": 2.7080368551283625e-06
    },
    "RandomForest": {
        "MSE": 561.3172859069216,
        "MAE": 16.6551297763801,
        "R2": 0.09640901186101192,
        "emission": 1.954166662625097e-06
    },
    "KNeighbors": {
        "MSE": 595.5647887323943,
        "MAE": 16.88657276995305,
        "R2": 0.041278454337983606,
        "emission": 8.511316897776224e-09
    },
    "PLS": {
        "MSE": 574.5566721987764,
        "MAE": 17.42889350468296,
        "R2": 0.07509666242484203,
        "emission": 4.0046013460332096e-07
    },
    "PLS-SKLEARN": {
        "MSE": 592.0551252834942,
        "MAE": 17.44534929206345,
        "R2": 0.04692820064626457,
        "emission": 7.804304144352987e-07
    },
    "XGBoost": {
        "MSE": 551.7843382133452,
        "MAE": 16.87758591204462,
        "R2": 0.11175485251581829,
        "emission": 2.1204589228494484e-06
    },
    "CatBoost": {
        "MSE": 515.4953834205054,
        "MAE": 16.221853114072317,
        "R2": 0.17017167548397927,
        "emission": 3.8880142171007115e-06
    },
    "DNN": {
        "MSE": 506.20757065102293,
        "MAE": 16.296948016529353,
        "R2": 0.18512290561484346,
        "emission": 1.7801544446602505e-05
    }
}