{
    "Linear-SVR": {
        "MSE": 423.51694887122517,
        "MAE": 10.583402958715283,
        "R2": -0.14020005497222643,
        "emission": 2.2840466026306787e-09
    },
    "RBF-SVR": {
        "MSE": 444.95213279814953,
        "MAE": 10.343683954239788,
        "R2": -0.19790824813181174,
        "emission": 3.019695761003493e-09
    },
    "DecisionTree": {
        "MSE": 522.8921980239314,
        "MAE": 14.487446410915314,
        "R2": -0.40773991340950166,
        "emission": 1.4233915758435169e-09
    },
    "ExtraTrees": {
        "MSE": 339.2853620381908,
        "MAE": 13.029333838614688,
        "R2": 0.08656975953790302,
        "emission": 1.1239332396571174e-07
    },
    "RandomForest": {
        "MSE": 324.4431962369357,
        "MAE": 12.450956212360522,
        "R2": 0.12652810903867717,
        "emission": 3.197532810102518e-07
    },
    "KNeighbors": {
        "MSE": 356.50505539906106,
        "MAE": 11.622347417840377,
        "R2": 0.040210586973503215,
        "emission": 3.1620505299650495e-09
    },
    "PLS": {
        "MSE": 399.55467768839947,
        "MAE": 14.717236370595366,
        "R2": -0.07568839140660888,
        "emission": 1.7837977965379262e-08
    },
    "PLS-SKLEARN": {
        "MSE": 373.017845171077,
        "MAE": 13.979899587889259,
        "R2": -0.004245446854607371,
        "emission": 3.956643070147924e-09
    },
    "XGBoost": {
        "MSE": 343.0703184724413,
        "MAE": 12.322548742057588,
        "R2": 0.07637983078557797,
        "emission": 6.787726073169002e-07
    },
    "CatBoost": {
        "MSE": 317.67099141608344,
        "MAE": 12.004495611270698,
        "R2": 0.1447603623867405,
        "emission": 2.2070718740460763e-06
    },
    "DNN": {
        "MSE": 333.5219747194079,
        "MAE": 12.172452807062667,
        "R2": 0.10208605600541598,
        "emission": 4.01578461625363e-06
    }
}