{
    "Linear-SVR": {
        "MSE": 616.8346413629545,
        "MAE": 16.054160592628886,
        "R2": 0.007038911679029369,
        "emission": 2.3424666614953764e-09
    },
    "RBF-SVR": {
        "MSE": 672.7473282501049,
        "MAE": 16.293690715271005,
        "R2": -0.08296758066021392,
        "emission": 3.0677267988396856e-09
    },
    "DecisionTree": {
        "MSE": 782.4486070853634,
        "MAE": 18.83551845928372,
        "R2": -0.25956126382588596,
        "emission": 1.4779065661190019e-09
    },
    "ExtraTrees": {
        "MSE": 540.381358671491,
        "MAE": 16.55568459316704,
        "R2": 0.13011101187639307,
        "emission": 1.1627166118000717e-07
    },
    "RandomForest": {
        "MSE": 561.3172859069216,
        "MAE": 16.6551297763801,
        "R2": 0.09640901186101192,
        "emission": 3.280813963977967e-07
    },
    "KNeighbors": {
        "MSE": 595.5647887323943,
        "MAE": 16.88657276995305,
        "R2": 0.041278454337983606,
        "emission": 3.628486718423333e-09
    },
    "PLS": {
        "MSE": 574.5566721987764,
        "MAE": 17.42889350468296,
        "R2": 0.07509666242484203,
        "emission": 1.768427179175402e-08
    },
    "PLS-SKLEARN": {
        "MSE": 592.0551252834942,
        "MAE": 17.44534929206345,
        "R2": 0.04692820064626457,
        "emission": 3.932394660518854e-09
    },
    "XGBoost": {
        "MSE": 551.7843382133452,
        "MAE": 16.87758591204462,
        "R2": 0.11175485251581829,
        "emission": 7.163084170909832e-07
    },
    "CatBoost": {
        "MSE": 515.4953834205054,
        "MAE": 16.221853114072317,
        "R2": 0.17017167548397927,
        "emission": 2.2192827024824283e-06
    },
    "DNN": {
        "MSE": 523.3889049469371,
        "MAE": 16.484573992205338,
        "R2": 0.1574649317313066,
        "emission": 4.000021981537673e-06
    }
}