{
    "Linear-SVR": {
        "MSE": 415.24557499720606,
        "MAE": 11.025252190668473,
        "R2": -0.08738780786252232,
        "emission": 1.3148896259759739e-08
    },
    "RBF-SVR": {
        "MSE": 442.99089049497644,
        "MAE": 11.260403202085577,
        "R2": -0.1600434112311495,
        "emission": 1.8375616280965648e-08
    },
    "DecisionTree": {
        "MSE": 277.5403396878048,
        "MAE": 10.548341774786651,
        "R2": 0.27321565902641476,
        "emission": 9.92525003148896e-09
    },
    "ExtraTrees": {
        "MSE": 304.5467706475644,
        "MAE": 11.131969104122616,
        "R2": 0.20249494451977346,
        "emission": 6.347298151719907e-07
    },
    "RandomForest": {
        "MSE": 306.06547597109653,
        "MAE": 10.896743013062226,
        "R2": 0.19851796860002802,
        "emission": 1.867997373175501e-06
    },
    "KNeighbors": {
        "MSE": 315.87399999999997,
        "MAE": 10.621502347417843,
        "R2": 0.1728327594506518,
        "emission": 1.0561550110396917e-08
    },
    "PLS": {
        "MSE": 341.3751481086948,
        "MAE": 13.024698945342815,
        "R2": 0.10605387194516114,
        "emission": 4.012243633457272e-07
    },
    "PLS-SKLEARN": {
        "MSE": 342.24895922455875,
        "MAE": 13.045571435637244,
        "R2": 0.10376565598097776,
        "emission": 9.308554309712835e-07
    },
    "XGBoost": {
        "MSE": 324.429071076906,
        "MAE": 11.654729961666842,
        "R2": 0.15042991991530585,
        "emission": 2.1662786394724047e-06
    },
    "CatBoost": {
        "MSE": 296.30370850195607,
        "MAE": 10.55082354719043,
        "R2": 0.2240807381231078,
        "emission": 3.892964785696364e-06
    },
    "DNN": {
        "MSE": 306.2315121491723,
        "MAE": 11.46994094578593,
        "R2": 0.198083175969896,
        "emission": 1.8266187308207425e-05
    }
}