{
    "Linear-SVR": {
        "MSE": 415.24557499720606,
        "MAE": 11.025252190668473,
        "R2": -0.08738780786252232,
        "emission": 2.2802216658806993e-09
    },
    "RBF-SVR": {
        "MSE": 442.99089049497644,
        "MAE": 11.260403202085577,
        "R2": -0.1600434112311495,
        "emission": 3.132828602804929e-09
    },
    "DecisionTree": {
        "MSE": 277.5403396878048,
        "MAE": 10.548341774786651,
        "R2": 0.27321565902641476,
        "emission": 1.3918137104585335e-09
    },
    "ExtraTrees": {
        "MSE": 304.5467706475644,
        "MAE": 11.131969104122616,
        "R2": 0.20249494451977346,
        "emission": 1.128959202828615e-07
    },
    "RandomForest": {
        "MSE": 306.06547597109653,
        "MAE": 10.896743013062226,
        "R2": 0.19851796860002802,
        "emission": 3.1839552403984126e-07
    },
    "KNeighbors": {
        "MSE": 315.87399999999997,
        "MAE": 10.621502347417843,
        "R2": 0.1728327594506518,
        "emission": 2.989348201472916e-09
    },
    "PLS": {
        "MSE": 340.33758228702584,
        "MAE": 12.104585137602903,
        "R2": 0.10877090613473772,
        "emission": 1.7571312626764795e-08
    },
    "PLS-SKLEARN": {
        "MSE": 336.50284463741747,
        "MAE": 11.91320021017212,
        "R2": 0.11881278789726712,
        "emission": 3.7003880633972625e-09
    },
    "XGBoost": {
        "MSE": 324.429071076906,
        "MAE": 11.654729961666842,
        "R2": 0.15042991991530585,
        "emission": 6.530959851779797e-07
    },
    "CatBoost": {
        "MSE": 296.30370850195607,
        "MAE": 10.55082354719043,
        "R2": 0.2240807381231078,
        "emission": 2.2472280079317014e-06
    },
    "DNN": {
        "MSE": 305.22980397666856,
        "MAE": 11.478761892184231,
        "R2": 0.2007063110961984,
        "emission": 3.911028628413979e-06
    }
}