{
    "Linear-SVR": {
        "MSE": 650.1708114344658,
        "MAE": 15.556835132895536,
        "R2": -0.2084175469795546,
        "emission": 1.1455281079116993e-08
    },
    "RBF-SVR": {
        "MSE": 673.8478913532616,
        "MAE": 15.583754645037004,
        "R2": -0.2524241346822296,
        "emission": 1.5736549333295652e-08
    },
    "DecisionTree": {
        "MSE": 687.8909696269475,
        "MAE": 16.905219849563334,
        "R2": -0.27852481761213355,
        "emission": 1.1200485808594112e-08
    },
    "ExtraTrees": {
        "MSE": 520.494500433189,
        "MAE": 15.57512142608876,
        "R2": 0.03260085447065508,
        "emission": 6.151976325550575e-07
    },
    "RandomForest": {
        "MSE": 504.87322732034846,
        "MAE": 15.390524510201555,
        "R2": 0.06163479478868983,
        "emission": 1.8697059204307922e-06
    },
    "KNeighbors": {
        "MSE": 542.5155211267606,
        "MAE": 15.127042253521127,
        "R2": -0.008327755889137922,
        "emission": 1.6563176626349518e-08
    },
    "PLS": {
        "MSE": 563.5466305667429,
        "MAE": 16.08738477341877,
        "R2": -0.047416501850603865,
        "emission": 3.923633742230184e-07
    },
    "PLS-SKLEARN": {
        "MSE": 556.6914822575202,
        "MAE": 16.05088731066045,
        "R2": -0.03467541695671983,
        "emission": 9.121290601970929e-07
    },
    "XGBoost": {
        "MSE": 558.9889870300075,
        "MAE": 15.924711631063563,
        "R2": -0.03894559493536143,
        "emission": 2.141470920737074e-06
    },
    "CatBoost": {
        "MSE": 524.0621896894162,
        "MAE": 15.29730279139574,
        "R2": 0.025969891924238375,
        "emission": 3.9303248409266775e-06
    },
    "DNN": {
        "MSE": 508.5658486111458,
        "MAE": 15.569915867523408,
        "R2": 0.054771631626528094,
        "emission": 1.8182920539840433e-05
    }
}