{
    "Linear-SVR": {
        "MSE": 650.1708114344658,
        "MAE": 15.556835132895536,
        "R2": -0.2084175469795546,
        "emission": 2.3254357904050284e-09
    },
    "RBF-SVR": {
        "MSE": 673.8478913532616,
        "MAE": 15.583754645037004,
        "R2": -0.2524241346822296,
        "emission": 2.9862131714931504e-09
    },
    "DecisionTree": {
        "MSE": 687.8909696269475,
        "MAE": 16.905219849563334,
        "R2": -0.27852481761213355,
        "emission": 1.4616210527147843e-09
    },
    "ExtraTrees": {
        "MSE": 520.494500433189,
        "MAE": 15.57512142608876,
        "R2": 0.03260085447065508,
        "emission": 1.1157778214857335e-07
    },
    "RandomForest": {
        "MSE": 504.87322732034846,
        "MAE": 15.390524510201555,
        "R2": 0.06163479478868983,
        "emission": 3.231225224873255e-07
    },
    "KNeighbors": {
        "MSE": 542.5155211267606,
        "MAE": 15.127042253521127,
        "R2": -0.008327755889137922,
        "emission": 3.4460487772599907e-09
    },
    "PLS": {
        "MSE": 563.5466305667429,
        "MAE": 16.08738477341877,
        "R2": -0.047416501850603865,
        "emission": 1.7590098428621196e-08
    },
    "PLS-SKLEARN": {
        "MSE": 540.5797576211843,
        "MAE": 15.820686455682624,
        "R2": -0.0047299158357216875,
        "emission": 3.763508608959833e-09
    },
    "XGBoost": {
        "MSE": 558.9889870300075,
        "MAE": 15.924711631063563,
        "R2": -0.03894559493536143,
        "emission": 6.658298336570461e-07
    },
    "CatBoost": {
        "MSE": 524.0621896894162,
        "MAE": 15.29730279139574,
        "R2": 0.025969891924238375,
        "emission": 2.221031014540657e-06
    },
    "DNN": {
        "MSE": 529.1539369283107,
        "MAE": 15.341615803280906,
        "R2": 0.016506291590212885,
        "emission": 3.994359456781437e-06
    }
}