{
    "Linear-SVR": {
        "MSE": 391.2917972274675,
        "MAE": 9.791286632524237,
        "R2": -0.08098826651361946,
        "emission": 1.2398902267358657e-08
    },
    "RBF-SVR": {
        "MSE": 423.93267219876674,
        "MAE": 9.6640682776238,
        "R2": -0.17116241047146197,
        "emission": 1.525902800931529e-08
    },
    "DecisionTree": {
        "MSE": 443.91585060459164,
        "MAE": 12.805222782505044,
        "R2": -0.22636822244453425,
        "emission": 9.511369796571232e-09
    },
    "ExtraTrees": {
        "MSE": 285.5555066048383,
        "MAE": 10.420564613576655,
        "R2": 0.21112030902416767,
        "emission": 6.331613144824821e-07
    },
    "RandomForest": {
        "MSE": 308.14318804758426,
        "MAE": 11.452385027639574,
        "R2": 0.14871926003626468,
        "emission": 1.8627064263608926e-06
    },
    "KNeighbors": {
        "MSE": 302.1022535211268,
        "MAE": 10.444131455399061,
        "R2": 0.16540803140368843,
        "emission": 7.62058816073578e-09
    },
    "PLS": {
        "MSE": 331.424861667095,
        "MAE": 12.558074811791572,
        "R2": 0.08440097842183958,
        "emission": 3.9500386671024795e-07
    },
    "PLS-SKLEARN": {
        "MSE": 318.6889420385999,
        "MAE": 12.018083592478504,
        "R2": 0.11958541054950922,
        "emission": 9.130162669319708e-07
    },
    "XGBoost": {
        "MSE": 344.5642470305086,
        "MAE": 11.726960647812753,
        "R2": 0.04810192613479647,
        "emission": 2.1270082963509085e-06
    },
    "CatBoost": {
        "MSE": 301.7031357018094,
        "MAE": 10.644226383626888,
        "R2": 0.16651063994978021,
        "emission": 3.847481773363497e-06
    },
    "DNN": {
        "MSE": 293.40679636599066,
        "MAE": 11.667818446023643,
        "R2": 0.18943022461927939,
        "emission": 1.716897873319095e-05
    }
}