{
    "Linear-SVR": {
        "MSE": 391.2917972274675,
        "MAE": 9.791286632524237,
        "R2": -0.08098826651361946,
        "emission": 2.3522641442830404e-09
    },
    "RBF-SVR": {
        "MSE": 423.93267219876674,
        "MAE": 9.6640682776238,
        "R2": -0.17116241047146197,
        "emission": 2.9569583516197826e-09
    },
    "DecisionTree": {
        "MSE": 443.91585060459164,
        "MAE": 12.805222782505044,
        "R2": -0.22636822244453425,
        "emission": 1.4374080784735404e-09
    },
    "ExtraTrees": {
        "MSE": 285.5555066048383,
        "MAE": 10.420564613576655,
        "R2": 0.21112030902416767,
        "emission": 1.1501071289764298e-07
    },
    "RandomForest": {
        "MSE": 308.14318804758426,
        "MAE": 11.452385027639574,
        "R2": 0.14871926003626468,
        "emission": 3.402631286561032e-07
    },
    "KNeighbors": {
        "MSE": 302.1022535211268,
        "MAE": 10.444131455399061,
        "R2": 0.16540803140368843,
        "emission": 3.6897181556320083e-09
    },
    "PLS": {
        "MSE": 331.424861667095,
        "MAE": 12.558074811791572,
        "R2": 0.08440097842183958,
        "emission": 1.7441032540327178e-08
    },
    "PLS-SKLEARN": {
        "MSE": 318.6889420385999,
        "MAE": 12.018083592478504,
        "R2": 0.11958541054950922,
        "emission": 3.8100950784555305e-09
    },
    "XGBoost": {
        "MSE": 344.5642470305086,
        "MAE": 11.726960647812753,
        "R2": 0.04810192613479647,
        "emission": 7.108194254414262e-07
    },
    "CatBoost": {
        "MSE": 301.7031357018094,
        "MAE": 10.644226383626888,
        "R2": 0.16651063994978021,
        "emission": 2.189346890148809e-06
    },
    "DNN": {
        "MSE": 296.9732772527137,
        "MAE": 11.52073184447669,
        "R2": 0.17957741395825888,
        "emission": 3.8900103550738295e-06
    }
}