{
    "Linear-SVR": {
        "MSE": 430.3918173425263,
        "MAE": 8.724976630796187,
        "R2": -0.16564410792497575,
        "emission": 1.4206270502982969e-08
    },
    "RBF-SVR": {
        "MSE": 430.93550193133467,
        "MAE": 8.547754571821605,
        "R2": -0.16711658651768513,
        "emission": 1.7653713335792155e-08
    },
    "DecisionTree": {
        "MSE": 400.93119311852803,
        "MAE": 11.537730173455904,
        "R2": -0.08585494451909836,
        "emission": 9.777269276944333e-09
    },
    "ExtraTrees": {
        "MSE": 380.58713581547767,
        "MAE": 12.014165402087205,
        "R2": -0.030756474773526943,
        "emission": 5.962017499336973e-07
    },
    "RandomForest": {
        "MSE": 360.7906363035984,
        "MAE": 11.764523573017437,
        "R2": 0.022859026459845944,
        "emission": 1.953720715959393e-06
    },
    "KNeighbors": {
        "MSE": 325.3115492957746,
        "MAE": 10.154929577464788,
        "R2": 0.11894818768178017,
        "emission": 6.407095000475471e-09
    },
    "PLS": {
        "MSE": 371.7244221794886,
        "MAE": 11.998903602309055,
        "R2": -0.006753300192270162,
        "emission": 3.639383978649327e-07
    },
    "PLS-SKLEARN": {
        "MSE": 371.72442217948867,
        "MAE": 11.998903602309056,
        "R2": -0.006753300192270384,
        "emission": 9.177742877096428e-07
    },
    "XGBoost": {
        "MSE": 393.6611352518761,
        "MAE": 13.41290127222553,
        "R2": -0.0661652111759754,
        "emission": 2.071854859649171e-06
    },
    "CatBoost": {
        "MSE": 371.33029066094696,
        "MAE": 11.716471184201676,
        "R2": -0.005685861026785366,
        "emission": 3.871431434846338e-06
    },
    "DNN": {
        "MSE": 360.58053430374315,
        "MAE": 12.181827809329324,
        "R2": 0.0234280525154682,
        "emission": 1.5574895123312227e-05
    }
}