{
    "Linear-SVR": {
        "MSE": 430.3918173425263,
        "MAE": 8.724976630796187,
        "R2": -0.16564410792497575,
        "emission": 2.349283738125259e-09
    },
    "RBF-SVR": {
        "MSE": 430.93550193133467,
        "MAE": 8.547754571821605,
        "R2": -0.16711658651768513,
        "emission": 2.828753794096566e-09
    },
    "DecisionTree": {
        "MSE": 400.93119311852803,
        "MAE": 11.537730173455904,
        "R2": -0.08585494451909836,
        "emission": 1.4526667366939008e-09
    },
    "ExtraTrees": {
        "MSE": 380.58713581547767,
        "MAE": 12.014165402087205,
        "R2": -0.030756474773526943,
        "emission": 1.0969612368303878e-07
    },
    "RandomForest": {
        "MSE": 360.7906363035984,
        "MAE": 11.764523573017437,
        "R2": 0.022859026459845944,
        "emission": 3.305705023849539e-07
    },
    "KNeighbors": {
        "MSE": 325.3115492957746,
        "MAE": 10.154929577464788,
        "R2": 0.11894818768178017,
        "emission": 3.742044388733211e-09
    },
    "PLS": {
        "MSE": 371.7244221794886,
        "MAE": 11.998903602309055,
        "R2": -0.006753300192270162,
        "emission": 1.725126289717061e-08
    },
    "PLS-SKLEARN": {
        "MSE": 371.72442217948867,
        "MAE": 11.998903602309056,
        "R2": -0.006753300192270384,
        "emission": 3.824459965978581e-09
    },
    "XGBoost": {
        "MSE": 393.6611352518761,
        "MAE": 13.41290127222553,
        "R2": -0.0661652111759754,
        "emission": 6.669838685799776e-07
    },
    "CatBoost": {
        "MSE": 371.33029066094696,
        "MAE": 11.716471184201676,
        "R2": -0.005685861026785366,
        "emission": 2.3340043047993437e-06
    },
    "DNN": {
        "MSE": 348.919489812249,
        "MAE": 12.050369347764853,
        "R2": 0.05501003724670539,
        "emission": 3.897088056938758e-06
    }
}