{
    "Linear-SVR": {
        "MSE": 233.7040542872024,
        "MAE": 7.352193533850266,
        "R2": -0.09180378304253889,
        "emission": 1.4360528827135596e-08
    },
    "RBF-SVR": {
        "MSE": 240.08454584135896,
        "MAE": 6.963680655838692,
        "R2": -0.1216117589364365,
        "emission": 1.728807978228668e-08
    },
    "DecisionTree": {
        "MSE": 218.5932107935927,
        "MAE": 8.856853353566969,
        "R2": -0.021209902497308475,
        "emission": 1.0861236038615922e-08
    },
    "ExtraTrees": {
        "MSE": 185.7942673768812,
        "MAE": 8.63049727741159,
        "R2": 0.13201812177203665,
        "emission": 6.18571756334563e-07
    },
    "RandomForest": {
        "MSE": 196.46169382309495,
        "MAE": 8.823105687923302,
        "R2": 0.08218271525832954,
        "emission": 1.889132811132423e-06
    },
    "KNeighbors": {
        "MSE": 225.44646197183104,
        "MAE": 8.848920187793427,
        "R2": -0.053226486828130914,
        "emission": 8.573235498287366e-09
    },
    "PLS": {
        "MSE": 197.96200915924607,
        "MAE": 9.068998650777134,
        "R2": 0.0751736371969216,
        "emission": 3.955807648287424e-07
    },
    "PLS-SKLEARN": {
        "MSE": 199.43708411934918,
        "MAE": 9.02668661617947,
        "R2": 0.06828247552399336,
        "emission": 9.813708334515643e-07
    },
    "XGBoost": {
        "MSE": 203.02599528484876,
        "MAE": 8.855770130991552,
        "R2": 0.05151602789240595,
        "emission": 2.154132363120101e-06
    },
    "CatBoost": {
        "MSE": 169.05258903182272,
        "MAE": 8.571251045143983,
        "R2": 0.21023083317478075,
        "emission": 3.82807870921301e-06
    },
    "DNN": {
        "MSE": 256.3327823130182,
        "MAE": 9.088660375079568,
        "R2": -0.1975192398812322,
        "emission": 1.7888644299780976e-05
    }
}