{
    "Linear-SVR": {
        "MSE": 411.89025732713924,
        "MAE": 11.138273949069035,
        "R2": -0.00966175438210981,
        "emission": 1.1456045361786098e-08
    },
    "RBF-SVR": {
        "MSE": 464.8769926997548,
        "MAE": 11.31596930564118,
        "R2": -0.13954751701816281,
        "emission": 1.586761002900234e-08
    },
    "DecisionTree": {
        "MSE": 384.6741607231006,
        "MAE": 12.065521810148695,
        "R2": 0.057052743850951604,
        "emission": 8.859603630942897e-09
    },
    "ExtraTrees": {
        "MSE": 288.95494114387594,
        "MAE": 11.076655336827338,
        "R2": 0.2916881435702703,
        "emission": 6.788121671110466e-07
    },
    "RandomForest": {
        "MSE": 306.57090932973205,
        "MAE": 11.422163728302037,
        "R2": 0.24850632747418222,
        "emission": 1.8695305460602612e-06
    },
    "KNeighbors": {
        "MSE": 306.91835680751177,
        "MAE": 11.110516431924882,
        "R2": 0.2476546335490888,
        "emission": 6.184022824530387e-09
    },
    "PLS": {
        "MSE": 320.4945596798318,
        "MAE": 12.88604432215165,
        "R2": 0.21437544676068376,
        "emission": 3.9268851644087003e-07
    },
    "PLS-SKLEARN": {
        "MSE": 316.0874934812415,
        "MAE": 12.70165350507822,
        "R2": 0.22517843641773871,
        "emission": 9.133542572721214e-07
    },
    "XGBoost": {
        "MSE": 316.77176892664556,
        "MAE": 11.470091933545442,
        "R2": 0.22350108004817903,
        "emission": 2.1974124287218357e-06
    },
    "CatBoost": {
        "MSE": 288.8102902122696,
        "MAE": 10.543908479184408,
        "R2": 0.2920427247014833,
        "emission": 3.916620684498026e-06
    },
    "DNN": {
        "MSE": 280.1166385094483,
        "MAE": 10.584808514347658,
        "R2": 0.3133533711033136,
        "emission": 1.810386110524199e-05
    }
}