{
    "Linear-SVR": {
        "MSE": 411.89025732713924,
        "MAE": 11.138273949069035,
        "R2": -0.00966175438210981,
        "emission": 2.543613074816196e-09
    },
    "RBF-SVR": {
        "MSE": 464.8769926997548,
        "MAE": 11.31596930564118,
        "R2": -0.13954751701816281,
        "emission": 3.1302856028330107e-09
    },
    "DecisionTree": {
        "MSE": 384.6741607231006,
        "MAE": 12.065521810148695,
        "R2": 0.057052743850951604,
        "emission": 1.3063245192458286e-09
    },
    "ExtraTrees": {
        "MSE": 288.95494114387594,
        "MAE": 11.076655336827338,
        "R2": 0.2916881435702703,
        "emission": 1.1197372920612658e-07
    },
    "RandomForest": {
        "MSE": 306.57090932973205,
        "MAE": 11.422163728302037,
        "R2": 0.24850632747418222,
        "emission": 3.2211597173521885e-07
    },
    "KNeighbors": {
        "MSE": 306.91835680751177,
        "MAE": 11.110516431924882,
        "R2": 0.2476546335490888,
        "emission": 2.511362891072218e-09
    },
    "PLS": {
        "MSE": 316.08749348124144,
        "MAE": 12.701653505078218,
        "R2": 0.22517843641773883,
        "emission": 1.8033921539277872e-08
    },
    "PLS-SKLEARN": {
        "MSE": 340.39069078533856,
        "MAE": 12.514497786912884,
        "R2": 0.16560429405665789,
        "emission": 3.933165336985318e-09
    },
    "XGBoost": {
        "MSE": 316.77176892664556,
        "MAE": 11.470091933545442,
        "R2": 0.22350108004817903,
        "emission": 7.326049329933428e-07
    },
    "CatBoost": {
        "MSE": 288.8102902122696,
        "MAE": 10.543908479184408,
        "R2": 0.2920427247014833,
        "emission": 2.221334507417584e-06
    },
    "DNN": {
        "MSE": 293.44271332133115,
        "MAE": 10.876241382494777,
        "R2": 0.28068732029428345,
        "emission": 4.030138105001575e-06
    }
}