{
    "Linear-SVR": {
        "MSE": 495.50393117023094,
        "MAE": 10.551848541583137,
        "R2": -0.07287549043691932,
        "emission": 2.3231401815980375e-09
    },
    "RBF-SVR": {
        "MSE": 514.298680331056,
        "MAE": 10.615835363582935,
        "R2": -0.1135702749887526,
        "emission": 3.0215663956681333e-09
    },
    "DecisionTree": {
        "MSE": 406.52915417829865,
        "MAE": 12.050447038951475,
        "R2": 0.11977456034328304,
        "emission": 1.4511765612720523e-09
    },
    "ExtraTrees": {
        "MSE": 396.0628991309801,
        "MAE": 12.710333410090445,
        "R2": 0.14243631499457365,
        "emission": 1.1142586062595056e-07
    },
    "RandomForest": {
        "MSE": 389.8305995325159,
        "MAE": 12.519157134469735,
        "R2": 0.1559306206249258,
        "emission": 3.3137694639397597e-07
    },
    "KNeighbors": {
        "MSE": 412.6725990610329,
        "MAE": 11.97849765258216,
        "R2": 0.10647264480455187,
        "emission": 4.632413281896677e-09
    },
    "PLS": {
        "MSE": 434.5150534821464,
        "MAE": 14.240577393772018,
        "R2": 0.05917890498688061,
        "emission": 1.8427000605860496e-08
    },
    "PLS-SKLEARN": {
        "MSE": 414.2958801078872,
        "MAE": 13.45986068163108,
        "R2": 0.10295788268117645,
        "emission": 3.902065580405247e-09
    },
    "XGBoost": {
        "MSE": 460.97589461355693,
        "MAE": 13.961729882650532,
        "R2": 0.0018853375288208074,
        "emission": 7.449999059420083e-07
    },
    "CatBoost": {
        "MSE": 346.99353596653793,
        "MAE": 11.76794881688827,
        "R2": 0.24868232790943767,
        "emission": 2.228415104918465e-06
    },
    "DNN": {
        "MSE": 429.4290051184084,
        "MAE": 13.261148310575127,
        "R2": 0.07019132343479129,
        "emission": 3.97486351778244e-06
    }
}