{
    "Linear-SVR": {
        "MSE": 842.0562290442763,
        "MAE": 16.3120975516793,
        "R2": -0.033017728771656873,
        "emission": 2.1739008701158053e-09
    },
    "RBF-SVR": {
        "MSE": 952.0428442801995,
        "MAE": 16.649920140030535,
        "R2": -0.16794710705706062,
        "emission": 3.3594707019016477e-09
    },
    "DecisionTree": {
        "MSE": 956.2372191716196,
        "MAE": 20.070349089640114,
        "R2": -0.17309268222710505,
        "emission": 1.4432823286122615e-09
    },
    "ExtraTrees": {
        "MSE": 629.8998057829722,
        "MAE": 17.801784523848212,
        "R2": 0.22725152515982472,
        "emission": 1.1153015606442917e-07
    },
    "RandomForest": {
        "MSE": 639.6829653343424,
        "MAE": 18.11232975431995,
        "R2": 0.21524974082359627,
        "emission": 3.3029080989932897e-07
    },
    "KNeighbors": {
        "MSE": 605.8281483568076,
        "MAE": 16.470892018779338,
        "R2": 0.2567821527170475,
        "emission": 3.3604559179144765e-09
    },
    "PLS": {
        "MSE": 629.841706112309,
        "MAE": 18.256906660138494,
        "R2": 0.22732280067298016,
        "emission": 1.782469346742393e-08
    },
    "PLS-SKLEARN": {
        "MSE": 635.3007684398292,
        "MAE": 18.023307674838392,
        "R2": 0.22062573226794224,
        "emission": 3.951789136751344e-09
    },
    "XGBoost": {
        "MSE": 638.1877199441662,
        "MAE": 17.91849580202514,
        "R2": 0.21708407794223394,
        "emission": 7.34283577694765e-07
    },
    "CatBoost": {
        "MSE": 593.1062384967776,
        "MAE": 16.967634718664996,
        "R2": 0.27238913711541946,
        "emission": 2.2487261084865955e-06
    },
    "DNN": {
        "MSE": 656.0854604678847,
        "MAE": 17.197840831942962,
        "R2": 0.1951274880753786,
        "emission": 4.019566942156504e-06
    }
}