{
    "Linear-SVR": {
        "MSE": 113.72942308255276,
        "MAE": 4.223983781200307,
        "R2": -0.15054878409973615,
        "emission": 2.3647297138794954e-09
    },
    "RBF-SVR": {
        "MSE": 112.93960162489647,
        "MAE": 4.1366597974450485,
        "R2": -0.1425585200754238,
        "emission": 2.7259469873802058e-09
    },
    "DecisionTree": {
        "MSE": 231.39198786754142,
        "MAE": 7.197053621038572,
        "R2": -1.3408873717593202,
        "emission": 1.4421986505420225e-09
    },
    "ExtraTrees": {
        "MSE": 103.68137250665116,
        "MAE": 5.922269369024229,
        "R2": -0.048897232027018456,
        "emission": 1.1133784797460092e-07
    },
    "RandomForest": {
        "MSE": 103.42569536683122,
        "MAE": 6.041705503721086,
        "R2": -0.04631066283174179,
        "emission": 3.4224493494201126e-07
    },
    "KNeighbors": {
        "MSE": 118.05352112676057,
        "MAE": 5.916431924882629,
        "R2": -0.19429371493861036,
        "emission": 2.9639403169584347e-09
    },
    "PLS": {
        "MSE": 102.4209244713361,
        "MAE": 6.000065744444259,
        "R2": -0.03614585322682906,
        "emission": 1.7734988384547382e-08
    },
    "PLS-SKLEARN": {
        "MSE": 102.42092447133606,
        "MAE": 6.000065744444259,
        "R2": -0.03614585322682862,
        "emission": 3.760620964075205e-09
    },
    "XGBoost": {
        "MSE": 135.6232491276071,
        "MAE": 6.889403494608374,
        "R2": -0.37203865235611344,
        "emission": 6.618520193276425e-07
    },
    "CatBoost": {
        "MSE": 99.10051323291978,
        "MAE": 6.168854233552066,
        "R2": -0.002554764751000249,
        "emission": 2.2558104129243367e-06
    },
    "DNN": {
        "MSE": 100.57789394006078,
        "MAE": 5.949505628554474,
        "R2": -0.01750075260692774,
        "emission": 3.864806438922226e-06
    }
}