{
    "Linear-SVR": {
        "MSE": 377.7164999343619,
        "MAE": 7.302248996134049,
        "R2": -0.07506547853723755,
        "emission": 1.2091793423779309e-08
    },
    "RBF-SVR": {
        "MSE": 384.83308774571043,
        "MAE": 7.157571299862559,
        "R2": -0.09532087612322937,
        "emission": 1.987716886337642e-08
    },
    "DecisionTree": {
        "MSE": 379.32854279113843,
        "MAE": 11.002669349429915,
        "R2": -0.07965371237278407,
        "emission": 1.2480709278189966e-08
    },
    "ExtraTrees": {
        "MSE": 273.0326839407774,
        "MAE": 11.165659142464593,
        "R2": 0.2228880309223812,
        "emission": 5.958792487804873e-07
    },
    "RandomForest": {
        "MSE": 273.09163215107986,
        "MAE": 10.99411247241386,
        "R2": 0.2227202511565285,
        "emission": 1.932327524012521e-06
    },
    "KNeighbors": {
        "MSE": 302.23815211267606,
        "MAE": 10.413333333333334,
        "R2": 0.1397627488084613,
        "emission": 6.922932240260672e-09
    },
    "PLS": {
        "MSE": 352.50814702272777,
        "MAE": 13.754333244622671,
        "R2": -0.0033168787519728404,
        "emission": 3.690746826704451e-07
    },
    "PLS-SKLEARN": {
        "MSE": 323.53930810701723,
        "MAE": 12.589820098289648,
        "R2": 0.07913490367479015,
        "emission": 1.0610718326199246e-06
    },
    "XGBoost": {
        "MSE": 333.96810010550433,
        "MAE": 11.733209007615528,
        "R2": 0.04945223357071171,
        "emission": 2.1402122502687424e-06
    },
    "CatBoost": {
        "MSE": 243.8543142514935,
        "MAE": 10.25626091394264,
        "R2": 0.30593618470543704,
        "emission": 3.920965214314817e-06
    },
    "DNN": {
        "MSE": 290.6750702735339,
        "MAE": 12.2020579071252,
        "R2": 0.1726738610127807,
        "emission": 1.6166164411109704e-05
    }
}