{
    "Linear-SVR": {
        "MSE": 377.7164999343619,
        "MAE": 7.302248996134049,
        "R2": -0.07506547853723755,
        "emission": 2.715027480776035e-09
    },
    "RBF-SVR": {
        "MSE": 384.83308774571043,
        "MAE": 7.157571299862559,
        "R2": -0.09532087612322937,
        "emission": 3.1181584793950313e-09
    },
    "DecisionTree": {
        "MSE": 379.32854279113843,
        "MAE": 11.002669349429915,
        "R2": -0.07965371237278407,
        "emission": 1.5170060931967684e-09
    },
    "ExtraTrees": {
        "MSE": 273.0326839407774,
        "MAE": 11.165659142464593,
        "R2": 0.2228880309223812,
        "emission": 1.1467144197306868e-07
    },
    "RandomForest": {
        "MSE": 273.09163215107986,
        "MAE": 10.99411247241386,
        "R2": 0.2227202511565285,
        "emission": 3.4883482282279177e-07
    },
    "KNeighbors": {
        "MSE": 302.23815211267606,
        "MAE": 10.413333333333334,
        "R2": 0.1397627488084613,
        "emission": 5.6013038816157215e-09
    },
    "PLS": {
        "MSE": 352.50814702272777,
        "MAE": 13.754333244622671,
        "R2": -0.0033168787519728404,
        "emission": 1.764754455040701e-08
    },
    "PLS-SKLEARN": {
        "MSE": 323.53930810701723,
        "MAE": 12.589820098289648,
        "R2": 0.07913490367479015,
        "emission": 3.779792829340992e-09
    },
    "XGBoost": {
        "MSE": 333.96810010550433,
        "MAE": 11.733209007615528,
        "R2": 0.04945223357071171,
        "emission": 7.36788198359824e-07
    },
    "CatBoost": {
        "MSE": 243.8543142514935,
        "MAE": 10.25626091394264,
        "R2": 0.30593618470543704,
        "emission": 2.205358417608556e-06
    },
    "DNN": {
        "MSE": 271.73881868155075,
        "MAE": 11.175972343675197,
        "R2": 0.22657066028677209,
        "emission": 3.9414242150487835e-06
    }
}