{
    "Linear-SVR": {
        "MSE": 471.35232990252086,
        "MAE": 16.589578337639484,
        "R2": 0.12225992718592604,
        "emission": 2.271002420200257e-09
    },
    "RBF-SVR": {
        "MSE": 521.7216163421559,
        "MAE": 17.472437479990088,
        "R2": 0.02846354952452479,
        "emission": 3.015234847084918e-09
    },
    "DecisionTree": {
        "MSE": 611.2812147515087,
        "MAE": 18.51950161997332,
        "R2": -0.13831200973765534,
        "emission": 1.4982105917823549e-09
    },
    "ExtraTrees": {
        "MSE": 419.2783054761119,
        "MAE": 16.15446831237594,
        "R2": 0.21923082367265967,
        "emission": 1.1542176192734561e-07
    },
    "RandomForest": {
        "MSE": 416.5327640624077,
        "MAE": 16.35151492842711,
        "R2": 0.22434349962119515,
        "emission": 3.18274770117111e-07
    },
    "KNeighbors": {
        "MSE": 465.5520338028169,
        "MAE": 16.56262910798122,
        "R2": 0.1330610880117361,
        "emission": 2.9497268633264464e-09
    },
    "PLS": {
        "MSE": 423.7356005336144,
        "MAE": 15.908739379162336,
        "R2": 0.21093056452440184,
        "emission": 1.7760840576458365e-08
    },
    "PLS-SKLEARN": {
        "MSE": 436.1211424709479,
        "MAE": 16.32017755672222,
        "R2": 0.18786652984748586,
        "emission": 3.741898617773685e-09
    },
    "XGBoost": {
        "MSE": 488.2717588646068,
        "MAE": 17.834461699726994,
        "R2": 0.0907530057876057,
        "emission": 6.625043387915767e-07
    },
    "CatBoost": {
        "MSE": 411.8821530044653,
        "MAE": 16.059724531245923,
        "R2": 0.2330037468071432,
        "emission": 2.220747110617253e-06
    },
    "DNN": {
        "MSE": 464.58766683274604,
        "MAE": 17.00441095746459,
        "R2": 0.13485690714920495,
        "emission": 3.998491712281977e-06
    }
}