{
    "Linear-SVR": {
        "MSE": 321.27784850260576,
        "MAE": 8.968845372428612,
        "R2": -0.24762452435047555,
        "emission": 2.3733587210012288e-09
    },
    "RBF-SVR": {
        "MSE": 322.55508889279815,
        "MAE": 8.747430186365577,
        "R2": -0.2525844568255031,
        "emission": 3.050168061036246e-09
    },
    "DecisionTree": {
        "MSE": 374.8509344625755,
        "MAE": 12.45393707272877,
        "R2": -0.4556659321235741,
        "emission": 1.4890106265660403e-09
    },
    "ExtraTrees": {
        "MSE": 250.55947227247094,
        "MAE": 11.339457830650694,
        "R2": 0.026997522946521024,
        "emission": 1.1541742439858363e-07
    },
    "RandomForest": {
        "MSE": 244.81932095809165,
        "MAE": 11.165222166505176,
        "R2": 0.04928836430604955,
        "emission": 3.320616388305429e-07
    },
    "KNeighbors": {
        "MSE": 269.5742723004695,
        "MAE": 11.011267605633803,
        "R2": -0.04684302021921405,
        "emission": 3.5063851680764797e-09
    },
    "PLS": {
        "MSE": 251.04311117396495,
        "MAE": 11.617919505417555,
        "R2": 0.025119398583929198,
        "emission": 1.7704664641091753e-08
    },
    "PLS-SKLEARN": {
        "MSE": 251.04311117396497,
        "MAE": 11.617919505417555,
        "R2": 0.025119398583929087,
        "emission": 3.62163752979986e-09
    },
    "XGBoost": {
        "MSE": 307.28740374244467,
        "MAE": 12.610632306288386,
        "R2": -0.19329515782022755,
        "emission": 7.235478371617092e-07
    },
    "CatBoost": {
        "MSE": 256.89336899858654,
        "MAE": 11.608047573709106,
        "R2": 0.002400978469409565,
        "emission": 2.230039379872346e-06
    },
    "DNN": {
        "MSE": 256.7965422232144,
        "MAE": 11.759184467960411,
        "R2": 0.0027769877714237667,
        "emission": 3.953780764742984e-06
    }
}