{
    "Linear-SVR": {
        "MSE": 588.9014939934161,
        "MAE": 10.794376793686,
        "R2": -0.04965997532425681,
        "emission": 2.421126247747238e-09
    },
    "RBF-SVR": {
        "MSE": 643.2861213927775,
        "MAE": 10.572790985646051,
        "R2": -0.14659531550641414,
        "emission": 3.2663179229055474e-09
    },
    "DecisionTree": {
        "MSE": 627.7911006532689,
        "MAE": 13.170722795037099,
        "R2": -0.11897693916848073,
        "emission": 1.4426912246277618e-09
    },
    "ExtraTrees": {
        "MSE": 426.64067806478516,
        "MAE": 13.457482390109195,
        "R2": 0.23955424094269118,
        "emission": 1.0907964170780915e-07
    },
    "RandomForest": {
        "MSE": 451.1221247779699,
        "MAE": 13.874807265964579,
        "R2": 0.19591842915588853,
        "emission": 3.387493459557327e-07
    },
    "KNeighbors": {
        "MSE": 424.23951361502344,
        "MAE": 12.826197183098595,
        "R2": 0.24383408441871157,
        "emission": 4.528531259080437e-09
    },
    "PLS": {
        "MSE": 474.0045599588162,
        "MAE": 15.580072932471696,
        "R2": 0.15513270082565178,
        "emission": 1.8024219620253044e-08
    },
    "PLS-SKLEARN": {
        "MSE": 475.16357777362305,
        "MAE": 15.538255869719556,
        "R2": 0.15306686362995925,
        "emission": 3.984656183263366e-09
    },
    "XGBoost": {
        "MSE": 474.4420791367587,
        "MAE": 13.911469632282223,
        "R2": 0.15435286519234603,
        "emission": 7.348570659633956e-07
    },
    "CatBoost": {
        "MSE": 363.2825671864222,
        "MAE": 12.44252770458079,
        "R2": 0.3524839478283006,
        "emission": 2.2210001782933656e-06
    },
    "DNN": {
        "MSE": 383.71834570316213,
        "MAE": 13.433054594212853,
        "R2": 0.31605914844775596,
        "emission": 3.9822145503418034e-06
    }
}