{
    "Linear-SVR": {
        "MSE": 213.49720702955793,
        "MAE": 8.392933341285342,
        "R2": -0.17519444943929985,
        "emission": 2.1598644022355104e-09
    },
    "RBF-SVR": {
        "MSE": 230.70345928707954,
        "MAE": 8.335433369034172,
        "R2": -0.26990619030948526,
        "emission": 3.170414321879824e-09
    },
    "DecisionTree": {
        "MSE": 344.2276809998709,
        "MAE": 11.090043700885495,
        "R2": -0.8947997759914672,
        "emission": 1.4424192136953416e-09
    },
    "ExtraTrees": {
        "MSE": 183.64209530275164,
        "MAE": 9.680862944499124,
        "R2": -0.01085711652105048,
        "emission": 1.1039515319455693e-07
    },
    "RandomForest": {
        "MSE": 189.85788340484243,
        "MAE": 9.657535708552023,
        "R2": -0.04507189515024623,
        "emission": 3.3124331099947006e-07
    },
    "KNeighbors": {
        "MSE": 228.12806760563382,
        "MAE": 10.36112676056338,
        "R2": -0.2557299579770964,
        "emission": 2.243671343268659e-09
    },
    "PLS": {
        "MSE": 178.6957524958993,
        "MAE": 9.436427539065884,
        "R2": 0.016370005990355985,
        "emission": 1.8115012281154777e-08
    },
    "PLS-SKLEARN": {
        "MSE": 179.25299108337458,
        "MAE": 9.481781941769835,
        "R2": 0.013302688604214796,
        "emission": 3.7218438533224305e-09
    },
    "XGBoost": {
        "MSE": 211.1994055252601,
        "MAE": 10.282259549744461,
        "R2": -0.16254621103218003,
        "emission": 6.988995048672259e-07
    },
    "CatBoost": {
        "MSE": 176.71325797920892,
        "MAE": 9.259967421035322,
        "R2": 0.027282638452736818,
        "emission": 2.308873888444724e-06
    },
    "DNN": {
        "MSE": 186.41442870907028,
        "MAE": 9.975183195911104,
        "R2": -0.026117413723204086,
        "emission": 3.916566646182029e-06
    }
}