{
    "Linear-SVR": {
        "MSE": 673.2564836859175,
        "MAE": 12.535540701577297,
        "R2": -0.17371930348603848,
        "emission": 2.4340640330102076e-09
    },
    "RBF-SVR": {
        "MSE": 695.598527844524,
        "MAE": 12.2884843147467,
        "R2": -0.21266922694571,
        "emission": 2.9809737832661774e-09
    },
    "DecisionTree": {
        "MSE": 699.5393118244648,
        "MAE": 15.46840212737877,
        "R2": -0.21953937872323492,
        "emission": 1.3609647239797603e-09
    },
    "ExtraTrees": {
        "MSE": 429.3253449310885,
        "MAE": 13.811060058221477,
        "R2": 0.25153718228950683,
        "emission": 1.1419489442583808e-07
    },
    "RandomForest": {
        "MSE": 422.40978617306666,
        "MAE": 14.068357852904288,
        "R2": 0.26359339712793506,
        "emission": 3.241067980781957e-07
    },
    "KNeighbors": {
        "MSE": 445.1733352112676,
        "MAE": 12.485727699530516,
        "R2": 0.22390864463106674,
        "emission": 3.735929791058598e-09
    },
    "PLS": {
        "MSE": 430.18641204263537,
        "MAE": 15.226061004712447,
        "R2": 0.25003604399391033,
        "emission": 1.8251449624688165e-08
    },
    "PLS-SKLEARN": {
        "MSE": 469.82159377882033,
        "MAE": 15.281932636016798,
        "R2": 0.1809381904593279,
        "emission": 3.933421391189921e-09
    },
    "XGBoost": {
        "MSE": 487.50963932368467,
        "MAE": 14.466999266919258,
        "R2": 0.150101798979981,
        "emission": 6.903306560724842e-07
    },
    "CatBoost": {
        "MSE": 416.5997189497998,
        "MAE": 12.98405315968761,
        "R2": 0.27372235721928884,
        "emission": 2.2189051481808683e-06
    },
    "DNN": {
        "MSE": 408.67423630269474,
        "MAE": 11.31643811259856,
        "R2": 0.2875392192885897,
        "emission": 4.060574021895003e-06
    }
}