{
    "Linear-SVR": {
        "MSE": 588.9014939934161,
        "MAE": 10.794376793686,
        "R2": -0.04965997532425681,
        "emission": 1.4128836801510163e-08
    },
    "RBF-SVR": {
        "MSE": 643.2861213927775,
        "MAE": 10.572790985646051,
        "R2": -0.14659531550641414,
        "emission": 1.748738510127194e-08
    },
    "DecisionTree": {
        "MSE": 627.7911006532689,
        "MAE": 13.170722795037099,
        "R2": -0.11897693916848073,
        "emission": 1.0239384018781867e-08
    },
    "ExtraTrees": {
        "MSE": 426.64067806478516,
        "MAE": 13.457482390109195,
        "R2": 0.23955424094269118,
        "emission": 6.232240959449482e-07
    },
    "RandomForest": {
        "MSE": 451.1221247779699,
        "MAE": 13.874807265964579,
        "R2": 0.19591842915588853,
        "emission": 2.064041788793479e-06
    },
    "KNeighbors": {
        "MSE": 424.23951361502344,
        "MAE": 12.826197183098595,
        "R2": 0.24383408441871157,
        "emission": 8.706702260274819e-09
    },
    "PLS": {
        "MSE": 513.3498759385296,
        "MAE": 16.4649751014528,
        "R2": 0.08500347917885998,
        "emission": 3.8764866273788706e-07
    },
    "PLS-SKLEARN": {
        "MSE": 510.51067077440615,
        "MAE": 16.363768191464807,
        "R2": 0.09006408787642883,
        "emission": 1.1089822200939914e-06
    },
    "XGBoost": {
        "MSE": 474.4420791367587,
        "MAE": 13.911469632282223,
        "R2": 0.15435286519234603,
        "emission": 2.1044967719182783e-06
    },
    "CatBoost": {
        "MSE": 363.2825671864222,
        "MAE": 12.44252770458079,
        "R2": 0.3524839478283006,
        "emission": 3.917194998366227e-06
    },
    "DNN": {
        "MSE": 375.3288131450641,
        "MAE": 12.508785645817646,
        "R2": 0.3310126790937721,
        "emission": 1.666709986713448e-05
    }
}