{
    "Linear-SVR": {
        "MSE": 464.9013928141331,
        "MAE": 15.387590466596222,
        "R2": -0.039437616840726886,
        "emission": 2.0585453619696433e-09
    },
    "RBF-SVR": {
        "MSE": 480.8053081066512,
        "MAE": 15.21086826471261,
        "R2": -0.07499596978526402,
        "emission": 3.005437256079121e-09
    },
    "DecisionTree": {
        "MSE": 547.7339252594086,
        "MAE": 16.275580856412187,
        "R2": -0.2246365675270754,
        "emission": 1.3401969128373216e-09
    },
    "ExtraTrees": {
        "MSE": 399.9994643907773,
        "MAE": 15.037046924367617,
        "R2": 0.10567166192564448,
        "emission": 1.1226943384351443e-07
    },
    "RandomForest": {
        "MSE": 381.76154517591857,
        "MAE": 14.6885457911502,
        "R2": 0.1464484364800832,
        "emission": 3.290611253991877e-07
    },
    "KNeighbors": {
        "MSE": 459.3124,
        "MAE": 15.960093896713616,
        "R2": -0.02694161347085755,
        "emission": 3.016267519796602e-09
    },
    "PLS": {
        "MSE": 406.3015477850472,
        "MAE": 15.322456497961918,
        "R2": 0.0915813136373348,
        "emission": 1.7794666459093413e-08
    },
    "PLS-SKLEARN": {
        "MSE": 381.7472980701525,
        "MAE": 14.994598022711672,
        "R2": 0.14648029049879174,
        "emission": 4.05957714246565e-09
    },
    "XGBoost": {
        "MSE": 452.56742334001405,
        "MAE": 16.023939369094204,
        "R2": -0.011861033860924852,
        "emission": 6.690649332878193e-07
    },
    "CatBoost": {
        "MSE": 395.75015283295966,
        "MAE": 15.032719542575537,
        "R2": 0.11517237400597502,
        "emission": 2.289427367738291e-06
    },
    "DNN": {
        "MSE": 429.58732025132065,
        "MAE": 15.6706818236624,
        "R2": 0.039518428447581244,
        "emission": 3.937636362179542e-06
    }
}