{
    "Linear-SVR": {
        "MSE": 714.0785824329529,
        "MAE": 10.897147640110127,
        "R2": -0.1598762099042832,
        "emission": 2.7412508945114065e-09
    },
    "RBF-SVR": {
        "MSE": 709.3624970429297,
        "MAE": 10.870688770429574,
        "R2": -0.15221588318067836,
        "emission": 2.7174902237044796e-09
    },
    "DecisionTree": {
        "MSE": 666.441124428342,
        "MAE": 15.176363930710703,
        "R2": -0.08249879571044638,
        "emission": 1.4788899174630008e-09
    },
    "ExtraTrees": {
        "MSE": 530.3407714396001,
        "MAE": 14.869217850037137,
        "R2": 0.13856869668425675,
        "emission": 1.1293899445582496e-07
    },
    "RandomForest": {
        "MSE": 543.0557001135913,
        "MAE": 15.089464950501284,
        "R2": 0.11791586709042556,
        "emission": 3.266638916633803e-07
    },
    "KNeighbors": {
        "MSE": 543.7468112676057,
        "MAE": 14.382065727699532,
        "R2": 0.1167932968220251,
        "emission": 4.4523659717335915e-09
    },
    "PLS": {
        "MSE": 527.2251332719103,
        "MAE": 15.90468790402825,
        "R2": 0.14362942064136042,
        "emission": 1.726365266995189e-08
    },
    "PLS-SKLEARN": {
        "MSE": 563.6643561972592,
        "MAE": 16.179553525670485,
        "R2": 0.08444127410080882,
        "emission": 3.867636513937776e-09
    },
    "XGBoost": {
        "MSE": 587.7064086901925,
        "MAE": 16.362042232971866,
        "R2": 0.045389823168317744,
        "emission": 6.819615900693297e-07
    },
    "CatBoost": {
        "MSE": 502.9300907694079,
        "MAE": 14.16085549415789,
        "R2": 0.1830918026683579,
        "emission": 2.2462300327468297e-06
    },
    "DNN": {
        "MSE": 502.990090691772,
        "MAE": 13.122150241108743,
        "R2": 0.18299434493155087,
        "emission": 4.004569382170788e-06
    }
}