{
    "Linear-SVR": {
        "MSE": 714.0785824329529,
        "MAE": 10.897147640110127,
        "R2": -0.1598762099042832,
        "emission": 1.5586077279595725e-08
    },
    "RBF-SVR": {
        "MSE": 709.3624970429297,
        "MAE": 10.870688770429574,
        "R2": -0.15221588318067836,
        "emission": 1.9080341726212157e-08
    },
    "DecisionTree": {
        "MSE": 666.441124428342,
        "MAE": 15.176363930710703,
        "R2": -0.08249879571044638,
        "emission": 1.3911777983795407e-08
    },
    "ExtraTrees": {
        "MSE": 530.3407714396001,
        "MAE": 14.869217850037137,
        "R2": 0.13856869668425675,
        "emission": 6.176249643350258e-07
    },
    "RandomForest": {
        "MSE": 543.0557001135913,
        "MAE": 15.089464950501284,
        "R2": 0.11791586709042556,
        "emission": 1.917988977795024e-06
    },
    "KNeighbors": {
        "MSE": 543.7468112676057,
        "MAE": 14.382065727699532,
        "R2": 0.1167932968220251,
        "emission": 1.9499225313838562e-08
    },
    "PLS": {
        "MSE": 527.2251332719103,
        "MAE": 15.90468790402825,
        "R2": 0.14362942064136042,
        "emission": 3.732078056672675e-07
    },
    "PLS-SKLEARN": {
        "MSE": 560.6820253369617,
        "MAE": 16.233130999852808,
        "R2": 0.08928546730309861,
        "emission": 8.514762353122591e-07
    },
    "XGBoost": {
        "MSE": 587.7064086901925,
        "MAE": 16.362042232971866,
        "R2": 0.045389823168317744,
        "emission": 2.1313589101918338e-06
    },
    "CatBoost": {
        "MSE": 502.9300907694079,
        "MAE": 14.16085549415789,
        "R2": 0.1830918026683579,
        "emission": 3.9515523989273206e-06
    },
    "DNN": {
        "MSE": 506.1504700457372,
        "MAE": 15.00722427160737,
        "R2": 0.1778609479678056,
        "emission": 1.6577020628898072e-05
    }
}