{
    "Linear-SVR": {
        "MSE": 485.76918851198127,
        "MAE": 7.886509348294193,
        "R2": -0.12936971464073066,
        "emission": 1.2556587552683574e-08
    },
    "RBF-SVR": {
        "MSE": 482.5100346475597,
        "MAE": 7.889285402400633,
        "R2": -0.12179247475627619,
        "emission": 1.3941860184260996e-08
    },
    "DecisionTree": {
        "MSE": 415.6194370409189,
        "MAE": 9.888421745425827,
        "R2": 0.03372215424390479,
        "emission": 1.0951005595190646e-08
    },
    "ExtraTrees": {
        "MSE": 400.9623267360839,
        "MAE": 10.613514739309425,
        "R2": 0.06779861869224835,
        "emission": 6.152572021237944e-07
    },
    "RandomForest": {
        "MSE": 406.9545331785905,
        "MAE": 10.771670180669188,
        "R2": 0.05386727714139339,
        "emission": 2.083683511692359e-06
    },
    "KNeighbors": {
        "MSE": 406.5537708920188,
        "MAE": 10.314647887323943,
        "R2": 0.054799013447293654,
        "emission": 6.048719331183828e-09
    },
    "PLS": {
        "MSE": 386.14508156883716,
        "MAE": 12.084069053180109,
        "R2": 0.10224738230682762,
        "emission": 3.7659194903536663e-07
    },
    "PLS-SKLEARN": {
        "MSE": 403.43919832462814,
        "MAE": 12.139752725640147,
        "R2": 0.06204011480746163,
        "emission": 1.211342014398084e-06
    },
    "XGBoost": {
        "MSE": 431.2422514765517,
        "MAE": 12.4698747025759,
        "R2": -0.0025994855354787294,
        "emission": 2.6269651225397784e-06
    },
    "CatBoost": {
        "MSE": 338.8359677693171,
        "MAE": 10.139099252428162,
        "R2": 0.21223682094400453,
        "emission": 4.0149112164849445e-06
    },
    "DNN": {
        "MSE": 400.814530081911,
        "MAE": 10.481408719636255,
        "R2": 0.06814223263297481,
        "emission": 1.7417218895285913e-05
    }
}