{
    "Linear-SVR": {
        "MSE": 509.68119905391626,
        "MAE": 15.119955213423165,
        "R2": -0.10371604799508316,
        "emission": 2.3632520638084443e-09
    },
    "RBF-SVR": {
        "MSE": 522.6162050847088,
        "MAE": 15.233097957205619,
        "R2": -0.13172683937526242,
        "emission": 3.2010460337077988e-09
    },
    "DecisionTree": {
        "MSE": 582.5644815051836,
        "MAE": 16.472153977027155,
        "R2": -0.26154499797664355,
        "emission": 1.4495260936043171e-09
    },
    "ExtraTrees": {
        "MSE": 438.7807215848978,
        "MAE": 14.434147057321956,
        "R2": 0.049819132306498815,
        "emission": 1.1565327775638022e-07
    },
    "RandomForest": {
        "MSE": 441.9756761760259,
        "MAE": 14.491594626100312,
        "R2": 0.04290044929172543,
        "emission": 3.3675458784996046e-07
    },
    "KNeighbors": {
        "MSE": 455.596751173709,
        "MAE": 14.67737089201878,
        "R2": 0.013403973663835833,
        "emission": 3.4717952153529036e-09
    },
    "PLS": {
        "MSE": 457.15716467692994,
        "MAE": 14.764821602502963,
        "R2": 0.010024893901407594,
        "emission": 1.8554786154337874e-08
    },
    "PLS-SKLEARN": {
        "MSE": 459.74410368725285,
        "MAE": 14.87910305588297,
        "R2": 0.004422870310626048,
        "emission": 3.897326887620095e-09
    },
    "XGBoost": {
        "MSE": 513.0532167024503,
        "MAE": 16.025628438163462,
        "R2": -0.11101816155100419,
        "emission": 6.825289520908894e-07
    },
    "CatBoost": {
        "MSE": 413.96534668906634,
        "MAE": 14.144485934461352,
        "R2": 0.10355689536384505,
        "emission": 2.2171431433989934e-06
    },
    "DNN": {
        "MSE": 458.42137485255483,
        "MAE": 15.129925517632929,
        "R2": 0.007287243265155174,
        "emission": 3.984283636920047e-06
    }
}