{
    "Linear-SVR": {
        "MSE": 594.2894801527716,
        "MAE": 14.570079707581918,
        "R2": -0.09933568647685154,
        "emission": 2.2512105555007845e-09
    },
    "RBF-SVR": {
        "MSE": 638.5972119204857,
        "MAE": 14.72229723948028,
        "R2": -0.18129754571516554,
        "emission": 3.0653143877420454e-09
    },
    "DecisionTree": {
        "MSE": 787.1824611090984,
        "MAE": 18.028348579293922,
        "R2": -0.4561552915987155,
        "emission": 1.453360538268772e-09
    },
    "ExtraTrees": {
        "MSE": 474.4757137108603,
        "MAE": 15.54309264420278,
        "R2": 0.12229965047532898,
        "emission": 1.1147429512603177e-07
    },
    "RandomForest": {
        "MSE": 472.6620818299381,
        "MAE": 15.54560209255115,
        "R2": 0.1256545647307814,
        "emission": 3.351959395254972e-07
    },
    "KNeighbors": {
        "MSE": 577.9797014084506,
        "MAE": 16.32929577464789,
        "R2": -0.06916533614932363,
        "emission": 2.9641962808432136e-09
    },
    "PLS": {
        "MSE": 541.5900889653776,
        "MAE": 17.152641728222658,
        "R2": -0.0018506672686822156,
        "emission": 1.842557429281905e-08
    },
    "PLS-SKLEARN": {
        "MSE": 495.2886782729335,
        "MAE": 16.31956225372123,
        "R2": 0.08379916300484014,
        "emission": 3.940115428903043e-09
    },
    "XGBoost": {
        "MSE": 528.8832289168448,
        "MAE": 16.199968630551172,
        "R2": 0.021654888829716334,
        "emission": 6.829063412570689e-07
    },
    "CatBoost": {
        "MSE": 468.4773560485354,
        "MAE": 15.352827216835417,
        "R2": 0.13339560431376896,
        "emission": 2.263140699828105e-06
    },
    "DNN": {
        "MSE": 600.6663271066006,
        "MAE": 17.262496828375287,
        "R2": -0.11113178191125739,
        "emission": 4.06237494200664e-06
    }
}