{
    "Linear-SVR": {
        "MSE": 844.0780086430126,
        "MAE": 14.588064233052581,
        "R2": -0.11455166507010217,
        "emission": 1.7136965608678152e-08
    },
    "RBF-SVR": {
        "MSE": 910.9075905734696,
        "MAE": 14.693428098877291,
        "R2": -0.20279590441034512,
        "emission": 2.0296947815240773e-08
    },
    "DecisionTree": {
        "MSE": 711.0543538017115,
        "MAE": 15.338182604398318,
        "R2": 0.061097664113863526,
        "emission": 9.906823162658065e-09
    },
    "ExtraTrees": {
        "MSE": 573.3471044412049,
        "MAE": 15.621034434423171,
        "R2": 0.24293138385941448,
        "emission": 6.179498668552588e-07
    },
    "RandomForest": {
        "MSE": 565.312284589987,
        "MAE": 15.631368339750644,
        "R2": 0.2535408556760185,
        "emission": 1.9975696006589696e-06
    },
    "KNeighbors": {
        "MSE": 529.4111962441315,
        "MAE": 14.209014084507043,
        "R2": 0.3009459739044038,
        "emission": 1.01784838457905e-08
    },
    "PLS": {
        "MSE": 607.090042855983,
        "MAE": 16.86063394360814,
        "R2": 0.19837596622093112,
        "emission": 3.858997599983232e-07
    },
    "PLS-SKLEARN": {
        "MSE": 654.0369529638838,
        "MAE": 17.561609093761753,
        "R2": 0.13638553844663404,
        "emission": 1.2841664564140348e-06
    },
    "XGBoost": {
        "MSE": 613.2818178040591,
        "MAE": 15.653787453836397,
        "R2": 0.1902001187193335,
        "emission": 2.432323182620477e-06
    },
    "CatBoost": {
        "MSE": 502.68859634863605,
        "MAE": 14.56408315720479,
        "R2": 0.33623147821034893,
        "emission": 4.3576092183559925e-06
    },
    "DNN": {
        "MSE": 492.1903946138764,
        "MAE": 14.905389149693395,
        "R2": 0.3500936901195646,
        "emission": 1.717007513230422e-05
    }
}