{
    "Linear-SVR": {
        "MSE": 844.0780086430126,
        "MAE": 14.588064233052581,
        "R2": -0.11455166507010217,
        "emission": 2.2351518207548804e-09
    },
    "RBF-SVR": {
        "MSE": 910.9075905734696,
        "MAE": 14.693428098877291,
        "R2": -0.20279590441034512,
        "emission": 3.1019523540509094e-09
    },
    "DecisionTree": {
        "MSE": 711.0543538017115,
        "MAE": 15.338182604398318,
        "R2": 0.061097664113863526,
        "emission": 1.4647454504468208e-09
    },
    "ExtraTrees": {
        "MSE": 573.3471044412049,
        "MAE": 15.621034434423171,
        "R2": 0.24293138385941448,
        "emission": 1.1338268556238669e-07
    },
    "RandomForest": {
        "MSE": 565.312284589987,
        "MAE": 15.631368339750644,
        "R2": 0.2535408556760185,
        "emission": 3.3781881478798795e-07
    },
    "KNeighbors": {
        "MSE": 529.4111962441315,
        "MAE": 14.209014084507043,
        "R2": 0.3009459739044038,
        "emission": 4.971602979937749e-09
    },
    "PLS": {
        "MSE": 607.090042855983,
        "MAE": 16.86063394360814,
        "R2": 0.19837596622093112,
        "emission": 1.7995126802356026e-08
    },
    "PLS-SKLEARN": {
        "MSE": 654.0369529638838,
        "MAE": 17.56160909376175,
        "R2": 0.13638553844663404,
        "emission": 3.839797852398432e-09
    },
    "XGBoost": {
        "MSE": 613.2818178040591,
        "MAE": 15.653787453836397,
        "R2": 0.1902001187193335,
        "emission": 6.838876915312163e-07
    },
    "CatBoost": {
        "MSE": 502.68859634863605,
        "MAE": 14.56408315720479,
        "R2": 0.33623147821034893,
        "emission": 2.230541348068611e-06
    },
    "DNN": {
        "MSE": 499.45294908181756,
        "MAE": 14.21923860232105,
        "R2": 0.34050394593475963,
        "emission": 3.9807026457423795e-06
    }
}