{
    "Linear-SVR": {
        "MSE": 324.04184022495014,
        "MAE": 10.068170650012702,
        "R2": -0.0810573864626607,
        "emission": 2.2112978525100255e-09
    },
    "RBF-SVR": {
        "MSE": 349.43436441583486,
        "MAE": 9.969487085514462,
        "R2": -0.1657710636175349,
        "emission": 3.1758209581932535e-09
    },
    "DecisionTree": {
        "MSE": 391.577537750681,
        "MAE": 12.004513725165541,
        "R2": -0.30636768777873713,
        "emission": 1.6008792654064928e-09
    },
    "ExtraTrees": {
        "MSE": 288.3471641674339,
        "MAE": 11.3831012362116,
        "R2": 0.038025980001935245,
        "emission": 1.1014369908605053e-07
    },
    "RandomForest": {
        "MSE": 285.72687049167877,
        "MAE": 11.041478144537093,
        "R2": 0.046767714806644434,
        "emission": 3.444327159073972e-07
    },
    "KNeighbors": {
        "MSE": 301.5168037558686,
        "MAE": 11.020281690140846,
        "R2": -0.0059101244969310684,
        "emission": 4.5785697570816605e-09
    },
    "PLS": {
        "MSE": 315.7468353963026,
        "MAE": 12.677267640013358,
        "R2": -0.0533838729604299,
        "emission": 1.7493425962988657e-08
    },
    "PLS-SKLEARN": {
        "MSE": 304.125490965549,
        "MAE": 11.780943011463993,
        "R2": -0.014613138203549703,
        "emission": 3.859900362406321e-09
    },
    "XGBoost": {
        "MSE": 325.42617055299837,
        "MAE": 11.874363378232493,
        "R2": -0.08567574230646757,
        "emission": 6.730745531768749e-07
    },
    "CatBoost": {
        "MSE": 292.1587205018841,
        "MAE": 11.078071549270845,
        "R2": 0.02530999515746124,
        "emission": 2.2718442722923416e-06
    },
    "DNN": {
        "MSE": 304.5019106257932,
        "MAE": 11.780783467939202,
        "R2": -0.015868936694986235,
        "emission": 3.927774140322011e-06
    }
}