{
    "Linear-SVR": {
        "MSE": 298.7179753861911,
        "MAE": 5.790250801688712,
        "R2": -0.07187277563130268,
        "emission": 2.6584694869576113e-09
    },
    "RBF-SVR": {
        "MSE": 303.32506251097476,
        "MAE": 5.798289298680622,
        "R2": -0.08840412516804497,
        "emission": 2.9760257039919856e-09
    },
    "DecisionTree": {
        "MSE": 262.234303245476,
        "MAE": 6.794345433782054,
        "R2": 0.05903951671445773,
        "emission": 1.3947113466323885e-09
    },
    "ExtraTrees": {
        "MSE": 254.8822662111312,
        "MAE": 7.548680127115534,
        "R2": 0.0854204143901307,
        "emission": 1.1073015025836586e-07
    },
    "RandomForest": {
        "MSE": 263.52147689392854,
        "MAE": 7.580667839873486,
        "R2": 0.054420824486437036,
        "emission": 3.368704059241244e-07
    },
    "KNeighbors": {
        "MSE": 270.16323943661973,
        "MAE": 7.145821596244132,
        "R2": 0.03058856450102887,
        "emission": 2.959822378625342e-09
    },
    "PLS": {
        "MSE": 272.0384660381737,
        "MAE": 8.644036206875954,
        "R2": 0.02385979520033088,
        "emission": 1.7442865222414503e-08
    },
    "PLS-SKLEARN": {
        "MSE": 261.29440874696064,
        "MAE": 8.179658751908828,
        "R2": 0.06241208685732169,
        "emission": 4.0172551368175484e-09
    },
    "XGBoost": {
        "MSE": 263.55710254407876,
        "MAE": 7.843481247585284,
        "R2": 0.05429299098575535,
        "emission": 7.06996710245524e-07
    },
    "CatBoost": {
        "MSE": 242.14926913352522,
        "MAE": 6.929611749839412,
        "R2": 0.13110950592214865,
        "emission": 2.2043763890551645e-06
    },
    "DNN": {
        "MSE": 242.56437980913353,
        "MAE": 6.802300625402882,
        "R2": 0.12961998781905093,
        "emission": 3.978758448024819e-06
    }
}