{
    "Linear-SVR": {
        "MSE": 886.1302242138954,
        "MAE": 17.409267665397437,
        "R2": -0.10739713944569718,
        "emission": 2.2280458064997457e-09
    },
    "RBF-SVR": {
        "MSE": 991.1278860186117,
        "MAE": 17.820101838468073,
        "R2": -0.23861274089319173,
        "emission": 3.1252346104443838e-09
    },
    "DecisionTree": {
        "MSE": 953.0935703746446,
        "MAE": 20.210795063349813,
        "R2": -0.19108124812386595,
        "emission": 1.3965121146866571e-09
    },
    "ExtraTrees": {
        "MSE": 690.4193857821183,
        "MAE": 18.993253699862777,
        "R2": 0.13718273912704237,
        "emission": 1.155740873665382e-07
    },
    "RandomForest": {
        "MSE": 680.4269263072548,
        "MAE": 18.830271988377998,
        "R2": 0.14967031796829844,
        "emission": 3.1036805725254074e-07
    },
    "KNeighbors": {
        "MSE": 777.8646422535211,
        "MAE": 18.069107981220657,
        "R2": 0.02790238255142441,
        "emission": 3.670048939318431e-09
    },
    "PLS": {
        "MSE": 717.0486065527529,
        "MAE": 19.016200567230992,
        "R2": 0.10390419597247491,
        "emission": 1.7459251855093136e-08
    },
    "PLS-SKLEARN": {
        "MSE": 714.7201027972993,
        "MAE": 18.92856126419917,
        "R2": 0.10681412763659959,
        "emission": 3.835583720837743e-09
    },
    "XGBoost": {
        "MSE": 827.9124268732261,
        "MAE": 20.58541587825532,
        "R2": -0.03464234508454167,
        "emission": 6.751061353085938e-07
    },
    "CatBoost": {
        "MSE": 680.1429730553259,
        "MAE": 18.134029767026476,
        "R2": 0.15002517441076013,
        "emission": 2.2905277793319725e-06
    },
    "DNN": {
        "MSE": 741.3061537659785,
        "MAE": 19.113281971531016,
        "R2": 0.07358953379319366,
        "emission": 4.009984588126905e-06
    }
}