{
    "Linear-SVR": {
        "MSE": 656.0942713392379,
        "MAE": 13.155790290262008,
        "R2": -0.1856770875275744,
        "emission": 1.2898948215608645e-08
    },
    "RBF-SVR": {
        "MSE": 691.5342813308313,
        "MAE": 13.288089381407337,
        "R2": -0.24972338340973055,
        "emission": 2.7961742680521463e-08
    },
    "DecisionTree": {
        "MSE": 710.5406848170114,
        "MAE": 15.486067414588542,
        "R2": -0.28407127839114543,
        "emission": 1.2526493630449428e-08
    },
    "ExtraTrees": {
        "MSE": 521.0667086865333,
        "MAE": 14.49172151904671,
        "R2": 0.05834133210472514,
        "emission": 6.217412223773817e-07
    },
    "RandomForest": {
        "MSE": 467.73881798093396,
        "MAE": 13.77162504534214,
        "R2": 0.1547141567092406,
        "emission": 2.0156399489398164e-06
    },
    "KNeighbors": {
        "MSE": 464.36984037558693,
        "MAE": 13.688262910798123,
        "R2": 0.16080248841635914,
        "emission": 7.708119012187587e-09
    },
    "PLS": {
        "MSE": 562.4801496232651,
        "MAE": 15.585917766040636,
        "R2": -0.016499998142114336,
        "emission": 4.1278656011998523e-07
    },
    "PLS-SKLEARN": {
        "MSE": 550.0622681412048,
        "MAE": 15.278772341925878,
        "R2": 0.005941285362552895,
        "emission": 1.0712192310335158e-06
    },
    "XGBoost": {
        "MSE": 612.0033572218751,
        "MAE": 16.201957597114813,
        "R2": -0.10599709500090193,
        "emission": 3.021645981953328e-06
    },
    "CatBoost": {
        "MSE": 467.8878744813073,
        "MAE": 13.753434508491234,
        "R2": 0.15444478554573549,
        "emission": 4.2920533964345574e-06
    },
    "DNN": {
        "MSE": 509.7732397602717,
        "MAE": 14.651581623282793,
        "R2": 0.07875060548130886,
        "emission": 1.8862920868019903e-05
    }
}