{
    "Linear-SVR": {
        "MSE": 1438.286417308393,
        "MAE": 26.408905936567947,
        "R2": -0.20522086400683603,
        "emission": 1.55955365279734e-08
    },
    "RBF-SVR": {
        "MSE": 1482.7872280712363,
        "MAE": 26.853789609859056,
        "R2": -0.2425105894406392,
        "emission": 1.8754735744891686e-08
    },
    "DecisionTree": {
        "MSE": 1436.9012942127204,
        "MAE": 27.699472186655285,
        "R2": -0.20406019167201217,
        "emission": 1.0314949668436084e-08
    },
    "ExtraTrees": {
        "MSE": 986.0061103137866,
        "MAE": 25.845414120391343,
        "R2": 0.17377017408515372,
        "emission": 6.496368625833616e-07
    },
    "RandomForest": {
        "MSE": 988.1737647136486,
        "MAE": 25.906497535104176,
        "R2": 0.17195377487757524,
        "emission": 1.8302846515125079e-06
    },
    "KNeighbors": {
        "MSE": 986.7289370892018,
        "MAE": 24.90093896713615,
        "R2": 0.17316447698594617,
        "emission": 5.982537913986675e-09
    },
    "PLS": {
        "MSE": 1064.165338379228,
        "MAE": 27.151991460375246,
        "R2": 0.10827617285873414,
        "emission": 3.924711671401086e-07
    },
    "PLS-SKLEARN": {
        "MSE": 1049.960012368456,
        "MAE": 26.922146018564717,
        "R2": 0.12017961231430552,
        "emission": 9.247975568690325e-07
    },
    "XGBoost": {
        "MSE": 1014.3190728396698,
        "MAE": 25.160195591472124,
        "R2": 0.1500451546819277,
        "emission": 2.2230606907009306e-06
    },
    "CatBoost": {
        "MSE": 903.1509344556957,
        "MAE": 23.987108248428317,
        "R2": 0.24319917336750962,
        "emission": 4.050250605574363e-06
    },
    "DNN": {
        "MSE": 970.3537433687881,
        "MAE": 24.708693049547257,
        "R2": 0.18688617030550758,
        "emission": 1.8501577846867094e-05
    }
}