{
    "Linear-SVR": {
        "MSE": 1073.8403237814098,
        "MAE": 20.275934233692013,
        "R2": -0.28806886560906486,
        "emission": 1.2602628271493182e-08
    },
    "RBF-SVR": {
        "MSE": 1182.33142739254,
        "MAE": 20.653673309661997,
        "R2": -0.41820368143063047,
        "emission": 1.6387596963544587e-08
    },
    "DecisionTree": {
        "MSE": 897.6532965346413,
        "MAE": 21.667866091681173,
        "R2": -0.0767329534674619,
        "emission": 1.1261582663042377e-08
    },
    "ExtraTrees": {
        "MSE": 706.3535508103166,
        "MAE": 19.960232785646348,
        "R2": 0.1527306278578674,
        "emission": 6.15999176434065e-07
    },
    "RandomForest": {
        "MSE": 700.1530352360493,
        "MAE": 20.008120796407834,
        "R2": 0.1601681312604344,
        "emission": 1.8539043908494006e-06
    },
    "KNeighbors": {
        "MSE": 714.1474798122066,
        "MAE": 19.3268544600939,
        "R2": 0.1433818289109714,
        "emission": 8.584775496850664e-09
    },
    "PLS": {
        "MSE": 914.3693244004046,
        "MAE": 22.147623255453098,
        "R2": -0.09678378837625257,
        "emission": 3.9046311043613723e-07
    },
    "PLS-SKLEARN": {
        "MSE": 895.9805231946344,
        "MAE": 22.002695101057217,
        "R2": -0.07472646590058019,
        "emission": 1.1311449705691023e-06
    },
    "XGBoost": {
        "MSE": 787.756100051931,
        "MAE": 20.545680941536396,
        "R2": 0.05508846734548567,
        "emission": 2.2739852692108743e-06
    },
    "CatBoost": {
        "MSE": 665.2839952491761,
        "MAE": 18.82437689098234,
        "R2": 0.20199346020935116,
        "emission": 4.1524896160297004e-06
    },
    "DNN": {
        "MSE": 698.4634890465455,
        "MAE": 18.97058136731981,
        "R2": 0.16219473781963378,
        "emission": 1.852604718473319e-05
    }
}