{
    "Linear-SVR": {
        "MSE": 1073.8403237814098,
        "MAE": 20.275934233692013,
        "R2": -0.28806886560906486,
        "emission": 2.478559325695037e-09
    },
    "RBF-SVR": {
        "MSE": 1182.33142739254,
        "MAE": 20.653673309661997,
        "R2": -0.41820368143063047,
        "emission": 2.9486300012766494e-09
    },
    "DecisionTree": {
        "MSE": 897.6532965346413,
        "MAE": 21.667866091681173,
        "R2": -0.0767329534674619,
        "emission": 1.5302704281693482e-09
    },
    "ExtraTrees": {
        "MSE": 706.3535508103166,
        "MAE": 19.960232785646348,
        "R2": 0.1527306278578674,
        "emission": 1.1457233682787058e-07
    },
    "RandomForest": {
        "MSE": 700.1530352360493,
        "MAE": 20.008120796407834,
        "R2": 0.1601681312604344,
        "emission": 3.4129954888522605e-07
    },
    "KNeighbors": {
        "MSE": 714.1474798122066,
        "MAE": 19.3268544600939,
        "R2": 0.1433818289109714,
        "emission": 3.53832748008493e-09
    },
    "PLS": {
        "MSE": 756.8111188924487,
        "MAE": 20.973563405817018,
        "R2": 0.09220689724205389,
        "emission": 1.735795425120889e-08
    },
    "PLS-SKLEARN": {
        "MSE": 769.1324874300204,
        "MAE": 21.67998028810943,
        "R2": 0.07742744554568426,
        "emission": 3.72789922247614e-09
    },
    "XGBoost": {
        "MSE": 787.756100051931,
        "MAE": 20.545680941536396,
        "R2": 0.05508846734548567,
        "emission": 6.631085691337837e-07
    },
    "CatBoost": {
        "MSE": 665.2839952491761,
        "MAE": 18.82437689098234,
        "R2": 0.20199346020935116,
        "emission": 2.2211751682128705e-06
    },
    "DNN": {
        "MSE": 685.1119060172572,
        "MAE": 19.59832866722849,
        "R2": 0.1782099293017907,
        "emission": 3.98617177544864e-06
    }
}