{
    "Linear-SVR": {
        "MSE": 372.2808093040262,
        "MAE": 11.394741981098617,
        "R2": -0.06684443844685495,
        "emission": 2.209243115822389e-09
    },
    "RBF-SVR": {
        "MSE": 428.4239901222941,
        "MAE": 11.325897605663869,
        "R2": -0.22773384965411014,
        "emission": 3.2074237843020844e-09
    },
    "DecisionTree": {
        "MSE": 392.25745399132126,
        "MAE": 14.122576278929618,
        "R2": -0.12409147281135002,
        "emission": 1.5020941655743787e-09
    },
    "ExtraTrees": {
        "MSE": 316.99523004661125,
        "MAE": 13.071741992121876,
        "R2": 0.09158734552651271,
        "emission": 1.1221970739758164e-07
    },
    "RandomForest": {
        "MSE": 326.2056886020218,
        "MAE": 13.127606298807626,
        "R2": 0.06519295118812385,
        "emission": 3.244240143946527e-07
    },
    "KNeighbors": {
        "MSE": 332.15868544600943,
        "MAE": 12.650704225352111,
        "R2": 0.04813345895436405,
        "emission": 2.6637773490527476e-09
    },
    "PLS": {
        "MSE": 311.5051584524389,
        "MAE": 12.538184249366122,
        "R2": 0.1073202337134368,
        "emission": 1.8523547294351194e-08
    },
    "PLS-SKLEARN": {
        "MSE": 315.5673030374659,
        "MAE": 12.889774185076488,
        "R2": 0.0956793533607675,
        "emission": 3.95763165015982e-09
    },
    "XGBoost": {
        "MSE": 372.80213174522055,
        "MAE": 13.531807783798712,
        "R2": -0.06833839121886465,
        "emission": 6.822341699252644e-07
    },
    "CatBoost": {
        "MSE": 330.9032697727881,
        "MAE": 12.939589268989042,
        "R2": 0.051731101366872534,
        "emission": 2.245489822369754e-06
    },
    "DNN": {
        "MSE": 322.20523188532036,
        "MAE": 13.171912606333343,
        "R2": 0.07665705272867618,
        "emission": 3.965302478567374e-06
    }
}