{
    "Linear-SVR": {
        "MSE": 196.78815776141744,
        "MAE": 8.80601428491014,
        "R2": 0.019535754277604123,
        "emission": 1.1425698864078583e-08
    },
    "RBF-SVR": {
        "MSE": 210.8590427576375,
        "MAE": 9.007909366039799,
        "R2": -0.050570088479415354,
        "emission": 1.741767920518992e-08
    },
    "DecisionTree": {
        "MSE": 305.7426523355939,
        "MAE": 10.778449007296793,
        "R2": -0.5233118822669118,
        "emission": 1.1365900688976715e-08
    },
    "ExtraTrees": {
        "MSE": 187.92212990061267,
        "MAE": 9.410947519678055,
        "R2": 0.06370926257192289,
        "emission": 6.690259683360997e-07
    },
    "RandomForest": {
        "MSE": 196.51305350559713,
        "MAE": 9.772168782871125,
        "R2": 0.02090641544820615,
        "emission": 1.9967652013087837e-06
    },
    "KNeighbors": {
        "MSE": 216.08125633802817,
        "MAE": 9.842910798122066,
        "R2": -0.07658889854067241,
        "emission": 7.944423824522781e-09
    },
    "PLS": {
        "MSE": 237.04588873940102,
        "MAE": 10.817953466049126,
        "R2": -0.18104169045704355,
        "emission": 4.188502728017211e-07
    },
    "PLS-SKLEARN": {
        "MSE": 232.82351325434175,
        "MAE": 10.720299918308198,
        "R2": -0.16000440730845833,
        "emission": 1.0465070531059667e-06
    },
    "XGBoost": {
        "MSE": 218.25398917505515,
        "MAE": 9.84778545965646,
        "R2": -0.0874141783057012,
        "emission": 2.483314720408739e-06
    },
    "CatBoost": {
        "MSE": 203.9666480946157,
        "MAE": 9.512513806414757,
        "R2": -0.016229879132602543,
        "emission": 4.389005534447568e-06
    },
    "DNN": {
        "MSE": 263.3324458053781,
        "MAE": 11.169736542892009,
        "R2": -0.312010086317422,
        "emission": 1.9091336559302404e-05
    }
}