{
    "Linear-SVR": {
        "MSE": 196.78815776141744,
        "MAE": 8.80601428491014,
        "R2": 0.019535754277604123,
        "emission": 2.221898825872071e-09
    },
    "RBF-SVR": {
        "MSE": 210.8590427576375,
        "MAE": 9.007909366039799,
        "R2": -0.050570088479415354,
        "emission": 3.216433428083449e-09
    },
    "DecisionTree": {
        "MSE": 305.7426523355939,
        "MAE": 10.778449007296793,
        "R2": -0.5233118822669118,
        "emission": 1.5027324760773037e-09
    },
    "ExtraTrees": {
        "MSE": 187.92212990061267,
        "MAE": 9.410947519678055,
        "R2": 0.06370926257192289,
        "emission": 1.1356867787696778e-07
    },
    "RandomForest": {
        "MSE": 196.51305350559713,
        "MAE": 9.772168782871125,
        "R2": 0.02090641544820615,
        "emission": 3.493127520032108e-07
    },
    "KNeighbors": {
        "MSE": 216.08125633802817,
        "MAE": 9.842910798122066,
        "R2": -0.07658889854067241,
        "emission": 3.314067852874536e-09
    },
    "PLS": {
        "MSE": 237.04588873940102,
        "MAE": 10.817953466049126,
        "R2": -0.18104169045704355,
        "emission": 1.8411276309099985e-08
    },
    "PLS-SKLEARN": {
        "MSE": 202.90219141565805,
        "MAE": 9.818567312781767,
        "R2": -0.010926400881112963,
        "emission": 3.994723449221869e-09
    },
    "XGBoost": {
        "MSE": 218.25398917505515,
        "MAE": 9.84778545965646,
        "R2": -0.0874141783057012,
        "emission": 6.725891598839225e-07
    },
    "CatBoost": {
        "MSE": 203.9666480946157,
        "MAE": 9.512513806414757,
        "R2": -0.016229879132602543,
        "emission": 2.2464634889206047e-06
    },
    "DNN": {
        "MSE": 252.23376841416805,
        "MAE": 10.95990627484195,
        "R2": -0.2567127733049086,
        "emission": 4.004782492816001e-06
    }
}