{
    "Linear-SVR": {
        "MSE": 402.2125913229243,
        "MAE": 10.323062524665588,
        "R2": -0.19520340062994235,
        "emission": 1.2913162720597831e-08
    },
    "RBF-SVR": {
        "MSE": 416.5534328795726,
        "MAE": 10.079650755978511,
        "R2": -0.23781823409406888,
        "emission": 1.7914199486992363e-08
    },
    "DecisionTree": {
        "MSE": 449.92718181821476,
        "MAE": 12.943747012262932,
        "R2": -0.33699070925710983,
        "emission": 1.2651376942149334e-08
    },
    "ExtraTrees": {
        "MSE": 329.5032546408995,
        "MAE": 11.731244415811036,
        "R2": 0.020857578898498486,
        "emission": 6.407699467883679e-07
    },
    "RandomForest": {
        "MSE": 339.2765817083533,
        "MAE": 11.851124557514732,
        "R2": -0.008184559509125444,
        "emission": 1.989205318173139e-06
    },
    "KNeighbors": {
        "MSE": 370.0910065727699,
        "MAE": 11.832018779342723,
        "R2": -0.09975182065644561,
        "emission": 9.247067770438643e-09
    },
    "PLS": {
        "MSE": 335.49712549280036,
        "MAE": 11.855660167523752,
        "R2": 0.0030463641834999056,
        "emission": 4.299892749394623e-07
    },
    "PLS-SKLEARN": {
        "MSE": 348.73769173584384,
        "MAE": 12.34069010492041,
        "R2": -0.036298922715402915,
        "emission": 1.0550699611072672e-06
    },
    "XGBoost": {
        "MSE": 352.55680889092406,
        "MAE": 12.525940597896845,
        "R2": -0.04764770171842336,
        "emission": 2.4690634008514977e-06
    },
    "CatBoost": {
        "MSE": 341.84451125836136,
        "MAE": 11.85625389429752,
        "R2": -0.015815345309870166,
        "emission": 4.13522339069565e-06
    },
    "DNN": {
        "MSE": 331.3256741461397,
        "MAE": 12.158704433082974,
        "R2": 0.015442129365023649,
        "emission": 1.71108464814491e-05
    }
}