{
    "Linear-SVR": {
        "MSE": 342.1170283884918,
        "MAE": 11.132737484009608,
        "R2": -0.10607499929832942,
        "emission": 1.285819156635981e-08
    },
    "RBF-SVR": {
        "MSE": 348.76177405516745,
        "MAE": 10.92140008323145,
        "R2": -0.12755766881999975,
        "emission": 1.8388779279948514e-08
    },
    "DecisionTree": {
        "MSE": 560.9764355832904,
        "MAE": 15.438195061843933,
        "R2": -0.8136542735592145,
        "emission": 1.2078075173943941e-08
    },
    "ExtraTrees": {
        "MSE": 302.15899607342243,
        "MAE": 13.460647387973887,
        "R2": 0.02311056265114908,
        "emission": 6.383875593626537e-07
    },
    "RandomForest": {
        "MSE": 306.62318280644683,
        "MAE": 13.615416335584834,
        "R2": 0.008677708019924735,
        "emission": 2.0226914911799978e-06
    },
    "KNeighbors": {
        "MSE": 328.40383849765254,
        "MAE": 13.847511737089205,
        "R2": -0.0617398296333338,
        "emission": 2.6785319180225917e-08
    },
    "PLS": {
        "MSE": 380.449602495401,
        "MAE": 15.01563340504555,
        "R2": -0.23000540427734362,
        "emission": 4.1670164360621073e-07
    },
    "PLS-SKLEARN": {
        "MSE": 362.46473924381667,
        "MAE": 14.702680508995698,
        "R2": -0.171859781704627,
        "emission": 1.0498247889807697e-06
    },
    "XGBoost": {
        "MSE": 358.5384475138349,
        "MAE": 14.400876264994693,
        "R2": -0.15916595835727465,
        "emission": 2.620292986608112e-06
    },
    "CatBoost": {
        "MSE": 275.0865982647052,
        "MAE": 13.075838616203109,
        "R2": 0.11063646724680665,
        "emission": 4.4979617956249235e-06
    },
    "DNN": {
        "MSE": 348.6576915148368,
        "MAE": 14.6586276813572,
        "R2": -0.1272211667281118,
        "emission": 1.907062606203941e-05
    }
}