{
    "Linear-SVR": {
        "MSE": 342.1170283884918,
        "MAE": 11.132737484009608,
        "R2": -0.10607499929832942,
        "emission": 2.4895695637786097e-09
    },
    "RBF-SVR": {
        "MSE": 348.76177405516745,
        "MAE": 10.92140008323145,
        "R2": -0.12755766881999975,
        "emission": 3.3425234086036234e-09
    },
    "DecisionTree": {
        "MSE": 560.9764355832904,
        "MAE": 15.438195061843933,
        "R2": -0.8136542735592145,
        "emission": 1.4470462046660426e-09
    },
    "ExtraTrees": {
        "MSE": 302.15899607342243,
        "MAE": 13.460647387973887,
        "R2": 0.02311056265114908,
        "emission": 1.125310019092452e-07
    },
    "RandomForest": {
        "MSE": 306.62318280644683,
        "MAE": 13.615416335584834,
        "R2": 0.008677708019924735,
        "emission": 3.38765984709704e-07
    },
    "KNeighbors": {
        "MSE": 328.40383849765254,
        "MAE": 13.847511737089205,
        "R2": -0.0617398296333338,
        "emission": 5.242767630893058e-09
    },
    "PLS": {
        "MSE": 362.46473924381627,
        "MAE": 14.70268050899569,
        "R2": -0.17185978170462568,
        "emission": 1.819973088656292e-08
    },
    "PLS-SKLEARN": {
        "MSE": 315.07945393421824,
        "MAE": 13.591690258122092,
        "R2": -0.018661679691274413,
        "emission": 3.980038015420997e-09
    },
    "XGBoost": {
        "MSE": 358.5384475138349,
        "MAE": 14.400876264994693,
        "R2": -0.15916595835727465,
        "emission": 6.7854281963002e-07
    },
    "CatBoost": {
        "MSE": 275.0865982647052,
        "MAE": 13.075838616203109,
        "R2": 0.11063646724680665,
        "emission": 2.232331708066676e-06
    },
    "DNN": {
        "MSE": 349.3168026221948,
        "MAE": 14.033068107040554,
        "R2": -0.12935209344942278,
        "emission": 3.903641665435785e-06
    }
}