{
    "Linear-SVR": {
        "MSE": 637.1720743112231,
        "MAE": 17.21526316707998,
        "R2": -0.004230184163552586,
        "emission": 2.2998898250109237e-09
    },
    "RBF-SVR": {
        "MSE": 671.5209481987308,
        "MAE": 17.989556705575,
        "R2": -0.05836654283424658,
        "emission": 3.2422176759932025e-09
    },
    "DecisionTree": {
        "MSE": 792.9709635026143,
        "MAE": 19.78318020670249,
        "R2": -0.24978072457962042,
        "emission": 1.6046644729532962e-09
    },
    "ExtraTrees": {
        "MSE": 595.4980313147441,
        "MAE": 18.068670964229153,
        "R2": 0.06145118129558769,
        "emission": 1.1577448212255106e-07
    },
    "RandomForest": {
        "MSE": 610.30352176867,
        "MAE": 18.63464282125227,
        "R2": 0.03811663635142959,
        "emission": 3.3368667316889304e-07
    },
    "KNeighbors": {
        "MSE": 611.641697652582,
        "MAE": 18.311737089201877,
        "R2": 0.036007572460333925,
        "emission": 3.806892043546762e-09
    },
    "PLS": {
        "MSE": 629.3920599224864,
        "MAE": 18.843649187937064,
        "R2": 0.00803169233321921,
        "emission": 1.7607243692574734e-08
    },
    "PLS-SKLEARN": {
        "MSE": 581.3880698492766,
        "MAE": 17.8250471089682,
        "R2": 0.08368952125473339,
        "emission": 3.9052677705532414e-09
    },
    "XGBoost": {
        "MSE": 578.8909154177593,
        "MAE": 18.151810408154493,
        "R2": 0.08762522081808655,
        "emission": 6.77395467113672e-07
    },
    "CatBoost": {
        "MSE": 583.6879518041484,
        "MAE": 17.86833860303148,
        "R2": 0.08006473766453615,
        "emission": 2.248496274160548e-06
    },
    "DNN": {
        "MSE": 603.3906375057994,
        "MAE": 19.088564037717003,
        "R2": 0.04901185181407852,
        "emission": 3.958411306827923e-06
    }
}