{
    "Linear-SVR": {
        "MSE": 788.5338773819677,
        "MAE": 18.60497671795521,
        "R2": -0.10131548740138285,
        "emission": 2.191500922218772e-09
    },
    "RBF-SVR": {
        "MSE": 798.9503259645188,
        "MAE": 18.894933312620868,
        "R2": -0.11586374775738872,
        "emission": 3.163986760245261e-09
    },
    "DecisionTree": {
        "MSE": 803.7058710077359,
        "MAE": 19.449081074670495,
        "R2": -0.1225056379251499,
        "emission": 1.4116516316491928e-09
    },
    "ExtraTrees": {
        "MSE": 623.7719128342713,
        "MAE": 18.090989507133543,
        "R2": 0.12880132621417018,
        "emission": 1.1217349273302339e-07
    },
    "RandomForest": {
        "MSE": 591.5232554015598,
        "MAE": 17.846045068154037,
        "R2": 0.17384180817350503,
        "emission": 3.2829500679334073e-07
    },
    "KNeighbors": {
        "MSE": 649.588882629108,
        "MAE": 18.458403755868545,
        "R2": 0.09274373948469794,
        "emission": 2.9618757141858117e-09
    },
    "PLS": {
        "MSE": 646.328729154488,
        "MAE": 18.577215683012103,
        "R2": 0.09729707272235821,
        "emission": 1.7988648564946845e-08
    },
    "PLS-SKLEARN": {
        "MSE": 619.8278538730277,
        "MAE": 18.259038094413793,
        "R2": 0.13430984441717142,
        "emission": 3.927162548773163e-09
    },
    "XGBoost": {
        "MSE": 602.7376334184218,
        "MAE": 18.089396180737186,
        "R2": 0.15817910991056028,
        "emission": 7.229733323654844e-07
    },
    "CatBoost": {
        "MSE": 597.5550963013756,
        "MAE": 17.552471372386517,
        "R2": 0.16541736378239824,
        "emission": 2.2111982808520065e-06
    },
    "DNN": {
        "MSE": 585.0249373563995,
        "MAE": 17.743594868960376,
        "R2": 0.1829177635769128,
        "emission": 4.004925099005855e-06
    }
}