{
    "Linear-SVR": {
        "MSE": 551.7124526912392,
        "MAE": 14.047290862338988,
        "R2": -0.09534539400818365,
        "emission": 2.1095570219437825e-09
    },
    "RBF-SVR": {
        "MSE": 557.4868381872668,
        "MAE": 14.120193380689509,
        "R2": -0.10680960244765014,
        "emission": 2.976548916415906e-09
    },
    "DecisionTree": {
        "MSE": 759.507020319351,
        "MAE": 17.311251623214467,
        "R2": -0.5078914974015623,
        "emission": 1.5026321144666472e-09
    },
    "ExtraTrees": {
        "MSE": 495.6408416376853,
        "MAE": 15.601422676630225,
        "R2": 0.01597669162271731,
        "emission": 1.120344553482342e-07
    },
    "RandomForest": {
        "MSE": 479.663238348381,
        "MAE": 15.436066666123644,
        "R2": 0.04769791539582602,
        "emission": 3.2484325207489077e-07
    },
    "KNeighbors": {
        "MSE": 519.7232882629108,
        "MAE": 15.61192488262911,
        "R2": -0.03183552805569412,
        "emission": 3.1751103492880514e-09
    },
    "PLS": {
        "MSE": 540.8865025187605,
        "MAE": 16.305310095876916,
        "R2": -0.07385203347346536,
        "emission": 1.7342066915604316e-08
    },
    "PLS-SKLEARN": {
        "MSE": 508.3313313203456,
        "MAE": 15.856197997081452,
        "R2": -0.009218442824229234,
        "emission": 3.8348147690125915e-09
    },
    "XGBoost": {
        "MSE": 492.46640404375137,
        "MAE": 15.601911726307142,
        "R2": 0.022279078998823643,
        "emission": 7.246917239065677e-07
    },
    "CatBoost": {
        "MSE": 491.65187669358613,
        "MAE": 14.819217585431796,
        "R2": 0.023896205414849048,
        "emission": 2.2269049333850445e-06
    },
    "DNN": {
        "MSE": 509.12429414754763,
        "MAE": 15.94692656179549,
        "R2": -0.01079275599435725,
        "emission": 3.97270787223797e-06
    }
}