{
    "Linear-SVR": {
        "MSE": 662.7237931750832,
        "MAE": 15.091255545073881,
        "R2": 0.0071182445272389705,
        "emission": 2.1022928503531605e-09
    },
    "RBF-SVR": {
        "MSE": 703.8895151792892,
        "MAE": 15.14817148546467,
        "R2": -0.05455555494964459,
        "emission": 3.2443137441945233e-09
    },
    "DecisionTree": {
        "MSE": 635.2951783428754,
        "MAE": 15.089763179717282,
        "R2": 0.04821133870198513,
        "emission": 1.4337784732008597e-09
    },
    "ExtraTrees": {
        "MSE": 535.5113156088745,
        "MAE": 14.941287479971322,
        "R2": 0.19770586088373787,
        "emission": 1.1088160745934479e-07
    },
    "RandomForest": {
        "MSE": 524.3861278613558,
        "MAE": 14.883985289558007,
        "R2": 0.21437343198119252,
        "emission": 3.2611088697235114e-07
    },
    "KNeighbors": {
        "MSE": 513.9485295774648,
        "MAE": 13.876056338028171,
        "R2": 0.23001086798960713,
        "emission": 4.439839213477288e-09
    },
    "PLS": {
        "MSE": 591.8384465713841,
        "MAE": 16.83955384578001,
        "R2": 0.11331749087689014,
        "emission": 1.7293998409142988e-08
    },
    "PLS-SKLEARN": {
        "MSE": 571.244028824226,
        "MAE": 16.09592957890041,
        "R2": 0.1441717047384039,
        "emission": 3.927419555728623e-09
    },
    "XGBoost": {
        "MSE": 546.2964707059431,
        "MAE": 15.711641535148935,
        "R2": 0.18154772104312655,
        "emission": 6.674001557371497e-07
    },
    "CatBoost": {
        "MSE": 515.3627946137425,
        "MAE": 14.490418155349573,
        "R2": 0.2278920396536035,
        "emission": 2.2049529952704563e-06
    },
    "DNN": {
        "MSE": 492.1309087936669,
        "MAE": 14.934488518123336,
        "R2": 0.2626976642796165,
        "emission": 3.965826241583615e-06
    }
}