{
    "Linear-SVR": {
        "MSE": 1011.1979180266569,
        "MAE": 18.271874899523173,
        "R2": -0.053904964960665325,
        "emission": 2.0132560871950346e-09
    },
    "RBF-SVR": {
        "MSE": 1123.0280180523137,
        "MAE": 18.557318056122675,
        "R2": -0.1704581100453455,
        "emission": 3.1973335497696604e-09
    },
    "DecisionTree": {
        "MSE": 1037.1700744074003,
        "MAE": 20.84809208788082,
        "R2": -0.08097403232367673,
        "emission": 1.5328867990062735e-09
    },
    "ExtraTrees": {
        "MSE": 738.1242502580113,
        "MAE": 19.294503281899736,
        "R2": 0.2307017268954863,
        "emission": 1.2738295864600654e-07
    },
    "RandomForest": {
        "MSE": 735.7465425056994,
        "MAE": 19.46307147385988,
        "R2": 0.233179855025217,
        "emission": 3.265834400567251e-07
    },
    "KNeighbors": {
        "MSE": 763.6610347417841,
        "MAE": 19.288356807511736,
        "R2": 0.2040864189752527,
        "emission": 3.728147170121485e-09
    },
    "PLS": {
        "MSE": 783.4487589982989,
        "MAE": 21.13467139205732,
        "R2": 0.18346297774041453,
        "emission": 1.7700900010133623e-08
    },
    "PLS-SKLEARN": {
        "MSE": 820.1049393760652,
        "MAE": 21.51033749660058,
        "R2": 0.14525865610572208,
        "emission": 3.765329808310942e-09
    },
    "XGBoost": {
        "MSE": 709.8662330450834,
        "MAE": 19.16135195198473,
        "R2": 0.26015319639491585,
        "emission": 6.71609113318779e-07
    },
    "CatBoost": {
        "MSE": 637.5054108490443,
        "MAE": 18.031162674565635,
        "R2": 0.33557011371795076,
        "emission": 2.2401811306990573e-06
    },
    "DNN": {
        "MSE": 763.2487805256253,
        "MAE": 19.274244048890655,
        "R2": 0.20451608438247937,
        "emission": 4.120197958937846e-06
    }
}