{
    "Linear-SVR": {
        "MSE": 879.5503458926037,
        "MAE": 17.902042943924652,
        "R2": -0.08953215749786847,
        "emission": 2.205139121409469e-09
    },
    "RBF-SVR": {
        "MSE": 975.1246522311164,
        "MAE": 17.870237977659222,
        "R2": -0.20792365227999543,
        "emission": 3.1334585559980405e-09
    },
    "DecisionTree": {
        "MSE": 643.3856568073279,
        "MAE": 17.198823828385343,
        "R2": 0.2030139422512779,
        "emission": 1.4561620883996386e-09
    },
    "ExtraTrees": {
        "MSE": 597.3581846647817,
        "MAE": 17.871681080662455,
        "R2": 0.26002990644460533,
        "emission": 1.1174672654303315e-07
    },
    "RandomForest": {
        "MSE": 619.6151719726344,
        "MAE": 18.680317090085364,
        "R2": 0.23245933755770676,
        "emission": 3.2232787394006916e-07
    },
    "KNeighbors": {
        "MSE": 556.8437089201877,
        "MAE": 16.842910798122066,
        "R2": 0.3102167142538905,
        "emission": 4.2618406743351995e-09
    },
    "PLS": {
        "MSE": 667.5225161546139,
        "MAE": 18.816229805346023,
        "R2": 0.1731147050300328,
        "emission": 1.7073395844225543e-08
    },
    "PLS-SKLEARN": {
        "MSE": 698.4461378785136,
        "MAE": 19.59567542229656,
        "R2": 0.13480844950773407,
        "emission": 3.6579040412040372e-09
    },
    "XGBoost": {
        "MSE": 621.5436773248705,
        "MAE": 17.367573781206573,
        "R2": 0.2300704253061452,
        "emission": 6.602680371395839e-07
    },
    "CatBoost": {
        "MSE": 554.6623931199496,
        "MAE": 16.87957865580879,
        "R2": 0.3129187923340325,
        "emission": 2.3061009998705285e-06
    },
    "DNN": {
        "MSE": 605.6370090864933,
        "MAE": 17.73214201367517,
        "R2": 0.24977461466300788,
        "emission": 4.266791413291924e-06
    }
}