{
    "Linear-SVR": {
        "MSE": 256.4847313181479,
        "MAE": 8.18567854933386,
        "R2": -0.18682075941023402,
        "emission": 3.4927182677255175e-09
    },
    "RBF-SVR": {
        "MSE": 257.0373125274146,
        "MAE": 8.140919877603775,
        "R2": -0.18937769465954601,
        "emission": 3.275700606459899e-09
    },
    "DecisionTree": {
        "MSE": 383.42122392776326,
        "MAE": 10.018796230621138,
        "R2": -0.7741885289518267,
        "emission": 1.5853109321921028e-09
    },
    "ExtraTrees": {
        "MSE": 226.02765753440988,
        "MAE": 9.180479282224029,
        "R2": -0.04588805261065443,
        "emission": 1.11254993365214e-07
    },
    "RandomForest": {
        "MSE": 220.38612099869093,
        "MAE": 9.218570581938447,
        "R2": -0.019783213382398745,
        "emission": 3.2863192293063693e-07
    },
    "KNeighbors": {
        "MSE": 233.57676431924884,
        "MAE": 9.149389671361503,
        "R2": -0.0808197095603933,
        "emission": 4.116149581021206e-09
    },
    "PLS": {
        "MSE": 213.69589317248915,
        "MAE": 8.718350717240092,
        "R2": 0.011174189923886968,
        "emission": 1.8383968818378548e-08
    },
    "PLS-SKLEARN": {
        "MSE": 213.6958931724892,
        "MAE": 8.718350717240092,
        "R2": 0.011174189923886746,
        "emission": 3.918539239239331e-09
    },
    "XGBoost": {
        "MSE": 302.3764634796578,
        "MAE": 10.916029646751326,
        "R2": -0.39917359669088515,
        "emission": 6.934138935144127e-07
    },
    "CatBoost": {
        "MSE": 248.27944443015866,
        "MAE": 9.294915091995612,
        "R2": -0.14885278850789274,
        "emission": 2.331459950764131e-06
    },
    "DNN": {
        "MSE": 220.70376356637757,
        "MAE": 9.150543480188075,
        "R2": -0.021253027166110217,
        "emission": 4.019095411798152e-06
    }
}