{
    "Linear-SVR": {
        "MSE": 256.4847313181479,
        "MAE": 8.18567854933386,
        "R2": -0.18682075941023402,
        "emission": 1.306465851009543e-08
    },
    "RBF-SVR": {
        "MSE": 257.0373125274146,
        "MAE": 8.140919877603775,
        "R2": -0.18937769465954601,
        "emission": 1.9333350328420026e-08
    },
    "DecisionTree": {
        "MSE": 383.42122392776326,
        "MAE": 10.018796230621138,
        "R2": -0.7741885289518267,
        "emission": 1.1970676969457964e-08
    },
    "ExtraTrees": {
        "MSE": 226.02765753440988,
        "MAE": 9.180479282224029,
        "R2": -0.04588805261065443,
        "emission": 5.991462316910433e-07
    },
    "RandomForest": {
        "MSE": 220.38612099869093,
        "MAE": 9.218570581938447,
        "R2": -0.019783213382398745,
        "emission": 1.9916145961884552e-06
    },
    "KNeighbors": {
        "MSE": 233.57676431924884,
        "MAE": 9.149389671361503,
        "R2": -0.0808197095603933,
        "emission": 2.1510837918033407e-08
    },
    "PLS": {
        "MSE": 213.69589317248915,
        "MAE": 8.718350717240092,
        "R2": 0.011174189923886968,
        "emission": 3.7822545421741366e-07
    },
    "PLS-SKLEARN": {
        "MSE": 213.6958931724892,
        "MAE": 8.718350717240092,
        "R2": 0.011174189923886746,
        "emission": 1.6408112348091656e-06
    },
    "XGBoost": {
        "MSE": 302.3764634796578,
        "MAE": 10.916029646751326,
        "R2": -0.39917359669088515,
        "emission": 3.136722892808518e-06
    },
    "CatBoost": {
        "MSE": 248.27944443015866,
        "MAE": 9.294915091995612,
        "R2": -0.14885278850789274,
        "emission": 4.231480806051335e-06
    },
    "DNN": {
        "MSE": 213.632821943302,
        "MAE": 8.723108487285918,
        "R2": 0.011466036708434824,
        "emission": 1.6821990825127752e-05
    }
}