{
    "Linear-SVR": {
        "MSE": 343.1599782843429,
        "MAE": 14.091166686731526,
        "R2": -0.08565199855112438,
        "emission": 1.0258793029339836e-08
    },
    "RBF-SVR": {
        "MSE": 371.1775911063316,
        "MAE": 14.293964815169584,
        "R2": -0.1742910569486038,
        "emission": 1.5910750312343276e-08
    },
    "DecisionTree": {
        "MSE": 362.3996036742719,
        "MAE": 14.801778246912363,
        "R2": -0.14652022059840486,
        "emission": 1.0839435409170882e-08
    },
    "ExtraTrees": {
        "MSE": 271.56313822084496,
        "MAE": 13.57137774199907,
        "R2": 0.14085825154708254,
        "emission": 6.417790978099864e-07
    },
    "RandomForest": {
        "MSE": 274.029182300556,
        "MAE": 13.629937122605444,
        "R2": 0.1330564510660397,
        "emission": 1.9034275695406707e-06
    },
    "KNeighbors": {
        "MSE": 284.27740093896716,
        "MAE": 13.52657276995305,
        "R2": 0.10063425806438109,
        "emission": 2.0957423093198628e-08
    },
    "PLS": {
        "MSE": 375.43227891911994,
        "MAE": 15.145235435796419,
        "R2": -0.187751572799719,
        "emission": 3.854099888207048e-07
    },
    "PLS-SKLEARN": {
        "MSE": 368.70028814327355,
        "MAE": 15.06349745220252,
        "R2": -0.16645363684411807,
        "emission": 9.416782821200768e-07
    },
    "XGBoost": {
        "MSE": 307.4630899731993,
        "MAE": 13.88601929187215,
        "R2": 0.027281911547614945,
        "emission": 2.3924015655197587e-06
    },
    "CatBoost": {
        "MSE": 282.80016897186147,
        "MAE": 13.316014674091333,
        "R2": 0.10530776295685129,
        "emission": 4.2717272895963445e-06
    },
    "DNN": {
        "MSE": 301.2319285660819,
        "MAE": 13.464262569384395,
        "R2": 0.046995378335767946,
        "emission": 1.7210057243866104e-05
    }
}