{
    "Linear-SVR": {
        "MSE": 553.1203961565061,
        "MAE": 15.791710293909846,
        "R2": -0.272850333124655,
        "emission": 2.2714630426091115e-09
    },
    "RBF-SVR": {
        "MSE": 601.9808114754887,
        "MAE": 15.91964832079303,
        "R2": -0.38528877572690323,
        "emission": 3.0922735258167817e-09
    },
    "DecisionTree": {
        "MSE": 602.4898119464652,
        "MAE": 17.73616982775619,
        "R2": -0.3864600965162739,
        "emission": 1.4627685407174822e-09
    },
    "ExtraTrees": {
        "MSE": 446.85202194408066,
        "MAE": 15.777562505234156,
        "R2": -0.02830369109732289,
        "emission": 1.1074326553660934e-07
    },
    "RandomForest": {
        "MSE": 427.8642523609048,
        "MAE": 15.599463040034927,
        "R2": 0.015391296480754102,
        "emission": 3.219323708070176e-07
    },
    "KNeighbors": {
        "MSE": 460.99389671361496,
        "MAE": 15.837558685446007,
        "R2": -0.06084722074564142,
        "emission": 4.537269791897513e-09
    },
    "PLS": {
        "MSE": 437.92563357189374,
        "MAE": 15.568173465884101,
        "R2": -0.0077621299976247116,
        "emission": 1.8048265200196497e-08
    },
    "PLS-SKLEARN": {
        "MSE": 441.50709891284777,
        "MAE": 15.571928397098995,
        "R2": -0.016003860702159756,
        "emission": 4.030166900957807e-09
    },
    "XGBoost": {
        "MSE": 444.60797651896996,
        "MAE": 15.552531966336176,
        "R2": -0.0231396545028546,
        "emission": 6.687970289279841e-07
    },
    "CatBoost": {
        "MSE": 412.48864494796453,
        "MAE": 15.248866933415362,
        "R2": 0.0507739132736762,
        "emission": 2.216885459004782e-06
    },
    "DNN": {
        "MSE": 475.3364784898677,
        "MAE": 16.345346625787183,
        "R2": -0.09385262086942459,
        "emission": 3.99864447113092e-06
    }
}