{
    "Linear-SVR": {
        "MSE": 513.1864611491889,
        "MAE": 10.200441784119853,
        "R2": -0.18125586605744792,
        "emission": 2.5556738191476795e-09
    },
    "RBF-SVR": {
        "MSE": 524.3056692463697,
        "MAE": 10.197373522646968,
        "R2": -0.2068501301019352,
        "emission": 3.2551776344084826e-09
    },
    "DecisionTree": {
        "MSE": 474.72406401518924,
        "MAE": 11.919628358849346,
        "R2": -0.09272287526999223,
        "emission": 1.4550159109762336e-09
    },
    "ExtraTrees": {
        "MSE": 394.77565018653513,
        "MAE": 11.436159573654772,
        "R2": 0.09130289307472561,
        "emission": 1.1261872831413234e-07
    },
    "RandomForest": {
        "MSE": 388.5419191367526,
        "MAE": 11.378444619815786,
        "R2": 0.1056517349235353,
        "emission": 3.286218597447713e-07
    },
    "KNeighbors": {
        "MSE": 416.3519079812207,
        "MAE": 11.496431924882629,
        "R2": 0.0416385254090893,
        "emission": 3.141392640332291e-09
    },
    "PLS": {
        "MSE": 398.10472154277915,
        "MAE": 12.634087869996764,
        "R2": 0.08364001541563648,
        "emission": 1.789882496729707e-08
    },
    "PLS-SKLEARN": {
        "MSE": 409.6642079945054,
        "MAE": 11.863669466729306,
        "R2": 0.05703231584940882,
        "emission": 3.883182545694129e-09
    },
    "XGBoost": {
        "MSE": 431.88260698106393,
        "MAE": 12.613384269031,
        "R2": 0.0058898634968959085,
        "emission": 6.868439386504145e-07
    },
    "CatBoost": {
        "MSE": 364.7244319906325,
        "MAE": 10.994196995487595,
        "R2": 0.1604749785903693,
        "emission": 2.197287678095937e-06
    },
    "DNN": {
        "MSE": 448.4329200444624,
        "MAE": 12.031384571400327,
        "R2": -0.03220575256329328,
        "emission": 4.050879115893614e-06
    }
}