{
    "Linear-SVR": {
        "MSE": 382.33121201017246,
        "MAE": 12.0260424670894,
        "R2": -0.2560159536967723,
        "emission": 2.272461919868148e-09
    },
    "RBF-SVR": {
        "MSE": 403.17938307608495,
        "MAE": 11.943570269637034,
        "R2": -0.3245053540952121,
        "emission": 2.9472749237264175e-09
    },
    "DecisionTree": {
        "MSE": 402.1170981587335,
        "MAE": 13.166616985865813,
        "R2": -0.32101558720814616,
        "emission": 1.5107035482881698e-09
    },
    "ExtraTrees": {
        "MSE": 323.68578671285593,
        "MAE": 12.606609916822942,
        "R2": -0.06335684695661414,
        "emission": 1.3109628817992228e-07
    },
    "RandomForest": {
        "MSE": 323.29086464063,
        "MAE": 12.59498467273208,
        "R2": -0.06205946811962404,
        "emission": 3.2227476458915356e-07
    },
    "KNeighbors": {
        "MSE": 355.49187793427234,
        "MAE": 13.028638497652583,
        "R2": -0.1678446751639826,
        "emission": 4.181410436201122e-09
    },
    "PLS": {
        "MSE": 336.52936747699994,
        "MAE": 12.87801348581007,
        "R2": -0.10554995553789492,
        "emission": 1.780192277787009e-08
    },
    "PLS-SKLEARN": {
        "MSE": 326.3550575994737,
        "MAE": 12.581008714355669,
        "R2": -0.07212580620716325,
        "emission": 3.8958303324695856e-09
    },
    "XGBoost": {
        "MSE": 351.3324849665741,
        "MAE": 13.272962009508005,
        "R2": -0.15418043912723411,
        "emission": 6.725891454563995e-07
    },
    "CatBoost": {
        "MSE": 321.3062522349433,
        "MAE": 12.587389220674224,
        "R2": -0.05553971570301863,
        "emission": 2.2820479816177854e-06
    },
    "DNN": {
        "MSE": 373.8189590777481,
        "MAE": 13.505826702997298,
        "R2": -0.22805191322826168,
        "emission": 3.979052972023762e-06
    }
}