{
    "Linear-SVR": {
        "MSE": 486.46872985002636,
        "MAE": 13.576220094680565,
        "R2": 0.15047400427928648,
        "emission": 1.3685827112195715e-08
    },
    "RBF-SVR": {
        "MSE": 603.1829573424782,
        "MAE": 13.899282000275496,
        "R2": -0.05334540741417726,
        "emission": 1.7922780475212536e-08
    },
    "DecisionTree": {
        "MSE": 659.8490816697281,
        "MAE": 15.542351902872785,
        "R2": -0.15230211878919553,
        "emission": 1.1028283644431276e-08
    },
    "ExtraTrees": {
        "MSE": 420.73903133831766,
        "MAE": 13.826389932116117,
        "R2": 0.2652585405716733,
        "emission": 6.635372824221096e-07
    },
    "RandomForest": {
        "MSE": 438.8581174578056,
        "MAE": 14.410743529065922,
        "R2": 0.2336169699367987,
        "emission": 2.001592682147771e-06
    },
    "KNeighbors": {
        "MSE": 469.5637370892019,
        "MAE": 14.662347417840376,
        "R2": 0.17999538957411998,
        "emission": 9.45959056085831e-09
    },
    "PLS": {
        "MSE": 561.0589328653864,
        "MAE": 16.895511165654057,
        "R2": 0.02021626601280202,
        "emission": 3.834191434659536e-07
    },
    "PLS-SKLEARN": {
        "MSE": 568.7880402663038,
        "MAE": 16.826113410111464,
        "R2": 0.006718835946082247,
        "emission": 8.756269098711353e-07
    },
    "XGBoost": {
        "MSE": 499.7138257919858,
        "MAE": 15.42660741946647,
        "R2": 0.12734393932736587,
        "emission": 2.1916425192808237e-06
    },
    "CatBoost": {
        "MSE": 386.7004870169176,
        "MAE": 13.416081261059674,
        "R2": 0.32470044604920667,
        "emission": 4.140045588768055e-06
    },
    "DNN": {
        "MSE": 446.70303799377393,
        "MAE": 13.589496620709488,
        "R2": 0.2199172940465869,
        "emission": 1.765022493393446e-05
    }
}