{
    "Linear-SVR": {
        "MSE": 411.61940283696674,
        "MAE": 9.73361430948553,
        "R2": -0.15251571251195384,
        "emission": 1.8672524290940132e-08
    },
    "RBF-SVR": {
        "MSE": 433.0898001676659,
        "MAE": 9.686676684495522,
        "R2": -0.21263185404210994,
        "emission": 1.947170343827889e-08
    },
    "DecisionTree": {
        "MSE": 366.8721987375296,
        "MAE": 10.666628184406989,
        "R2": -0.027225564719753903,
        "emission": 1.0654811085501366e-08
    },
    "ExtraTrees": {
        "MSE": 353.021878981399,
        "MAE": 10.879559879721054,
        "R2": 0.011554704218582956,
        "emission": 6.350793175513617e-07
    },
    "RandomForest": {
        "MSE": 351.15966639261694,
        "MAE": 11.01155410930154,
        "R2": 0.016768815248861535,
        "emission": 2.002869053774796e-06
    },
    "KNeighbors": {
        "MSE": 358.0232863849765,
        "MAE": 10.374835680751174,
        "R2": -0.002449010323463785,
        "emission": 6.728534818886742e-09
    },
    "PLS": {
        "MSE": 405.600509481211,
        "MAE": 12.917233873364662,
        "R2": -0.13566308331947186,
        "emission": 3.7135971522246286e-07
    },
    "PLS-SKLEARN": {
        "MSE": 405.091114366016,
        "MAE": 12.874869161613228,
        "R2": -0.13423680003425065,
        "emission": 8.788576445869452e-07
    },
    "XGBoost": {
        "MSE": 340.4765511161108,
        "MAE": 11.268521036323108,
        "R2": 0.046681054880642336,
        "emission": 2.2128169085150335e-06
    },
    "CatBoost": {
        "MSE": 344.14190648290634,
        "MAE": 10.573946443125823,
        "R2": 0.03641822561881303,
        "emission": 3.9595590577441585e-06
    },
    "DNN": {
        "MSE": 388.9371605493069,
        "MAE": 11.118053578155141,
        "R2": -0.08900645990783107,
        "emission": 1.824249773410819e-05
    }
}