{
    "Linear-SVR": {
        "MSE": 1175.7585950912837,
        "MAE": 27.66379349762674,
        "R2": 0.04832311672730849,
        "emission": 2.17632038004254e-09
    },
    "RBF-SVR": {
        "MSE": 1293.1975227306677,
        "MAE": 29.52569895357913,
        "R2": -0.04673373686265747,
        "emission": 3.2774739179499995e-09
    },
    "DecisionTree": {
        "MSE": 1559.9819851308912,
        "MAE": 31.406850994815024,
        "R2": -0.26267313695942085,
        "emission": 1.3002134083836424e-09
    },
    "ExtraTrees": {
        "MSE": 1029.854339238819,
        "MAE": 26.32707824103087,
        "R2": 0.16642023976395937,
        "emission": 1.1506621947651832e-07
    },
    "RandomForest": {
        "MSE": 998.182382777001,
        "MAE": 26.39341190757263,
        "R2": 0.19205600286921742,
        "emission": 3.120605564799302e-07
    },
    "KNeighbors": {
        "MSE": 1116.4865821596245,
        "MAE": 26.516525821596247,
        "R2": 0.09629878517455526,
        "emission": 6.255986274747077e-09
    },
    "PLS": {
        "MSE": 1165.5949194354134,
        "MAE": 27.404548040760705,
        "R2": 0.05654975033318255,
        "emission": 1.7470713822916453e-08
    },
    "PLS-SKLEARN": {
        "MSE": 1086.61809514113,
        "MAE": 26.577172396814145,
        "R2": 0.12047479269217398,
        "emission": 3.923564805085593e-09
    },
    "XGBoost": {
        "MSE": 1018.9405366573691,
        "MAE": 25.39715929946429,
        "R2": 0.17525403750843704,
        "emission": 6.436707355210098e-07
    },
    "CatBoost": {
        "MSE": 977.4698171907763,
        "MAE": 25.79492402376669,
        "R2": 0.2088210683715871,
        "emission": 2.3255747966267233e-06
    },
    "DNN": {
        "MSE": 1069.0559584818016,
        "MAE": 26.11529556193822,
        "R2": 0.13468985312153126,
        "emission": 4.14038570031543e-06
    }
}