{
    "Linear-SVR": {
        "MSE": 772.015321679933,
        "MAE": 17.678578734443928,
        "R2": -0.02476035606726823,
        "emission": 2.247482743843489e-09
    },
    "RBF-SVR": {
        "MSE": 843.3877287574985,
        "MAE": 18.33972054266249,
        "R2": -0.11949890753931647,
        "emission": 4.539569330374422e-09
    },
    "DecisionTree": {
        "MSE": 1083.3125255449324,
        "MAE": 21.996658607051945,
        "R2": -0.4379711104617219,
        "emission": 1.4435556155816338e-09
    },
    "ExtraTrees": {
        "MSE": 572.5662914087425,
        "MAE": 18.07566622454216,
        "R2": 0.23998498452159733,
        "emission": 1.1346917600480489e-07
    },
    "RandomForest": {
        "MSE": 601.7007843274504,
        "MAE": 18.276113306569343,
        "R2": 0.20131234098876305,
        "emission": 3.2745170226152075e-07
    },
    "KNeighbors": {
        "MSE": 638.9647661971832,
        "MAE": 18.889014084507043,
        "R2": 0.15184874841884355,
        "emission": 3.7303134103136675e-09
    },
    "PLS": {
        "MSE": 628.3027456192234,
        "MAE": 19.274088579596807,
        "R2": 0.16600133800746886,
        "emission": 1.727880163893739e-08
    },
    "PLS-SKLEARN": {
        "MSE": 661.0860575774357,
        "MAE": 19.93147191916345,
        "R2": 0.12248531249354777,
        "emission": 3.917185635921932e-09
    },
    "XGBoost": {
        "MSE": 790.7416593197443,
        "MAE": 20.400323571883877,
        "R2": -0.04961738660631343,
        "emission": 6.755863751996195e-07
    },
    "CatBoost": {
        "MSE": 605.0157640502199,
        "MAE": 18.55365680473546,
        "R2": 0.1969120917894739,
        "emission": 2.2002286816531084e-06
    },
    "DNN": {
        "MSE": 657.1178349566716,
        "MAE": 18.333277375163608,
        "R2": 0.12775266550016884,
        "emission": 4.270693490157257e-06
    }
}