{
    "Linear-SVR": {
        "MSE": 354.4750420062281,
        "MAE": 7.8416657840041815,
        "R2": -0.15521176776641377,
        "emission": 2.253576117787112e-09
    },
    "RBF-SVR": {
        "MSE": 355.9138664276075,
        "MAE": 7.709075867167013,
        "R2": -0.15990080565726172,
        "emission": 2.9803743220858897e-09
    },
    "DecisionTree": {
        "MSE": 372.2640514786954,
        "MAE": 11.44781973633322,
        "R2": -0.21318502580792442,
        "emission": 1.3803079498235553e-09
    },
    "ExtraTrees": {
        "MSE": 317.81841957706513,
        "MAE": 10.668140283951686,
        "R2": -0.03575015106958768,
        "emission": 1.1030775202581263e-07
    },
    "RandomForest": {
        "MSE": 313.29401556379423,
        "MAE": 10.763261785936184,
        "R2": -0.02100540422174535,
        "emission": 3.246415128643658e-07
    },
    "KNeighbors": {
        "MSE": 314.25266854460097,
        "MAE": 10.180845070422537,
        "R2": -0.024129593722829634,
        "emission": 4.461297735887958e-09
    },
    "PLS": {
        "MSE": 319.4964093804872,
        "MAE": 11.002261340095318,
        "R2": -0.04121861383112435,
        "emission": 1.748065086069525e-08
    },
    "PLS-SKLEARN": {
        "MSE": 319.49640938048725,
        "MAE": 11.002261340095318,
        "R2": -0.04121861383112457,
        "emission": 3.5500959450352193e-09
    },
    "XGBoost": {
        "MSE": 351.8927256875497,
        "MAE": 11.762796169766029,
        "R2": -0.14679616202292078,
        "emission": 6.549380958735092e-07
    },
    "CatBoost": {
        "MSE": 309.0998347767275,
        "MAE": 10.63931583441945,
        "R2": -0.007336834006090642,
        "emission": 2.2501416826972365e-06
    },
    "DNN": {
        "MSE": 308.1923895800953,
        "MAE": 10.886599905166268,
        "R2": -0.004379527438554742,
        "emission": 3.8425039870998205e-06
    }
}