{
    "Linear-SVR": {
        "MSE": 1.1660325782992738,
        "MAE": 0.8569311961527271,
        "R2": 0.836263402830757,
        "emission": 3.1187702229989596e-06
    },
    "RBF-SVR": {
        "MSE": 1.9150079456037685,
        "MAE": 1.0482284483643414,
        "R2": 0.7310908027779423,
        "emission": 3.0135714518482875e-06
    },
    "DecisionTree": {
        "MSE": 3.109882352167233,
        "MAE": 1.3737087752857267,
        "R2": 0.5633041791308745,
        "emission": 2.3542121432831538e-07
    },
    "ExtraTrees": {
        "MSE": 2.5322114186370035,
        "MAE": 1.209213984017702,
        "R2": 0.6444218723241288,
        "emission": 8.073640956558418e-06
    },
    "RandomForest": {
        "MSE": 2.5102004249183234,
        "MAE": 1.236920990731949,
        "R2": 0.6475126995264586,
        "emission": 7.585801146401026e-05
    },
    "KNeighbors": {
        "MSE": 6.744697606414463,
        "MAE": 2.045133004714088,
        "R2": 0.05289624358471445,
        "emission": 4.3613609964971076e-08
    },
    "PLS": {
        "MSE": 1.141405698760374,
        "MAE": 0.8361778197027175,
        "R2": 0.8397215578854619,
        "emission": 1.5622471190717833e-06
    },
    "PLS-SKLEARN": {
        "MSE": 1.1817459333102138,
        "MAE": 0.8691106307750822,
        "R2": 0.8340569024914987,
        "emission": 4.652664004074786e-06
    },
    "XGBoost": {
        "MSE": 1.3246814190797251,
        "MAE": 0.8689468926335785,
        "R2": 0.8139856193299524,
        "emission": 1.8478201040944785e-05
    },
    "CatBoost": {
        "MSE": 1.1751620518973607,
        "MAE": 0.7950155212811153,
        "R2": 0.8349814241204558,
        "emission": 7.679668206181205e-06
    },
    "DNN": {
        "MSE": 1.5198584039910337,
        "MAE": 0.9526391556376835,
        "R2": 0.7865784816994221,
        "emission": 0.00018272177606015272
    }
}