{
    "Linear-SVR": {
        "MSE": 3.15142128265999,
        "MAE": 1.3572967909645026,
        "R2": 0.5574712004855831,
        "emission": 8.200486730134083e-07
    },
    "RBF-SVR": {
        "MSE": 6.248634042638568,
        "MAE": 1.8772530165042456,
        "R2": 0.1225544687697967,
        "emission": 9.035623512747483e-07
    },
    "DecisionTree": {
        "MSE": 7.42687827322081,
        "MAE": 2.1254991204855256,
        "R2": -0.04289691272695073,
        "emission": 6.320928852340137e-08
    },
    "ExtraTrees": {
        "MSE": 6.793083556011716,
        "MAE": 1.9769691788336603,
        "R2": 0.04610179299619643,
        "emission": 2.055405357762472e-06
    },
    "RandomForest": {
        "MSE": 6.876042074164842,
        "MAE": 2.013612251719775,
        "R2": 0.03445259406179979,
        "emission": 0.00014273897138348027
    },
    "KNeighbors": {
        "MSE": 8.413287322437771,
        "MAE": 2.242125717504144,
        "R2": -0.18141041924604573,
        "emission": 2.931136758905408e-08
    },
    "PLS": {
        "MSE": 1.0137009756550275,
        "MAE": 0.7694733542150205,
        "R2": 0.8576541072780426,
        "emission": 3.7193776283565117e-07
    },
    "PLS-SKLEARN": {
        "MSE": 1.0411896900731175,
        "MAE": 0.7812746905248827,
        "R2": 0.8537940877184347,
        "emission": 9.172445244231708e-07
    },
    "XGBoost": {
        "MSE": 6.215272489620538,
        "MAE": 1.9560747759343347,
        "R2": 0.1272391639225008,
        "emission": 6.195039312664253e-06
    },
    "CatBoost": {
        "MSE": 6.025790589152264,
        "MAE": 1.9302000811513038,
        "R2": 0.15384658654965266,
        "emission": 2.4797288012557285e-06
    },
    "DNN": {
        "MSE": 2.550278932044295,
        "MAE": 1.214280851349495,
        "R2": 0.6418847964141791,
        "emission": 3.2510067760948246e-05
    }
}