{
    "Linear-SVR": {
        "MSE": 1.3634617112035428,
        "MAE": 0.5837329395378926,
        "R2": -0.7474448879858466,
        "emission": 3.544263291879619e-10
    },
    "RBF-SVR": {
        "MSE": 0.4962330829673287,
        "MAE": 0.5663986251974145,
        "R2": 0.3640159038164107,
        "emission": 1.8068375004483737e-10
    },
    "DecisionTree": {
        "MSE": 0.6028722104489338,
        "MAE": 0.6269521885521886,
        "R2": 0.22734466717969426,
        "emission": 2.507810874200842e-10
    },
    "ExtraTrees": {
        "MSE": 0.31078053211337164,
        "MAE": 0.4662835599463829,
        "R2": 0.6016962943186304,
        "emission": 1.847806950912993e-08
    },
    "RandomForest": {
        "MSE": 0.4589979811554173,
        "MAE": 0.5663497546582724,
        "R2": 0.4117372939956938,
        "emission": 2.3240206835442375e-08
    },
    "KNeighbors": {
        "MSE": 0.552750250060606,
        "MAE": 0.6164666666666665,
        "R2": 0.2915821611531041,
        "emission": 3.061894357870841e-09
    },
    "PLS": {
        "MSE": 1.6112667079086302,
        "MAE": 0.6025410987373423,
        "R2": -1.0650376528955547,
        "emission": 2.222156334229098e-09
    },
    "PLS-SKLEARN": {
        "MSE": 1.4046462274249816,
        "MAE": 0.586019508865302,
        "R2": -0.8002279414034574,
        "emission": 3.64270624685785e-08
    },
    "XGBoost": {
        "MSE": 1.4138136352919703,
        "MAE": 0.8912492615208482,
        "R2": -0.8119771088950112,
        "emission": 8.064766466048668e-08
    },
    "CatBoost": {
        "MSE": 0.31935257678882784,
        "MAE": 0.46056179125977537,
        "R2": 0.590710158423043,
        "emission": 1.2817559657309046e-07
    },
    "DNN": {
        "MSE": 8.818974963369108,
        "MAE": 2.637211863280788,
        "R2": -10.302607612949648,
        "emission": 4.332225798393925e-06
    }
}