{
    "Linear-SVR": {
        "MSE": 1.2461595235524863,
        "MAE": 0.8989719593844401,
        "R2": 0.8250118189543758,
        "emission": 7.063970516802297e-06
    },
    "RBF-SVR": {
        "MSE": 2.4345411845906333,
        "MAE": 1.1721902464023484,
        "R2": 0.6581369194549747,
        "emission": 6.51570185594389e-06
    },
    "DecisionTree": {
        "MSE": 3.0424021685948084,
        "MAE": 1.3689432143314761,
        "R2": 0.5727798797589136,
        "emission": 4.840960361960741e-07
    },
    "ExtraTrees": {
        "MSE": 2.5550162421728264,
        "MAE": 1.2100996621845712,
        "R2": 0.6412195739713272,
        "emission": 1.9389830275644762e-05
    },
    "RandomForest": {
        "MSE": 2.443332343804442,
        "MAE": 1.2210176853308938,
        "R2": 0.6569024475185716,
        "emission": 0.00015445084281803424
    },
    "KNeighbors": {
        "MSE": 7.543034609467741,
        "MAE": 2.1352133976008285,
        "R2": -0.059207814832670014,
        "emission": 5.981071581612701e-08
    },
    "PLS": {
        "MSE": 1.1587390273067995,
        "MAE": 0.8491208021739732,
        "R2": 0.8372875776634447,
        "emission": 3.7848730151324798e-06
    },
    "PLS-SKLEARN": {
        "MSE": 1.2010319181959304,
        "MAE": 0.878378323389045,
        "R2": 0.8313487264104747,
        "emission": 7.731888804942959e-06
    },
    "XGBoost": {
        "MSE": 1.4493729623628755,
        "MAE": 0.9203528808770526,
        "R2": 0.7964761865980272,
        "emission": 3.5207772750888435e-05
    },
    "CatBoost": {
        "MSE": 1.2041764534357842,
        "MAE": 0.8174192473744101,
        "R2": 0.8309071645626889,
        "emission": 1.3861429607413168e-05
    },
    "DNN": {
        "MSE": 1.579459171940646,
        "MAE": 0.9536038348692728,
        "R2": 0.7782092241723494,
        "emission": 0.0007135088136278942
    }
}