{
    "Linear-SVR": {
        "MSE": 597.7864507630936,
        "MAE": 15.865147349916317,
        "R2": 0.10972302829448755,
        "emission": 1.0023617431521773e-08
    },
    "RBF-SVR": {
        "MSE": 682.6465992064927,
        "MAE": 17.35719913794907,
        "R2": -0.01665828375805023,
        "emission": 1.0611108962924779e-08
    },
    "DecisionTree": {
        "MSE": 573.3500168804558,
        "MAE": 16.183463554159587,
        "R2": 0.14611594808807882,
        "emission": 7.329972435593405e-09
    },
    "ExtraTrees": {
        "MSE": 497.0334981019168,
        "MAE": 15.699029296028655,
        "R2": 0.2597733237989758,
        "emission": 4.2444983916921904e-07
    },
    "RandomForest": {
        "MSE": 500.88549759834797,
        "MAE": 16.189266377328966,
        "R2": 0.25403658212087943,
        "emission": 1.4424965162193316e-06
    },
    "KNeighbors": {
        "MSE": 502.93291643192487,
        "MAE": 15.83305164319249,
        "R2": 0.2509873831357856,
        "emission": 1.06091581965743e-08
    },
    "PLS": {
        "MSE": 515.9523517352827,
        "MAE": 16.441062017815355,
        "R2": 0.23159767729619507,
        "emission": 2.8437799308542865e-07
    },
    "PLS-SKLEARN": {
        "MSE": 531.9312314664119,
        "MAE": 16.764578428584105,
        "R2": 0.20780050250222504,
        "emission": 8.122395602179243e-07
    },
    "XGBoost": {
        "MSE": 514.713232129512,
        "MAE": 15.484412677614063,
        "R2": 0.23344308488079024,
        "emission": 2.337904471653759e-06
    },
    "CatBoost": {
        "MSE": 481.93175832889335,
        "MAE": 15.420974798520252,
        "R2": 0.28226418342861326,
        "emission": 4.699605842876673e-06
    },
    "DNN": {
        "MSE": 551.0662636379612,
        "MAE": 16.33535678218788,
        "R2": 0.17930290361314316,
        "emission": 1.8616062669850584e-05
    }
}