{
    "Linear-SVR": {
        "MSE": 535.4999360863499,
        "MAE": 11.684618570847714,
        "R2": -0.1034793299509027,
        "emission": 1.5060560729048193e-08
    },
    "RBF-SVR": {
        "MSE": 573.4738390365876,
        "MAE": 11.662387911435008,
        "R2": -0.18173035139713467,
        "emission": 1.50899030836867e-08
    },
    "DecisionTree": {
        "MSE": 720.4841881675823,
        "MAE": 15.964745556599484,
        "R2": -0.4846676080110359,
        "emission": 1.1713985066968792e-08
    },
    "ExtraTrees": {
        "MSE": 439.49965942502973,
        "MAE": 13.866291433455077,
        "R2": 0.09434388873992616,
        "emission": 6.035698761890268e-07
    },
    "RandomForest": {
        "MSE": 468.80026051655295,
        "MAE": 14.272100476199894,
        "R2": 0.03396552922800444,
        "emission": 1.9219867343077422e-06
    },
    "KNeighbors": {
        "MSE": 469.42166009389666,
        "MAE": 14.31887323943662,
        "R2": 0.0326850405798631,
        "emission": 8.489556227992362e-09
    },
    "PLS": {
        "MSE": 477.38229379648936,
        "MAE": 15.994989637364847,
        "R2": 0.016280940126889187,
        "emission": 3.776805571510061e-07
    },
    "PLS-SKLEARN": {
        "MSE": 479.373012000463,
        "MAE": 15.972900820814514,
        "R2": 0.012178761504989866,
        "emission": 1.162112618756296e-06
    },
    "XGBoost": {
        "MSE": 448.4659398718738,
        "MAE": 14.12728041360076,
        "R2": 0.07586749971933082,
        "emission": 2.1852328318275406e-06
    },
    "CatBoost": {
        "MSE": 432.03319254213517,
        "MAE": 13.700158395396059,
        "R2": 0.10972968305626496,
        "emission": 4.06437295526597e-06
    },
    "DNN": {
        "MSE": 485.4060547455448,
        "MAE": 13.776485746729891,
        "R2": -0.000253243649973367,
        "emission": 1.7226491458851555e-05
    }
}