{
    "Linear-SVR": {
        "MSE": 415.0517612548088,
        "MAE": 7.24059161244729,
        "R2": -0.09664578306226712,
        "emission": 1.2823485168795403e-08
    },
    "RBF-SVR": {
        "MSE": 416.16016075583497,
        "MAE": 7.202440009543469,
        "R2": -0.09957438559384979,
        "emission": 1.6644849998869793e-08
    },
    "DecisionTree": {
        "MSE": 344.1460463274833,
        "MAE": 8.570533361712746,
        "R2": 0.09070061690236098,
        "emission": 1.1752934211625274e-08
    },
    "ExtraTrees": {
        "MSE": 226.84123377119468,
        "MAE": 7.860387075386705,
        "R2": 0.4006422676349012,
        "emission": 6.442226965046639e-07
    },
    "RandomForest": {
        "MSE": 272.4382665890544,
        "MAE": 8.882817266925128,
        "R2": 0.28016622481873943,
        "emission": 1.962455551892378e-06
    },
    "KNeighbors": {
        "MSE": 241.4072694835681,
        "MAE": 7.448920187793426,
        "R2": 0.3621560277702255,
        "emission": 8.531360151940526e-09
    },
    "PLS": {
        "MSE": 220.45814212196018,
        "MAE": 9.290630149987274,
        "R2": 0.4175076111739099,
        "emission": 3.9583958620662734e-07
    },
    "PLS-SKLEARN": {
        "MSE": 222.5358743734415,
        "MAE": 9.41349535521531,
        "R2": 0.41201784694539334,
        "emission": 8.732638303480891e-07
    },
    "XGBoost": {
        "MSE": 182.9872766796133,
        "MAE": 6.972642323212095,
        "R2": 0.5165127724839373,
        "emission": 1.923599367417023e-06
    },
    "CatBoost": {
        "MSE": 207.65467750728035,
        "MAE": 7.126982277947455,
        "R2": 0.45133680258807585,
        "emission": 3.903432780489367e-06
    },
    "DNN": {
        "MSE": 178.59726294197216,
        "MAE": 6.409788846042654,
        "R2": 0.5281120246794099,
        "emission": 1.6939867132212353e-05
    }
}