{
    "Linear-SVR": {
        "MSE": 473.12677258344684,
        "MAE": 11.573129140762036,
        "R2": -0.11029686934001393,
        "emission": 1.1901347201991037e-08
    },
    "RBF-SVR": {
        "MSE": 505.94429685627773,
        "MAE": 11.468123020174195,
        "R2": -0.18731046605671087,
        "emission": 1.4541251108245545e-08
    },
    "DecisionTree": {
        "MSE": 454.4920667891893,
        "MAE": 12.467817884382116,
        "R2": -0.06656640067204767,
        "emission": 1.1870952132039803e-08
    },
    "ExtraTrees": {
        "MSE": 395.6616274554951,
        "MAE": 12.523363320581325,
        "R2": 0.07149226858784441,
        "emission": 6.460691897263545e-07
    },
    "RandomForest": {
        "MSE": 390.06241389161323,
        "MAE": 12.544285609071407,
        "R2": 0.08463206462347816,
        "emission": 1.9026724887744013e-06
    },
    "KNeighbors": {
        "MSE": 412.33718122065727,
        "MAE": 12.126478873239437,
        "R2": 0.03235938452196718,
        "emission": 9.912170446993993e-09
    },
    "PLS": {
        "MSE": 428.63454576921384,
        "MAE": 13.453365768099417,
        "R2": -0.005885994698384911,
        "emission": 3.824506701896598e-07
    },
    "PLS-SKLEARN": {
        "MSE": 393.1732614873011,
        "MAE": 12.995507033933228,
        "R2": 0.07733177103065059,
        "emission": 7.202121707732393e-07
    },
    "XGBoost": {
        "MSE": 444.5890449178028,
        "MAE": 13.729145231269337,
        "R2": -0.04332676424063675,
        "emission": 1.9896864960848777e-06
    },
    "CatBoost": {
        "MSE": 380.1836239166546,
        "MAE": 12.551346122158241,
        "R2": 0.10781483553743987,
        "emission": 3.91436732802902e-06
    },
    "DNN": {
        "MSE": 399.8838138192704,
        "MAE": 13.379665820576918,
        "R2": 0.06158397217952172,
        "emission": 1.71582242158422e-05
    }
}