{
    "Linear-SVR": {
        "MSE": 92.55881437079263,
        "MAE": 5.31249808782128,
        "R2": -0.2519821429239877,
        "emission": 1.4044399106347852e-08
    },
    "RBF-SVR": {
        "MSE": 94.06062912457831,
        "MAE": 5.132819695183415,
        "R2": -0.27229620233044405,
        "emission": 1.5340982648826462e-08
    },
    "DecisionTree": {
        "MSE": 124.6355081195665,
        "MAE": 7.22052285248493,
        "R2": -0.6858624605415702,
        "emission": 9.952492387236018e-09
    },
    "ExtraTrees": {
        "MSE": 80.29994945235488,
        "MAE": 6.847725841670872,
        "R2": -0.08616454818992536,
        "emission": 6.348764562551478e-07
    },
    "RandomForest": {
        "MSE": 77.84219119053576,
        "MAE": 6.793141200530823,
        "R2": -0.052920070326427204,
        "emission": 1.9242145824443936e-06
    },
    "KNeighbors": {
        "MSE": 94.30057464788733,
        "MAE": 7.047511737089203,
        "R2": -0.2755417874483994,
        "emission": 8.438109657186183e-09
    },
    "PLS": {
        "MSE": 74.86187037705963,
        "MAE": 6.707460837755912,
        "R2": -0.012607232872512864,
        "emission": 3.8263159116596306e-07
    },
    "PLS-SKLEARN": {
        "MSE": 74.86187037705965,
        "MAE": 6.707460837755914,
        "R2": -0.012607232872512864,
        "emission": 9.165468137566248e-07
    },
    "XGBoost": {
        "MSE": 132.2223725661765,
        "MAE": 8.121198271414343,
        "R2": -0.7884849808548589,
        "emission": 2.098757864371134e-06
    },
    "CatBoost": {
        "MSE": 119.23678557449418,
        "MAE": 7.421668292818115,
        "R2": -0.6128374950968469,
        "emission": 4.015934295396923e-06
    },
    "DNN": {
        "MSE": 77.46343838056698,
        "MAE": 6.867104129052498,
        "R2": -0.047796930430062945,
        "emission": 1.66868046294532e-05
    }
}