{
    "Linear-SVR": {
        "MSE": 607.4983327051257,
        "MAE": 18.079845165552022,
        "R2": 0.1961572098659946,
        "emission": 1.2007131332039432e-08
    },
    "RBF-SVR": {
        "MSE": 729.0267079593087,
        "MAE": 19.753848093228047,
        "R2": 0.0353506644228605,
        "emission": 1.728274347168645e-08
    },
    "DecisionTree": {
        "MSE": 719.6008517281049,
        "MAE": 18.90908288895782,
        "R2": 0.047822972846414236,
        "emission": 1.1436982739539881e-08
    },
    "ExtraTrees": {
        "MSE": 480.84702413471007,
        "MAE": 16.992913152327343,
        "R2": 0.36374242907478926,
        "emission": 6.827137001235332e-07
    },
    "RandomForest": {
        "MSE": 516.6667570449132,
        "MAE": 17.652660919140033,
        "R2": 0.31634569974356874,
        "emission": 1.8777276214027836e-06
    },
    "KNeighbors": {
        "MSE": 511.0375718309859,
        "MAE": 17.889107981220658,
        "R2": 0.3237942468505134,
        "emission": 7.040865133836177e-09
    },
    "PLS": {
        "MSE": 516.5221665940142,
        "MAE": 17.871077577306394,
        "R2": 0.3165370220653271,
        "emission": 4.0958574685231317e-07
    },
    "PLS-SKLEARN": {
        "MSE": 544.2209119176592,
        "MAE": 18.250504049727503,
        "R2": 0.2798859968270774,
        "emission": 9.897993695148478e-07
    },
    "XGBoost": {
        "MSE": 519.7651405298745,
        "MAE": 17.860354976125166,
        "R2": 0.31224591363491216,
        "emission": 1.929299253445577e-06
    },
    "CatBoost": {
        "MSE": 458.7144920508757,
        "MAE": 16.46425984807445,
        "R2": 0.3930282318255194,
        "emission": 4.0705176597730345e-06
    },
    "DNN": {
        "MSE": 494.8900726660028,
        "MAE": 16.694574596071746,
        "R2": 0.34516064422755255,
        "emission": 1.7747097417386222e-05
    }
}