{
    "Linear-SVR": {
        "MSE": 678.1288435526833,
        "MAE": 17.341465430128025,
        "R2": 0.1371512315546276,
        "emission": 1.0773830627353362e-08
    },
    "RBF-SVR": {
        "MSE": 763.743327209623,
        "MAE": 18.7153549574429,
        "R2": 0.028215662028542754,
        "emission": 1.6721012524531037e-08
    },
    "DecisionTree": {
        "MSE": 816.169981823455,
        "MAE": 18.72940715971824,
        "R2": -0.03849182991394029,
        "emission": 8.879936290137043e-09
    },
    "ExtraTrees": {
        "MSE": 485.58444858321155,
        "MAE": 16.23316144338539,
        "R2": 0.38214404619452136,
        "emission": 6.534945778277347e-07
    },
    "RandomForest": {
        "MSE": 527.6500715838603,
        "MAE": 17.094314792820043,
        "R2": 0.3286198946338199,
        "emission": 1.8798770456119598e-06
    },
    "KNeighbors": {
        "MSE": 514.6081953051643,
        "MAE": 16.845633802816902,
        "R2": 0.3452143323904193,
        "emission": 8.801039589385693e-09
    },
    "PLS": {
        "MSE": 565.9983106171462,
        "MAE": 18.11090004364563,
        "R2": 0.27982572942980144,
        "emission": 3.8854722610789645e-07
    },
    "PLS-SKLEARN": {
        "MSE": 565.4053025205112,
        "MAE": 17.9919638041709,
        "R2": 0.2805802708576207,
        "emission": 8.947022393851728e-07
    },
    "XGBoost": {
        "MSE": 477.98360379477555,
        "MAE": 15.99276060839774,
        "R2": 0.3918153345156129,
        "emission": 1.890290152659383e-06
    },
    "CatBoost": {
        "MSE": 435.0950908132032,
        "MAE": 15.501607960981021,
        "R2": 0.44638652840957693,
        "emission": 3.826871082871474e-06
    },
    "DNN": {
        "MSE": 508.2852459112763,
        "MAE": 16.010122799929317,
        "R2": 0.3532596310815592,
        "emission": 1.7282570230855456e-05
    }
}