{
    "Linear-SVR": {
        "MSE": 267.11891617725206,
        "MAE": 10.444130233483003,
        "R2": -0.061535870155718486,
        "emission": 1.203174335963785e-08
    },
    "RBF-SVR": {
        "MSE": 273.5694502386303,
        "MAE": 10.18701323878643,
        "R2": -0.08717042043695145,
        "emission": 1.6436297074622343e-08
    },
    "DecisionTree": {
        "MSE": 401.2970556472481,
        "MAE": 12.759504501758023,
        "R2": -0.5947624573122869,
        "emission": 1.1603279859989962e-08
    },
    "ExtraTrees": {
        "MSE": 256.2678657001,
        "MAE": 12.152964085429053,
        "R2": -0.01841358037103058,
        "emission": 6.369657953201984e-07
    },
    "RandomForest": {
        "MSE": 244.72055534591289,
        "MAE": 11.944285767954328,
        "R2": 0.027475659972608035,
        "emission": 1.9037807697777667e-06
    },
    "KNeighbors": {
        "MSE": 260.3430028169014,
        "MAE": 11.713145539906106,
        "R2": -0.034608256087733213,
        "emission": 8.256929627048935e-09
    },
    "PLS": {
        "MSE": 293.4402629436267,
        "MAE": 13.361134777473877,
        "R2": -0.16613742418708122,
        "emission": 3.957468612918282e-07
    },
    "PLS-SKLEARN": {
        "MSE": 282.9083368093924,
        "MAE": 13.070941159881185,
        "R2": -0.12428334086974169,
        "emission": 9.888684986001608e-07
    },
    "XGBoost": {
        "MSE": 293.97080928393075,
        "MAE": 12.571297893097336,
        "R2": -0.16824582586477788,
        "emission": 1.918584677786912e-06
    },
    "CatBoost": {
        "MSE": 239.9897394649849,
        "MAE": 11.792284301436304,
        "R2": 0.046276016100793904,
        "emission": 3.846429534787139e-06
    },
    "DNN": {
        "MSE": 315.1483891806751,
        "MAE": 12.121902063803773,
        "R2": -0.2524059483495713,
        "emission": 1.6787571767594798e-05
    }
}