{
    "Linear-SVR": {
        "MSE": 528.8814327873501,
        "MAE": 9.297659100294453,
        "R2": -0.17094058131792367,
        "emission": 1.4503961917756022e-08
    },
    "RBF-SVR": {
        "MSE": 528.7988072539332,
        "MAE": 9.310005000344345,
        "R2": -0.17075764884169553,
        "emission": 1.5816309057900932e-08
    },
    "DecisionTree": {
        "MSE": 631.6792223795643,
        "MAE": 14.681986987840412,
        "R2": -0.3985343216935717,
        "emission": 1.0350140026794772e-08
    },
    "ExtraTrees": {
        "MSE": 403.7988830801704,
        "MAE": 13.337809094604737,
        "R2": 0.10599149530073626,
        "emission": 6.137494812246269e-07
    },
    "RandomForest": {
        "MSE": 388.63897411247103,
        "MAE": 13.13877370922523,
        "R2": 0.13955545031766747,
        "emission": 1.8995248748038315e-06
    },
    "KNeighbors": {
        "MSE": 387.7688356807512,
        "MAE": 11.845539906103289,
        "R2": 0.14148193201640158,
        "emission": 7.70819788069509e-09
    },
    "PLS": {
        "MSE": 459.85838518858424,
        "MAE": 14.9144963354967,
        "R2": -0.018123933825346494,
        "emission": 3.7321510603407305e-07
    },
    "PLS-SKLEARN": {
        "MSE": 457.61084298498037,
        "MAE": 15.290879285268455,
        "R2": -0.013147887756656873,
        "emission": 8.327636060029893e-07
    },
    "XGBoost": {
        "MSE": 475.9656542120955,
        "MAE": 14.44652504335057,
        "R2": -0.05378533879173686,
        "emission": 1.9915503156109983e-06
    },
    "CatBoost": {
        "MSE": 360.87433415765713,
        "MAE": 12.218724550200985,
        "R2": 0.20102621036577895,
        "emission": 3.7438237277467483e-06
    },
    "DNN": {
        "MSE": 398.73258081291016,
        "MAE": 14.055847350487861,
        "R2": 0.11720826063638623,
        "emission": 1.599898663196606e-05
    }
}