{
    "Linear-SVR": {
        "MSE": 215.18703396242788,
        "MAE": 9.924534408069311,
        "R2": 0.04288967701480828,
        "emission": 1.0319249002892799e-08
    },
    "RBF-SVR": {
        "MSE": 220.83928659278735,
        "MAE": 10.157983470934015,
        "R2": 0.01774955011672652,
        "emission": 1.6603863928634785e-08
    },
    "DecisionTree": {
        "MSE": 298.6912314279285,
        "MAE": 11.693588100403897,
        "R2": -0.3285208486806166,
        "emission": 1.0517955322240528e-08
    },
    "ExtraTrees": {
        "MSE": 233.0325954844161,
        "MAE": 10.692516635662605,
        "R2": -0.036483930389179076,
        "emission": 6.251582679482593e-07
    },
    "RandomForest": {
        "MSE": 217.081681105847,
        "MAE": 10.477921458639168,
        "R2": 0.034462652830361096,
        "emission": 1.938685210055756e-06
    },
    "KNeighbors": {
        "MSE": 232.32079812206572,
        "MAE": 11.004225352112678,
        "R2": -0.0333179933397465,
        "emission": 8.38632295544106e-09
    },
    "PLS": {
        "MSE": 217.72581490849836,
        "MAE": 10.618176997244806,
        "R2": 0.031597670212454076,
        "emission": 3.920934056139473e-07
    },
    "PLS-SKLEARN": {
        "MSE": 217.72581490849836,
        "MAE": 10.618176997244808,
        "R2": 0.031597670212454076,
        "emission": 9.245853614969317e-07
    },
    "XGBoost": {
        "MSE": 221.76104158573887,
        "MAE": 10.372990159279375,
        "R2": 0.01364976211941138,
        "emission": 1.7809082588176029e-06
    },
    "CatBoost": {
        "MSE": 211.46246231305292,
        "MAE": 10.547185955023426,
        "R2": 0.059455851605686116,
        "emission": 3.762623101091637e-06
    },
    "DNN": {
        "MSE": 238.7898221709837,
        "MAE": 11.291122013638278,
        "R2": -0.062090961593679106,
        "emission": 1.619440068244732e-05
    }
}