{
    "Linear-SVR": {
        "MSE": 271.10485715977103,
        "MAE": 7.730503665926612,
        "R2": -0.14113210197002757,
        "emission": 1.1273967064763547e-08
    },
    "RBF-SVR": {
        "MSE": 285.4605488390304,
        "MAE": 7.683735924605063,
        "R2": -0.20155794897553747,
        "emission": 1.6052221734903008e-08
    },
    "DecisionTree": {
        "MSE": 264.1816900093721,
        "MAE": 8.836876989297377,
        "R2": -0.11199116969241563,
        "emission": 1.1705266654215083e-08
    },
    "ExtraTrees": {
        "MSE": 245.71913424779012,
        "MAE": 9.103760473524524,
        "R2": -0.03427874769941264,
        "emission": 6.135226786118108e-07
    },
    "RandomForest": {
        "MSE": 238.52973694116073,
        "MAE": 8.979768093808392,
        "R2": -0.004017201866699294,
        "emission": 1.8748843283652086e-06
    },
    "KNeighbors": {
        "MSE": 243.87154929577466,
        "MAE": 8.743661971830987,
        "R2": -0.026501909903330345,
        "emission": 7.520422043957327e-09
    },
    "PLS": {
        "MSE": 304.77144054791864,
        "MAE": 10.894559063444708,
        "R2": -0.28284117893143756,
        "emission": 3.558219929416811e-07
    },
    "PLS-SKLEARN": {
        "MSE": 299.8566830055245,
        "MAE": 10.70400420027627,
        "R2": -0.2621540261309252,
        "emission": 1.0344774739310037e-06
    },
    "XGBoost": {
        "MSE": 278.7782091049835,
        "MAE": 9.288007200184003,
        "R2": -0.1734307052710955,
        "emission": 1.827493857477741e-06
    },
    "CatBoost": {
        "MSE": 244.8539402983659,
        "MAE": 8.829401940838848,
        "R2": -0.03063698118714253,
        "emission": 3.912008737433515e-06
    },
    "DNN": {
        "MSE": 312.25773512745224,
        "MAE": 9.654589115908728,
        "R2": -0.3143524220681677,
        "emission": 1.7037320991446933e-05
    }
}