{
    "Linear-SVR": {
        "MSE": 198.1184241580662,
        "MAE": 8.505442226186746,
        "R2": 0.039187694251788585,
        "emission": 1.1818542452932041e-08
    },
    "RBF-SVR": {
        "MSE": 216.80236456079422,
        "MAE": 8.241532590125173,
        "R2": -0.0514235648226562,
        "emission": 1.713888440321878e-08
    },
    "DecisionTree": {
        "MSE": 204.01817012728665,
        "MAE": 9.166063979566736,
        "R2": 0.010575774123184778,
        "emission": 1.0807548472747148e-08
    },
    "ExtraTrees": {
        "MSE": 228.65402744930918,
        "MAE": 10.088966033278641,
        "R2": -0.10890041784758941,
        "emission": 6.129392336172248e-07
    },
    "RandomForest": {
        "MSE": 213.93994433987058,
        "MAE": 9.91252185139651,
        "R2": -0.03754172327170724,
        "emission": 1.917363230935773e-06
    },
    "KNeighbors": {
        "MSE": 213.4026291079812,
        "MAE": 9.867605633802816,
        "R2": -0.03493591268614882,
        "emission": 8.379162485468959e-09
    },
    "PLS": {
        "MSE": 214.66622235631843,
        "MAE": 9.837545018747825,
        "R2": -0.041063944178536094,
        "emission": 3.862473143144211e-07
    },
    "PLS-SKLEARN": {
        "MSE": 214.66622235631857,
        "MAE": 9.837545018747829,
        "R2": -0.04106394417853676,
        "emission": 7.668750063729657e-07
    },
    "XGBoost": {
        "MSE": 220.35443496750872,
        "MAE": 9.71200199598499,
        "R2": -0.06864999377371839,
        "emission": 1.8391671779718767e-06
    },
    "CatBoost": {
        "MSE": 189.08120097409332,
        "MAE": 9.383594390992855,
        "R2": 0.08301539620254972,
        "emission": 3.773826872555973e-06
    },
    "DNN": {
        "MSE": 205.64189219153957,
        "MAE": 9.547742694532367,
        "R2": 0.002701230667275012,
        "emission": 1.5738414721459157e-05
    }
}