{
    "Linear-SVR": {
        "MSE": 285.3071049763829,
        "MAE": 10.74647041909993,
        "R2": 0.06040312691452898,
        "emission": 1.0242178173283734e-08
    },
    "RBF-SVR": {
        "MSE": 322.31553967671596,
        "MAE": 11.361079327109545,
        "R2": -0.06147610047134067,
        "emission": 1.4319380834098118e-08
    },
    "DecisionTree": {
        "MSE": 396.76302560259,
        "MAE": 12.783275246049365,
        "R2": -0.306652697075257,
        "emission": 8.782409268639044e-09
    },
    "ExtraTrees": {
        "MSE": 254.7206323046503,
        "MAE": 10.871380886415736,
        "R2": 0.16113301965047444,
        "emission": 6.11257679625832e-07
    },
    "RandomForest": {
        "MSE": 259.8713912128351,
        "MAE": 11.020547064449076,
        "R2": 0.14417011588911122,
        "emission": 1.784538432929784e-06
    },
    "KNeighbors": {
        "MSE": 284.4942028169014,
        "MAE": 11.154647887323945,
        "R2": 0.0630802433054316,
        "emission": 6.916061216532825e-09
    },
    "PLS": {
        "MSE": 269.2700191500421,
        "MAE": 11.99828750195452,
        "R2": 0.11321777973251779,
        "emission": 3.6234657309197006e-07
    },
    "PLS-SKLEARN": {
        "MSE": 272.09132713009075,
        "MAE": 11.912458387367995,
        "R2": 0.10392641576075745,
        "emission": 8.212598984810591e-07
    },
    "XGBoost": {
        "MSE": 282.1923016542324,
        "MAE": 11.515942298007053,
        "R2": 0.07066105393675004,
        "emission": 1.7193560468369143e-06
    },
    "CatBoost": {
        "MSE": 277.18007623736213,
        "MAE": 11.23640394714817,
        "R2": 0.08716772778660264,
        "emission": 4.017569038793169e-06
    },
    "DNN": {
        "MSE": 312.2264121020254,
        "MAE": 12.757770050299559,
        "R2": -0.028249753997689586,
        "emission": 1.6371038960279315e-05
    }
}