{
    "Linear-SVR": {
        "MSE": 285.4065387819379,
        "MAE": 9.966257430191607,
        "R2": 0.014722256120265231,
        "emission": 1.3161308907891628e-08
    },
    "RBF-SVR": {
        "MSE": 307.2048726781197,
        "MAE": 10.208840023726614,
        "R2": -0.060529745229209064,
        "emission": 1.4940641267956592e-08
    },
    "DecisionTree": {
        "MSE": 381.248840489068,
        "MAE": 11.979358105821476,
        "R2": -0.316143628022604,
        "emission": 1.1683585339767417e-08
    },
    "ExtraTrees": {
        "MSE": 254.67054731338433,
        "MAE": 10.633359011596665,
        "R2": 0.12082875409780824,
        "emission": 6.229736642948301e-07
    },
    "RandomForest": {
        "MSE": 245.4505786986274,
        "MAE": 10.56167213787046,
        "R2": 0.1526578422264807,
        "emission": 2.0261978852076637e-06
    },
    "KNeighbors": {
        "MSE": 279.37723568075114,
        "MAE": 10.639248826291082,
        "R2": 0.03553655905129649,
        "emission": 2.809750684459387e-08
    },
    "PLS": {
        "MSE": 271.3604557647674,
        "MAE": 11.069427772935667,
        "R2": 0.06321201057567749,
        "emission": 3.9988377324555626e-07
    },
    "PLS-SKLEARN": {
        "MSE": 273.62050648902795,
        "MAE": 11.175407093470017,
        "R2": 0.05540988491956367,
        "emission": 1.1182463129371617e-06
    },
    "XGBoost": {
        "MSE": 239.116014381205,
        "MAE": 10.787992582816473,
        "R2": 0.17452596503042117,
        "emission": 2.03114927942983e-06
    },
    "CatBoost": {
        "MSE": 225.48279300411474,
        "MAE": 9.989861705098427,
        "R2": 0.22159044245115556,
        "emission": 3.778282350309678e-06
    },
    "DNN": {
        "MSE": 270.29697503967407,
        "MAE": 10.714999985691387,
        "R2": 0.06688334863944934,
        "emission": 1.585783340497588e-05
    }
}