{
    "Linear-SVR": {
        "MSE": 238.05752715737623,
        "MAE": 8.786366341991112,
        "R2": 0.03668044731718656,
        "emission": 1.0370866703509866e-08
    },
    "RBF-SVR": {
        "MSE": 246.21828283803845,
        "MAE": 8.793030723894002,
        "R2": 0.003657271760749814,
        "emission": 1.542830861683261e-08
    },
    "DecisionTree": {
        "MSE": 228.06105325592134,
        "MAE": 10.535324451243344,
        "R2": 0.0771320090978348,
        "emission": 1.1025460473700356e-08
    },
    "ExtraTrees": {
        "MSE": 222.3156788538782,
        "MAE": 9.654611081366951,
        "R2": 0.100381143729535,
        "emission": 6.120941423740446e-07
    },
    "RandomForest": {
        "MSE": 224.7966215418813,
        "MAE": 9.790016813423602,
        "R2": 0.09034180311730189,
        "emission": 1.8100884706465383e-06
    },
    "KNeighbors": {
        "MSE": 241.83868544600938,
        "MAE": 9.878873239436619,
        "R2": 0.02137967630304005,
        "emission": 6.165181785697587e-09
    },
    "PLS": {
        "MSE": 222.40138687092883,
        "MAE": 9.663598477024614,
        "R2": 0.1000343191210783,
        "emission": 3.6838705420955297e-07
    },
    "PLS-SKLEARN": {
        "MSE": 222.03811862730456,
        "MAE": 9.514745577789737,
        "R2": 0.10150431423583339,
        "emission": 9.070753783163547e-07
    },
    "XGBoost": {
        "MSE": 221.42246217321548,
        "MAE": 10.148231566274111,
        "R2": 0.10399561920333933,
        "emission": 1.7390734160856042e-06
    },
    "CatBoost": {
        "MSE": 221.9937015361702,
        "MAE": 9.697098788237684,
        "R2": 0.10168405168364247,
        "emission": 3.7059913806566558e-06
    },
    "DNN": {
        "MSE": 229.01478317662975,
        "MAE": 9.816219698277438,
        "R2": 0.0732726617729772,
        "emission": 1.5415785517104762e-05
    }
}