{
    "Linear-SVR": {
        "MSE": 312.30333624137705,
        "MAE": 6.760091599707847,
        "R2": -0.11419954720691572,
        "emission": 1.1408978643767888e-08
    },
    "RBF-SVR": {
        "MSE": 314.2702879694293,
        "MAE": 6.641627880950342,
        "R2": -0.1212170089835003,
        "emission": 1.689682282985995e-08
    },
    "DecisionTree": {
        "MSE": 350.4253307722434,
        "MAE": 8.922469918850853,
        "R2": -0.2502067687630978,
        "emission": 1.0012801098989448e-08
    },
    "ExtraTrees": {
        "MSE": 234.424019971042,
        "MAE": 8.871572475009541,
        "R2": 0.16364922626287903,
        "emission": 5.999749927614023e-07
    },
    "RandomForest": {
        "MSE": 270.5154771513759,
        "MAE": 9.733158936710602,
        "R2": 0.03488631987725721,
        "emission": 1.944460744236408e-06
    },
    "KNeighbors": {
        "MSE": 246.60201877934279,
        "MAE": 8.113333333333335,
        "R2": 0.12020197743935734,
        "emission": 1.3219084572316918e-08
    },
    "PLS": {
        "MSE": 279.44498218314817,
        "MAE": 10.662334152037795,
        "R2": 0.003028669610297463,
        "emission": 3.726704851541692e-07
    },
    "PLS-SKLEARN": {
        "MSE": 266.62663668753845,
        "MAE": 10.196861142494473,
        "R2": 0.048760472923828235,
        "emission": 8.448529043606446e-07
    },
    "XGBoost": {
        "MSE": 244.27000908615892,
        "MAE": 9.552722122917222,
        "R2": 0.1285218505969702,
        "emission": 1.9451054701443827e-06
    },
    "CatBoost": {
        "MSE": 214.91027361663419,
        "MAE": 8.197183610051642,
        "R2": 0.23326810262219977,
        "emission": 3.7452156427274488e-06
    },
    "DNN": {
        "MSE": 214.97119868383794,
        "MAE": 8.484409860662346,
        "R2": 0.23305074124813008,
        "emission": 1.6220888969101023e-05
    }
}