{
    "Linear-SVR": {
        "MSE": 383.42566717771484,
        "MAE": 13.665937747254935,
        "R2": -0.1497126623777616,
        "emission": 1.193488044951462e-08
    },
    "RBF-SVR": {
        "MSE": 409.10485077088555,
        "MAE": 13.661520481569905,
        "R2": -0.22671241764690375,
        "emission": 1.5377655567024772e-08
    },
    "DecisionTree": {
        "MSE": 508.2732879171373,
        "MAE": 16.09504247708473,
        "R2": -0.5240717695507335,
        "emission": 1.2001728286116395e-08
    },
    "ExtraTrees": {
        "MSE": 302.43117882502094,
        "MAE": 14.057012432532986,
        "R2": 0.0931515921916638,
        "emission": 6.264639236417706e-07
    },
    "RandomForest": {
        "MSE": 313.63907493541427,
        "MAE": 14.27605166992332,
        "R2": 0.05954440002953554,
        "emission": 1.8956795551707768e-06
    },
    "KNeighbors": {
        "MSE": 362.6383962441314,
        "MAE": 14.654835680751173,
        "R2": -0.08738144500117206,
        "emission": 7.573100328442556e-09
    },
    "PLS": {
        "MSE": 329.947308871288,
        "MAE": 14.722508716419691,
        "R2": 0.010643701244541726,
        "emission": 7.916365438767029e-07
    },
    "PLS-SKLEARN": {
        "MSE": 324.582454884122,
        "MAE": 14.458280138586115,
        "R2": 0.02673036702843068,
        "emission": 7.54985339279283e-07
    },
    "XGBoost": {
        "MSE": 332.0730833575243,
        "MAE": 14.238370070980746,
        "R2": 0.004269506574228532,
        "emission": 1.7710837224447502e-06
    },
    "CatBoost": {
        "MSE": 288.855628462428,
        "MAE": 13.677517919788768,
        "R2": 0.13385826231499154,
        "emission": 3.794768468030923e-06
    },
    "DNN": {
        "MSE": 307.6652569190685,
        "MAE": 14.332034683339472,
        "R2": 0.07745706160664845,
        "emission": 1.711288256929407e-05
    }
}