{
    "Linear-SVR": {
        "MSE": 933.7529790048824,
        "MAE": 17.3394980877588,
        "R2": -0.17488991007528853,
        "emission": 1.3251014725892927e-08
    },
    "RBF-SVR": {
        "MSE": 1004.9548405503077,
        "MAE": 17.20270636526265,
        "R2": -0.264479288196952,
        "emission": 1.4170096657119084e-08
    },
    "DecisionTree": {
        "MSE": 817.5859670053414,
        "MAE": 19.14024600540255,
        "R2": -0.02872336137275222,
        "emission": 1.1090977745722054e-08
    },
    "ExtraTrees": {
        "MSE": 772.792156231891,
        "MAE": 20.033211503083788,
        "R2": 0.02763822193125509,
        "emission": 5.816671300005636e-07
    },
    "RandomForest": {
        "MSE": 713.727818880932,
        "MAE": 19.640126849649896,
        "R2": 0.10195562231361255,
        "emission": 1.84975323067754e-06
    },
    "KNeighbors": {
        "MSE": 752.3173014084507,
        "MAE": 17.507511737089203,
        "R2": 0.05340060329249374,
        "emission": 6.847390894919874e-09
    },
    "PLS": {
        "MSE": 783.8890668781931,
        "MAE": 20.37417513171102,
        "R2": 0.013675590866621845,
        "emission": 3.7142491742534836e-07
    },
    "PLS-SKLEARN": {
        "MSE": 815.8927230103217,
        "MAE": 20.962234255776753,
        "R2": -0.026592845776256313,
        "emission": 8.944872726805349e-07
    },
    "XGBoost": {
        "MSE": 720.3022369836752,
        "MAE": 18.848874591213995,
        "R2": 0.09368339436124629,
        "emission": 1.8708560341327734e-06
    },
    "CatBoost": {
        "MSE": 667.0355801382001,
        "MAE": 18.1229399053596,
        "R2": 0.1607058929002998,
        "emission": 3.7023784197442557e-06
    },
    "DNN": {
        "MSE": 803.1964309905634,
        "MAE": 20.70078311201552,
        "R2": -0.010617801278641537,
        "emission": 1.6417835307574224e-05
    }
}