{
    "Linear-SVR": {
        "MSE": 577.7803843261329,
        "MAE": 12.869811503967414,
        "R2": -0.11103521626893564,
        "emission": 1.0994401867829811e-08
    },
    "RBF-SVR": {
        "MSE": 624.5416080215541,
        "MAE": 12.933324292366919,
        "R2": -0.2009540984096574,
        "emission": 1.70241521391593e-08
    },
    "DecisionTree": {
        "MSE": 691.5099220437864,
        "MAE": 16.12157949774195,
        "R2": -0.32972994001188605,
        "emission": 9.24757195312564e-09
    },
    "ExtraTrees": {
        "MSE": 487.872929821745,
        "MAE": 14.989528750246667,
        "R2": 0.061851144828238724,
        "emission": 5.919518714132414e-07
    },
    "RandomForest": {
        "MSE": 477.7670607572086,
        "MAE": 14.923544334305987,
        "R2": 0.08128409327420938,
        "emission": 1.8206380064021967e-06
    },
    "KNeighbors": {
        "MSE": 515.9382704225352,
        "MAE": 15.245352112676057,
        "R2": 0.007883266011398327,
        "emission": 7.980209374084729e-09
    },
    "PLS": {
        "MSE": 565.0192500452407,
        "MAE": 16.180621093147032,
        "R2": -0.08649636038142772,
        "emission": 3.6009303451230637e-07
    },
    "PLS-SKLEARN": {
        "MSE": 562.9802561493733,
        "MAE": 16.106675535415956,
        "R2": -0.08257550379729794,
        "emission": 8.403504365536501e-07
    },
    "XGBoost": {
        "MSE": 584.7325160775102,
        "MAE": 16.849371461276437,
        "R2": -0.12440372688898771,
        "emission": 1.823635871183565e-06
    },
    "CatBoost": {
        "MSE": 488.1665897991275,
        "MAE": 14.65741320234768,
        "R2": 0.06128645522414089,
        "emission": 3.7020402629325435e-06
    },
    "DNN": {
        "MSE": 523.1368089078669,
        "MAE": 15.517458412901197,
        "R2": -0.005959069207715606,
        "emission": 1.5640918331397315e-05
    }
}