{
    "Linear-SVR": {
        "MSE": 565.2780171113086,
        "MAE": 13.004293635296868,
        "R2": -0.24329704866094448,
        "emission": 1.2919820218533238e-08
    },
    "RBF-SVR": {
        "MSE": 575.2560448963355,
        "MAE": 12.611896231684378,
        "R2": -0.2652431568078284,
        "emission": 1.45182251910179e-08
    },
    "DecisionTree": {
        "MSE": 656.0263649590834,
        "MAE": 16.96617420040221,
        "R2": -0.4428929105813604,
        "emission": 1.1037927611045455e-08
    },
    "ExtraTrees": {
        "MSE": 455.536857162965,
        "MAE": 15.66663664557041,
        "R2": -0.0019275700145855446,
        "emission": 5.975360680136772e-07
    },
    "RandomForest": {
        "MSE": 428.8692541187996,
        "MAE": 15.436379883502823,
        "R2": 0.05672631560634389,
        "emission": 1.8138648374015404e-06
    },
    "KNeighbors": {
        "MSE": 467.4765971830986,
        "MAE": 15.152863849765255,
        "R2": -0.02818835334500802,
        "emission": 2.843231552524618e-08
    },
    "PLS": {
        "MSE": 440.3115884774771,
        "MAE": 15.808190827596567,
        "R2": 0.03155954791451954,
        "emission": 3.873970090140156e-07
    },
    "PLS-SKLEARN": {
        "MSE": 440.3115884774771,
        "MAE": 15.808190827596567,
        "R2": 0.03155954791451954,
        "emission": 8.419086664385748e-07
    },
    "XGBoost": {
        "MSE": 503.29885304119966,
        "MAE": 16.475064329488177,
        "R2": -0.10697738040173244,
        "emission": 1.9027333802067802e-06
    },
    "CatBoost": {
        "MSE": 406.13064753670534,
        "MAE": 14.789132750944285,
        "R2": 0.10673859557903798,
        "emission": 3.7099404103260574e-06
    },
    "DNN": {
        "MSE": 464.91820309447024,
        "MAE": 16.25757943744391,
        "R2": -0.022561310149594282,
        "emission": 1.591231898345771e-05
    }
}