{
    "Linear-SVR": {
        "MSE": 357.88967453187564,
        "MAE": 12.300853952223543,
        "R2": 0.06170971819486415,
        "emission": 1.0940145241895388e-08
    },
    "RBF-SVR": {
        "MSE": 368.69123393185896,
        "MAE": 12.700086478694578,
        "R2": 0.03339094027370182,
        "emission": 1.54465476996134e-08
    },
    "DecisionTree": {
        "MSE": 385.39375151711965,
        "MAE": 13.191105727748289,
        "R2": -0.010398559807373253,
        "emission": 9.869798910888493e-09
    },
    "ExtraTrees": {
        "MSE": 326.8747366938289,
        "MAE": 12.265374064175218,
        "R2": 0.14302252723942288,
        "emission": 5.978124395755762e-07
    },
    "RandomForest": {
        "MSE": 322.504781642462,
        "MAE": 12.496450727821712,
        "R2": 0.1544793717599754,
        "emission": 1.7735290659134458e-06
    },
    "KNeighbors": {
        "MSE": 356.0591887323944,
        "MAE": 13.375399061032864,
        "R2": 0.06650875867816997,
        "emission": 2.0570465026421665e-08
    },
    "PLS": {
        "MSE": 371.67564772992455,
        "MAE": 13.672342727476178,
        "R2": 0.02556661154090767,
        "emission": 3.563605610965657e-07
    },
    "PLS-SKLEARN": {
        "MSE": 366.1401127761132,
        "MAE": 13.613418245939807,
        "R2": 0.04007929246289177,
        "emission": 9.021289843511483e-07
    },
    "XGBoost": {
        "MSE": 362.5012177484073,
        "MAE": 13.607844414075775,
        "R2": 0.049619494608906245,
        "emission": 1.960153408773631e-06
    },
    "CatBoost": {
        "MSE": 320.3886980667729,
        "MAE": 12.226345238160397,
        "R2": 0.1600271726490442,
        "emission": 3.8261702690946936e-06
    },
    "DNN": {
        "MSE": 392.64545239084623,
        "MAE": 13.621130289116376,
        "R2": -0.029410565295588054,
        "emission": 1.6123422239357913e-05
    }
}