{
    "Linear-SVR": {
        "MSE": 624.7426667506435,
        "MAE": 15.383606811946597,
        "R2": 0.048478306032553764,
        "emission": 1.048985137361514e-08
    },
    "RBF-SVR": {
        "MSE": 666.514597046183,
        "MAE": 15.650986252731377,
        "R2": -0.015142925540807317,
        "emission": 1.6157785108142982e-08
    },
    "DecisionTree": {
        "MSE": 738.8379550476951,
        "MAE": 17.847020421870354,
        "R2": -0.12529586975532525,
        "emission": 1.137173342740478e-08
    },
    "ExtraTrees": {
        "MSE": 548.1326700801438,
        "MAE": 16.163868089057253,
        "R2": 0.165160065877603,
        "emission": 6.056492382373031e-07
    },
    "RandomForest": {
        "MSE": 556.7348243426399,
        "MAE": 16.40118299017355,
        "R2": 0.15205845327574374,
        "emission": 1.7974666849650109e-06
    },
    "KNeighbors": {
        "MSE": 590.4619267605634,
        "MAE": 16.386103286384976,
        "R2": 0.10068999177425764,
        "emission": 8.913084430492695e-09
    },
    "PLS": {
        "MSE": 593.1188967448219,
        "MAE": 16.788441838406406,
        "R2": 0.09664326227298703,
        "emission": 3.9233004812447036e-07
    },
    "PLS-SKLEARN": {
        "MSE": 616.286495401499,
        "MAE": 17.42649583069866,
        "R2": 0.06135757763483818,
        "emission": 8.213454018932203e-07
    },
    "XGBoost": {
        "MSE": 579.737395747379,
        "MAE": 16.29879620570882,
        "R2": 0.11702411534188117,
        "emission": 1.7509281533361808e-06
    },
    "CatBoost": {
        "MSE": 544.078185366082,
        "MAE": 16.481445667263507,
        "R2": 0.17133529668640113,
        "emission": 3.6987444128943702e-06
    },
    "DNN": {
        "MSE": 617.3317412029156,
        "MAE": 18.04396088291222,
        "R2": 0.059765603677385926,
        "emission": 1.591366110767772e-05
    }
}