{
    "Linear-SVR": {
        "MSE": 457.63711736628926,
        "MAE": 11.916938138951302,
        "R2": -0.1555031662387356,
        "emission": 1.1874855524556626e-08
    },
    "RBF-SVR": {
        "MSE": 470.1157612511515,
        "MAE": 12.001865530956056,
        "R2": -0.18701090888493144,
        "emission": 1.521493301337625e-08
    },
    "DecisionTree": {
        "MSE": 599.0358588296755,
        "MAE": 15.493747008677746,
        "R2": -0.5125255476474133,
        "emission": 1.0300495531967945e-08
    },
    "ExtraTrees": {
        "MSE": 344.8922429490596,
        "MAE": 12.15047867907091,
        "R2": 0.12917011401450207,
        "emission": 6.34605875607784e-07
    },
    "RandomForest": {
        "MSE": 327.8011380399742,
        "MAE": 12.455543055488548,
        "R2": 0.17232401278613452,
        "emission": 1.8623115851723218e-06
    },
    "KNeighbors": {
        "MSE": 374.12202441314554,
        "MAE": 12.588356807511738,
        "R2": 0.05536686740593577,
        "emission": 7.510847615545592e-09
    },
    "PLS": {
        "MSE": 357.9449242241745,
        "MAE": 12.762334775276894,
        "R2": 0.0962129652847401,
        "emission": 3.8813277683428344e-07
    },
    "PLS-SKLEARN": {
        "MSE": 365.26143464309524,
        "MAE": 12.447823514828432,
        "R2": 0.0777392649792753,
        "emission": 8.264123654807806e-07
    },
    "XGBoost": {
        "MSE": 392.08496046438717,
        "MAE": 13.894552373686727,
        "R2": 0.010011653210010962,
        "emission": 1.8819554606981402e-06
    },
    "CatBoost": {
        "MSE": 362.430347083889,
        "MAE": 12.76556030093147,
        "R2": 0.0848875720427158,
        "emission": 3.7437666260900298e-06
    },
    "DNN": {
        "MSE": 396.39005357209066,
        "MAE": 13.779172184265835,
        "R2": -0.0008584194482834651,
        "emission": 1.6827228596967426e-05
    }
}