{
    "Linear-SVR": {
        "MSE": 760.2507730833432,
        "MAE": 15.571954800607534,
        "R2": -0.16574046287130173,
        "emission": 1.2386137274485755e-08
    },
    "RBF-SVR": {
        "MSE": 824.9301915495163,
        "MAE": 15.469171083575883,
        "R2": -0.26491749483301397,
        "emission": 1.4790223994719366e-08
    },
    "DecisionTree": {
        "MSE": 829.8433271890908,
        "MAE": 17.9855945657844,
        "R2": -0.27245111560316904,
        "emission": 1.0462481329887024e-08
    },
    "ExtraTrees": {
        "MSE": 619.5481404067383,
        "MAE": 16.862994124235666,
        "R2": 0.050007758572012895,
        "emission": 6.0607344373662e-07
    },
    "RandomForest": {
        "MSE": 614.4373585059485,
        "MAE": 16.83046568731622,
        "R2": 0.05784444282094525,
        "emission": 1.9342505962829164e-06
    },
    "KNeighbors": {
        "MSE": 657.9193258215963,
        "MAE": 16.477652582159624,
        "R2": -0.008829200271215365,
        "emission": 1.0437136858355356e-08
    },
    "PLS": {
        "MSE": 623.2288800171923,
        "MAE": 17.38949814081537,
        "R2": 0.04436384836617735,
        "emission": 3.692344552058878e-07
    },
    "PLS-SKLEARN": {
        "MSE": 623.2288800171922,
        "MAE": 17.389498140815373,
        "R2": 0.04436384836617757,
        "emission": 8.723976143159602e-07
    },
    "XGBoost": {
        "MSE": 620.5444469289677,
        "MAE": 17.20458078119082,
        "R2": 0.048480058939857185,
        "emission": 1.9353746029814085e-06
    },
    "CatBoost": {
        "MSE": 632.3032292083685,
        "MAE": 16.586735345797937,
        "R2": 0.030449576390530142,
        "emission": 3.81906200795479e-06
    },
    "DNN": {
        "MSE": 639.8479865698886,
        "MAE": 17.15021078261971,
        "R2": 0.018880724045666097,
        "emission": 1.5098768429012365e-05
    }
}