{
    "Linear-SVR": {
        "MSE": 1579.9327366706743,
        "MAE": 27.135121319208757,
        "R2": -0.04952267080225847,
        "emission": 1.0932564227057987e-08
    },
    "RBF-SVR": {
        "MSE": 1987.5339623114528,
        "MAE": 29.077446875683396,
        "R2": -0.32028529064532907,
        "emission": 1.7395582343774e-08
    },
    "DecisionTree": {
        "MSE": 1421.7933728562164,
        "MAE": 24.900098440527316,
        "R2": 0.05552664149901276,
        "emission": 9.77413869680235e-09
    },
    "ExtraTrees": {
        "MSE": 934.2062715700486,
        "MAE": 24.188163493087355,
        "R2": 0.3794225295410222,
        "emission": 6.254146405176119e-07
    },
    "RandomForest": {
        "MSE": 962.4054592999734,
        "MAE": 24.487049328147588,
        "R2": 0.3606902847220872,
        "emission": 1.7890546593114533e-06
    },
    "KNeighbors": {
        "MSE": 794.0824037558685,
        "MAE": 20.362065727699534,
        "R2": 0.47250445168751865,
        "emission": 8.958633074906143e-09
    },
    "PLS": {
        "MSE": 982.5434059389015,
        "MAE": 24.6193504582712,
        "R2": 0.34731298640399644,
        "emission": 3.8094503226757904e-07
    },
    "PLS-SKLEARN": {
        "MSE": 994.2840873340509,
        "MAE": 25.278121489294126,
        "R2": 0.33951384976426735,
        "emission": 8.895240258767863e-07
    },
    "XGBoost": {
        "MSE": 872.8820430026908,
        "MAE": 21.898777443358558,
        "R2": 0.42015918032181876,
        "emission": 1.7016747997617705e-06
    },
    "CatBoost": {
        "MSE": 819.2214286159798,
        "MAE": 21.27673337700532,
        "R2": 0.45580502145218715,
        "emission": 3.7904833393440235e-06
    },
    "DNN": {
        "MSE": 883.8800386843625,
        "MAE": 21.158468196079344,
        "R2": 0.4128533972758752,
        "emission": 1.650127022752059e-05
    }
}