{
    "Linear-SVR": {
        "MSE": 730.8845765585036,
        "MAE": 14.288963549077398,
        "R2": -0.07928366686651511,
        "emission": 1.2600122418643562e-08
    },
    "RBF-SVR": {
        "MSE": 810.9025659175436,
        "MAE": 13.759480740960678,
        "R2": -0.19744474419744118,
        "emission": 1.644348859971148e-08
    },
    "DecisionTree": {
        "MSE": 1228.2057947039968,
        "MAE": 21.934449565113088,
        "R2": -0.813668664369094,
        "emission": 1.0423067800592854e-08
    },
    "ExtraTrees": {
        "MSE": 591.0477145915797,
        "MAE": 16.9083874306283,
        "R2": 0.12721082759582303,
        "emission": 6.19302969153192e-07
    },
    "RandomForest": {
        "MSE": 598.9869670932112,
        "MAE": 16.64729753751418,
        "R2": 0.11548708101946603,
        "emission": 1.9512138238312323e-06
    },
    "KNeighbors": {
        "MSE": 628.934475117371,
        "MAE": 16.782535211267604,
        "R2": 0.07126415265227759,
        "emission": 8.66890096780088e-09
    },
    "PLS": {
        "MSE": 677.3980307580373,
        "MAE": 18.837155230154785,
        "R2": -0.000301079011987726,
        "emission": 3.868598875678767e-07
    },
    "PLS-SKLEARN": {
        "MSE": 684.4672589705573,
        "MAE": 18.79097945538767,
        "R2": -0.01074007689459533,
        "emission": 9.0553209689029e-07
    },
    "XGBoost": {
        "MSE": 610.0616065829511,
        "MAE": 16.569828312861528,
        "R2": 0.09913336676544182,
        "emission": 1.8144966319905776e-06
    },
    "CatBoost": {
        "MSE": 596.0003491845523,
        "MAE": 16.413884279971878,
        "R2": 0.11989736416316632,
        "emission": 3.7245648358651606e-06
    },
    "DNN": {
        "MSE": 623.8063836796391,
        "MAE": 16.296133116840828,
        "R2": 0.07883670994580116,
        "emission": 1.6859495346733187e-05
    }
}