{
    "Linear-SVR": {
        "MSE": 491.73410607601954,
        "MAE": 9.083003690864034,
        "R2": -0.10706387640851811,
        "emission": 1.165929094521653e-08
    },
    "RBF-SVR": {
        "MSE": 504.8719488142589,
        "MAE": 8.850232436084545,
        "R2": -0.13664171314940154,
        "emission": 1.583926321880995e-08
    },
    "DecisionTree": {
        "MSE": 634.9453285864851,
        "MAE": 13.185701501285326,
        "R2": -0.42948196614160805,
        "emission": 1.007083639008531e-08
    },
    "ExtraTrees": {
        "MSE": 408.94762409196557,
        "MAE": 12.283760730673501,
        "R2": 0.07931718304421409,
        "emission": 6.554917870866235e-07
    },
    "RandomForest": {
        "MSE": 392.8416219128276,
        "MAE": 12.275040347288618,
        "R2": 0.11557737526102985,
        "emission": 1.9700955140831223e-06
    },
    "KNeighbors": {
        "MSE": 390.97082253521125,
        "MAE": 11.005164319248829,
        "R2": 0.11978919295961021,
        "emission": 7.42598099342209e-09
    },
    "PLS": {
        "MSE": 424.97136441856964,
        "MAE": 13.810973984361564,
        "R2": 0.0432421907641557,
        "emission": 3.8523590177193266e-07
    },
    "PLS-SKLEARN": {
        "MSE": 436.15754470896445,
        "MAE": 13.98466352114408,
        "R2": 0.018058222514911293,
        "emission": 8.85266025480065e-07
    },
    "XGBoost": {
        "MSE": 416.26022888167074,
        "MAE": 13.04658773844808,
        "R2": 0.06285397558086392,
        "emission": 2.069647672097267e-06
    },
    "CatBoost": {
        "MSE": 358.5532327696071,
        "MAE": 10.83735062950198,
        "R2": 0.19277242138790773,
        "emission": 3.890121534781444e-06
    },
    "DNN": {
        "MSE": 391.70870536519516,
        "MAE": 11.065426810844823,
        "R2": 0.11812796300626016,
        "emission": 1.7019354951090338e-05
    }
}