{
    "Linear-SVR": {
        "MSE": 380.13902817230957,
        "MAE": 12.166733864698369,
        "R2": -0.09112858345246,
        "emission": 1.1700084882681018e-08
    },
    "RBF-SVR": {
        "MSE": 365.755518946305,
        "MAE": 12.092633980168863,
        "R2": -0.04984300927107954,
        "emission": 1.4999240123322516e-08
    },
    "DecisionTree": {
        "MSE": 395.2757684848593,
        "MAE": 12.369680878338329,
        "R2": -0.13457618759542034,
        "emission": 8.895630592343206e-09
    },
    "ExtraTrees": {
        "MSE": 343.8605780396552,
        "MAE": 12.415634600589772,
        "R2": 0.013002934148913625,
        "emission": 5.670015506961811e-07
    },
    "RandomForest": {
        "MSE": 324.3166349033356,
        "MAE": 12.245307986379386,
        "R2": 0.06910071261679995,
        "emission": 1.8120816463455703e-06
    },
    "KNeighbors": {
        "MSE": 309.20942159624417,
        "MAE": 12.433333333333334,
        "R2": 0.11246356418964343,
        "emission": 7.122064670024417e-09
    },
    "PLS": {
        "MSE": 363.07387826152257,
        "MAE": 13.146732290664218,
        "R2": -0.0421457864529351,
        "emission": 3.6790024663934544e-07
    },
    "PLS-SKLEARN": {
        "MSE": 353.179317793623,
        "MAE": 12.999744310587898,
        "R2": -0.013745025291599378,
        "emission": 9.400647752752617e-07
    },
    "XGBoost": {
        "MSE": 372.66888199825587,
        "MAE": 13.375711455269599,
        "R2": -0.06968671769016987,
        "emission": 1.8093439987680079e-06
    },
    "CatBoost": {
        "MSE": 316.99305291771424,
        "MAE": 12.289027688677832,
        "R2": 0.09012188920103337,
        "emission": 3.6991272856970324e-06
    },
    "DNN": {
        "MSE": 329.8593413649613,
        "MAE": 12.575586944006977,
        "R2": 0.0531912558082106,
        "emission": 1.5047913803680389e-05
    }
}