{
    "Linear-SVR": {
        "MSE": 542.6470258383729,
        "MAE": 14.040796613055653,
        "R2": -0.011175510378814923,
        "emission": 1.1920440002479909e-08
    },
    "RBF-SVR": {
        "MSE": 650.6387678148358,
        "MAE": 13.902199453325649,
        "R2": -0.21240872388632237,
        "emission": 1.4748692783869167e-08
    },
    "DecisionTree": {
        "MSE": 758.647933124674,
        "MAE": 17.716901408450706,
        "R2": -0.41367440425935986,
        "emission": 1.1288974058348498e-08
    },
    "ExtraTrees": {
        "MSE": 426.26793982216566,
        "MAE": 15.118561701393041,
        "R2": 0.20568678886266123,
        "emission": 5.959215072241236e-07
    },
    "RandomForest": {
        "MSE": 421.5806994040833,
        "MAE": 14.954571950698494,
        "R2": 0.2144210534883636,
        "emission": 1.824079522330625e-06
    },
    "KNeighbors": {
        "MSE": 491.1212093896713,
        "MAE": 15.836807511737089,
        "R2": 0.08483836468979977,
        "emission": 6.429638535100854e-09
    },
    "PLS": {
        "MSE": 480.3356137873319,
        "MAE": 16.351145302315444,
        "R2": 0.10493638350983381,
        "emission": 3.620366408827736e-07
    },
    "PLS-SKLEARN": {
        "MSE": 478.83443162382673,
        "MAE": 16.88208137010061,
        "R2": 0.10773370583553665,
        "emission": 8.221082363633089e-07
    },
    "XGBoost": {
        "MSE": 480.02207573999226,
        "MAE": 15.307723489873322,
        "R2": 0.10552063437631931,
        "emission": 1.7075207246841754e-06
    },
    "CatBoost": {
        "MSE": 401.54098007651504,
        "MAE": 14.622961789243313,
        "R2": 0.2517633265572988,
        "emission": 3.7532196711921746e-06
    },
    "DNN": {
        "MSE": 427.0415694568363,
        "MAE": 15.618014161351702,
        "R2": 0.20424519736130986,
        "emission": 1.5634334110102987e-05
    }
}