{
    "Linear-SVR": {
        "MSE": 226.57748258308249,
        "MAE": 5.202857605981514,
        "R2": -0.10520784789301851,
        "emission": 1.1896516666036213e-08
    },
    "RBF-SVR": {
        "MSE": 226.23572071502988,
        "MAE": 5.159835370327006,
        "R2": -0.10354078947937495,
        "emission": 1.3962817178837453e-08
    },
    "DecisionTree": {
        "MSE": 251.58596105230998,
        "MAE": 6.73138317081979,
        "R2": -0.2271951096144862,
        "emission": 9.241930332966835e-09
    },
    "ExtraTrees": {
        "MSE": 201.25286826559594,
        "MAE": 6.899881024161244,
        "R2": 0.018321472714941445,
        "emission": 6.263380825071449e-07
    },
    "RandomForest": {
        "MSE": 212.06264816113585,
        "MAE": 6.937320682194289,
        "R2": -0.03440686303292395,
        "emission": 1.9640635220196118e-06
    },
    "KNeighbors": {
        "MSE": 205.8487906103287,
        "MAE": 6.291924882629108,
        "R2": -0.004096683695826275,
        "emission": 9.305806202110945e-09
    },
    "PLS": {
        "MSE": 210.01089624932044,
        "MAE": 7.319103149195128,
        "R2": -0.024398753272782958,
        "emission": 3.8308875114274495e-07
    },
    "PLS-SKLEARN": {
        "MSE": 206.96013704421097,
        "MAE": 6.996379407413059,
        "R2": -0.009517649567861719,
        "emission": 9.106028522424688e-07
    },
    "XGBoost": {
        "MSE": 215.29468615851644,
        "MAE": 7.422434932939674,
        "R2": -0.050172214994073094,
        "emission": 1.800901196815584e-06
    },
    "CatBoost": {
        "MSE": 206.98085004639734,
        "MAE": 6.550267308874642,
        "R2": -0.009618684199850902,
        "emission": 3.769073176877619e-06
    },
    "DNN": {
        "MSE": 202.45158609035786,
        "MAE": 6.673102930702375,
        "R2": 0.01247432350914901,
        "emission": 1.5222761839139135e-05
    }
}