{
    "Linear-SVR": {
        "MSE": 261.5601503353879,
        "MAE": 5.454234816471836,
        "R2": -0.10651939781108655,
        "emission": 1.3537135144463116e-08
    },
    "RBF-SVR": {
        "MSE": 260.7050191648947,
        "MAE": 5.397870466468099,
        "R2": -0.10290180076271982,
        "emission": 1.7186557286223796e-08
    },
    "DecisionTree": {
        "MSE": 348.0281764851758,
        "MAE": 8.457130468586465,
        "R2": -0.4723188061020356,
        "emission": 1.1574309266388374e-08
    },
    "ExtraTrees": {
        "MSE": 236.0209116351942,
        "MAE": 7.747472689476543,
        "R2": 0.0015232952018043866,
        "emission": 5.909408660156935e-07
    },
    "RandomForest": {
        "MSE": 228.10338773792517,
        "MAE": 7.839513319149927,
        "R2": 0.03501805257874924,
        "emission": 1.9407104961555354e-06
    },
    "KNeighbors": {
        "MSE": 258.41639248826294,
        "MAE": 7.194835680751174,
        "R2": -0.09321986026530937,
        "emission": 8.014374203718369e-09
    },
    "PLS": {
        "MSE": 231.8086427676985,
        "MAE": 8.1138211110264,
        "R2": 0.019343124425419633,
        "emission": 3.890590522929646e-07
    },
    "PLS-SKLEARN": {
        "MSE": 233.74551705268655,
        "MAE": 8.109441880770053,
        "R2": 0.01114925787230503,
        "emission": 9.440789018911836e-07
    },
    "XGBoost": {
        "MSE": 247.11160736589733,
        "MAE": 8.04498115544002,
        "R2": -0.04539543437342952,
        "emission": 1.7131396430828973e-06
    },
    "CatBoost": {
        "MSE": 236.38585248830083,
        "MAE": 7.9827446061806215,
        "R2": -2.0571983232908764e-05,
        "emission": 3.7551948853505446e-06
    },
    "DNN": {
        "MSE": 249.40953718377207,
        "MAE": 6.434854394802605,
        "R2": -0.05511673142508866,
        "emission": 1.5174413211186067e-05
    }
}