{
    "Linear-SVR": {
        "MSE": 881.968642875757,
        "MAE": 17.437401694256284,
        "R2": -0.23193869476231654,
        "emission": 1.0430266826217995e-08
    },
    "RBF-SVR": {
        "MSE": 919.6679422256747,
        "MAE": 16.970211810799697,
        "R2": -0.28459728530263106,
        "emission": 1.6633599162912732e-08
    },
    "DecisionTree": {
        "MSE": 1026.1863239086824,
        "MAE": 20.998671376082584,
        "R2": -0.4333827519501616,
        "emission": 1.0966121961357409e-08
    },
    "ExtraTrees": {
        "MSE": 725.3339560771478,
        "MAE": 19.841794528623524,
        "R2": -0.013150495014079278,
        "emission": 5.631409812590534e-07
    },
    "RandomForest": {
        "MSE": 729.5179130486962,
        "MAE": 19.917657391769758,
        "R2": -0.018994669330373082,
        "emission": 1.8394299418274364e-06
    },
    "KNeighbors": {
        "MSE": 775.5711624413144,
        "MAE": 19.732206572769957,
        "R2": -0.08332210364971071,
        "emission": 6.5200100504025836e-09
    },
    "PLS": {
        "MSE": 778.8953100441973,
        "MAE": 20.60816106233962,
        "R2": -0.08796529146842968,
        "emission": 3.7834667975217936e-07
    },
    "PLS-SKLEARN": {
        "MSE": 802.1127117545368,
        "MAE": 21.258653819800273,
        "R2": -0.12039548701999325,
        "emission": 8.418435277524844e-07
    },
    "XGBoost": {
        "MSE": 776.2168086435676,
        "MAE": 20.26687133344406,
        "R2": -0.08422394584796433,
        "emission": 1.764954615786781e-06
    },
    "CatBoost": {
        "MSE": 678.0915852614912,
        "MAE": 18.712106102014243,
        "R2": 0.052837910707864255,
        "emission": 3.7493889359401217e-06
    },
    "DNN": {
        "MSE": 779.3689656158799,
        "MAE": 20.58926528535538,
        "R2": -0.0886268961994583,
        "emission": 1.58961421768294e-05
    }
}