{
    "Linear-SVR": {
        "MSE": 277.173241340075,
        "MAE": 10.521395787972196,
        "R2": -0.03855959813946175,
        "emission": 1.1154064968090222e-08
    },
    "RBF-SVR": {
        "MSE": 295.34898238580337,
        "MAE": 10.316781956679666,
        "R2": -0.10666354001016409,
        "emission": 1.5677089040426438e-08
    },
    "DecisionTree": {
        "MSE": 385.5735461924335,
        "MAE": 13.588578417344644,
        "R2": -0.4447322016034865,
        "emission": 9.761252005036964e-09
    },
    "ExtraTrees": {
        "MSE": 263.4755744110862,
        "MAE": 12.499440202568511,
        "R2": 0.012765137944150573,
        "emission": 6.110501610751623e-07
    },
    "RandomForest": {
        "MSE": 263.58643469865916,
        "MAE": 12.487408272216532,
        "R2": 0.01234974786120202,
        "emission": 1.8466003263257076e-06
    },
    "KNeighbors": {
        "MSE": 305.1256338028169,
        "MAE": 12.997183098591547,
        "R2": -0.14329635174087962,
        "emission": 6.0246584066505715e-09
    },
    "PLS": {
        "MSE": 294.122593508493,
        "MAE": 13.127973953196731,
        "R2": -0.10206829866065958,
        "emission": 3.6861940669963803e-07
    },
    "PLS-SKLEARN": {
        "MSE": 282.77707848290214,
        "MAE": 13.110040122167756,
        "R2": -0.05955700331088276,
        "emission": 7.953917881381087e-07
    },
    "XGBoost": {
        "MSE": 307.00371737233877,
        "MAE": 13.268659332154993,
        "R2": -0.15033347302937305,
        "emission": 1.6013654372927667e-06
    },
    "CatBoost": {
        "MSE": 272.4740635217121,
        "MAE": 12.760687139947688,
        "R2": -0.020951923592563926,
        "emission": 3.723250212885105e-06
    },
    "DNN": {
        "MSE": 295.94385493141374,
        "MAE": 13.491331682798448,
        "R2": -0.1088925091160069,
        "emission": 1.5890983242857862e-05
    }
}