{
    "Linear-SVR": {
        "MSE": 376.0853541386595,
        "MAE": 12.912410916612675,
        "R2": -0.04954599517662994,
        "emission": 9.639232224786244e-09
    },
    "RBF-SVR": {
        "MSE": 415.520871751673,
        "MAE": 13.07927874916079,
        "R2": -0.1595991762510407,
        "emission": 1.6188364977054833e-08
    },
    "DecisionTree": {
        "MSE": 500.9997943172164,
        "MAE": 15.17775280688369,
        "R2": -0.3981462503750772,
        "emission": 1.0258171832782683e-08
    },
    "ExtraTrees": {
        "MSE": 297.4226329987022,
        "MAE": 12.254970543010067,
        "R2": 0.16997902230570183,
        "emission": 6.216122103015778e-07
    },
    "RandomForest": {
        "MSE": 313.6947857174285,
        "MAE": 12.60170950657116,
        "R2": 0.12456812679780338,
        "emission": 1.7817498222038441e-06
    },
    "KNeighbors": {
        "MSE": 324.3783323943662,
        "MAE": 12.657089201877934,
        "R2": 0.09475342248754581,
        "emission": 7.089383971274001e-09
    },
    "PLS": {
        "MSE": 300.0749584729769,
        "MAE": 13.002705867708588,
        "R2": 0.16257714518180932,
        "emission": 3.655013623554924e-07
    },
    "PLS-SKLEARN": {
        "MSE": 311.95303548938193,
        "MAE": 13.17984212139188,
        "R2": 0.12942885045089803,
        "emission": 8.256922358479168e-07
    },
    "XGBoost": {
        "MSE": 320.7847474768042,
        "MAE": 13.192107746368842,
        "R2": 0.10478208384606236,
        "emission": 1.6142014899553364e-06
    },
    "CatBoost": {
        "MSE": 311.66558038483856,
        "MAE": 12.66338425291281,
        "R2": 0.13023105492508602,
        "emission": 3.7296744120805397e-06
    },
    "DNN": {
        "MSE": 301.26418384393793,
        "MAE": 12.689984506914314,
        "R2": 0.15925835940161537,
        "emission": 1.6051174325685614e-05
    }
}