{
    "Linear-SVR": {
        "MSE": 568.9262202934314,
        "MAE": 11.945219547652146,
        "R2": -0.11996789643261696,
        "emission": 1.0093344972219687e-08
    },
    "RBF-SVR": {
        "MSE": 602.985660130139,
        "MAE": 11.701654176443396,
        "R2": -0.1870160967562311,
        "emission": 1.5005875984776415e-08
    },
    "DecisionTree": {
        "MSE": 538.7757320192057,
        "MAE": 14.500655862792808,
        "R2": -0.0606147189476971,
        "emission": 1.260747300680345e-08
    },
    "ExtraTrees": {
        "MSE": 514.4366326994638,
        "MAE": 14.985475324049268,
        "R2": -0.012701634800974526,
        "emission": 5.708955939417339e-07
    },
    "RandomForest": {
        "MSE": 470.00097383856104,
        "MAE": 14.599435838166576,
        "R2": 0.07477282077144565,
        "emission": 1.8550906821123857e-06
    },
    "KNeighbors": {
        "MSE": 521.1772638497653,
        "MAE": 13.996150234741783,
        "R2": -0.02597100123329965,
        "emission": 7.72271530225343e-09
    },
    "PLS": {
        "MSE": 524.0382759353174,
        "MAE": 15.38699531038818,
        "R2": -0.03160308773736609,
        "emission": 3.718423694312793e-07
    },
    "PLS-SKLEARN": {
        "MSE": 511.5992814374819,
        "MAE": 15.232661135624642,
        "R2": -0.007116126151569535,
        "emission": 8.226569944917317e-07
    },
    "XGBoost": {
        "MSE": 524.610145401802,
        "MAE": 15.513334411018892,
        "R2": -0.032728849603434584,
        "emission": 1.710248316193095e-06
    },
    "CatBoost": {
        "MSE": 455.5457456609265,
        "MAE": 13.930277270593985,
        "R2": 0.10322886817634269,
        "emission": 3.72076554021753e-06
    },
    "DNN": {
        "MSE": 509.9983735128159,
        "MAE": 14.499703884138748,
        "R2": -0.003964635823270335,
        "emission": 1.6964368911526086e-05
    }
}