{
    "Linear-SVR": {
        "MSE": 529.3823240581685,
        "MAE": 16.753953867124114,
        "R2": 0.06481267214650777,
        "emission": 9.992720854510278e-09
    },
    "RBF-SVR": {
        "MSE": 610.7518712064237,
        "MAE": 16.86721269751424,
        "R2": -0.07893177474564839,
        "emission": 1.4747199601714086e-08
    },
    "DecisionTree": {
        "MSE": 937.4588657282936,
        "MAE": 20.866271390362037,
        "R2": -0.6560803256375389,
        "emission": 9.546854187291246e-09
    },
    "ExtraTrees": {
        "MSE": 495.3502703584173,
        "MAE": 17.78223602753682,
        "R2": 0.1249324455398857,
        "emission": 6.036614731520878e-07
    },
    "RandomForest": {
        "MSE": 496.9251458802014,
        "MAE": 17.928328735303,
        "R2": 0.12215032841208118,
        "emission": 1.8344501760128765e-06
    },
    "KNeighbors": {
        "MSE": 529.6308882629107,
        "MAE": 17.575023474178405,
        "R2": 0.06437356777171288,
        "emission": 9.604425871625144e-09
    },
    "PLS": {
        "MSE": 528.3542975229475,
        "MAE": 17.969223202684372,
        "R2": 0.06662874598340096,
        "emission": 3.72774402622995e-07
    },
    "PLS-SKLEARN": {
        "MSE": 522.1540571736539,
        "MAE": 17.844643611399647,
        "R2": 0.07758186236223219,
        "emission": 8.504013692542166e-07
    },
    "XGBoost": {
        "MSE": 546.7659959484686,
        "MAE": 17.788628409963817,
        "R2": 0.034103317253907806,
        "emission": 1.9078915720840603e-06
    },
    "CatBoost": {
        "MSE": 429.36613547883815,
        "MAE": 16.37858919519166,
        "R2": 0.24149758943384314,
        "emission": 3.7511906967325585e-06
    },
    "DNN": {
        "MSE": 502.2236405743834,
        "MAE": 16.71359124530649,
        "R2": 0.11279020271556561,
        "emission": 1.6588728833064563e-05
    }
}