{
    "Linear-SVR": {
        "MSE": 866.2087629013283,
        "MAE": 19.592404917897454,
        "R2": 0.01722352966707208,
        "emission": 1.1755017165499176e-08
    },
    "RBF-SVR": {
        "MSE": 1022.028741995869,
        "MAE": 20.29935509879648,
        "R2": -0.15956550274696202,
        "emission": 1.704598093890765e-08
    },
    "DecisionTree": {
        "MSE": 1021.9920451241305,
        "MAE": 22.15991978400065,
        "R2": -0.1595238674927093,
        "emission": 9.626707976830422e-09
    },
    "ExtraTrees": {
        "MSE": 659.2035028261978,
        "MAE": 19.24367949840511,
        "R2": 0.25208596416331697,
        "emission": 6.344006818054494e-07
    },
    "RandomForest": {
        "MSE": 650.7271787837735,
        "MAE": 19.308642560601168,
        "R2": 0.26170296664654025,
        "emission": 1.8142275702054254e-06
    },
    "KNeighbors": {
        "MSE": 739.8463624413146,
        "MAE": 18.84300469483568,
        "R2": 0.16059080927174008,
        "emission": 8.065484507242448e-09
    },
    "PLS": {
        "MSE": 724.2171078825062,
        "MAE": 21.311522833164357,
        "R2": 0.1783233285985968,
        "emission": 3.7346643543792785e-07
    },
    "PLS-SKLEARN": {
        "MSE": 716.0570659161423,
        "MAE": 21.143335670754567,
        "R2": 0.18758148619863158,
        "emission": 8.925275745400022e-07
    },
    "XGBoost": {
        "MSE": 655.7843697627085,
        "MAE": 19.16315967660275,
        "R2": 0.25596521783477566,
        "emission": 1.842829817629537e-06
    },
    "CatBoost": {
        "MSE": 629.5690942136079,
        "MAE": 18.483103193890404,
        "R2": 0.28570834336799655,
        "emission": 3.753619612470686e-06
    },
    "DNN": {
        "MSE": 736.398792720731,
        "MAE": 19.59023993563764,
        "R2": 0.1645023263867057,
        "emission": 1.6219921702577314e-05
    }
}