{
    "Linear-SVR": {
        "MSE": 233.9402023946351,
        "MAE": 5.15938001913817,
        "R2": -0.10222831771863317,
        "emission": 1.5446455095757976e-08
    },
    "RBF-SVR": {
        "MSE": 232.33038952795863,
        "MAE": 5.1884687526629,
        "R2": -0.09464355328004648,
        "emission": 1.4483738601847083e-08
    },
    "DecisionTree": {
        "MSE": 227.1458938879011,
        "MAE": 7.744786112350321,
        "R2": -0.07021637980124273,
        "emission": 1.1180175466938383e-08
    },
    "ExtraTrees": {
        "MSE": 176.84938183358562,
        "MAE": 7.541114964904307,
        "R2": 0.16675973333053962,
        "emission": 6.374830599038023e-07
    },
    "RandomForest": {
        "MSE": 177.4289132608696,
        "MAE": 7.537397300030444,
        "R2": 0.1640292238087827,
        "emission": 1.909494014696614e-06
    },
    "KNeighbors": {
        "MSE": 190.39535211267608,
        "MAE": 6.863380281690142,
        "R2": 0.10293679105830156,
        "emission": 8.966494223657415e-09
    },
    "PLS": {
        "MSE": 204.3258068601888,
        "MAE": 7.815575033789839,
        "R2": 0.037302318897313946,
        "emission": 4.0159624855110144e-07
    },
    "PLS-SKLEARN": {
        "MSE": 204.32580686018875,
        "MAE": 7.815575033789841,
        "R2": 0.03730231889731428,
        "emission": 8.026814435333471e-07
    },
    "XGBoost": {
        "MSE": 196.40570207903363,
        "MAE": 8.260167815567742,
        "R2": 0.07461853765633542,
        "emission": 1.6581626555429517e-06
    },
    "CatBoost": {
        "MSE": 191.19301827469698,
        "MAE": 7.767712619802591,
        "R2": 0.09917852196703081,
        "emission": 3.7452266777554435e-06
    },
    "DNN": {
        "MSE": 213.712806507742,
        "MAE": 6.890968395622684,
        "R2": -0.0069252945014903755,
        "emission": 1.5226113934185203e-05
    }
}