{
    "Linear-SVR": {
        "MSE": 384.0555773572167,
        "MAE": 10.52883634050795,
        "R2": -0.060408918025519176,
        "emission": 1.1523957148281812e-08
    },
    "RBF-SVR": {
        "MSE": 415.6531540362399,
        "MAE": 10.22992080474511,
        "R2": -0.14765241629469417,
        "emission": 1.9905459697487804e-08
    },
    "DecisionTree": {
        "MSE": 547.7394957206483,
        "MAE": 14.04095912070908,
        "R2": -0.5123536286435391,
        "emission": 9.116736945385394e-09
    },
    "ExtraTrees": {
        "MSE": 361.9135811012662,
        "MAE": 13.162925676800134,
        "R2": 0.0007269479193694472,
        "emission": 6.249530561200058e-07
    },
    "RandomForest": {
        "MSE": 364.22696427930845,
        "MAE": 13.239610414201493,
        "R2": -0.005660492590378929,
        "emission": 1.8068958775592916e-06
    },
    "KNeighbors": {
        "MSE": 406.13644882629103,
        "MAE": 14.118028169014083,
        "R2": -0.12137601342536852,
        "emission": 7.247337680772601e-09
    },
    "PLS": {
        "MSE": 368.19773001517245,
        "MAE": 13.563873351627866,
        "R2": -0.01662410214573229,
        "emission": 3.657297924912916e-07
    },
    "PLS-SKLEARN": {
        "MSE": 363.6343898268887,
        "MAE": 13.31340820115427,
        "R2": -0.004024345972579502,
        "emission": 8.635699168084876e-07
    },
    "XGBoost": {
        "MSE": 449.9079289274739,
        "MAE": 14.01895138701083,
        "R2": -0.24223265655464887,
        "emission": 1.747261811001304e-06
    },
    "CatBoost": {
        "MSE": 441.66955772052836,
        "MAE": 13.954174770267006,
        "R2": -0.21948583861240056,
        "emission": 3.7037498445304054e-06
    },
    "DNN": {
        "MSE": 514.1974350187979,
        "MAE": 14.960983355343341,
        "R2": -0.4197412506592122,
        "emission": 1.5408523902838418e-05
    }
}