{
    "Linear-SVR": {
        "MSE": 734.2016818319688,
        "MAE": 15.447764829839004,
        "R2": -0.012496678123990579,
        "emission": 1.018248024196622e-08
    },
    "RBF-SVR": {
        "MSE": 861.7705648091022,
        "MAE": 15.919380271988713,
        "R2": -0.18841982491391596,
        "emission": 1.5688777546619713e-08
    },
    "DecisionTree": {
        "MSE": 728.0984504712986,
        "MAE": 16.79680629319757,
        "R2": -0.004080051423978492,
        "emission": 9.091064005305322e-09
    },
    "ExtraTrees": {
        "MSE": 539.9319348023122,
        "MAE": 16.64229524622201,
        "R2": 0.2554099181081494,
        "emission": 6.031593831541099e-07
    },
    "RandomForest": {
        "MSE": 561.9283831527605,
        "MAE": 17.120215310364397,
        "R2": 0.22507584037928374,
        "emission": 1.8346688360800834e-06
    },
    "KNeighbors": {
        "MSE": 632.473076056338,
        "MAE": 16.9475117370892,
        "R2": 0.12779158049318873,
        "emission": 6.985114806950357e-09
    },
    "PLS": {
        "MSE": 829.1616778215325,
        "MAE": 22.097520332896295,
        "R2": -0.143450723685691,
        "emission": 3.583398277345605e-07
    },
    "PLS-SKLEARN": {
        "MSE": 833.2779321497344,
        "MAE": 22.147793116281,
        "R2": -0.14912722094352704,
        "emission": 8.51724836302181e-07
    },
    "XGBoost": {
        "MSE": 667.979127905742,
        "MAE": 17.738269169201875,
        "R2": 0.0788271604429398,
        "emission": 1.8377784310660087e-06
    },
    "CatBoost": {
        "MSE": 514.56042605217,
        "MAE": 16.312578920125986,
        "R2": 0.2903983537984831,
        "emission": 3.7426289818305903e-06
    },
    "DNN": {
        "MSE": 555.2207000936119,
        "MAE": 16.909244700902505,
        "R2": 0.23432603277648778,
        "emission": 1.579352569279368e-05
    }
}