{
    "Linear-SVR": {
        "MSE": 802.5251061911066,
        "MAE": 18.15975619996919,
        "R2": -0.053372031464021585,
        "emission": 1.0622470266800908e-08
    },
    "RBF-SVR": {
        "MSE": 881.7217406383975,
        "MAE": 18.800053936218237,
        "R2": -0.15732332104896152,
        "emission": 1.71812219302974e-08
    },
    "DecisionTree": {
        "MSE": 843.4220193640502,
        "MAE": 19.996354785469908,
        "R2": -0.1070521770161692,
        "emission": 1.1706599048793951e-08
    },
    "ExtraTrees": {
        "MSE": 616.5771671552872,
        "MAE": 17.928951099994023,
        "R2": 0.1906980378430262,
        "emission": 6.302379284386894e-07
    },
    "RandomForest": {
        "MSE": 615.8784032977757,
        "MAE": 17.823919161284792,
        "R2": 0.1916152157586105,
        "emission": 1.8535852554042703e-06
    },
    "KNeighbors": {
        "MSE": 673.8742685446009,
        "MAE": 17.066666666666666,
        "R2": 0.11549146346691064,
        "emission": 9.747430863437528e-09
    },
    "PLS": {
        "MSE": 661.3093976386441,
        "MAE": 19.24771184571135,
        "R2": 0.13198376194976846,
        "emission": 3.703304257591998e-07
    },
    "PLS-SKLEARN": {
        "MSE": 644.1640961837932,
        "MAE": 19.135204384249565,
        "R2": 0.1544882055917579,
        "emission": 9.918484871594554e-07
    },
    "XGBoost": {
        "MSE": 601.4403021461003,
        "MAE": 17.675849944758863,
        "R2": 0.21056626392307964,
        "emission": 1.8139981974360964e-06
    },
    "CatBoost": {
        "MSE": 543.5602799390583,
        "MAE": 16.23533473894063,
        "R2": 0.286537963877468,
        "emission": 3.7557181531951814e-06
    },
    "DNN": {
        "MSE": 592.3304161823227,
        "MAE": 16.576955034032448,
        "R2": 0.22252364570470928,
        "emission": 1.869355496025145e-05
    }
}