{
    "Linear-SVR": {
        "MSE": 605.5787682820213,
        "MAE": 19.135144282108197,
        "R2": 0.08743348403461848,
        "emission": 1.0472754533671715e-08
    },
    "RBF-SVR": {
        "MSE": 661.4559722698307,
        "MAE": 20.594665900072425,
        "R2": 0.003230291921887396,
        "emission": 1.9076954311701945e-08
    },
    "DecisionTree": {
        "MSE": 707.6458117684457,
        "MAE": 20.279939895784967,
        "R2": -0.06637469278362196,
        "emission": 1.2211338385259997e-08
    },
    "ExtraTrees": {
        "MSE": 498.77370695785527,
        "MAE": 17.788561507512817,
        "R2": 0.24838153539475527,
        "emission": 6.248318153705701e-07
    },
    "RandomForest": {
        "MSE": 517.9595524454404,
        "MAE": 18.093501119093357,
        "R2": 0.21946975531018342,
        "emission": 1.7978544041882996e-06
    },
    "KNeighbors": {
        "MSE": 547.2365427230047,
        "MAE": 17.99389671361502,
        "R2": 0.1753512980344375,
        "emission": 1.163549130084122e-08
    },
    "PLS": {
        "MSE": 507.6137599736316,
        "MAE": 17.20129116995907,
        "R2": 0.23506016944851826,
        "emission": 3.823712352094035e-07
    },
    "PLS-SKLEARN": {
        "MSE": 508.30355727937365,
        "MAE": 17.668452960078714,
        "R2": 0.23402069125510483,
        "emission": 8.560914613601986e-07
    },
    "XGBoost": {
        "MSE": 530.0286084311563,
        "MAE": 17.477006656715005,
        "R2": 0.20128249883961524,
        "emission": 1.678865256631788e-06
    },
    "CatBoost": {
        "MSE": 474.98144409287477,
        "MAE": 16.980059472000963,
        "R2": 0.2842348769694988,
        "emission": 3.7316753269631784e-06
    },
    "DNN": {
        "MSE": 470.7517644278979,
        "MAE": 16.72350346493609,
        "R2": 0.2906087200394395,
        "emission": 1.6138626420052657e-05
    }
}