{
    "Linear-SVR": {
        "MSE": 477.60611174406915,
        "MAE": 14.36894378731263,
        "R2": -0.140809079448446,
        "emission": 1.218571709690774e-08
    },
    "RBF-SVR": {
        "MSE": 541.0597947417415,
        "MAE": 14.470317609248426,
        "R2": -0.29237442986627826,
        "emission": 1.5809733108305624e-08
    },
    "DecisionTree": {
        "MSE": 522.8923127231786,
        "MAE": 16.342959845064424,
        "R2": -0.2489796157551074,
        "emission": 8.916660640458553e-09
    },
    "ExtraTrees": {
        "MSE": 377.91581530307263,
        "MAE": 14.408198710609925,
        "R2": 0.09731097914439335,
        "emission": 6.180962293892621e-07
    },
    "RandomForest": {
        "MSE": 387.59895129705956,
        "MAE": 14.560328103808452,
        "R2": 0.07418185833156377,
        "emission": 1.7958263743396994e-06
    },
    "KNeighbors": {
        "MSE": 386.3871906103286,
        "MAE": 14.02788732394366,
        "R2": 0.07707626767756925,
        "emission": 9.610963859964906e-09
    },
    "PLS": {
        "MSE": 429.901384111706,
        "MAE": 14.889344056048223,
        "R2": -0.026861654829270165,
        "emission": 3.6345448702650944e-07
    },
    "PLS-SKLEARN": {
        "MSE": 432.4037799567946,
        "MAE": 15.107552288898466,
        "R2": -0.0328388729390352,
        "emission": 8.025302511694861e-07
    },
    "XGBoost": {
        "MSE": 376.9283742573426,
        "MAE": 14.525229113237678,
        "R2": 0.09966957900877804,
        "emission": 1.881290921032456e-06
    },
    "CatBoost": {
        "MSE": 369.36878534845454,
        "MAE": 14.507676997016516,
        "R2": 0.11772639916265948,
        "emission": 3.7474155649603973e-06
    },
    "DNN": {
        "MSE": 465.6963451984749,
        "MAE": 15.468108329694596,
        "R2": -0.11236143299829782,
        "emission": 1.65063285404271e-05
    }
}