{
    "Linear-SVR": {
        "MSE": 383.6073782267608,
        "MAE": 9.605770585582675,
        "R2": -0.1144412783666997,
        "emission": 1.259710892847202e-08
    },
    "RBF-SVR": {
        "MSE": 401.5750965885367,
        "MAE": 9.239739219408428,
        "R2": -0.16664039693681665,
        "emission": 1.611699754103084e-08
    },
    "DecisionTree": {
        "MSE": 552.287976330402,
        "MAE": 12.76095511497862,
        "R2": -0.6044856102959948,
        "emission": 1.2366261703564929e-08
    },
    "ExtraTrees": {
        "MSE": 352.553082010486,
        "MAE": 11.916370782103073,
        "R2": -0.024223541330407272,
        "emission": 5.970031689881773e-07
    },
    "RandomForest": {
        "MSE": 349.45269042215824,
        "MAE": 12.099482166814438,
        "R2": -0.015216403925738087,
        "emission": 1.908357717876254e-06
    },
    "KNeighbors": {
        "MSE": 380.82259718309865,
        "MAE": 11.25492957746479,
        "R2": -0.10635104047655242,
        "emission": 7.931122690827562e-09
    },
    "PLS": {
        "MSE": 399.2825025260494,
        "MAE": 13.402121543021353,
        "R2": -0.15998004157664436,
        "emission": 3.6695394206467546e-07
    },
    "PLS-SKLEARN": {
        "MSE": 386.02083812637915,
        "MAE": 13.10532739173373,
        "R2": -0.12145276846955055,
        "emission": 8.288100062126923e-07
    },
    "XGBoost": {
        "MSE": 377.0555758042948,
        "MAE": 12.30708288685397,
        "R2": -0.0954072360574747,
        "emission": 1.6320133042035272e-06
    },
    "CatBoost": {
        "MSE": 335.66349078956944,
        "MAE": 11.447949300203938,
        "R2": 0.024843444081439348,
        "emission": 3.7649997020252805e-06
    },
    "DNN": {
        "MSE": 374.2116249982483,
        "MAE": 10.547754736711651,
        "R2": -0.08714510046833857,
        "emission": 1.6258432964774783e-05
    }
}