{
    "Linear-SVR": {
        "MSE": 518.1719869047037,
        "MAE": 12.760175622239073,
        "R2": -0.16160402634430526,
        "emission": 1.3315200552240444e-08
    },
    "RBF-SVR": {
        "MSE": 549.7382612744805,
        "MAE": 12.956245769258325,
        "R2": -0.23236723302333662,
        "emission": 1.5055020409516536e-08
    },
    "DecisionTree": {
        "MSE": 450.7172622049983,
        "MAE": 13.024692074012703,
        "R2": -0.010388441968196105,
        "emission": 1.0841272330148566e-08
    },
    "ExtraTrees": {
        "MSE": 475.4374977840145,
        "MAE": 14.072471653179514,
        "R2": -0.06580464721752755,
        "emission": 6.081820136846455e-07
    },
    "RandomForest": {
        "MSE": 433.0435103760953,
        "MAE": 13.481142942958837,
        "R2": 0.029231417468241205,
        "emission": 1.8827941162520624e-06
    },
    "KNeighbors": {
        "MSE": 435.64707605633805,
        "MAE": 13.038873239436619,
        "R2": 0.02339491442783659,
        "emission": 7.116297365627977e-09
    },
    "PLS": {
        "MSE": 453.9618134271224,
        "MAE": 13.975816384280032,
        "R2": -0.017661864419712847,
        "emission": 3.85958724755333e-07
    },
    "PLS-SKLEARN": {
        "MSE": 435.7203595733245,
        "MAE": 13.663305400356657,
        "R2": 0.023230632238626203,
        "emission": 8.030013611553779e-07
    },
    "XGBoost": {
        "MSE": 415.03939824107636,
        "MAE": 12.663551678578477,
        "R2": 0.06959185700438808,
        "emission": 1.7171622542680795e-06
    },
    "CatBoost": {
        "MSE": 414.8266141725452,
        "MAE": 12.994619657129354,
        "R2": 0.07006886239447896,
        "emission": 3.7440819824032406e-06
    },
    "DNN": {
        "MSE": 436.5366577857808,
        "MAE": 13.6974004857417,
        "R2": 0.02140070836344532,
        "emission": 1.5210082328321715e-05
    }
}