{
    "Linear-SVR": {
        "MSE": 326.76878810491945,
        "MAE": 10.1441278501533,
        "R2": -0.1040638372943341,
        "emission": 1.1608551644383267e-08
    },
    "RBF-SVR": {
        "MSE": 315.1505385323176,
        "MAE": 9.898301752852216,
        "R2": -0.06480889718771832,
        "emission": 1.8082636245421312e-08
    },
    "DecisionTree": {
        "MSE": 447.58252456321,
        "MAE": 11.721149582681274,
        "R2": -0.5122609550349024,
        "emission": 1.0673498923864133e-08
    },
    "ExtraTrees": {
        "MSE": 280.84444035751807,
        "MAE": 9.890281264259379,
        "R2": 0.05110218052911675,
        "emission": 6.009037242090792e-07
    },
    "RandomForest": {
        "MSE": 274.80443561338166,
        "MAE": 9.861794127465506,
        "R2": 0.07150973185542675,
        "emission": 1.901094330393743e-06
    },
    "KNeighbors": {
        "MSE": 315.47109671361505,
        "MAE": 10.54788732394366,
        "R2": -0.06589197705520466,
        "emission": 7.032882183137869e-09
    },
    "PLS": {
        "MSE": 287.50585455954894,
        "MAE": 10.582872254794122,
        "R2": 0.028595053797846104,
        "emission": 3.7381882230099973e-07
    },
    "PLS-SKLEARN": {
        "MSE": 288.01842113068113,
        "MAE": 10.412646149614146,
        "R2": 0.026863229229548313,
        "emission": 7.603124693552708e-07
    },
    "XGBoost": {
        "MSE": 334.5797963558221,
        "MAE": 11.176736481669643,
        "R2": -0.13045513308682066,
        "emission": 1.6696674802444017e-06
    },
    "CatBoost": {
        "MSE": 288.5027787229948,
        "MAE": 10.074975961743027,
        "R2": 0.02522671521272979,
        "emission": 3.738071722987802e-06
    },
    "DNN": {
        "MSE": 277.6565809676971,
        "MAE": 9.845021817158086,
        "R2": 0.061873099903308804,
        "emission": 1.4587598453650926e-05
    }
}