{
    "Linear-SVR": {
        "MSE": 389.7814372873593,
        "MAE": 12.24204994831506,
        "R2": -0.11547414082614016,
        "emission": 1.1716444078483424e-08
    },
    "RBF-SVR": {
        "MSE": 389.44568922990857,
        "MAE": 11.485267035894154,
        "R2": -0.1145132990823019,
        "emission": 1.721661817807258e-08
    },
    "DecisionTree": {
        "MSE": 482.1076925066119,
        "MAE": 13.186892687154765,
        "R2": -0.37969285512182616,
        "emission": 9.609641980856332e-09
    },
    "ExtraTrees": {
        "MSE": 330.4588218312694,
        "MAE": 12.493137143124837,
        "R2": 0.05429495841050891,
        "emission": 5.819412373639287e-07
    },
    "RandomForest": {
        "MSE": 320.4164362837599,
        "MAE": 12.137501679563197,
        "R2": 0.08303419614438423,
        "emission": 1.8134551011457944e-06
    },
    "KNeighbors": {
        "MSE": 339.4851399061032,
        "MAE": 12.810234741784038,
        "R2": 0.028463496375220165,
        "emission": 1.7819960304049733e-08
    },
    "PLS": {
        "MSE": 379.6544938448869,
        "MAE": 14.743024784667222,
        "R2": -0.08649291582398888,
        "emission": 3.829643270574595e-07
    },
    "PLS-SKLEARN": {
        "MSE": 379.9026761361956,
        "MAE": 14.727051233696098,
        "R2": -0.08720316239214898,
        "emission": 8.157555373632338e-07
    },
    "XGBoost": {
        "MSE": 409.5263648312643,
        "MAE": 14.488963265863942,
        "R2": -0.17198005409125616,
        "emission": 1.6213121739188574e-06
    },
    "CatBoost": {
        "MSE": 350.32978381582046,
        "MAE": 12.788825674286434,
        "R2": -0.0025716394484467386,
        "emission": 3.7086602613976946e-06
    },
    "DNN": {
        "MSE": 376.91430245724354,
        "MAE": 14.17879182659964,
        "R2": -0.07865105281711315,
        "emission": 1.565270497434175e-05
    }
}