{
    "Linear-SVR": {
        "MSE": 714.5085061918875,
        "MAE": 14.548581504645211,
        "R2": -0.08210277977074698,
        "emission": 9.533683034406562e-09
    },
    "RBF-SVR": {
        "MSE": 768.4469397055251,
        "MAE": 14.163055462755153,
        "R2": -0.16379100088467724,
        "emission": 1.4057375537012463e-08
    },
    "DecisionTree": {
        "MSE": 854.3782572645382,
        "MAE": 18.244829483279258,
        "R2": -0.2939315335643522,
        "emission": 8.460981586434802e-09
    },
    "ExtraTrees": {
        "MSE": 607.8045862702561,
        "MAE": 18.21069664304617,
        "R2": 0.0794972674771488,
        "emission": 6.248033280536096e-07
    },
    "RandomForest": {
        "MSE": 599.5458224181555,
        "MAE": 18.103520112544643,
        "R2": 0.0920049300793182,
        "emission": 1.7754476179586484e-06
    },
    "KNeighbors": {
        "MSE": 631.9362497652583,
        "MAE": 16.302816901408452,
        "R2": 0.042950550507174334,
        "emission": 5.9967775137082225e-09
    },
    "PLS": {
        "MSE": 669.2225731635808,
        "MAE": 19.49124558289258,
        "R2": -0.013518524174380486,
        "emission": 3.5883989281055064e-07
    },
    "PLS-SKLEARN": {
        "MSE": 652.6569739985745,
        "MAE": 18.670241995603284,
        "R2": 0.011569603888026747,
        "emission": 8.382064566551009e-07
    },
    "XGBoost": {
        "MSE": 590.9428515782643,
        "MAE": 16.930958312924762,
        "R2": 0.10503388435972105,
        "emission": 1.8331498836670415e-06
    },
    "CatBoost": {
        "MSE": 590.8466055909505,
        "MAE": 16.833149661670124,
        "R2": 0.10517964616592967,
        "emission": 3.7536597874327823e-06
    },
    "DNN": {
        "MSE": 774.7234753253829,
        "MAE": 18.284677767550722,
        "R2": -0.173296635293114,
        "emission": 1.6087743787005805e-05
    }
}