{
    "Linear-SVR": {
        "MSE": 481.5049514294667,
        "MAE": 15.127413107465987,
        "R2": 0.024143673139381594,
        "emission": 1.2371721130095384e-08
    },
    "RBF-SVR": {
        "MSE": 488.7861264610895,
        "MAE": 15.355781984603864,
        "R2": 0.009387063263419537,
        "emission": 1.4540195536211288e-08
    },
    "DecisionTree": {
        "MSE": 741.5509279396296,
        "MAE": 19.752357529086854,
        "R2": -0.5028862373500504,
        "emission": 9.608791182819273e-09
    },
    "ExtraTrees": {
        "MSE": 441.46283367289226,
        "MAE": 15.62712869434571,
        "R2": 0.10529622170123165,
        "emission": 6.028448121429955e-07
    },
    "RandomForest": {
        "MSE": 451.7913762386231,
        "MAE": 15.907761842381793,
        "R2": 0.08436357380198345,
        "emission": 1.887801276743071e-06
    },
    "KNeighbors": {
        "MSE": 458.90116619718316,
        "MAE": 15.54319248826291,
        "R2": 0.0699543065803,
        "emission": 8.942868825334407e-09
    },
    "PLS": {
        "MSE": 598.9321668312334,
        "MAE": 18.853090807175178,
        "R2": -0.21384368453003333,
        "emission": 3.803756416088877e-07
    },
    "PLS-SKLEARN": {
        "MSE": 597.3683261409683,
        "MAE": 18.79250298395234,
        "R2": -0.21067428029594026,
        "emission": 8.891658953385137e-07
    },
    "XGBoost": {
        "MSE": 458.2985990941787,
        "MAE": 16.344529632622365,
        "R2": 0.07117551711630654,
        "emission": 1.669240842365833e-06
    },
    "CatBoost": {
        "MSE": 423.57066218119814,
        "MAE": 15.743494260256593,
        "R2": 0.14155792305987813,
        "emission": 3.739325561318798e-06
    },
    "DNN": {
        "MSE": 423.69737216852417,
        "MAE": 16.05445327339038,
        "R2": 0.14130112249647497,
        "emission": 1.725662717363007e-05
    }
}