{
    "Linear-SVR": {
        "MSE": 632.8644539961119,
        "MAE": 14.453817090304096,
        "R2": -0.05420916982652901,
        "emission": 1.1387692934132904e-08
    },
    "RBF-SVR": {
        "MSE": 670.5294441163336,
        "MAE": 14.498286423835781,
        "R2": -0.11695053208102402,
        "emission": 1.7337817659049636e-08
    },
    "DecisionTree": {
        "MSE": 752.5215486904883,
        "MAE": 17.208982050497838,
        "R2": -0.2535308502671054,
        "emission": 1.0258125451333099e-08
    },
    "ExtraTrees": {
        "MSE": 515.1100068650137,
        "MAE": 16.236269506285073,
        "R2": 0.1419431297213607,
        "emission": 6.333086174498114e-07
    },
    "RandomForest": {
        "MSE": 547.2464932009823,
        "MAE": 16.65446988110439,
        "R2": 0.08841100547664649,
        "emission": 1.955378958381001e-06
    },
    "KNeighbors": {
        "MSE": 569.1531173708921,
        "MAE": 15.798215962441315,
        "R2": 0.051919519923874,
        "emission": 9.07275883517862e-09
    },
    "PLS": {
        "MSE": 710.6941684228678,
        "MAE": 19.673081830564602,
        "R2": -0.18385588661648833,
        "emission": 4.051985251293651e-07
    },
    "PLS-SKLEARN": {
        "MSE": 708.9194590579351,
        "MAE": 19.57376293435784,
        "R2": -0.18089962185161568,
        "emission": 1.0351955185805893e-06
    },
    "XGBoost": {
        "MSE": 597.1979833025306,
        "MAE": 17.237247549766945,
        "R2": 0.005203110675408684,
        "emission": 1.9387263802210724e-06
    },
    "CatBoost": {
        "MSE": 481.4152267851309,
        "MAE": 15.841907080382594,
        "R2": 0.19807101921050385,
        "emission": 3.7883567437094116e-06
    },
    "DNN": {
        "MSE": 560.4145659369301,
        "MAE": 16.470250529197738,
        "R2": 0.06647597193269561,
        "emission": 1.7296464826420527e-05
    }
}