{
    "Linear-SVR": {
        "MSE": 373.58958816666393,
        "MAE": 8.678082852878847,
        "R2": -0.13537368667428362,
        "emission": 1.2128986702082031e-08
    },
    "RBF-SVR": {
        "MSE": 383.2398963700946,
        "MAE": 8.681557551267492,
        "R2": -0.16470187554657123,
        "emission": 1.5626280699058922e-08
    },
    "DecisionTree": {
        "MSE": 446.6020672998366,
        "MAE": 12.063555071435808,
        "R2": -0.3572654369595676,
        "emission": 1.1833087021442866e-08
    },
    "ExtraTrees": {
        "MSE": 261.08210777670615,
        "MAE": 10.873484125432329,
        "R2": 0.20654706496024844,
        "emission": 6.202458277372401e-07
    },
    "RandomForest": {
        "MSE": 279.4830850347106,
        "MAE": 11.041036260204278,
        "R2": 0.15062477469955227,
        "emission": 1.8835022207551179e-06
    },
    "KNeighbors": {
        "MSE": 287.5708863849765,
        "MAE": 10.470892018779344,
        "R2": 0.1260451902384241,
        "emission": 8.946545408431677e-09
    },
    "PLS": {
        "MSE": 299.1448413025973,
        "MAE": 12.030201644757412,
        "R2": 0.09087085915305448,
        "emission": 3.827893647824183e-07
    },
    "PLS-SKLEARN": {
        "MSE": 305.5147550810631,
        "MAE": 12.19475176450012,
        "R2": 0.07151209563412164,
        "emission": 8.491485193781295e-07
    },
    "XGBoost": {
        "MSE": 314.3610257100397,
        "MAE": 10.724787962083386,
        "R2": 0.04462745212296737,
        "emission": 1.7498077615750486e-06
    },
    "CatBoost": {
        "MSE": 266.2946550606048,
        "MAE": 10.58491474313866,
        "R2": 0.19070564642466614,
        "emission": 3.7265008050141604e-06
    },
    "DNN": {
        "MSE": 265.0517527251806,
        "MAE": 10.162733004588477,
        "R2": 0.19448294282543488,
        "emission": 1.663053546082996e-05
    }
}