{
    "Linear-SVR": {
        "MSE": 633.1952844016007,
        "MAE": 13.397024348884441,
        "R2": -0.1073780686665815,
        "emission": 1.2879393613147188e-08
    },
    "RBF-SVR": {
        "MSE": 688.6736868361075,
        "MAE": 13.23885122925542,
        "R2": -0.2044027428138171,
        "emission": 1.779597894046e-08
    },
    "DecisionTree": {
        "MSE": 600.6308013559521,
        "MAE": 15.203340791693273,
        "R2": -0.05042692700371276,
        "emission": 9.08916372965327e-09
    },
    "ExtraTrees": {
        "MSE": 380.4644634511954,
        "MAE": 13.627193158762362,
        "R2": 0.3346160132398692,
        "emission": 7.941369536109158e-07
    },
    "RandomForest": {
        "MSE": 423.0589375996547,
        "MAE": 14.484637205783613,
        "R2": 0.2601236920234129,
        "emission": 1.9559554901288834e-06
    },
    "KNeighbors": {
        "MSE": 468.26295399061036,
        "MAE": 13.78694835680751,
        "R2": 0.18106761311673558,
        "emission": 7.2557580819499185e-09
    },
    "PLS": {
        "MSE": 472.9984494869452,
        "MAE": 15.939902130136584,
        "R2": 0.17278583340975873,
        "emission": 3.800087378942453e-07
    },
    "PLS-SKLEARN": {
        "MSE": 472.1693545757893,
        "MAE": 16.002640398580006,
        "R2": 0.17423581502534313,
        "emission": 8.769416090053896e-07
    },
    "XGBoost": {
        "MSE": 434.08434446768075,
        "MAE": 14.246823359997899,
        "R2": 0.24084165682108782,
        "emission": 1.8117317846024008e-06
    },
    "CatBoost": {
        "MSE": 380.60367840937306,
        "MAE": 13.509589230425318,
        "R2": 0.3343725439732559,
        "emission": 3.7844687074167237e-06
    },
    "DNN": {
        "MSE": 430.43247097442537,
        "MAE": 14.4179817732511,
        "R2": 0.24722831938096068,
        "emission": 1.617534828697814e-05
    }
}