{
    "Linear-SVR": {
        "MSE": 1298.9525473680228,
        "MAE": 22.679726289421616,
        "R2": -0.0004705025719731193,
        "emission": 1.2293250517840537e-08
    },
    "RBF-SVR": {
        "MSE": 1553.5686409598568,
        "MAE": 23.858365100896265,
        "R2": -0.1965791992559962,
        "emission": 1.4640967894277675e-08
    },
    "DecisionTree": {
        "MSE": 1107.895614090119,
        "MAE": 20.602315140564954,
        "R2": 0.14668408474818118,
        "emission": 9.602899413360141e-09
    },
    "ExtraTrees": {
        "MSE": 991.4554837786941,
        "MAE": 23.43299289085615,
        "R2": 0.23636781948372843,
        "emission": 6.338347014904967e-07
    },
    "RandomForest": {
        "MSE": 937.5936501569747,
        "MAE": 23.16856777246712,
        "R2": 0.2778529190450306,
        "emission": 1.8574740220163367e-06
    },
    "KNeighbors": {
        "MSE": 853.9667699530518,
        "MAE": 20.06450704225352,
        "R2": 0.34226345277520587,
        "emission": 1.0715729541804077e-08
    },
    "PLS": {
        "MSE": 766.9343770746314,
        "MAE": 20.855718769911174,
        "R2": 0.40929695759379625,
        "emission": 3.754276044596973e-07
    },
    "PLS-SKLEARN": {
        "MSE": 785.9524108141748,
        "MAE": 21.34081432961119,
        "R2": 0.3946490154408018,
        "emission": 7.73375379666013e-07
    },
    "XGBoost": {
        "MSE": 810.2179436259349,
        "MAE": 20.690952627406297,
        "R2": 0.3759593798135811,
        "emission": 1.8639243724291702e-06
    },
    "CatBoost": {
        "MSE": 823.5014688884081,
        "MAE": 21.348567914213167,
        "R2": 0.36572823224610274,
        "emission": 3.774991860857308e-06
    },
    "DNN": {
        "MSE": 734.5147838649567,
        "MAE": 19.015664645203962,
        "R2": 0.43426695882854693,
        "emission": 1.6344585188179325e-05
    }
}