{
    "Linear-SVR": {
        "MSE": 624.2212942207304,
        "MAE": 14.104022143130448,
        "R2": -0.11177445280649878,
        "emission": 1.3017397613740606e-08
    },
    "RBF-SVR": {
        "MSE": 672.9286493623588,
        "MAE": 14.1011269898133,
        "R2": -0.19852508693511783,
        "emission": 1.5470816398857287e-08
    },
    "DecisionTree": {
        "MSE": 724.3711624144863,
        "MAE": 17.08296927016645,
        "R2": -0.29014719648028886,
        "emission": 9.634433150171204e-09
    },
    "ExtraTrees": {
        "MSE": 542.9333224549487,
        "MAE": 15.820353007605947,
        "R2": 0.03300415562350312,
        "emission": 6.32980635518552e-07
    },
    "RandomForest": {
        "MSE": 536.3747580237612,
        "MAE": 15.654878488780591,
        "R2": 0.04468534056414586,
        "emission": 1.96086424387546e-06
    },
    "KNeighbors": {
        "MSE": 585.2291699530516,
        "MAE": 15.90976525821596,
        "R2": -0.0423272102615615,
        "emission": 8.399748048782025e-09
    },
    "PLS": {
        "MSE": 592.5322705465851,
        "MAE": 17.323368216056096,
        "R2": -0.055334457437104856,
        "emission": 3.968119010140895e-07
    },
    "PLS-SKLEARN": {
        "MSE": 583.7692161689378,
        "MAE": 17.108764408697112,
        "R2": -0.03972694760714157,
        "emission": 8.691557436184605e-07
    },
    "XGBoost": {
        "MSE": 657.3032647161185,
        "MAE": 17.48556166869444,
        "R2": -0.17069536752983594,
        "emission": 1.783975653969063e-06
    },
    "CatBoost": {
        "MSE": 535.4335358211878,
        "MAE": 15.74052804300875,
        "R2": 0.04636171208322659,
        "emission": 3.811150430110454e-06
    },
    "DNN": {
        "MSE": 587.3509024857241,
        "MAE": 14.731039809593014,
        "R2": -0.046106139380694744,
        "emission": 1.6090406791044314e-05
    }
}