{
    "Linear-SVR": {
        "MSE": 572.8883900244857,
        "MAE": 13.27598244343358,
        "R2": -0.10989897579206787,
        "emission": 1.1627393533171935e-08
    },
    "RBF-SVR": {
        "MSE": 622.3910611175942,
        "MAE": 13.608399574449768,
        "R2": -0.20580415540805608,
        "emission": 1.5459044709486695e-08
    },
    "DecisionTree": {
        "MSE": 786.9129101741336,
        "MAE": 18.04329695802215,
        "R2": -0.5245444806491832,
        "emission": 9.817378226695493e-09
    },
    "ExtraTrees": {
        "MSE": 501.1824360800051,
        "MAE": 14.996799151976735,
        "R2": 0.029022263016368455,
        "emission": 6.22835722414729e-07
    },
    "RandomForest": {
        "MSE": 489.1603287565726,
        "MAE": 14.962398422835104,
        "R2": 0.05231357915662005,
        "emission": 1.932720476109554e-06
    },
    "KNeighbors": {
        "MSE": 552.3661107981221,
        "MAE": 15.759436619718311,
        "R2": -0.07013964903509473,
        "emission": 8.369518198944015e-09
    },
    "PLS": {
        "MSE": 601.8159822814496,
        "MAE": 17.275450234663364,
        "R2": -0.1659425360687259,
        "emission": 3.954259433418488e-07
    },
    "PLS-SKLEARN": {
        "MSE": 589.8598135721849,
        "MAE": 17.065573080237108,
        "R2": -0.1427789676741158,
        "emission": 1.0046019503383295e-06
    },
    "XGBoost": {
        "MSE": 570.8711880489425,
        "MAE": 16.48402280199731,
        "R2": -0.10599090146972823,
        "emission": 1.984799135188569e-06
    },
    "CatBoost": {
        "MSE": 498.79215544565096,
        "MAE": 15.357317974212386,
        "R2": 0.03365313016976268,
        "emission": 3.834962845726235e-06
    },
    "DNN": {
        "MSE": 555.5789316535697,
        "MAE": 16.059217601622777,
        "R2": -0.07636408408903672,
        "emission": 1.750965498372645e-05
    }
}