{
    "Linear-SVR": {
        "MSE": 570.8295783142673,
        "MAE": 13.092458582231412,
        "R2": -0.01947589244486836,
        "emission": 1.4885011305101713e-08
    },
    "RBF-SVR": {
        "MSE": 630.1804585496756,
        "MAE": 13.189218953796289,
        "R2": -0.1254738888592546,
        "emission": 1.6053905514597624e-08
    },
    "DecisionTree": {
        "MSE": 679.4012570715167,
        "MAE": 17.031678730397815,
        "R2": -0.21338001602261802,
        "emission": 1.1576064601803573e-08
    },
    "ExtraTrees": {
        "MSE": 433.2936972074887,
        "MAE": 15.169324104745437,
        "R2": 0.22615699075049056,
        "emission": 6.398342212877911e-07
    },
    "RandomForest": {
        "MSE": 451.56500312899215,
        "MAE": 15.440312778980005,
        "R2": 0.19352526209083298,
        "emission": 1.9378691643713317e-06
    },
    "KNeighbors": {
        "MSE": 454.2941276995306,
        "MAE": 13.928169014084508,
        "R2": 0.18865116864360965,
        "emission": 7.627493372277265e-09
    },
    "PLS": {
        "MSE": 480.2284678650679,
        "MAE": 16.066303452252516,
        "R2": 0.1423336062928482,
        "emission": 3.835528577150411e-07
    },
    "PLS-SKLEARN": {
        "MSE": 478.673832549707,
        "MAE": 15.807824424787214,
        "R2": 0.1451101148792363,
        "emission": 7.790987258542495e-07
    },
    "XGBoost": {
        "MSE": 489.7751363492398,
        "MAE": 14.86862641910502,
        "R2": 0.12528368676779822,
        "emission": 1.93176112508429e-06
    },
    "CatBoost": {
        "MSE": 418.0956683573878,
        "MAE": 14.104394129679203,
        "R2": 0.25329998511163654,
        "emission": 3.816699392726419e-06
    },
    "DNN": {
        "MSE": 460.37018587822087,
        "MAE": 15.138557208168535,
        "R2": 0.1777996026603611,
        "emission": 1.7244304559812143e-05
    }
}