{
    "Linear-SVR": {
        "MSE": 406.34043899230994,
        "MAE": 15.045545183962757,
        "R2": 0.02431553246128948,
        "emission": 9.97066582155537e-09
    },
    "RBF-SVR": {
        "MSE": 438.7543397687214,
        "MAE": 15.640265175320462,
        "R2": -0.05351511515605023,
        "emission": 1.5892670739595403e-08
    },
    "DecisionTree": {
        "MSE": 450.17010109344744,
        "MAE": 16.068496608752096,
        "R2": -0.08092607390110174,
        "emission": 1.1506070272804781e-08
    },
    "ExtraTrees": {
        "MSE": 352.7420200368097,
        "MAE": 14.66795426865002,
        "R2": 0.15301339228838795,
        "emission": 6.39046997665607e-07
    },
    "RandomForest": {
        "MSE": 366.51395282596695,
        "MAE": 15.057198322661156,
        "R2": 0.11994491172147581,
        "emission": 1.985253603472512e-06
    },
    "KNeighbors": {
        "MSE": 379.6708093896714,
        "MAE": 15.295962441314554,
        "R2": 0.08835332161866527,
        "emission": 6.834085045372014e-09
    },
    "PLS": {
        "MSE": 392.9810989315261,
        "MAE": 15.868486865241122,
        "R2": 0.05639331587413143,
        "emission": 4.020235641111898e-07
    },
    "PLS-SKLEARN": {
        "MSE": 385.3054860972223,
        "MAE": 15.866368108926453,
        "R2": 0.07482361594429687,
        "emission": 8.797216879388547e-07
    },
    "XGBoost": {
        "MSE": 362.5238812115511,
        "MAE": 14.832711244231099,
        "R2": 0.1295256733808544,
        "emission": 1.9147435217585225e-06
    },
    "CatBoost": {
        "MSE": 336.3599506813516,
        "MAE": 14.561029010444388,
        "R2": 0.1923492030580487,
        "emission": 3.806525951507672e-06
    },
    "DNN": {
        "MSE": 356.00851377686445,
        "MAE": 15.364200438020374,
        "R2": 0.14517004986008453,
        "emission": 1.6211451231873367e-05
    }
}