{
    "Linear-SVR": {
        "MSE": 1013.7109287654226,
        "MAE": 27.165787969534108,
        "R2": 0.21447464261432037,
        "emission": 1.0734951906416982e-08
    },
    "RBF-SVR": {
        "MSE": 1235.0667116413767,
        "MAE": 29.827157802212994,
        "R2": 0.042945880795814295,
        "emission": 1.49655391258852e-08
    },
    "DecisionTree": {
        "MSE": 1394.733615247295,
        "MAE": 28.459034958942716,
        "R2": -0.08078012230691756,
        "emission": 1.099537316826889e-08
    },
    "ExtraTrees": {
        "MSE": 912.2029770430871,
        "MAE": 25.421823414760397,
        "R2": 0.2931332303749219,
        "emission": 6.489912103780277e-07
    },
    "RandomForest": {
        "MSE": 903.0003819709248,
        "MAE": 25.267088356429223,
        "R2": 0.30026432818378146,
        "emission": 1.8846729927278433e-06
    },
    "KNeighbors": {
        "MSE": 962.5104300469483,
        "MAE": 24.65352112676056,
        "R2": 0.2541499473909363,
        "emission": 8.212183864552747e-09
    },
    "PLS": {
        "MSE": 884.3613129870637,
        "MAE": 24.53605587269128,
        "R2": 0.3147077566892976,
        "emission": 3.915109825402689e-07
    },
    "PLS-SKLEARN": {
        "MSE": 938.8100085394847,
        "MAE": 25.116839232227328,
        "R2": 0.27251542175502863,
        "emission": 8.845738284113708e-07
    },
    "XGBoost": {
        "MSE": 888.2321135759784,
        "MAE": 23.532532173954824,
        "R2": 0.3117082704159484,
        "emission": 1.7143654838874456e-06
    },
    "CatBoost": {
        "MSE": 784.8494451602124,
        "MAE": 22.6417048755552,
        "R2": 0.3918195775453718,
        "emission": 3.7785889897096166e-06
    },
    "DNN": {
        "MSE": 840.2781244426727,
        "MAE": 23.040951906571365,
        "R2": 0.3488678524852522,
        "emission": 1.6720440858898736e-05
    }
}