{
    "Linear-SVR": {
        "MSE": 461.09273889522535,
        "MAE": 9.411141343560674,
        "R2": -0.12426781659612574,
        "emission": 1.370459836073203e-08
    },
    "RBF-SVR": {
        "MSE": 477.0008129681946,
        "MAE": 9.194466272102733,
        "R2": -0.1630559695978815,
        "emission": 1.4513953438355971e-08
    },
    "DecisionTree": {
        "MSE": 518.6606662771874,
        "MAE": 12.085934625516945,
        "R2": -0.2646338700255413,
        "emission": 1.0004605458131467e-08
    },
    "ExtraTrees": {
        "MSE": 389.0032007401755,
        "MAE": 11.283008528059318,
        "R2": 0.05150582029781281,
        "emission": 5.809203102128108e-07
    },
    "RandomForest": {
        "MSE": 394.82912381196724,
        "MAE": 11.510575626954392,
        "R2": 0.03730065665269933,
        "emission": 1.933008081463341e-06
    },
    "KNeighbors": {
        "MSE": 400.0376769953051,
        "MAE": 10.846854460093896,
        "R2": 0.024600806446672285,
        "emission": 7.786947939481414e-09
    },
    "PLS": {
        "MSE": 406.82051164442385,
        "MAE": 12.076903494857282,
        "R2": 0.008062435620082353,
        "emission": 3.846814865422231e-07
    },
    "PLS-SKLEARN": {
        "MSE": 408.36280833090984,
        "MAE": 11.848334016220287,
        "R2": 0.004301902473510588,
        "emission": 8.935600643041277e-07
    },
    "XGBoost": {
        "MSE": 410.95393145917217,
        "MAE": 12.21687421225396,
        "R2": -0.002015950956415491,
        "emission": 1.8681900737633483e-06
    },
    "CatBoost": {
        "MSE": 411.9059591365425,
        "MAE": 11.640079056018307,
        "R2": -0.00433724987936257,
        "emission": 3.741789552686324e-06
    },
    "DNN": {
        "MSE": 405.09264939477185,
        "MAE": 10.84360871932736,
        "R2": 0.012275427400108008,
        "emission": 1.5590595173324177e-05
    }
}