{
    "Linear-SVR": {
        "MSE": 569.7861581716057,
        "MAE": 12.003804268806647,
        "R2": -0.12717072436061083,
        "emission": 1.2994223450596136e-08
    },
    "RBF-SVR": {
        "MSE": 610.372781197708,
        "MAE": 11.965624480495167,
        "R2": -0.2074605885835048,
        "emission": 1.4786175226543765e-08
    },
    "DecisionTree": {
        "MSE": 627.7607182857219,
        "MAE": 13.997883362666036,
        "R2": -0.24185800831992887,
        "emission": 9.79738152594601e-09
    },
    "ExtraTrees": {
        "MSE": 400.4621448356313,
        "MAE": 13.088147802847342,
        "R2": 0.20779190684124194,
        "emission": 1.9046432442581868e-06
    },
    "RandomForest": {
        "MSE": 435.6505343606984,
        "MAE": 13.65234097127023,
        "R2": 0.1381810152089682,
        "emission": 1.8018345171447778e-06
    },
    "KNeighbors": {
        "MSE": 369.50724882629106,
        "MAE": 11.747605633802817,
        "R2": 0.26902795488656306,
        "emission": 7.501268454602576e-09
    },
    "PLS": {
        "MSE": 464.3321110648779,
        "MAE": 15.473428320347413,
        "R2": 0.0814421261962982,
        "emission": 3.7865751249316567e-07
    },
    "PLS-SKLEARN": {
        "MSE": 458.11065737088995,
        "MAE": 15.401296618116978,
        "R2": 0.0937496215017849,
        "emission": 7.866295545853838e-07
    },
    "XGBoost": {
        "MSE": 472.24821782403376,
        "MAE": 13.735404861987757,
        "R2": 0.06578220946812385,
        "emission": 1.9687058979075585e-06
    },
    "CatBoost": {
        "MSE": 357.8094018977824,
        "MAE": 12.27656279087318,
        "R2": 0.29216904107612174,
        "emission": 3.7165239434803287e-06
    },
    "DNN": {
        "MSE": 397.9621119721201,
        "MAE": 13.1706770327257,
        "R2": 0.21273755849191,
        "emission": 1.7092569415261824e-05
    }
}