{
    "Linear-SVR": {
        "MSE": 358.8226989607112,
        "MAE": 11.713554573658135,
        "R2": -0.08564668793952679,
        "emission": 1.0781955652167404e-08
    },
    "RBF-SVR": {
        "MSE": 385.6265345724378,
        "MAE": 11.81617028017127,
        "R2": -0.16674382989913483,
        "emission": 1.6105437914905212e-08
    },
    "DecisionTree": {
        "MSE": 315.99976707717866,
        "MAE": 12.654384670587639,
        "R2": 0.04391750714030429,
        "emission": 1.1041961768442975e-08
    },
    "ExtraTrees": {
        "MSE": 312.48117709822,
        "MAE": 12.48878270393949,
        "R2": 0.05456328169118341,
        "emission": 6.058639145986826e-07
    },
    "RandomForest": {
        "MSE": 317.1189025237852,
        "MAE": 12.430241483878447,
        "R2": 0.040531473607634316,
        "emission": 1.8837025253021979e-06
    },
    "KNeighbors": {
        "MSE": 351.74328638497656,
        "MAE": 12.864788732394368,
        "R2": -0.06422736068496726,
        "emission": 9.417749046401542e-09
    },
    "PLS": {
        "MSE": 326.2175423246446,
        "MAE": 12.450353975512103,
        "R2": 0.013002813371902233,
        "emission": 3.585036337720364e-07
    },
    "PLS-SKLEARN": {
        "MSE": 314.190993808743,
        "MAE": 12.21582938011539,
        "R2": 0.04939009489408441,
        "emission": 7.838067292529224e-07
    },
    "XGBoost": {
        "MSE": 370.46935484462057,
        "MAE": 14.094213360240202,
        "R2": -0.12088457401128294,
        "emission": 1.8506720695202435e-06
    },
    "CatBoost": {
        "MSE": 311.2164302856142,
        "MAE": 12.511580167475099,
        "R2": 0.05838987402261753,
        "emission": 3.7789633603712645e-06
    },
    "DNN": {
        "MSE": 327.3306773073434,
        "MAE": 12.666182525676321,
        "R2": 0.009634934721257316,
        "emission": 1.5814326777111895e-05
    }
}