{
    "Linear-SVR": {
        "MSE": 196.52727917223515,
        "MAE": 6.097976201777039,
        "R2": -0.149623008427904,
        "emission": 1.4104776721302724e-08
    },
    "RBF-SVR": {
        "MSE": 198.19872687329996,
        "MAE": 6.031789102091683,
        "R2": -0.1594004537913234,
        "emission": 1.3792314599095244e-08
    },
    "DecisionTree": {
        "MSE": 248.39495252174842,
        "MAE": 9.02722305711856,
        "R2": -0.45303264665917187,
        "emission": 1.1248954991679404e-08
    },
    "ExtraTrees": {
        "MSE": 152.02511476987866,
        "MAE": 8.07675329782334,
        "R2": 0.11070071017888228,
        "emission": 6.144010677268369e-07
    },
    "RandomForest": {
        "MSE": 152.44909268653026,
        "MAE": 8.055339757607673,
        "R2": 0.10822057220464787,
        "emission": 1.9118853396459034e-06
    },
    "KNeighbors": {
        "MSE": 143.67910610328641,
        "MAE": 7.274929577464788,
        "R2": 0.15952224595786357,
        "emission": 8.03210066364346e-09
    },
    "PLS": {
        "MSE": 168.4430859541659,
        "MAE": 8.661655040765103,
        "R2": 0.01466072272949881,
        "emission": 3.785595265662989e-07
    },
    "PLS-SKLEARN": {
        "MSE": 167.505625842263,
        "MAE": 8.785826187845567,
        "R2": 0.020144570664840544,
        "emission": 7.89761939402166e-07
    },
    "XGBoost": {
        "MSE": 148.8541644580513,
        "MAE": 7.850868251215133,
        "R2": 0.12924977600024123,
        "emission": 1.7691410007771612e-06
    },
    "CatBoost": {
        "MSE": 137.68737116499437,
        "MAE": 7.289399203894342,
        "R2": 0.19457201805298874,
        "emission": 3.762150973178026e-06
    },
    "DNN": {
        "MSE": 152.7045599097737,
        "MAE": 8.513566783056573,
        "R2": 0.10672616899010767,
        "emission": 1.5663887273239448e-05
    }
}