{
    "Linear-SVR": {
        "MSE": 454.5272252547964,
        "MAE": 14.059929036100735,
        "R2": 0.026427481286610766,
        "emission": 9.38020709905881e-09
    },
    "RBF-SVR": {
        "MSE": 486.13185188040944,
        "MAE": 14.517517409986572,
        "R2": -0.041267904682064094,
        "emission": 1.9309118666734294e-08
    },
    "DecisionTree": {
        "MSE": 432.1382034724859,
        "MAE": 13.722123273526103,
        "R2": 0.0743835444595351,
        "emission": 1.0638924345093587e-08
    },
    "ExtraTrees": {
        "MSE": 334.94597899092037,
        "MAE": 13.37303106053904,
        "R2": 0.28256398675280203,
        "emission": 6.327143124538516e-07
    },
    "RandomForest": {
        "MSE": 350.44648018709887,
        "MAE": 13.319952991516404,
        "R2": 0.2493627588562246,
        "emission": 1.8961757254943433e-06
    },
    "KNeighbors": {
        "MSE": 350.3291774647887,
        "MAE": 13.463943661971829,
        "R2": 0.2496140148876922,
        "emission": 8.597669838398244e-09
    },
    "PLS": {
        "MSE": 407.4054583557045,
        "MAE": 15.123830472958403,
        "R2": 0.1273597351476572,
        "emission": 3.9374157028051583e-07
    },
    "PLS-SKLEARN": {
        "MSE": 382.50559083671754,
        "MAE": 14.443344807847371,
        "R2": 0.1806938929035551,
        "emission": 8.441897859239301e-07
    },
    "XGBoost": {
        "MSE": 386.83959078032586,
        "MAE": 14.86645262358894,
        "R2": 0.17141070147572124,
        "emission": 1.6265354073196624e-06
    },
    "CatBoost": {
        "MSE": 334.2696370194876,
        "MAE": 13.213541957886447,
        "R2": 0.2840126743562128,
        "emission": 3.831207819915049e-06
    },
    "DNN": {
        "MSE": 364.8371189443741,
        "MAE": 14.322829109430314,
        "R2": 0.21853879575267,
        "emission": 1.6408196012130978e-05
    }
}