{
    "Linear-SVR": {
        "MSE": 345.1687440126411,
        "MAE": 9.629783372690369,
        "R2": -0.10491336513524074,
        "emission": 1.0810378607938011e-08
    },
    "RBF-SVR": {
        "MSE": 375.7007869397691,
        "MAE": 9.394916898788816,
        "R2": -0.20264893036310228,
        "emission": 1.5546122032897282e-08
    },
    "DecisionTree": {
        "MSE": 327.2555947932804,
        "MAE": 11.192770486508447,
        "R2": -0.04757191018760287,
        "emission": 9.703296688713292e-09
    },
    "ExtraTrees": {
        "MSE": 236.51501241104597,
        "MAE": 10.87111867990082,
        "R2": 0.24289611153632917,
        "emission": 6.475678140743037e-07
    },
    "RandomForest": {
        "MSE": 258.8557031427057,
        "MAE": 11.123492441425705,
        "R2": 0.17138173428188164,
        "emission": 1.924990747082067e-06
    },
    "KNeighbors": {
        "MSE": 282.3712525821596,
        "MAE": 11.238497652582158,
        "R2": 0.0961065382658729,
        "emission": 7.653683773597897e-09
    },
    "PLS": {
        "MSE": 287.5786237230393,
        "MAE": 12.652633198761706,
        "R2": 0.07943731757140937,
        "emission": 3.796804890444723e-07
    },
    "PLS-SKLEARN": {
        "MSE": 295.0733400575154,
        "MAE": 12.761442700807427,
        "R2": 0.055446117934988104,
        "emission": 8.151475008909879e-07
    },
    "XGBoost": {
        "MSE": 293.05851427082456,
        "MAE": 12.196489140667687,
        "R2": 0.0618957399785538,
        "emission": 3.698098766223315e-06
    },
    "CatBoost": {
        "MSE": 225.2572232342027,
        "MAE": 10.597397852580205,
        "R2": 0.27893321495063317,
        "emission": 3.882417614185837e-06
    },
    "DNN": {
        "MSE": 269.25030174690255,
        "MAE": 11.321469804440175,
        "R2": 0.13810777445146138,
        "emission": 1.676142397875828e-05
    }
}