{
    "Linear-SVR": {
        "MSE": 390.08708393569384,
        "MAE": 8.538218168592463,
        "R2": -0.19940606250803872,
        "emission": 1.542567542120158e-08
    },
    "RBF-SVR": {
        "MSE": 386.273404439957,
        "MAE": 8.47675599006834,
        "R2": -0.1876800902930671,
        "emission": 1.5472729229602348e-08
    },
    "DecisionTree": {
        "MSE": 333.899141460498,
        "MAE": 10.927075972444058,
        "R2": -0.026644231573609733,
        "emission": 1.1004760264952918e-08
    },
    "ExtraTrees": {
        "MSE": 302.20019058684795,
        "MAE": 10.774843136007451,
        "R2": 0.07082096381150071,
        "emission": 6.050430326168017e-07
    },
    "RandomForest": {
        "MSE": 308.8422118393933,
        "MAE": 10.959992993326527,
        "R2": 0.05039865072890859,
        "emission": 1.9328894244538973e-06
    },
    "KNeighbors": {
        "MSE": 321.36978779342724,
        "MAE": 10.651455399061032,
        "R2": 0.011879942556875855,
        "emission": 6.69007225964472e-09
    },
    "PLS": {
        "MSE": 301.76574027652316,
        "MAE": 11.60609565889261,
        "R2": 0.07215677408956667,
        "emission": 3.8724815187382015e-07
    },
    "PLS-SKLEARN": {
        "MSE": 298.5214915299842,
        "MAE": 11.225701497866178,
        "R2": 0.08213190983521568,
        "emission": 9.541838390100499e-07
    },
    "XGBoost": {
        "MSE": 294.08191550168436,
        "MAE": 11.374101702550625,
        "R2": 0.09578233463160812,
        "emission": 2.0380125718670388e-06
    },
    "CatBoost": {
        "MSE": 269.7367832712971,
        "MAE": 10.581937390609777,
        "R2": 0.17063664381581045,
        "emission": 3.7524855877877076e-06
    },
    "DNN": {
        "MSE": 276.10813805275683,
        "MAE": 11.204587560831763,
        "R2": 0.1510465526131698,
        "emission": 1.663530443157734e-05
    }
}