{
    "Linear-SVR": {
        "MSE": 473.7932301059318,
        "MAE": 12.715286011000847,
        "R2": -0.14798935671343383,
        "emission": 1.1143294506284016e-08
    },
    "RBF-SVR": {
        "MSE": 509.21848757818424,
        "MAE": 12.988545302303669,
        "R2": -0.23382388526481535,
        "emission": 1.5215977697856146e-08
    },
    "DecisionTree": {
        "MSE": 570.0209119460036,
        "MAE": 14.481938281221776,
        "R2": -0.38114666575499667,
        "emission": 1.239173176432149e-08
    },
    "ExtraTrees": {
        "MSE": 377.645710319401,
        "MAE": 12.568017310393623,
        "R2": 0.08497372164176642,
        "emission": 6.280070062588526e-07
    },
    "RandomForest": {
        "MSE": 397.2374574740005,
        "MAE": 12.90762272726147,
        "R2": 0.03750339960303173,
        "emission": 1.992736432554533e-06
    },
    "KNeighbors": {
        "MSE": 409.74582723004687,
        "MAE": 13.280845070422535,
        "R2": 0.007195926981341971,
        "emission": 1.261765705112776e-08
    },
    "PLS": {
        "MSE": 394.2263011731263,
        "MAE": 13.714248655540427,
        "R2": 0.04479935734398821,
        "emission": 4.328543872162757e-07
    },
    "PLS-SKLEARN": {
        "MSE": 379.1694966380127,
        "MAE": 13.532298153039202,
        "R2": 0.0812816248271272,
        "emission": 1.1270175755154575e-06
    },
    "XGBoost": {
        "MSE": 388.69788714609007,
        "MAE": 12.818157133195951,
        "R2": 0.05819456871314155,
        "emission": 2.053753424682891e-06
    },
    "CatBoost": {
        "MSE": 383.94804342807674,
        "MAE": 12.681420543747675,
        "R2": 0.06970332335092377,
        "emission": 3.8144429722972974e-06
    },
    "DNN": {
        "MSE": 360.6709002228901,
        "MAE": 12.83851528335625,
        "R2": 0.12610326947990103,
        "emission": 1.7129401279073817e-05
    }
}