{
    "Linear-SVR": {
        "MSE": 505.41820706248757,
        "MAE": 10.416491956412056,
        "R2": -0.0714054101663768,
        "emission": 1.3239953783507306e-08
    },
    "RBF-SVR": {
        "MSE": 536.9335815688275,
        "MAE": 10.281498722461219,
        "R2": -0.1382129415882467,
        "emission": 1.5447606505547608e-08
    },
    "DecisionTree": {
        "MSE": 529.6691222097693,
        "MAE": 12.194400658621955,
        "R2": -0.1228134546871611,
        "emission": 9.54408510613996e-09
    },
    "ExtraTrees": {
        "MSE": 363.80534858517115,
        "MAE": 11.196845453565484,
        "R2": 0.22879110155715854,
        "emission": 6.036256865479582e-07
    },
    "RandomForest": {
        "MSE": 382.085875354212,
        "MAE": 11.397476280797646,
        "R2": 0.19003932133365709,
        "emission": 1.9151456799870707e-06
    },
    "KNeighbors": {
        "MSE": 366.7088957746479,
        "MAE": 10.973802816901408,
        "R2": 0.222636047932242,
        "emission": 8.07539427006078e-09
    },
    "PLS": {
        "MSE": 439.8743590351707,
        "MAE": 12.629858176076455,
        "R2": 0.06753701889199681,
        "emission": 4.041013099186767e-07
    },
    "PLS-SKLEARN": {
        "MSE": 439.8743590351707,
        "MAE": 12.629858176076455,
        "R2": 0.06753701889199681,
        "emission": 6.848240509001352e-07
    },
    "XGBoost": {
        "MSE": 378.8867441534365,
        "MAE": 12.170673352906682,
        "R2": 0.19682096558083229,
        "emission": 1.790165525736964e-06
    },
    "CatBoost": {
        "MSE": 387.15541043647585,
        "MAE": 11.465256718112434,
        "R2": 0.17929272131357865,
        "emission": 3.7456598857543447e-06
    },
    "DNN": {
        "MSE": 402.37981199513,
        "MAE": 12.333645301805415,
        "R2": 0.14701943560966502,
        "emission": 1.6142082646273115e-05
    }
}