{
    "Linear-SVR": {
        "MSE": 231.2843874101806,
        "MAE": 7.771588630517742,
        "R2": -0.24707263032039828,
        "emission": 1.0897598306110837e-08
    },
    "RBF-SVR": {
        "MSE": 233.46958555908344,
        "MAE": 7.620384596598378,
        "R2": -0.2588550979302442,
        "emission": 1.5692613888741706e-08
    },
    "DecisionTree": {
        "MSE": 204.62930713460278,
        "MAE": 8.531278942541466,
        "R2": -0.10334991110496783,
        "emission": 9.115750504022978e-09
    },
    "ExtraTrees": {
        "MSE": 195.24470899530726,
        "MAE": 8.822744826692619,
        "R2": -0.052748676766933844,
        "emission": 5.801917417234612e-07
    },
    "RandomForest": {
        "MSE": 194.4609362046193,
        "MAE": 8.86225208506059,
        "R2": -0.04852261721055151,
        "emission": 1.8854734145688346e-06
    },
    "KNeighbors": {
        "MSE": 208.52524882629106,
        "MAE": 9.044413145539906,
        "R2": -0.12435661331877568,
        "emission": 8.366391932632369e-09
    },
    "PLS": {
        "MSE": 200.2888851417708,
        "MAE": 9.033919576922141,
        "R2": -0.07994659568055984,
        "emission": 3.8807968681796107e-07
    },
    "PLS-SKLEARN": {
        "MSE": 190.8281482576038,
        "MAE": 8.776279594139877,
        "R2": -0.02893482543952164,
        "emission": 9.17309902185935e-07
    },
    "XGBoost": {
        "MSE": 209.2879139723472,
        "MAE": 8.88317349786245,
        "R2": -0.1284688616222427,
        "emission": 1.8910155939731743e-06
    },
    "CatBoost": {
        "MSE": 190.66175557358392,
        "MAE": 8.573701760270572,
        "R2": -0.028037645286333346,
        "emission": 3.742445015688265e-06
    },
    "DNN": {
        "MSE": 187.9160179868126,
        "MAE": 8.826645794272983,
        "R2": -0.013232780017015111,
        "emission": 1.637630269415964e-05
    }
}