{
    "Linear-SVR": {
        "MSE": 340.4716795108042,
        "MAE": 12.523664091652893,
        "R2": -0.1317024083562386,
        "emission": 1.0490744520087935e-08
    },
    "RBF-SVR": {
        "MSE": 339.80249876501824,
        "MAE": 12.121996083213542,
        "R2": -0.12947810158652495,
        "emission": 1.7189921387277104e-08
    },
    "DecisionTree": {
        "MSE": 415.34808128729514,
        "MAE": 14.504598531359097,
        "R2": -0.3805859699530707,
        "emission": 1.004631686310709e-08
    },
    "ExtraTrees": {
        "MSE": 292.02133120342876,
        "MAE": 12.97219509124225,
        "R2": 0.02934292717339526,
        "emission": 6.302873177035049e-07
    },
    "RandomForest": {
        "MSE": 306.5386200155385,
        "MAE": 13.201847879691053,
        "R2": -0.018911455496768426,
        "emission": 1.978663820238129e-06
    },
    "KNeighbors": {
        "MSE": 297.0060863849765,
        "MAE": 12.752957746478874,
        "R2": 0.012773973620109125,
        "emission": 7.512303371847241e-09
    },
    "PLS": {
        "MSE": 334.6429776410338,
        "MAE": 13.832431071722906,
        "R2": -0.11232823910642753,
        "emission": 3.922807162498891e-07
    },
    "PLS-SKLEARN": {
        "MSE": 334.6429776410338,
        "MAE": 13.832431071722908,
        "R2": -0.11232823910642753,
        "emission": 9.101480914284609e-07
    },
    "XGBoost": {
        "MSE": 327.0454804310466,
        "MAE": 13.652515191623301,
        "R2": -0.08707472638438207,
        "emission": 1.9627874079762697e-06
    },
    "CatBoost": {
        "MSE": 304.2331436075717,
        "MAE": 13.622242251085186,
        "R2": -0.011248224278673113,
        "emission": 3.820475172900308e-06
    },
    "DNN": {
        "MSE": 366.55874731283615,
        "MAE": 13.486317519766622,
        "R2": -0.21841387140929158,
        "emission": 1.7017428417090625e-05
    }
}