{
    "Linear-SVR": {
        "MSE": 788.5953357785,
        "MAE": 18.050519548650094,
        "R2": -0.16918772913304347,
        "emission": 1.087858356431033e-08
    },
    "RBF-SVR": {
        "MSE": 860.5581238757262,
        "MAE": 18.69164299174404,
        "R2": -0.27588124478060605,
        "emission": 1.7820181928332637e-08
    },
    "DecisionTree": {
        "MSE": 687.8438751952515,
        "MAE": 17.84989578386294,
        "R2": -0.019811533178401675,
        "emission": 1.056970514835479e-08
    },
    "ExtraTrees": {
        "MSE": 571.8152645434225,
        "MAE": 17.479340687646076,
        "R2": 0.15221488093746594,
        "emission": 6.211371683996989e-07
    },
    "RandomForest": {
        "MSE": 578.0562998177015,
        "MAE": 17.599815160296707,
        "R2": 0.14296179316391233,
        "emission": 1.8897462633428746e-06
    },
    "KNeighbors": {
        "MSE": 600.7510272300469,
        "MAE": 17.940657276995307,
        "R2": 0.10931412166159626,
        "emission": 8.090749872721144e-09
    },
    "PLS": {
        "MSE": 640.1730071321388,
        "MAE": 18.923146946015425,
        "R2": 0.0508662802041604,
        "emission": 3.8153941715298163e-07
    },
    "PLS-SKLEARN": {
        "MSE": 631.7240145897172,
        "MAE": 18.838325926443293,
        "R2": 0.06339293101725951,
        "emission": 1.0387372916448932e-06
    },
    "XGBoost": {
        "MSE": 637.2476891728827,
        "MAE": 19.075734316959906,
        "R2": 0.055203417017679834,
        "emission": 4.5720839520495794e-06
    },
    "CatBoost": {
        "MSE": 548.0540987080681,
        "MAE": 17.147424289424173,
        "R2": 0.18744367606743728,
        "emission": 3.847222818961042e-06
    },
    "DNN": {
        "MSE": 618.5432324325427,
        "MAE": 18.58626130976028,
        "R2": 0.0829350308235316,
        "emission": 1.6289121994802518e-05
    }
}