{
    "Linear-SVR": {
        "MSE": 507.04814338596003,
        "MAE": 10.774491054429848,
        "R2": -0.07314016386385758,
        "emission": 1.310258547904735e-08
    },
    "RBF-SVR": {
        "MSE": 539.0903654014757,
        "MAE": 10.369822790799189,
        "R2": -0.14095580589475332,
        "emission": 1.860944610802533e-08
    },
    "DecisionTree": {
        "MSE": 675.4288807939456,
        "MAE": 15.250723466481952,
        "R2": -0.42950895150376955,
        "emission": 1.1144072317701457e-08
    },
    "ExtraTrees": {
        "MSE": 384.94145569637544,
        "MAE": 13.328693344021614,
        "R2": 0.1852920827489245,
        "emission": 6.295629829498382e-07
    },
    "RandomForest": {
        "MSE": 380.1034809470707,
        "MAE": 13.214669086927865,
        "R2": 0.19553139647674567,
        "emission": 1.9726671073112583e-06
    },
    "KNeighbors": {
        "MSE": 451.067855399061,
        "MAE": 13.706572769953052,
        "R2": 0.045339109173690106,
        "emission": 6.261264336129122e-09
    },
    "PLS": {
        "MSE": 436.32456110106693,
        "MAE": 14.87262644986589,
        "R2": 0.07654249974956129,
        "emission": 3.81008718390296e-07
    },
    "PLS-SKLEARN": {
        "MSE": 446.42164095968025,
        "MAE": 14.681594162850246,
        "R2": 0.05517257250426855,
        "emission": 1.136933028094145e-06
    },
    "XGBoost": {
        "MSE": 436.7271496448641,
        "MAE": 14.811338768434217,
        "R2": 0.07569044271810244,
        "emission": 2.4960214319046293e-06
    },
    "CatBoost": {
        "MSE": 393.65066049149834,
        "MAE": 13.356535857698006,
        "R2": 0.16685951853805858,
        "emission": 4.2269570290635844e-06
    },
    "DNN": {
        "MSE": 450.964262307337,
        "MAE": 14.401028582810516,
        "R2": 0.04555835838873601,
        "emission": 1.701937767947994e-05
    }
}