{
    "Linear-SVR": {
        "MSE": 414.8999107138248,
        "MAE": 15.918775232434104,
        "R2": -0.039321763190345305,
        "emission": 1.1408569208185597e-08
    },
    "RBF-SVR": {
        "MSE": 412.80739435864524,
        "MAE": 16.135463752211464,
        "R2": -0.03408002239549135,
        "emission": 1.6095406588474453e-08
    },
    "DecisionTree": {
        "MSE": 543.6480784700337,
        "MAE": 18.266316818018467,
        "R2": -0.3618351435612672,
        "emission": 1.2133600827421768e-08
    },
    "ExtraTrees": {
        "MSE": 370.14080446647546,
        "MAE": 15.208338528336276,
        "R2": 0.07279952684267532,
        "emission": 6.629777005639966e-07
    },
    "RandomForest": {
        "MSE": 373.4192653747037,
        "MAE": 15.217943132014108,
        "R2": 0.0645870021259839,
        "emission": 1.8719181158442682e-06
    },
    "KNeighbors": {
        "MSE": 412.44502347417847,
        "MAE": 15.437089201877935,
        "R2": -0.03317228552486906,
        "emission": 1.72852543472881e-08
    },
    "PLS": {
        "MSE": 390.06338562816745,
        "MAE": 15.806035075563198,
        "R2": 0.022893581708466115,
        "emission": 3.902545810676213e-07
    },
    "PLS-SKLEARN": {
        "MSE": 396.9235988563358,
        "MAE": 16.1972722112232,
        "R2": 0.005708789125853375,
        "emission": 1.0290992340377698e-06
    },
    "XGBoost": {
        "MSE": 412.5516057271867,
        "MAE": 15.65188071319195,
        "R2": -0.033439273423060634,
        "emission": 2.1162062960381657e-06
    },
    "CatBoost": {
        "MSE": 384.52542975960716,
        "MAE": 15.815559979962206,
        "R2": 0.03676612761448905,
        "emission": 4.142623835836591e-06
    },
    "DNN": {
        "MSE": 407.4648211182932,
        "MAE": 16.027757260497186,
        "R2": -0.020696908789650692,
        "emission": 1.7633276555321695e-05
    }
}