{
    "Linear-SVR": {
        "MSE": 423.81536198025725,
        "MAE": 13.494862721594334,
        "R2": -0.13381832224292967,
        "emission": 1.1690637288009794e-08
    },
    "RBF-SVR": {
        "MSE": 422.97765161113216,
        "MAE": 13.087472912215969,
        "R2": -0.13157722517460013,
        "emission": 1.893246460239231e-08
    },
    "DecisionTree": {
        "MSE": 448.1229028979897,
        "MAE": 14.806886668844875,
        "R2": -0.19884743098599267,
        "emission": 1.289161505453256e-08
    },
    "ExtraTrees": {
        "MSE": 378.410686167341,
        "MAE": 14.87803615484316,
        "R2": -0.012348791002617876,
        "emission": 6.269169521216337e-07
    },
    "RandomForest": {
        "MSE": 380.1531273169826,
        "MAE": 14.762192366890156,
        "R2": -0.017010282487170958,
        "emission": 2.0269472589139635e-06
    },
    "KNeighbors": {
        "MSE": 387.89185539906106,
        "MAE": 14.307136150234742,
        "R2": -0.03771342937009381,
        "emission": 9.180422564602231e-09
    },
    "PLS": {
        "MSE": 456.7037129669275,
        "MAE": 16.264557845386864,
        "R2": -0.22180337017231566,
        "emission": 3.8725322388222756e-07
    },
    "PLS-SKLEARN": {
        "MSE": 452.4191679162245,
        "MAE": 16.20958973105223,
        "R2": -0.2103410775874881,
        "emission": 9.74617865291231e-07
    },
    "XGBoost": {
        "MSE": 419.33450358231215,
        "MAE": 15.245824331031159,
        "R2": -0.12183083946923312,
        "emission": 2.1252762517007043e-06
    },
    "CatBoost": {
        "MSE": 372.4184841324594,
        "MAE": 14.834946646712059,
        "R2": 0.003681936213085435,
        "emission": 4.07611325871723e-06
    },
    "DNN": {
        "MSE": 409.07631225152363,
        "MAE": 15.691188136848487,
        "R2": -0.0943874612264608,
        "emission": 1.845785146642654e-05
    }
}