{
    "Linear-SVR": {
        "MSE": 707.4490215143381,
        "MAE": 16.83448584148201,
        "R2": -0.18966785494960203,
        "emission": 9.420236735195725e-09
    },
    "RBF-SVR": {
        "MSE": 768.1452887498838,
        "MAE": 17.108954317205058,
        "R2": -0.2917365494415285,
        "emission": 1.691347965476199e-08
    },
    "DecisionTree": {
        "MSE": 778.1477992095612,
        "MAE": 17.984922044438502,
        "R2": -0.3085570761519951,
        "emission": 1.0889403076453313e-08
    },
    "ExtraTrees": {
        "MSE": 517.3665995956653,
        "MAE": 16.061570308564054,
        "R2": 0.12998054411603954,
        "emission": 6.004924725009392e-07
    },
    "RandomForest": {
        "MSE": 525.5339413116803,
        "MAE": 16.113570947218445,
        "R2": 0.11624609314580092,
        "emission": 1.7854612304205803e-06
    },
    "KNeighbors": {
        "MSE": 562.4928713615024,
        "MAE": 16.63549295774648,
        "R2": 0.0540948289607347,
        "emission": 6.5354678603666945e-09
    },
    "PLS": {
        "MSE": 544.5435427410257,
        "MAE": 17.200342320749943,
        "R2": 0.08427896750403074,
        "emission": 3.6002603133027056e-07
    },
    "PLS-SKLEARN": {
        "MSE": 551.0541629817711,
        "MAE": 17.355967830594867,
        "R2": 0.07333050990404777,
        "emission": 7.496235055932891e-07
    },
    "XGBoost": {
        "MSE": 562.6586592615004,
        "MAE": 16.46989900837412,
        "R2": 0.05381603497082288,
        "emission": 1.7174337919495978e-06
    },
    "CatBoost": {
        "MSE": 513.1156773804604,
        "MAE": 15.819844293229831,
        "R2": 0.13712902458533927,
        "emission": 3.7252706129076062e-06
    },
    "DNN": {
        "MSE": 501.03957919072,
        "MAE": 16.47194786034,
        "R2": 0.15743655967641434,
        "emission": 1.556403279155939e-05
    }
}