{
    "Linear-SVR": {
        "MSE": 359.9938161126022,
        "MAE": 11.11443399839477,
        "R2": -0.1269203462308317,
        "emission": 9.917712732693147e-09
    },
    "RBF-SVR": {
        "MSE": 351.8282231230729,
        "MAE": 10.633975299744971,
        "R2": -0.10135887137465782,
        "emission": 1.7091664407014585e-08
    },
    "DecisionTree": {
        "MSE": 263.8799621262979,
        "MAE": 10.751188794688652,
        "R2": 0.17395331538214043,
        "emission": 8.997860460940711e-09
    },
    "ExtraTrees": {
        "MSE": 299.46533128569394,
        "MAE": 11.580411165883262,
        "R2": 0.0625573003980523,
        "emission": 6.28989348706207e-07
    },
    "RandomForest": {
        "MSE": 299.23821314640435,
        "MAE": 11.571876483506932,
        "R2": 0.06326826831113286,
        "emission": 1.9108147648682953e-06
    },
    "KNeighbors": {
        "MSE": 309.3168995305165,
        "MAE": 11.506760563380283,
        "R2": 0.03171806872108496,
        "emission": 1.0513041640705819e-08
    },
    "PLS": {
        "MSE": 305.08994843171376,
        "MAE": 11.785193140618706,
        "R2": 0.0449500660014871,
        "emission": 3.7013235574862314e-07
    },
    "PLS-SKLEARN": {
        "MSE": 305.08994843171376,
        "MAE": 11.785193140618706,
        "R2": 0.0449500660014871,
        "emission": 9.363997536988205e-07
    },
    "XGBoost": {
        "MSE": 290.7779017207969,
        "MAE": 11.744739353712735,
        "R2": 0.08975232624279483,
        "emission": 1.8549644801335791e-06
    },
    "CatBoost": {
        "MSE": 277.0054275045161,
        "MAE": 11.291357446311427,
        "R2": 0.13286551518549528,
        "emission": 3.7590860871550114e-06
    },
    "DNN": {
        "MSE": 301.92179056109416,
        "MAE": 12.100689166924203,
        "R2": 0.05486762959473479,
        "emission": 1.5385446106679997e-05
    }
}