{
    "Linear-SVR": {
        "MSE": 1333.3469658069923,
        "MAE": 24.513416955649877,
        "R2": -0.05300348610771444,
        "emission": 1.1746255707789457e-08
    },
    "RBF-SVR": {
        "MSE": 1646.437256364982,
        "MAE": 25.041810094784456,
        "R2": -0.3002648335878899,
        "emission": 1.6430236580895653e-08
    },
    "DecisionTree": {
        "MSE": 1646.5060834163853,
        "MAE": 28.77252204829669,
        "R2": -0.3003191893759365,
        "emission": 1.001075961603995e-08
    },
    "ExtraTrees": {
        "MSE": 875.2748015042506,
        "MAE": 23.64234692930452,
        "R2": 0.3087565045543975,
        "emission": 6.306495026304466e-07
    },
    "RandomForest": {
        "MSE": 885.6227926704626,
        "MAE": 23.95722108250759,
        "R2": 0.3005842350314095,
        "emission": 1.7854336563836193e-06
    },
    "KNeighbors": {
        "MSE": 929.3326985915492,
        "MAE": 22.421596244131457,
        "R2": 0.2660645754884132,
        "emission": 6.940207749559828e-09
    },
    "PLS": {
        "MSE": 1296.5826951940026,
        "MAE": 27.692197714620406,
        "R2": -0.02396910412578568,
        "emission": 3.726653462819033e-07
    },
    "PLS-SKLEARN": {
        "MSE": 1328.800181504914,
        "MAE": 27.891744798355834,
        "R2": -0.04941268803080834,
        "emission": 7.989461936780295e-07
    },
    "XGBoost": {
        "MSE": 867.2768712296255,
        "MAE": 22.17343772574909,
        "R2": 0.3150728263196999,
        "emission": 1.6877531457336948e-06
    },
    "CatBoost": {
        "MSE": 762.947811571128,
        "MAE": 20.60822902631102,
        "R2": 0.39746613154333077,
        "emission": 3.779620222502825e-06
    },
    "DNN": {
        "MSE": 1042.3252643548985,
        "MAE": 22.414383439144267,
        "R2": 0.17682931362163434,
        "emission": 1.6443849279973043e-05
    }
}