{
    "Linear-SVR": {
        "MSE": 430.3444330544366,
        "MAE": 9.973831133430958,
        "R2": -0.0936710194451893,
        "emission": 1.256042419906661e-08
    },
    "RBF-SVR": {
        "MSE": 459.9459728598346,
        "MAE": 9.816426757748802,
        "R2": -0.16889993779399903,
        "emission": 1.50854988756376e-08
    },
    "DecisionTree": {
        "MSE": 644.2069713295976,
        "MAE": 13.994302241747294,
        "R2": -0.6371781321000998,
        "emission": 1.025627087175367e-08
    },
    "ExtraTrees": {
        "MSE": 319.8136412499879,
        "MAE": 11.807130193205131,
        "R2": 0.18723031090283004,
        "emission": 5.988978668721676e-07
    },
    "RandomForest": {
        "MSE": 356.567836280611,
        "MAE": 12.345049991341332,
        "R2": 0.09382373965308832,
        "emission": 1.9363743426996692e-06
    },
    "KNeighbors": {
        "MSE": 310.67719812206565,
        "MAE": 10.892206572769952,
        "R2": 0.21044953323340843,
        "emission": 8.79101905243343e-09
    },
    "PLS": {
        "MSE": 425.3057297365363,
        "MAE": 14.186343368223179,
        "R2": -0.08086573286286525,
        "emission": 3.6595198728580175e-07
    },
    "PLS-SKLEARN": {
        "MSE": 410.331028489059,
        "MAE": 14.031988315121406,
        "R2": -0.04280924712428025,
        "emission": 6.115514873495695e-07
    },
    "XGBoost": {
        "MSE": 378.8104430609558,
        "MAE": 12.899552635582682,
        "R2": 0.03729670557501308,
        "emission": 1.8837291613522504e-06
    },
    "CatBoost": {
        "MSE": 323.0218962129815,
        "MAE": 11.756526999753987,
        "R2": 0.1790768988762974,
        "emission": 3.735135396605556e-06
    },
    "DNN": {
        "MSE": 306.91481947532645,
        "MAE": 11.744615191983785,
        "R2": 0.2200111870484993,
        "emission": 1.5599214673376366e-05
    }
}