{
    "Linear-SVR": {
        "MSE": 318.74500376250506,
        "MAE": 7.464978910956634,
        "R2": -0.06969781225705707,
        "emission": 1.1377798753156203e-08
    },
    "RBF-SVR": {
        "MSE": 338.1331715914528,
        "MAE": 7.286692091998339,
        "R2": -0.13476386965556264,
        "emission": 1.6277991846431186e-08
    },
    "DecisionTree": {
        "MSE": 426.58855165757524,
        "MAE": 10.286334061536094,
        "R2": -0.4316172333857715,
        "emission": 9.603951159364457e-09
    },
    "ExtraTrees": {
        "MSE": 285.95022855074455,
        "MAE": 9.894155115332834,
        "R2": 0.04036038123111574,
        "emission": 5.935534963767021e-07
    },
    "RandomForest": {
        "MSE": 262.3103566388784,
        "MAE": 9.684014090505965,
        "R2": 0.11969501853574283,
        "emission": 1.976621009587279e-06
    },
    "KNeighbors": {
        "MSE": 295.7259192488263,
        "MAE": 9.056901408450704,
        "R2": 0.0075534828339532956,
        "emission": 7.4497532062006555e-09
    },
    "PLS": {
        "MSE": 262.1036566652506,
        "MAE": 9.966466118977975,
        "R2": 0.12038869688982912,
        "emission": 4.0986498374454605e-07
    },
    "PLS-SKLEARN": {
        "MSE": 262.1036566652506,
        "MAE": 9.966466118977978,
        "R2": 0.12038869688982912,
        "emission": 1.0123503802065325e-06
    },
    "XGBoost": {
        "MSE": 302.8004070417309,
        "MAE": 10.23113658138389,
        "R2": -0.016188266920806438,
        "emission": 1.7896820335777122e-06
    },
    "CatBoost": {
        "MSE": 274.722571606966,
        "MAE": 9.570860326938016,
        "R2": 0.07804003088134648,
        "emission": 3.7912071706824246e-06
    },
    "DNN": {
        "MSE": 251.50248888942355,
        "MAE": 10.293044332607252,
        "R2": 0.15596586937351653,
        "emission": 1.7133714252216593e-05
    }
}