{
    "Linear-SVR": {
        "MSE": 298.9117960415102,
        "MAE": 8.342110647148372,
        "R2": -0.10450131931375028,
        "emission": 1.3223833639758014e-08
    },
    "RBF-SVR": {
        "MSE": 319.97212412252117,
        "MAE": 8.22959372589672,
        "R2": -0.18232079803190304,
        "emission": 1.5898808567455033e-08
    },
    "DecisionTree": {
        "MSE": 316.8365285171139,
        "MAE": 10.142156135990351,
        "R2": -0.17073453904557034,
        "emission": 1.2423490177614185e-08
    },
    "ExtraTrees": {
        "MSE": 259.3821995426628,
        "MAE": 10.218948053819455,
        "R2": 0.041563479945138426,
        "emission": 6.0722230132287e-07
    },
    "RandomForest": {
        "MSE": 246.41805418794485,
        "MAE": 10.201892757572093,
        "R2": 0.08946696129879084,
        "emission": 1.9953188342906595e-06
    },
    "KNeighbors": {
        "MSE": 244.0710366197183,
        "MAE": 9.283286384976526,
        "R2": 0.09813936578362015,
        "emission": 7.959800899662554e-09
    },
    "PLS": {
        "MSE": 251.5486511225823,
        "MAE": 10.493753260982201,
        "R2": 0.07050902401354842,
        "emission": 3.9867327001759437e-07
    },
    "PLS-SKLEARN": {
        "MSE": 251.54865112258236,
        "MAE": 10.493753260982205,
        "R2": 0.07050902401354808,
        "emission": 7.248842704047805e-07
    },
    "XGBoost": {
        "MSE": 213.99891244938541,
        "MAE": 9.44439470238389,
        "R2": 0.20925810134562195,
        "emission": 1.944977503526574e-06
    },
    "CatBoost": {
        "MSE": 191.71684424423736,
        "MAE": 9.16955175635679,
        "R2": 0.291592000695005,
        "emission": 3.7672809445497035e-06
    },
    "DNN": {
        "MSE": 202.1741781547259,
        "MAE": 8.924617319263762,
        "R2": 0.2529513740834174,
        "emission": 1.792203126131673e-05
    }
}