{
    "Linear-SVR": {
        "MSE": 691.689195310534,
        "MAE": 15.673528463622738,
        "R2": -0.03478089943956508,
        "emission": 1.163709735483728e-08
    },
    "RBF-SVR": {
        "MSE": 769.8276069688734,
        "MAE": 16.12065631395722,
        "R2": -0.15167752937795087,
        "emission": 1.89743119205761e-08
    },
    "DecisionTree": {
        "MSE": 590.7044978936523,
        "MAE": 15.072801722806735,
        "R2": 0.11629423189273691,
        "emission": 1.1052770803250892e-08
    },
    "ExtraTrees": {
        "MSE": 426.31694441616423,
        "MAE": 14.053290361188177,
        "R2": 0.36222130665026,
        "emission": 6.001422512555445e-07
    },
    "RandomForest": {
        "MSE": 461.57309586185556,
        "MAE": 14.746616944974424,
        "R2": 0.30947739746230274,
        "emission": 1.8256765595158197e-06
    },
    "KNeighbors": {
        "MSE": 527.8869953051643,
        "MAE": 14.844976525821597,
        "R2": 0.21027047479165917,
        "emission": 1.6466017030007646e-08
    },
    "PLS": {
        "MSE": 468.51163206166973,
        "MAE": 15.985275373785816,
        "R2": 0.2990972082410236,
        "emission": 3.6014828478660893e-07
    },
    "PLS-SKLEARN": {
        "MSE": 456.27169604379344,
        "MAE": 16.01514146828628,
        "R2": 0.3174083978439991,
        "emission": 8.293164113144828e-07
    },
    "XGBoost": {
        "MSE": 498.5893403873727,
        "MAE": 15.036197730730956,
        "R2": 0.25410035375007156,
        "emission": 1.8969587713070205e-06
    },
    "CatBoost": {
        "MSE": 424.8387627240773,
        "MAE": 13.830409798298268,
        "R2": 0.3644326960882375,
        "emission": 3.7275704688730446e-06
    },
    "DNN": {
        "MSE": 406.85833306575904,
        "MAE": 13.67545598580069,
        "R2": 0.39133177923177465,
        "emission": 1.600894792198769e-05
    }
}