{
    "Linear-SVR": {
        "MSE": 288.0735505979818,
        "MAE": 6.629044418917562,
        "R2": -0.11796167978358407,
        "emission": 1.3533276199972829e-08
    },
    "RBF-SVR": {
        "MSE": 290.2439017422354,
        "MAE": 6.597043214359399,
        "R2": -0.12638442253769422,
        "emission": 1.4162620642532324e-08
    },
    "DecisionTree": {
        "MSE": 280.6780172341631,
        "MAE": 8.358381870168378,
        "R2": -0.08926094385990146,
        "emission": 9.813662051710871e-09
    },
    "ExtraTrees": {
        "MSE": 237.87643861106204,
        "MAE": 8.589923203425776,
        "R2": 0.07684429084680211,
        "emission": 6.12494196357409e-07
    },
    "RandomForest": {
        "MSE": 233.89035664785084,
        "MAE": 8.537162859912232,
        "R2": 0.09231355860184709,
        "emission": 1.9203442974256003e-06
    },
    "KNeighbors": {
        "MSE": 267.4140845070422,
        "MAE": 8.324882629107982,
        "R2": -0.03778600462522541,
        "emission": 7.790838204897807e-09
    },
    "PLS": {
        "MSE": 254.87369303884978,
        "MAE": 9.00709935622257,
        "R2": 0.0108810010121273,
        "emission": 3.941671190685944e-07
    },
    "PLS-SKLEARN": {
        "MSE": 254.87369303884978,
        "MAE": 9.007099356222573,
        "R2": 0.0108810010121273,
        "emission": 9.103085793887145e-07
    },
    "XGBoost": {
        "MSE": 242.86011321688807,
        "MAE": 8.73985644522967,
        "R2": 0.057503545324491534,
        "emission": 2.0258503727332878e-06
    },
    "CatBoost": {
        "MSE": 221.2531851779527,
        "MAE": 7.962900685794589,
        "R2": 0.14135615003335444,
        "emission": 3.866682794284367e-06
    },
    "DNN": {
        "MSE": 257.1962237603905,
        "MAE": 8.079591671821657,
        "R2": 0.0018676766669631917,
        "emission": 1.6514359508135516e-05
    }
}