{
    "Linear-SVR": {
        "MSE": 440.2905281741475,
        "MAE": 11.895865420386114,
        "R2": -0.20864032270073762,
        "emission": 1.0881086876464172e-08
    },
    "RBF-SVR": {
        "MSE": 470.7571908057406,
        "MAE": 11.9288998103953,
        "R2": -0.29227427482631807,
        "emission": 1.6964781390011665e-08
    },
    "DecisionTree": {
        "MSE": 478.885662075694,
        "MAE": 13.048522564950103,
        "R2": -0.3145877190412578,
        "emission": 1.005255700832719e-08
    },
    "ExtraTrees": {
        "MSE": 372.7627947980694,
        "MAE": 12.39791544094574,
        "R2": -0.023270126804471047,
        "emission": 6.197441992236667e-07
    },
    "RandomForest": {
        "MSE": 389.31212060706196,
        "MAE": 12.817107480254972,
        "R2": -0.06869963574532423,
        "emission": 1.9522642339442754e-06
    },
    "KNeighbors": {
        "MSE": 427.3684394366197,
        "MAE": 13.151549295774647,
        "R2": -0.17316793230782945,
        "emission": 6.909065738854357e-09
    },
    "PLS": {
        "MSE": 433.13640902551714,
        "MAE": 14.769671250232,
        "R2": -0.1890015698247729,
        "emission": 3.8663320282622223e-07
    },
    "PLS-SKLEARN": {
        "MSE": 433.2987102186499,
        "MAE": 14.7007532846324,
        "R2": -0.18944710238541207,
        "emission": 9.131900395034896e-07
    },
    "XGBoost": {
        "MSE": 434.3907011722036,
        "MAE": 14.246034749789697,
        "R2": -0.19244472376046784,
        "emission": 1.9811020332397133e-06
    },
    "CatBoost": {
        "MSE": 372.26121261087985,
        "MAE": 12.202444083973829,
        "R2": -0.021893234916517512,
        "emission": 3.772831920647677e-06
    },
    "DNN": {
        "MSE": 414.8975410632555,
        "MAE": 13.580258567036598,
        "R2": -0.13893410334753598,
        "emission": 1.6447779818448365e-05
    }
}