{
    "Linear-SVR": {
        "MSE": 698.3548962348345,
        "MAE": 18.666958577369147,
        "R2": 0.021276005103935902,
        "emission": 1.2322167771548137e-08
    },
    "RBF-SVR": {
        "MSE": 750.2341481231272,
        "MAE": 19.346027636067053,
        "R2": -0.0514312515274471,
        "emission": 1.6178573594125617e-08
    },
    "DecisionTree": {
        "MSE": 699.542942190097,
        "MAE": 19.338081322935533,
        "R2": 0.019610993388941567,
        "emission": 9.842983611885244e-09
    },
    "ExtraTrees": {
        "MSE": 506.5722765676935,
        "MAE": 17.511560060239518,
        "R2": 0.29005374645614723,
        "emission": 6.163491120195565e-07
    },
    "RandomForest": {
        "MSE": 526.2809318148325,
        "MAE": 18.250834705123577,
        "R2": 0.26243264162605706,
        "emission": 1.770427923289734e-06
    },
    "KNeighbors": {
        "MSE": 592.3755117370891,
        "MAE": 18.656525821596244,
        "R2": 0.1698030178470098,
        "emission": 8.021807397063355e-09
    },
    "PLS": {
        "MSE": 552.4966132509978,
        "MAE": 18.55611644516839,
        "R2": 0.22569212959920593,
        "emission": 3.6384526287688745e-07
    },
    "PLS-SKLEARN": {
        "MSE": 664.4930217992058,
        "MAE": 20.120626450118035,
        "R2": 0.06873243334835544,
        "emission": 9.421189025085602e-07
    },
    "XGBoost": {
        "MSE": 585.8287873688718,
        "MAE": 18.774197972186364,
        "R2": 0.17897806088270807,
        "emission": 1.9240923436977715e-06
    },
    "CatBoost": {
        "MSE": 513.7394761914112,
        "MAE": 17.73074595964661,
        "R2": 0.2800091254679331,
        "emission": 3.766426103319379e-06
    },
    "DNN": {
        "MSE": 671.3997582296429,
        "MAE": 19.68126102516891,
        "R2": 0.05905284391991894,
        "emission": 1.640968949528344e-05
    }
}