{
    "Linear-SVR": {
        "MSE": 610.5178581590369,
        "MAE": 13.641059499197027,
        "R2": -0.10341601322732363,
        "emission": 1.157404654960639e-08
    },
    "RBF-SVR": {
        "MSE": 661.1972923952933,
        "MAE": 13.735097746504445,
        "R2": -0.19501120332742938,
        "emission": 1.983056849378086e-08
    },
    "DecisionTree": {
        "MSE": 599.4552557483353,
        "MAE": 14.897640293525171,
        "R2": -0.08342208105186955,
        "emission": 1.0531595982262662e-08
    },
    "ExtraTrees": {
        "MSE": 478.40128228738683,
        "MAE": 14.242200372638566,
        "R2": 0.1353641362495921,
        "emission": 6.342259670375567e-07
    },
    "RandomForest": {
        "MSE": 460.04481463297765,
        "MAE": 14.328249263670584,
        "R2": 0.16854059470281602,
        "emission": 1.8519385766169119e-06
    },
    "KNeighbors": {
        "MSE": 425.91629671361505,
        "MAE": 13.255399061032865,
        "R2": 0.23022257939282098,
        "emission": 7.502318489281171e-09
    },
    "PLS": {
        "MSE": 508.81114683500977,
        "MAE": 15.564962516514441,
        "R2": 0.08040303879193156,
        "emission": 3.660691185660608e-07
    },
    "PLS-SKLEARN": {
        "MSE": 509.9004659537519,
        "MAE": 15.539196300522502,
        "R2": 0.07843426401643327,
        "emission": 8.714795186432303e-07
    },
    "XGBoost": {
        "MSE": 447.67026976512676,
        "MAE": 14.069461305387005,
        "R2": 0.1909056586908865,
        "emission": 1.8262866379539398e-06
    },
    "CatBoost": {
        "MSE": 393.1559774484343,
        "MAE": 13.380836895404117,
        "R2": 0.28943175794927123,
        "emission": 3.8010212057548087e-06
    },
    "DNN": {
        "MSE": 403.09432505728245,
        "MAE": 13.676908091997879,
        "R2": 0.27146974135947,
        "emission": 1.636329650193451e-05
    }
}