{
    "Linear-SVR": {
        "MSE": 542.0265910048624,
        "MAE": 8.449359248353495,
        "R2": -0.09265394192156973,
        "emission": 1.3200009215255355e-08
    },
    "RBF-SVR": {
        "MSE": 539.2953662988725,
        "MAE": 8.0078661803026,
        "R2": -0.08714815403071952,
        "emission": 1.6000774817136045e-08
    },
    "DecisionTree": {
        "MSE": 571.9550364438924,
        "MAE": 11.67171882403944,
        "R2": -0.1529857308544993,
        "emission": 9.876745488724266e-09
    },
    "ExtraTrees": {
        "MSE": 426.07488969545864,
        "MAE": 11.283068843510044,
        "R2": 0.14108935704343606,
        "emission": 6.301509186497032e-07
    },
    "RandomForest": {
        "MSE": 436.43924581306993,
        "MAE": 11.513294937969288,
        "R2": 0.12019618546232935,
        "emission": 1.9277051589781202e-06
    },
    "KNeighbors": {
        "MSE": 419.040544600939,
        "MAE": 9.96319248826291,
        "R2": 0.15526966668860365,
        "emission": 7.426485560922733e-09
    },
    "PLS": {
        "MSE": 435.9466238673136,
        "MAE": 12.796270867491026,
        "R2": 0.12118924617160176,
        "emission": 3.706185639635119e-07
    },
    "PLS-SKLEARN": {
        "MSE": 427.3642744097592,
        "MAE": 12.43388999797275,
        "R2": 0.13849012793897075,
        "emission": 9.96989584555368e-07
    },
    "XGBoost": {
        "MSE": 454.89549110737215,
        "MAE": 11.706544942330098,
        "R2": 0.08299083519251238,
        "emission": 2.0446264220554233e-06
    },
    "CatBoost": {
        "MSE": 409.0946127921123,
        "MAE": 10.700694344520036,
        "R2": 0.17531935018632727,
        "emission": 3.87856450675184e-06
    },
    "DNN": {
        "MSE": 443.0257504200874,
        "MAE": 10.265791822638485,
        "R2": 0.10691866302749808,
        "emission": 1.7043391358851497e-05
    }
}