{
    "Linear-SVR": {
        "MSE": 314.64667598711884,
        "MAE": 10.558672682817045,
        "R2": -0.12023227695256589,
        "emission": 1.2895592614668382e-08
    },
    "RBF-SVR": {
        "MSE": 348.27667220382887,
        "MAE": 10.912016377079214,
        "R2": -0.23996469464794168,
        "emission": 1.5123989348073334e-08
    },
    "DecisionTree": {
        "MSE": 281.59458068773773,
        "MAE": 10.982817255476844,
        "R2": -0.0025573520256783056,
        "emission": 1.1359019200509835e-08
    },
    "ExtraTrees": {
        "MSE": 231.5624285684792,
        "MAE": 10.477157193077602,
        "R2": 0.17557143803243946,
        "emission": 6.365973921777092e-07
    },
    "RandomForest": {
        "MSE": 247.30875869463216,
        "MAE": 10.773695391539786,
        "R2": 0.11950999325306011,
        "emission": 1.912433050498062e-06
    },
    "KNeighbors": {
        "MSE": 261.8446948356808,
        "MAE": 11.272300469483568,
        "R2": 0.06775789770068041,
        "emission": 7.449539455678699e-09
    },
    "PLS": {
        "MSE": 263.3830336890587,
        "MAE": 11.269141368663579,
        "R2": 0.06228097082377093,
        "emission": 3.689837165281917e-07
    },
    "PLS-SKLEARN": {
        "MSE": 285.79961418177646,
        "MAE": 11.750792304841713,
        "R2": -0.017528475527652576,
        "emission": 9.232182372073837e-07
    },
    "XGBoost": {
        "MSE": 275.0340896523354,
        "MAE": 11.444609889367097,
        "R2": 0.020799874893879133,
        "emission": 1.9109019720722406e-06
    },
    "CatBoost": {
        "MSE": 242.40821917575832,
        "MAE": 10.544634310860802,
        "R2": 0.13695731738671413,
        "emission": 3.876738909019873e-06
    },
    "DNN": {
        "MSE": 255.44502744905165,
        "MAE": 11.631196535424168,
        "R2": 0.09054254637294601,
        "emission": 1.6532431346141755e-05
    }
}