{
    "Linear-SVR": {
        "MSE": 420.4520370440934,
        "MAE": 13.215512751634328,
        "R2": -0.012705856295640139,
        "emission": 1.0240941219415168e-08
    },
    "RBF-SVR": {
        "MSE": 434.5861203640467,
        "MAE": 12.93848659152322,
        "R2": -0.04674938014705643,
        "emission": 1.540400336946543e-08
    },
    "DecisionTree": {
        "MSE": 614.4118439096839,
        "MAE": 15.422920597311805,
        "R2": -0.47987979052052165,
        "emission": 1.2015256508248135e-08
    },
    "ExtraTrees": {
        "MSE": 358.97707331806373,
        "MAE": 13.932687258822918,
        "R2": 0.13536348407096022,
        "emission": 6.227843987690882e-07
    },
    "RandomForest": {
        "MSE": 369.68462810693774,
        "MAE": 14.208541397949702,
        "R2": 0.10957313823857218,
        "emission": 1.888158807956981e-06
    },
    "KNeighbors": {
        "MSE": 392.9642215962441,
        "MAE": 14.118497652582162,
        "R2": 0.053501628097856635,
        "emission": 7.633383885329963e-09
    },
    "PLS": {
        "MSE": 450.25600239335415,
        "MAE": 15.949034691758456,
        "R2": -0.08449204732523286,
        "emission": 3.8762621555121026e-07
    },
    "PLS-SKLEARN": {
        "MSE": 453.85202846712673,
        "MAE": 16.18703502215631,
        "R2": -0.09315347917344963,
        "emission": 7.623287840031386e-07
    },
    "XGBoost": {
        "MSE": 495.18054836953115,
        "MAE": 16.469761203929014,
        "R2": -0.19269785153858243,
        "emission": 2.022349298030281e-06
    },
    "CatBoost": {
        "MSE": 363.7532948409271,
        "MAE": 13.766033022572431,
        "R2": 0.12385941920502697,
        "emission": 3.868643259126425e-06
    },
    "DNN": {
        "MSE": 417.23709792038835,
        "MAE": 15.367365821958149,
        "R2": -0.0049623150796211934,
        "emission": 1.6150076529189242e-05
    }
}