{
    "Linear-SVR": {
        "MSE": 485.3141581790886,
        "MAE": 13.409258347621634,
        "R2": -0.013119738593505792,
        "emission": 1.0834061643199383e-08
    },
    "RBF-SVR": {
        "MSE": 528.2271498022141,
        "MAE": 13.545104915416001,
        "R2": -0.10270294592998486,
        "emission": 1.4797410223468479e-08
    },
    "DecisionTree": {
        "MSE": 587.6330138412073,
        "MAE": 15.785668267053838,
        "R2": -0.2267159227446791,
        "emission": 9.580243523962935e-09
    },
    "ExtraTrees": {
        "MSE": 430.0377056941141,
        "MAE": 14.772223506421472,
        "R2": 0.10227286668731583,
        "emission": 6.190447482940677e-07
    },
    "RandomForest": {
        "MSE": 407.90842367692244,
        "MAE": 14.325450319996643,
        "R2": 0.14846894820415868,
        "emission": 1.9071219245880567e-06
    },
    "KNeighbors": {
        "MSE": 479.99131267605634,
        "MAE": 14.220845070422534,
        "R2": -0.0020080086888205617,
        "emission": 1.1071234661463613e-08
    },
    "PLS": {
        "MSE": 509.7660501628518,
        "MAE": 16.710515508245273,
        "R2": -0.06416439492015114,
        "emission": 3.810365031067355e-07
    },
    "PLS-SKLEARN": {
        "MSE": 478.10887781099234,
        "MAE": 16.031166293810497,
        "R2": 0.0019216766217596826,
        "emission": 9.475200674214048e-07
    },
    "XGBoost": {
        "MSE": 456.07337123993796,
        "MAE": 15.001310180159102,
        "R2": 0.04792199678716458,
        "emission": 2.0193766510680106e-06
    },
    "CatBoost": {
        "MSE": 441.08295063162393,
        "MAE": 14.492962023227372,
        "R2": 0.07921531628372369,
        "emission": 3.878362944670071e-06
    },
    "DNN": {
        "MSE": 452.262122990358,
        "MAE": 15.088987147605195,
        "R2": 0.055878185093759525,
        "emission": 1.7133593421330514e-05
    }
}