{
    "Linear-SVR": {
        "MSE": 328.5685255484881,
        "MAE": 11.731501526135261,
        "R2": -0.22935688237762242,
        "emission": 1.1500905071023361e-08
    },
    "RBF-SVR": {
        "MSE": 361.4199804623338,
        "MAE": 11.880491774619852,
        "R2": -0.3522723750500767,
        "emission": 1.5806113308344496e-08
    },
    "DecisionTree": {
        "MSE": 625.1319188719398,
        "MAE": 16.59183466813956,
        "R2": -1.3389648341278404,
        "emission": 1.2015464849056186e-08
    },
    "ExtraTrees": {
        "MSE": 260.0762446961235,
        "MAE": 12.516049599283537,
        "R2": 0.026910685293491943,
        "emission": 6.304538705963412e-07
    },
    "RandomForest": {
        "MSE": 264.8939729788675,
        "MAE": 12.780704341450365,
        "R2": 0.00888489474666554,
        "emission": 1.9021990995734548e-06
    },
    "KNeighbors": {
        "MSE": 274.9360093896713,
        "MAE": 12.560093896713616,
        "R2": -0.028687926795203378,
        "emission": 1.4489857357829979e-08
    },
    "PLS": {
        "MSE": 284.992569938228,
        "MAE": 12.99314355880715,
        "R2": -0.06631509118283696,
        "emission": 3.820872720513433e-07
    },
    "PLS-SKLEARN": {
        "MSE": 279.6995949412259,
        "MAE": 12.950193892072571,
        "R2": -0.04651113938935669,
        "emission": 8.033682008427077e-07
    },
    "XGBoost": {
        "MSE": 295.5153641060356,
        "MAE": 13.253200448404105,
        "R2": -0.10568669383541174,
        "emission": 2.0420188035587565e-06
    },
    "CatBoost": {
        "MSE": 265.1405840456676,
        "MAE": 12.714335666873412,
        "R2": 0.00796218612223154,
        "emission": 3.8932164628959254e-06
    },
    "DNN": {
        "MSE": 281.8435076220913,
        "MAE": 13.43512229561246,
        "R2": -0.054532704464827164,
        "emission": 1.6407623773931122e-05
    }
}