{
    "Linear-SVR": {
        "MSE": 113.72942308255276,
        "MAE": 4.223983781200307,
        "R2": -0.15054878409973615,
        "emission": 1.4056910451033688e-08
    },
    "RBF-SVR": {
        "MSE": 112.93960162489647,
        "MAE": 4.1366597974450485,
        "R2": -0.1425585200754238,
        "emission": 1.5320140064706454e-08
    },
    "DecisionTree": {
        "MSE": 231.39198786754142,
        "MAE": 7.197053621038572,
        "R2": -1.3408873717593202,
        "emission": 1.1651318977902874e-08
    },
    "ExtraTrees": {
        "MSE": 103.68137250665116,
        "MAE": 5.922269369024229,
        "R2": -0.048897232027018456,
        "emission": 6.068930858023686e-07
    },
    "RandomForest": {
        "MSE": 103.42569536683122,
        "MAE": 6.041705503721086,
        "R2": -0.04631066283174179,
        "emission": 1.9472717977452785e-06
    },
    "KNeighbors": {
        "MSE": 118.05352112676057,
        "MAE": 5.916431924882629,
        "R2": -0.19429371493861036,
        "emission": 8.287063396915131e-09
    },
    "PLS": {
        "MSE": 102.4209244713361,
        "MAE": 6.000065744444259,
        "R2": -0.03614585322682906,
        "emission": 3.8385858819990254e-07
    },
    "PLS-SKLEARN": {
        "MSE": 102.42092447133608,
        "MAE": 6.000065744444258,
        "R2": -0.03614585322682884,
        "emission": 8.890076088111847e-07
    },
    "XGBoost": {
        "MSE": 135.6232491276071,
        "MAE": 6.889403494608374,
        "R2": -0.37203865235611344,
        "emission": 2.0117498727586343e-06
    },
    "CatBoost": {
        "MSE": 99.10051323291978,
        "MAE": 6.168854233552066,
        "R2": -0.002554764751000249,
        "emission": 3.874954065345409e-06
    },
    "DNN": {
        "MSE": 100.10704848465379,
        "MAE": 5.918701963245589,
        "R2": -0.012737423544542992,
        "emission": 1.587973181964771e-05
    }
}