{
    "Linear-SVR": {
        "MSE": 321.27784850260576,
        "MAE": 8.968845372428612,
        "R2": -0.24762452435047555,
        "emission": 1.3489143220088942e-08
    },
    "RBF-SVR": {
        "MSE": 322.55508889279815,
        "MAE": 8.747430186365577,
        "R2": -0.2525844568255031,
        "emission": 1.870593698049565e-08
    },
    "DecisionTree": {
        "MSE": 374.8509344625755,
        "MAE": 12.45393707272877,
        "R2": -0.4556659321235741,
        "emission": 1.1963686072325031e-08
    },
    "ExtraTrees": {
        "MSE": 250.55947227247094,
        "MAE": 11.339457830650694,
        "R2": 0.026997522946521024,
        "emission": 6.234322165756133e-07
    },
    "RandomForest": {
        "MSE": 244.81932095809165,
        "MAE": 11.165222166505176,
        "R2": 0.04928836430604955,
        "emission": 1.914228859961918e-06
    },
    "KNeighbors": {
        "MSE": 269.5742723004695,
        "MAE": 11.011267605633803,
        "R2": -0.04684302021921405,
        "emission": 1.905997293236499e-08
    },
    "PLS": {
        "MSE": 251.04311117396495,
        "MAE": 11.617919505417555,
        "R2": 0.025119398583929198,
        "emission": 3.7687686890262916e-07
    },
    "PLS-SKLEARN": {
        "MSE": 251.04311117396497,
        "MAE": 11.617919505417555,
        "R2": 0.025119398583929087,
        "emission": 1.2273131147864703e-06
    },
    "XGBoost": {
        "MSE": 307.28740374244467,
        "MAE": 12.610632306288386,
        "R2": -0.19329515782022755,
        "emission": 1.9812484288283297e-06
    },
    "CatBoost": {
        "MSE": 256.89336899858654,
        "MAE": 11.608047573709106,
        "R2": 0.002400978469409565,
        "emission": 3.9382677653460535e-06
    },
    "DNN": {
        "MSE": 254.85387363694645,
        "MAE": 11.833403111623486,
        "R2": 0.010320990516118123,
        "emission": 1.604118619889507e-05
    }
}