{
    "Linear-SVR": {
        "MSE": 349.5167510491794,
        "MAE": 8.42502650347805,
        "R2": -0.21648584491285683,
        "emission": 1.5676110975004792e-08
    },
    "RBF-SVR": {
        "MSE": 349.801780924824,
        "MAE": 8.457477917770975,
        "R2": -0.217477885517658,
        "emission": 1.561252568768533e-08
    },
    "DecisionTree": {
        "MSE": 501.6742113718028,
        "MAE": 12.032185515051092,
        "R2": -0.7460667480447831,
        "emission": 1.1570815687600631e-08
    },
    "ExtraTrees": {
        "MSE": 259.2330426946488,
        "MAE": 10.411137940504792,
        "R2": 0.09774474034476766,
        "emission": 6.278758397512389e-07
    },
    "RandomForest": {
        "MSE": 266.0182701927658,
        "MAE": 10.738597091176704,
        "R2": 0.07412889595048466,
        "emission": 2.0229116236499534e-06
    },
    "KNeighbors": {
        "MSE": 324.4794948356808,
        "MAE": 11.276713615023475,
        "R2": -0.12934419093561456,
        "emission": 6.830670337988277e-09
    },
    "PLS": {
        "MSE": 275.7654401122465,
        "MAE": 10.691799872591142,
        "R2": 0.04020407203456233,
        "emission": 3.8943749155421543e-07
    },
    "PLS-SKLEARN": {
        "MSE": 288.22568075331225,
        "MAE": 11.269266054773075,
        "R2": -0.0031635385837098795,
        "emission": 1.0311970980333115e-06
    },
    "XGBoost": {
        "MSE": 403.1382090444938,
        "MAE": 13.640723900799967,
        "R2": -0.40311422377905637,
        "emission": 2.2127641359245414e-06
    },
    "CatBoost": {
        "MSE": 283.83362171607007,
        "MAE": 11.117379339758104,
        "R2": 0.012122932330168812,
        "emission": 3.917855842371538e-06
    },
    "DNN": {
        "MSE": 270.55285603183137,
        "MAE": 11.339319513339392,
        "R2": 0.058346363441794,
        "emission": 1.6908240341727624e-05
    }
}