{
    "Linear-SVR": {
        "MSE": 761.6597194836926,
        "MAE": 15.81465445990821,
        "R2": -0.1986217806555688,
        "emission": 1.0738341121873588e-08
    },
    "RBF-SVR": {
        "MSE": 793.2328402804773,
        "MAE": 15.617929919074964,
        "R2": -0.24830831297731093,
        "emission": 1.691167483628971e-08
    },
    "DecisionTree": {
        "MSE": 720.1089341895768,
        "MAE": 18.531124232249436,
        "R2": -0.13323342548479666,
        "emission": 9.594364735311407e-09
    },
    "ExtraTrees": {
        "MSE": 592.594489455405,
        "MAE": 18.33686213651969,
        "R2": 0.06743570128770227,
        "emission": 6.022786295246978e-07
    },
    "RandomForest": {
        "MSE": 551.0753282222017,
        "MAE": 18.142634475592835,
        "R2": 0.13277428976183403,
        "emission": 1.8774611263651303e-06
    },
    "KNeighbors": {
        "MSE": 602.7274122065727,
        "MAE": 17.116525821596245,
        "R2": 0.0514895489567333,
        "emission": 7.571695372880853e-09
    },
    "PLS": {
        "MSE": 915.9650145350394,
        "MAE": 22.687613954195868,
        "R2": -0.44145159400634304,
        "emission": 3.730824947180194e-07
    },
    "PLS-SKLEARN": {
        "MSE": 921.7574160191812,
        "MAE": 22.83429333759468,
        "R2": -0.4505670801001862,
        "emission": 8.886757157754608e-07
    },
    "XGBoost": {
        "MSE": 607.3536592122812,
        "MAE": 18.605599575241406,
        "R2": 0.044209236919891426,
        "emission": 2.008993717192424e-06
    },
    "CatBoost": {
        "MSE": 506.6614289914882,
        "MAE": 16.957333988104054,
        "R2": 0.20266831936584373,
        "emission": 3.888635350302548e-06
    },
    "DNN": {
        "MSE": 666.3822191360798,
        "MAE": 18.99610772339251,
        "R2": -0.04868384354044686,
        "emission": 1.6792489820021567e-05
    }
}