{
    "Linear-SVR": {
        "MSE": 332.65143818586597,
        "MAE": 13.513336734833736,
        "R2": 0.03703692616957688,
        "emission": 1.0464614221139905e-08
    },
    "RBF-SVR": {
        "MSE": 345.20442204928696,
        "MAE": 13.461463378666409,
        "R2": 0.0006984092138513365,
        "emission": 1.724738857353546e-08
    },
    "DecisionTree": {
        "MSE": 451.68758198503326,
        "MAE": 14.795367699800606,
        "R2": -0.30755022353551276,
        "emission": 9.80360974366886e-09
    },
    "ExtraTrees": {
        "MSE": 314.41631855611826,
        "MAE": 13.630760467856321,
        "R2": 0.08982415278158384,
        "emission": 6.501803687892244e-07
    },
    "RandomForest": {
        "MSE": 314.29716829156575,
        "MAE": 13.761788033372929,
        "R2": 0.09016907028931187,
        "emission": 1.954060786197895e-06
    },
    "KNeighbors": {
        "MSE": 328.1825558685446,
        "MAE": 13.462816901408452,
        "R2": 0.049973496281351726,
        "emission": 8.668272867199286e-09
    },
    "PLS": {
        "MSE": 357.7781303773873,
        "MAE": 15.03356097300851,
        "R2": -0.03570010115215361,
        "emission": 3.7985526782772245e-07
    },
    "PLS-SKLEARN": {
        "MSE": 345.4106111342704,
        "MAE": 14.592543189937173,
        "R2": 0.00010153076309593612,
        "emission": 8.266331498191852e-07
    },
    "XGBoost": {
        "MSE": 346.3003984891199,
        "MAE": 14.755438434423555,
        "R2": -0.002474235543384218,
        "emission": 1.7410434891456679e-06
    },
    "CatBoost": {
        "MSE": 328.0323789379071,
        "MAE": 13.840032749368323,
        "R2": 0.050408230126285036,
        "emission": 3.967062359444785e-06
    },
    "DNN": {
        "MSE": 440.2938627818997,
        "MAE": 15.851339084319246,
        "R2": -0.2745675587797396,
        "emission": 1.7968499027349792e-05
    }
}