{
    "Linear-SVR": {
        "MSE": 594.2894801527716,
        "MAE": 14.570079707581918,
        "R2": -0.09933568647685154,
        "emission": 1.2038625705372106e-08
    },
    "RBF-SVR": {
        "MSE": 638.5972119204857,
        "MAE": 14.72229723948028,
        "R2": -0.18129754571516554,
        "emission": 1.657536700607247e-08
    },
    "DecisionTree": {
        "MSE": 787.1824611090984,
        "MAE": 18.028348579293922,
        "R2": -0.4561552915987155,
        "emission": 1.0732118676396983e-08
    },
    "ExtraTrees": {
        "MSE": 474.4757137108603,
        "MAE": 15.54309264420278,
        "R2": 0.12229965047532898,
        "emission": 5.8922838780161e-07
    },
    "RandomForest": {
        "MSE": 472.6620818299381,
        "MAE": 15.54560209255115,
        "R2": 0.1256545647307814,
        "emission": 1.955319502401727e-06
    },
    "KNeighbors": {
        "MSE": 577.9797014084506,
        "MAE": 16.32929577464789,
        "R2": -0.06916533614932363,
        "emission": 2.9669684785667388e-08
    },
    "PLS": {
        "MSE": 541.5900889653776,
        "MAE": 17.152641728222658,
        "R2": -0.0018506672686822156,
        "emission": 4.344241262140328e-07
    },
    "PLS-SKLEARN": {
        "MSE": 495.28867827293334,
        "MAE": 16.31956225372123,
        "R2": 0.08379916300484036,
        "emission": 1.1761441360476747e-06
    },
    "XGBoost": {
        "MSE": 528.8832289168448,
        "MAE": 16.199968630551172,
        "R2": 0.021654888829716334,
        "emission": 5.33289016391537e-06
    },
    "CatBoost": {
        "MSE": 468.4773560485354,
        "MAE": 15.352827216835417,
        "R2": 0.13339560431376896,
        "emission": 4.758269310841976e-06
    },
    "DNN": {
        "MSE": 639.6159463570956,
        "MAE": 17.69717488935733,
        "R2": -0.18318203325635518,
        "emission": 1.984768306903854e-05
    }
}