{
    "Linear-SVR": {
        "MSE": 1172.6714561590552,
        "MAE": 21.446029851418917,
        "R2": -0.15107205299936455,
        "emission": 1.2993398030089967e-08
    },
    "RBF-SVR": {
        "MSE": 1337.9949636300719,
        "MAE": 22.1617743448506,
        "R2": -0.3133504713528066,
        "emission": 1.6974075244556647e-08
    },
    "DecisionTree": {
        "MSE": 932.175634560923,
        "MAE": 19.952794988558292,
        "R2": 0.08499408270368047,
        "emission": 1.1267860646236798e-08
    },
    "ExtraTrees": {
        "MSE": 739.6090586991394,
        "MAE": 19.41607996547542,
        "R2": 0.27401378012370237,
        "emission": 6.289138285784769e-07
    },
    "RandomForest": {
        "MSE": 748.4150671816935,
        "MAE": 19.929381009313627,
        "R2": 0.2653699692681506,
        "emission": 1.8428836820351818e-06
    },
    "KNeighbors": {
        "MSE": 637.9290460093896,
        "MAE": 17.724037558685442,
        "R2": 0.3738209514683053,
        "emission": 2.403595397409334e-08
    },
    "PLS": {
        "MSE": 800.9991872334787,
        "MAE": 20.75077660183071,
        "R2": 0.2137543946711309,
        "emission": 3.9255620607891347e-07
    },
    "PLS-SKLEARN": {
        "MSE": 785.9864967271908,
        "MAE": 20.54071042139936,
        "R2": 0.22849056684566105,
        "emission": 1.920926977659858e-06
    },
    "XGBoost": {
        "MSE": 696.4967133734677,
        "MAE": 18.546678053377796,
        "R2": 0.3163320403516613,
        "emission": 2.3460693180282267e-06
    },
    "CatBoost": {
        "MSE": 616.2147279098863,
        "MAE": 17.71443557719077,
        "R2": 0.39513531414252245,
        "emission": 4.154524885668536e-06
    },
    "DNN": {
        "MSE": 589.1038213087359,
        "MAE": 17.39238838878036,
        "R2": 0.42174686570383846,
        "emission": 1.765224327529056e-05
    }
}