{
    "Linear-SVR": {
        "MSE": 298.7179753861911,
        "MAE": 5.790250801688712,
        "R2": -0.07187277563130268,
        "emission": 1.373954492221966e-08
    },
    "RBF-SVR": {
        "MSE": 303.32506251097476,
        "MAE": 5.798289298680622,
        "R2": -0.08840412516804497,
        "emission": 1.9368156534257563e-08
    },
    "DecisionTree": {
        "MSE": 262.234303245476,
        "MAE": 6.794345433782054,
        "R2": 0.05903951671445773,
        "emission": 1.2562022542897028e-08
    },
    "ExtraTrees": {
        "MSE": 254.8822662111312,
        "MAE": 7.548680127115534,
        "R2": 0.0854204143901307,
        "emission": 6.696391240704028e-07
    },
    "RandomForest": {
        "MSE": 263.52147689392854,
        "MAE": 7.580667839873486,
        "R2": 0.054420824486437036,
        "emission": 2.0134773638536707e-06
    },
    "KNeighbors": {
        "MSE": 270.16323943661973,
        "MAE": 7.145821596244132,
        "R2": 0.03058856450102887,
        "emission": 7.16676108315384e-09
    },
    "PLS": {
        "MSE": 288.32406383063204,
        "MAE": 9.694015764837301,
        "R2": -0.034576892066478626,
        "emission": 3.773430769260765e-07
    },
    "PLS-SKLEARN": {
        "MSE": 286.5628945556071,
        "MAE": 9.486517598763914,
        "R2": -0.028257388204225187,
        "emission": 1.0984516574791032e-06
    },
    "XGBoost": {
        "MSE": 263.55710254407876,
        "MAE": 7.843481247585284,
        "R2": 0.05429299098575535,
        "emission": 2.205678153567684e-06
    },
    "CatBoost": {
        "MSE": 242.14926913352522,
        "MAE": 6.929611749839412,
        "R2": 0.13110950592214865,
        "emission": 4.428608839673724e-06
    },
    "DNN": {
        "MSE": 255.83689704189774,
        "MAE": 7.237977580824088,
        "R2": 0.08199496670170792,
        "emission": 1.91564711452267e-05
    }
}