{
    "Linear-SVR": {
        "MSE": 554.5937359784438,
        "MAE": 14.380744544517245,
        "R2": 0.05727884717547571,
        "emission": 1.2597626316740069e-08
    },
    "RBF-SVR": {
        "MSE": 665.6635578300724,
        "MAE": 13.857823821869433,
        "R2": -0.131522186278771,
        "emission": 1.90152196107741e-08
    },
    "DecisionTree": {
        "MSE": 740.8434238680627,
        "MAE": 18.464983446303574,
        "R2": -0.2593160025134398,
        "emission": 1.3500212729675695e-08
    },
    "ExtraTrees": {
        "MSE": 445.1724717105539,
        "MAE": 15.893488032174423,
        "R2": 0.2432775949113345,
        "emission": 6.501118608735986e-07
    },
    "RandomForest": {
        "MSE": 458.6806007257921,
        "MAE": 15.946206022965546,
        "R2": 0.22031592381477771,
        "emission": 2.0268125708019148e-06
    },
    "KNeighbors": {
        "MSE": 508.81878309859155,
        "MAE": 15.187605633802818,
        "R2": 0.13508898737341668,
        "emission": 7.498594964690619e-09
    },
    "PLS": {
        "MSE": 491.395169135026,
        "MAE": 17.144285021598254,
        "R2": 0.1647063601934019,
        "emission": 4.040801172399863e-07
    },
    "PLS-SKLEARN": {
        "MSE": 505.3652945219392,
        "MAE": 17.335870049639365,
        "R2": 0.1409593687373608,
        "emission": 9.760780700080408e-07
    },
    "XGBoost": {
        "MSE": 472.880397725971,
        "MAE": 15.655931654999234,
        "R2": 0.19617852714139872,
        "emission": 2.4654199838376316e-06
    },
    "CatBoost": {
        "MSE": 414.64614514636276,
        "MAE": 15.163335774828882,
        "R2": 0.29516749539735576,
        "emission": 4.3464820291389225e-06
    },
    "DNN": {
        "MSE": 468.4998308098605,
        "MAE": 17.035136038372777,
        "R2": 0.20362479424698532,
        "emission": 2.2446184644566487e-05
    }
}