{
    "Linear-SVR": {
        "MSE": 637.1720743112231,
        "MAE": 17.21526316707998,
        "R2": -0.004230184163552586,
        "emission": 1.211211141208854e-08
    },
    "RBF-SVR": {
        "MSE": 671.5209481987308,
        "MAE": 17.989556705575,
        "R2": -0.05836654283424658,
        "emission": 1.9382654189968828e-08
    },
    "DecisionTree": {
        "MSE": 792.9709635026143,
        "MAE": 19.78318020670249,
        "R2": -0.24978072457962042,
        "emission": 1.048844436228988e-08
    },
    "ExtraTrees": {
        "MSE": 595.4980313147441,
        "MAE": 18.068670964229153,
        "R2": 0.06145118129558769,
        "emission": 8.074048859508179e-07
    },
    "RandomForest": {
        "MSE": 610.30352176867,
        "MAE": 18.63464282125227,
        "R2": 0.03811663635142959,
        "emission": 2.1986455973341085e-06
    },
    "KNeighbors": {
        "MSE": 611.641697652582,
        "MAE": 18.311737089201877,
        "R2": 0.036007572460333925,
        "emission": 8.626574157558034e-09
    },
    "PLS": {
        "MSE": 629.3920599224864,
        "MAE": 18.843649187937064,
        "R2": 0.00803169233321921,
        "emission": 3.9473430942236843e-07
    },
    "PLS-SKLEARN": {
        "MSE": 581.3880698492766,
        "MAE": 17.8250471089682,
        "R2": 0.08368952125473339,
        "emission": 1.095627508278845e-06
    },
    "XGBoost": {
        "MSE": 578.8909154177593,
        "MAE": 18.151810408154493,
        "R2": 0.08762522081808655,
        "emission": 2.2096327134165987e-06
    },
    "CatBoost": {
        "MSE": 583.6879518041484,
        "MAE": 17.86833860303148,
        "R2": 0.08006473766453615,
        "emission": 4.107169494877507e-06
    },
    "DNN": {
        "MSE": 620.7195199427564,
        "MAE": 19.113497319915485,
        "R2": 0.021700254990213663,
        "emission": 1.7210906884118243e-05
    }
}