{
    "Linear-SVR": {
        "MSE": 475.56479852240983,
        "MAE": 8.580403097877053,
        "R2": -0.12930150911119687,
        "emission": 1.2649954686519968e-08
    },
    "RBF-SVR": {
        "MSE": 475.1838520976687,
        "MAE": 8.313805842063937,
        "R2": -0.12839689343382266,
        "emission": 1.5996993591600483e-08
    },
    "DecisionTree": {
        "MSE": 303.84738475833535,
        "MAE": 9.456300718216584,
        "R2": 0.2784678108783335,
        "emission": 9.886876827308422e-09
    },
    "ExtraTrees": {
        "MSE": 316.72109573523994,
        "MAE": 10.526334113198576,
        "R2": 0.2478972108691434,
        "emission": 6.265680816515187e-07
    },
    "RandomForest": {
        "MSE": 337.14717860322685,
        "MAE": 11.226636740169544,
        "R2": 0.1993923461699093,
        "emission": 1.938058540164063e-06
    },
    "KNeighbors": {
        "MSE": 389.1218779342723,
        "MAE": 11.477934272300468,
        "R2": 0.07597045587753004,
        "emission": 1.8272820863398226e-08
    },
    "PLS": {
        "MSE": 383.42541171973903,
        "MAE": 12.552795887767545,
        "R2": 0.08949758806363994,
        "emission": 3.7329495749565775e-07
    },
    "PLS-SKLEARN": {
        "MSE": 383.42541171973903,
        "MAE": 12.552795887767543,
        "R2": 0.08949758806363994,
        "emission": 1.0516932841782774e-06
    },
    "XGBoost": {
        "MSE": 373.4741458559114,
        "MAE": 11.626546195983677,
        "R2": 0.11312839419669252,
        "emission": 2.2202914866783764e-06
    },
    "CatBoost": {
        "MSE": 313.8921870575037,
        "MAE": 10.830546861561968,
        "R2": 0.25461488814221167,
        "emission": 3.970898987751552e-06
    },
    "DNN": {
        "MSE": 355.87113257989245,
        "MAE": 12.20994500557022,
        "R2": 0.15492944742703552,
        "emission": 1.652338878821446e-05
    }
}