{
    "Linear-SVR": {
        "MSE": 470.35044006751934,
        "MAE": 10.405097905589818,
        "R2": -0.10200196225432934,
        "emission": 1.2240895181975116e-08
    },
    "RBF-SVR": {
        "MSE": 496.7504664286379,
        "MAE": 9.999866280329085,
        "R2": -0.16385558962489655,
        "emission": 1.7382958237899028e-08
    },
    "DecisionTree": {
        "MSE": 515.2862573949435,
        "MAE": 12.742452771849955,
        "R2": -0.20728380033066873,
        "emission": 1.476399696139356e-08
    },
    "ExtraTrees": {
        "MSE": 390.7971000425176,
        "MAE": 13.016076951831753,
        "R2": 0.08438658837369373,
        "emission": 6.116973244423923e-07
    },
    "RandomForest": {
        "MSE": 362.330120774537,
        "MAE": 12.439006414115804,
        "R2": 0.15108295844249742,
        "emission": 1.9020071284131668e-06
    },
    "KNeighbors": {
        "MSE": 429.5406610328639,
        "MAE": 11.932394366197185,
        "R2": -0.0063871764599330305,
        "emission": 7.891824848206919e-09
    },
    "PLS": {
        "MSE": 444.0706244898898,
        "MAE": 13.68572325343499,
        "R2": -0.040429981307373186,
        "emission": 3.675460177822853e-07
    },
    "PLS-SKLEARN": {
        "MSE": 422.92179350255583,
        "MAE": 13.427770650358134,
        "R2": 0.009120420397537576,
        "emission": 1.018819667199149e-06
    },
    "XGBoost": {
        "MSE": 336.52732714693644,
        "MAE": 11.821396549098509,
        "R2": 0.21153730649238456,
        "emission": 2.1891788468902764e-06
    },
    "CatBoost": {
        "MSE": 386.2021502979241,
        "MAE": 11.990639680497532,
        "R2": 0.09515227115752456,
        "emission": 4.323614070705981e-06
    },
    "DNN": {
        "MSE": 558.4593519836825,
        "MAE": 14.080727929071012,
        "R2": -0.30843568815829014,
        "emission": 1.759962072351509e-05
    }
}