{
    "Linear-SVR": {
        "MSE": 662.7237931750832,
        "MAE": 15.091255545073881,
        "R2": 0.0071182445272389705,
        "emission": 1.2743722267450933e-08
    },
    "RBF-SVR": {
        "MSE": 703.8895151792892,
        "MAE": 15.14817148546467,
        "R2": -0.05455555494964459,
        "emission": 1.88757660829274e-08
    },
    "DecisionTree": {
        "MSE": 635.2951783428754,
        "MAE": 15.089763179717282,
        "R2": 0.04821133870198513,
        "emission": 1.1664269563612109e-08
    },
    "ExtraTrees": {
        "MSE": 535.5113156088745,
        "MAE": 14.941287479971322,
        "R2": 0.19770586088373787,
        "emission": 6.830989784764438e-07
    },
    "RandomForest": {
        "MSE": 524.3861278613558,
        "MAE": 14.883985289558007,
        "R2": 0.21437343198119252,
        "emission": 1.9359412089499537e-06
    },
    "KNeighbors": {
        "MSE": 513.9485295774648,
        "MAE": 13.876056338028171,
        "R2": 0.23001086798960713,
        "emission": 1.4182584089002136e-08
    },
    "PLS": {
        "MSE": 591.8384465713841,
        "MAE": 16.83955384578001,
        "R2": 0.11331749087689014,
        "emission": 4.111371764385863e-07
    },
    "PLS-SKLEARN": {
        "MSE": 571.244028824226,
        "MAE": 16.09592957890041,
        "R2": 0.1441717047384039,
        "emission": 1.2586080571762862e-06
    },
    "XGBoost": {
        "MSE": 546.2964707059431,
        "MAE": 15.711641535148935,
        "R2": 0.18154772104312655,
        "emission": 2.559692732629924e-06
    },
    "CatBoost": {
        "MSE": 515.3627946137425,
        "MAE": 14.490418155349573,
        "R2": 0.2278920396536035,
        "emission": 4.342645023492452e-06
    },
    "DNN": {
        "MSE": 526.9516244151578,
        "MAE": 14.745147301333612,
        "R2": 0.21052984774862016,
        "emission": 1.8447718549853422e-05
    }
}