{
    "Linear-SVR": {
        "MSE": 879.5503458926037,
        "MAE": 17.902042943924652,
        "R2": -0.08953215749786847,
        "emission": 1.1332414066278822e-08
    },
    "RBF-SVR": {
        "MSE": 975.1246522311164,
        "MAE": 17.870237977659222,
        "R2": -0.20792365227999543,
        "emission": 1.8702905420676622e-08
    },
    "DecisionTree": {
        "MSE": 643.3856568073279,
        "MAE": 17.198823828385343,
        "R2": 0.2030139422512779,
        "emission": 1.1677391749233398e-08
    },
    "ExtraTrees": {
        "MSE": 597.3581846647817,
        "MAE": 17.871681080662455,
        "R2": 0.26002990644460533,
        "emission": 6.400826965224077e-07
    },
    "RandomForest": {
        "MSE": 619.6151719726344,
        "MAE": 18.680317090085364,
        "R2": 0.23245933755770676,
        "emission": 2.0394971719448794e-06
    },
    "KNeighbors": {
        "MSE": 556.8437089201877,
        "MAE": 16.842910798122066,
        "R2": 0.3102167142538905,
        "emission": 9.345524196005606e-09
    },
    "PLS": {
        "MSE": 619.7364022238888,
        "MAE": 18.98738826303352,
        "R2": 0.23230916507716592,
        "emission": 3.891278296834328e-07
    },
    "PLS-SKLEARN": {
        "MSE": 623.5700402789076,
        "MAE": 19.017880130418426,
        "R2": 0.22756029315567095,
        "emission": 1.0585562346495713e-06
    },
    "XGBoost": {
        "MSE": 621.5436773248705,
        "MAE": 17.367573781206573,
        "R2": 0.2300704253061452,
        "emission": 3.307520044293066e-06
    },
    "CatBoost": {
        "MSE": 554.6623931199496,
        "MAE": 16.87957865580879,
        "R2": 0.3129187923340325,
        "emission": 4.3197091222565e-06
    },
    "DNN": {
        "MSE": 614.7400207942401,
        "MAE": 17.404068340328326,
        "R2": 0.2384983710324009,
        "emission": 1.919980484375701e-05
    }
}