{
    "Linear-SVR": {
        "MSE": 102.04785247053736,
        "MAE": 6.411204722715111,
        "R2": -0.19811570257137334,
        "emission": 1.2805115440442155e-08
    },
    "RBF-SVR": {
        "MSE": 111.406485224538,
        "MAE": 6.388625126834947,
        "R2": -0.3079928296809733,
        "emission": 1.617227353407276e-08
    },
    "DecisionTree": {
        "MSE": 130.19891379437684,
        "MAE": 7.800094261542267,
        "R2": -0.5286295526877152,
        "emission": 1.1739635276233145e-08
    },
    "ExtraTrees": {
        "MSE": 79.79372215534772,
        "MAE": 6.854387383342437,
        "R2": 0.063163906280722,
        "emission": 6.105440334247029e-07
    },
    "RandomForest": {
        "MSE": 83.13263157707225,
        "MAE": 7.064729860996283,
        "R2": 0.023962691254794555,
        "emission": 1.905004907469882e-06
    },
    "KNeighbors": {
        "MSE": 91.65784037558687,
        "MAE": 7.0666666666666655,
        "R2": -0.0761294349577486,
        "emission": 8.488606425715365e-09
    },
    "PLS": {
        "MSE": 88.13679400713198,
        "MAE": 7.084985327294563,
        "R2": -0.03478980025308198,
        "emission": 3.719360928248139e-07
    },
    "PLS-SKLEARN": {
        "MSE": 83.94310314096349,
        "MAE": 6.854146047096857,
        "R2": 0.014447168059771531,
        "emission": 9.617242560667578e-07
    },
    "XGBoost": {
        "MSE": 107.23801394781383,
        "MAE": 7.581377351595343,
        "R2": -0.25905195761506783,
        "emission": 1.9396759973838384e-06
    },
    "CatBoost": {
        "MSE": 90.66292015760837,
        "MAE": 7.199101515795417,
        "R2": -0.0644483509652174,
        "emission": 4.374609982758461e-06
    },
    "DNN": {
        "MSE": 97.51926864468362,
        "MAE": 7.394798399049772,
        "R2": -0.14494684834455263,
        "emission": 1.6931121187986635e-05
    }
}