{
    "Linear-SVR": {
        "MSE": 382.33121201017246,
        "MAE": 12.0260424670894,
        "R2": -0.2560159536967723,
        "emission": 1.4472137557585485e-08
    },
    "RBF-SVR": {
        "MSE": 403.17938307608495,
        "MAE": 11.943570269637034,
        "R2": -0.3245053540952121,
        "emission": 1.7007148074403145e-08
    },
    "DecisionTree": {
        "MSE": 402.1170981587335,
        "MAE": 13.166616985865813,
        "R2": -0.32101558720814616,
        "emission": 1.278994208269874e-08
    },
    "ExtraTrees": {
        "MSE": 323.68578671285593,
        "MAE": 12.606609916822942,
        "R2": -0.06335684695661414,
        "emission": 7.046006166814331e-07
    },
    "RandomForest": {
        "MSE": 323.29086464063,
        "MAE": 12.59498467273208,
        "R2": -0.06205946811962404,
        "emission": 2.0611117325161025e-06
    },
    "KNeighbors": {
        "MSE": 355.49187793427234,
        "MAE": 13.028638497652583,
        "R2": -0.1678446751639826,
        "emission": 7.928689379139519e-09
    },
    "PLS": {
        "MSE": 402.1894482824486,
        "MAE": 14.281922870675942,
        "R2": -0.32125326832541723,
        "emission": 3.9405415150391915e-07
    },
    "PLS-SKLEARN": {
        "MSE": 390.61613103687506,
        "MAE": 13.96318905305961,
        "R2": -0.2832331678444562,
        "emission": 1.2044835906884271e-06
    },
    "XGBoost": {
        "MSE": 351.3324849665741,
        "MAE": 13.272962009508005,
        "R2": -0.15418043912723411,
        "emission": 2.9289240630643713e-06
    },
    "CatBoost": {
        "MSE": 321.3062522349433,
        "MAE": 12.587389220674224,
        "R2": -0.05553971570301863,
        "emission": 3.974278913024339e-06
    },
    "DNN": {
        "MSE": 378.5321057287962,
        "MAE": 13.621044384009542,
        "R2": -0.243535314007143,
        "emission": 1.8180076830556716e-05
    }
}